solid OpenSCAD_Model
  facet normal 0 0 -1
    outer loop
      vertex 7.019504830241203 3.4240835085511208 0
      vertex 8.82519456651785 8.006637120812695 0
      vertex 8.75 3.149999998509884 0
    endloop
  endfacet
  facet normal 0 0 -1
    outer loop
      vertex 7.019504830241203 3.4240835085511208 0
      vertex 8.006637120812695 8.82519456651785 0
      vertex 8.82519456651785 8.006637120812695 0
    endloop
  endfacet
  facet normal 0 0 -1
    outer loop
      vertex 7.019504830241203 3.4240835085511208 0
      vertex 7.481090889707932 9.856637120812694 0
      vertex 8.006637120812695 8.82519456651785 0
    endloop
  endfacet
  facet normal 0 0 -1
    outer loop
      vertex 7.019504830241203 3.4240835085511208 0
      vertex 7.3 11 0
      vertex 7.481090889707932 9.856637120812694 0
    endloop
  endfacet
  facet normal 0.7071067811865476 0.7071067811865476 0
    outer loop
      vertex 8.006637120812695 8.82519456651785 1.2000000000000002
      vertex 8.82519456651785 8.006637120812695 0
      vertex 8.006637120812695 8.82519456651785 0
    endloop
  endfacet
  facet normal 0 0 -1
    outer loop
      vertex 8.75 3.149999998509884 0
      vertex 9.856637120812694 7.481090889707932 0
      vertex 11 7.3 0
    endloop
  endfacet
  facet normal 0 0 -1
    outer loop
      vertex 8.75 3.149999998509884 0
      vertex 8.82519456651785 8.006637120812695 0
      vertex 9.856637120812694 7.481090889707932 0
    endloop
  endfacet
  facet normal 0.15643446504023134 0.9876883405951377 0
    outer loop
      vertex 9.856637120812694 7.481090889707932 1.2000000000000002
      vertex 11 7.3 0
      vertex 9.856637120812694 7.481090889707932 0
    endloop
  endfacet
  facet normal 0.4539904997395465 0.891006524188368 0
    outer loop
      vertex 8.82519456651785 8.006637120812695 1.2000000000000002
      vertex 9.856637120812694 7.481090889707932 0
      vertex 8.82519456651785 8.006637120812695 0
    endloop
  endfacet
  facet normal -0.15643446504023134 0.9876883405951377 0
    outer loop
      vertex 11 7.3 1.2000000000000002
      vertex 12.143362879187306 7.481090889707932 0
      vertex 11 7.3 0
    endloop
  endfacet
  facet normal -0.4539904997395465 0.891006524188368 0
    outer loop
      vertex 12.143362879187306 7.481090889707932 1.2000000000000002
      vertex 13.17480543348215 8.006637120812695 0
      vertex 12.143362879187306 7.481090889707932 0
    endloop
  endfacet
  facet normal -0.7071067811865476 0.7071067811865476 0
    outer loop
      vertex 13.17480543348215 8.006637120812695 1.2000000000000002
      vertex 13.993362879187305 8.82519456651785 0
      vertex 13.17480543348215 8.006637120812695 0
    endloop
  endfacet
  facet normal -0.7071067811865476 -0.7071067811865476 0
    outer loop
      vertex 5.458402588963509 4.2195048332214355 0
      vertex 4.2195048332214355 5.458402588963509 2.6
      vertex 4.2195048332214355 5.458402588963509 0
    endloop
  endfacet
  facet normal -0.4539905013148283 -0.8910065233857218 0
    outer loop
      vertex 5.458402588963509 4.2195048332214355 0
      vertex 7.019504830241203 3.4240835085511208 0
      vertex 5.458402588963509 4.2195048332214355 2.6
    endloop
  endfacet
  facet normal -0.1564344656497329 -0.987688340498602 0
    outer loop
      vertex 7.019504830241203 3.4240835085511208 0
      vertex 8.75 3.149999998509884 0
      vertex 7.019504830241203 3.4240835085511208 2.6
    endloop
  endfacet
  facet normal -0.8910065233857218 -0.4539905013148283 0
    outer loop
      vertex 4.2195048332214355 5.458402588963509 0
      vertex 3.4240835085511208 7.019504830241203 2.6
      vertex 3.4240835085511208 7.019504830241203 0
    endloop
  endfacet
  facet normal -0.987688340498602 -0.1564344656497329 0
    outer loop
      vertex 3.4240835085511208 7.019504830241203 0
      vertex 3.149999998509884 8.75 2.6
      vertex 3.149999998509884 8.75 0
    endloop
  endfacet
  facet normal 0.891006524188368 0.4539904997395465 1.1323484939065577e-17
    outer loop
      vertex 7.481090889707932 9.856637120812694 1.2000000000000002
      vertex 8.006637120812695 8.82519456651785 1.2000000000000002
      vertex 8.006637120812695 8.82519456651785 0
    endloop
  endfacet
  facet normal 0.4539904997395465 0.891006524188368 1.1323484939065577e-17
    outer loop
      vertex 8.82519456651785 8.006637120812695 1.2000000000000002
      vertex 9.856637120812694 7.481090889707932 1.2000000000000002
      vertex 9.856637120812694 7.481090889707932 0
    endloop
  endfacet
  facet normal 0.15643446504023134 0.9876883405951377 -6.782380152173623e-18
    outer loop
      vertex 9.856637120812694 7.481090889707932 1.2000000000000002
      vertex 11 7.3 1.2000000000000002
      vertex 11 7.3 0
    endloop
  endfacet
  facet normal 0.7071067811865476 0.7071067811865476 3.6398669887810436e-17
    outer loop
      vertex 8.006637120812695 8.82519456651785 1.2000000000000002
      vertex 8.82519456651785 8.006637120812695 1.2000000000000002
      vertex 8.82519456651785 8.006637120812695 0
    endloop
  endfacet
  facet normal -0.15643446504023134 0.9876883405951377 6.782380152173623e-18
    outer loop
      vertex 11 7.3 1.2000000000000002
      vertex 12.143362879187306 7.481090889707932 1.2000000000000002
      vertex 12.143362879187306 7.481090889707932 0
    endloop
  endfacet
  facet normal -0.4539904997395465 0.891006524188368 -1.1323484939065577e-17
    outer loop
      vertex 12.143362879187306 7.481090889707932 1.2000000000000002
      vertex 13.17480543348215 8.006637120812695 1.2000000000000002
      vertex 13.17480543348215 8.006637120812695 0
    endloop
  endfacet
  facet normal 0.891006524188368 0.4539904997395465 0
    outer loop
      vertex 7.481090889707932 9.856637120812694 1.2000000000000002
      vertex 8.006637120812695 8.82519456651785 0
      vertex 7.481090889707932 9.856637120812694 0
    endloop
  endfacet
  facet normal 0.9876883405951377 0.15643446504023134 0
    outer loop
      vertex 7.3 11 1.2000000000000002
      vertex 7.481090889707932 9.856637120812694 0
      vertex 7.3 11 0
    endloop
  endfacet
  facet normal 0.9876883405951377 -0.15643446504023134 0
    outer loop
      vertex 7.481090889707932 12.143362879187306 1.2000000000000002
      vertex 7.3 11 0
      vertex 7.481090889707932 12.143362879187306 0
    endloop
  endfacet
  facet normal 0.891006524188368 -0.4539904997395465 0
    outer loop
      vertex 8.006637120812695 13.17480543348215 1.2000000000000002
      vertex 7.481090889707932 12.143362879187306 0
      vertex 8.006637120812695 13.17480543348215 0
    endloop
  endfacet
  facet normal 0.7071067811865476 -0.7071067811865476 0
    outer loop
      vertex 8.82519456651785 13.993362879187305 1.2000000000000002
      vertex 8.006637120812695 13.17480543348215 0
      vertex 8.82519456651785 13.993362879187305 0
    endloop
  endfacet
  facet normal 0.4539904997395465 -0.891006524188368 0
    outer loop
      vertex 9.856637120812694 14.518909110292068 1.2000000000000002
      vertex 8.82519456651785 13.993362879187305 0
      vertex 9.856637120812694 14.518909110292068 0
    endloop
  endfacet
  facet normal 0.1564344650402306 -0.9876883405951379 0
    outer loop
      vertex 11 14.7 1.2000000000000002
      vertex 9.856637120812694 14.518909110292068 0
      vertex 11 14.7 0
    endloop
  endfacet
  facet normal -0.1564344650402306 -0.9876883405951379 0
    outer loop
      vertex 12.143362879187306 14.518909110292068 1.2000000000000002
      vertex 11 14.7 0
      vertex 12.143362879187306 14.518909110292068 0
    endloop
  endfacet
  facet normal -0.4539904997395465 -0.891006524188368 0
    outer loop
      vertex 13.17480543348215 13.993362879187305 1.2000000000000002
      vertex 12.143362879187306 14.518909110292068 0
      vertex 13.17480543348215 13.993362879187305 0
    endloop
  endfacet
  facet normal 0.9876883405951377 0.15643446504023134 0
    outer loop
      vertex 7.481090889707932 9.856637120812694 1.2000000000000002
      vertex 7.481090889707932 9.856637120812694 0
      vertex 7.3 11 1.2000000000000002
    endloop
  endfacet
  facet normal 0.9876883405951377 -0.15643446504023134 0
    outer loop
      vertex 7.3 11 1.2000000000000002
      vertex 7.3 11 0
      vertex 7.481090889707932 12.143362879187306 1.2000000000000002
    endloop
  endfacet
  facet normal 0.891006524188368 -0.4539904997395465 0
    outer loop
      vertex 7.481090889707932 12.143362879187306 1.2000000000000002
      vertex 7.481090889707932 12.143362879187306 0
      vertex 8.006637120812695 13.17480543348215 1.2000000000000002
    endloop
  endfacet
  facet normal 0.7071067811865476 -0.7071067811865476 0
    outer loop
      vertex 8.006637120812695 13.17480543348215 1.2000000000000002
      vertex 8.006637120812695 13.17480543348215 0
      vertex 8.82519456651785 13.993362879187305 1.2000000000000002
    endloop
  endfacet
  facet normal 0.4539904997395465 -0.891006524188368 0
    outer loop
      vertex 8.82519456651785 13.993362879187305 1.2000000000000002
      vertex 8.82519456651785 13.993362879187305 0
      vertex 9.856637120812694 14.518909110292068 1.2000000000000002
    endloop
  endfacet
  facet normal 0.1564344650402306 -0.9876883405951379 0
    outer loop
      vertex 9.856637120812694 14.518909110292068 1.2000000000000002
      vertex 9.856637120812694 14.518909110292068 0
      vertex 11 14.7 1.2000000000000002
    endloop
  endfacet
  facet normal -0.7071067811865476 -0.7071067811865476 3.6398669887810436e-17
    outer loop
      vertex 13.993362879187305 13.17480543348215 1.2000000000000002
      vertex 13.17480543348215 13.993362879187305 1.2000000000000002
      vertex 13.17480543348215 13.993362879187305 0
    endloop
  endfacet
  facet normal -0.1564344650402306 -0.9876883405951379 0
    outer loop
      vertex 11 14.7 1.2000000000000002
      vertex 11 14.7 0
      vertex 12.143362879187306 14.518909110292068 1.2000000000000002
    endloop
  endfacet
  facet normal -0.4539904997395465 -0.891006524188368 0
    outer loop
      vertex 12.143362879187306 14.518909110292068 1.2000000000000002
      vertex 12.143362879187306 14.518909110292068 0
      vertex 13.17480543348215 13.993362879187305 1.2000000000000002
    endloop
  endfacet
  facet normal -0.891006524188368 0.4539904997395465 0
    outer loop
      vertex 13.993362879187305 8.82519456651785 1.2000000000000002
      vertex 14.518909110292068 9.856637120812694 0
      vertex 13.993362879187305 8.82519456651785 0
    endloop
  endfacet
  facet normal -0.7071067811865476 0.7071067811865476 -3.6398669887810436e-17
    outer loop
      vertex 13.17480543348215 8.006637120812695 1.2000000000000002
      vertex 13.993362879187305 8.82519456651785 1.2000000000000002
      vertex 13.993362879187305 8.82519456651785 0
    endloop
  endfacet
  facet normal -0.9876883405951379 0.1564344650402306 0
    outer loop
      vertex 14.518909110292068 9.856637120812694 1.2000000000000002
      vertex 14.7 11 0
      vertex 14.518909110292068 9.856637120812694 0
    endloop
  endfacet
  facet normal -0.9876883405951379 -0.1564344650402306 0
    outer loop
      vertex 14.7 11 1.2000000000000002
      vertex 14.518909110292068 12.143362879187306 0
      vertex 14.7 11 0
    endloop
  endfacet
  facet normal -0.891006524188368 -0.4539904997395465 0
    outer loop
      vertex 14.518909110292068 12.143362879187306 1.2000000000000002
      vertex 13.993362879187305 13.17480543348215 0
      vertex 14.518909110292068 12.143362879187306 0
    endloop
  endfacet
  facet normal -0.7071067811865476 -0.7071067811865476 0
    outer loop
      vertex 13.993362879187305 13.17480543348215 1.2000000000000002
      vertex 13.17480543348215 13.993362879187305 0
      vertex 13.993362879187305 13.17480543348215 0
    endloop
  endfacet
  facet normal -0.891006524188368 0.4539904997395465 -1.1323484939065577e-17
    outer loop
      vertex 13.993362879187305 8.82519456651785 1.2000000000000002
      vertex 14.518909110292068 9.856637120812694 1.2000000000000002
      vertex 14.518909110292068 9.856637120812694 0
    endloop
  endfacet
  facet normal -0.9876883405951379 0.1564344650402306 -4.958362981976235e-18
    outer loop
      vertex 14.518909110292068 9.856637120812694 1.2000000000000002
      vertex 14.7 11 1.2000000000000002
      vertex 14.7 11 0
    endloop
  endfacet
  facet normal -0.9876883405951379 -0.1564344650402306 4.958362981976235e-18
    outer loop
      vertex 14.7 11 1.2000000000000002
      vertex 14.518909110292068 12.143362879187306 1.2000000000000002
      vertex 14.518909110292068 12.143362879187306 0
    endloop
  endfacet
  facet normal -0.891006524188368 -0.4539904997395465 1.1323484939065577e-17
    outer loop
      vertex 14.518909110292068 12.143362879187306 1.2000000000000002
      vertex 13.993362879187305 13.17480543348215 1.2000000000000002
      vertex 13.993362879187305 13.17480543348215 0
    endloop
  endfacet
  facet normal 0 0 -1
    outer loop
      vertex 8.82519456651785 8.006637120812695 1.2000000000000002
      vertex 9.70687244495656 9.220162612375116 1.2000000000000002
      vertex 9.856637120812694 7.481090889707932 1.2000000000000002
    endloop
  endfacet
  facet normal 0 0 -1
    outer loop
      vertex 8.82519456651785 8.006637120812695 1.2000000000000002
      vertex 9.220162612375116 9.70687244495656 1.2000000000000002
      vertex 9.70687244495656 9.220162612375116 1.2000000000000002
    endloop
  endfacet
  facet normal 0 0 -1
    outer loop
      vertex 9.856637120812694 7.481090889707932 1.2000000000000002
      vertex 11 8.8 1.2000000000000002
      vertex 11 7.3 1.2000000000000002
    endloop
  endfacet
  facet normal 0 0 -1
    outer loop
      vertex 9.856637120812694 7.481090889707932 1.2000000000000002
      vertex 10.320162612375116 8.907675664150663 1.2000000000000002
      vertex 11 8.8 1.2000000000000002
    endloop
  endfacet
  facet normal 0 0 -1
    outer loop
      vertex 9.856637120812694 7.481090889707932 1.2000000000000002
      vertex 9.70687244495656 9.220162612375116 1.2000000000000002
      vertex 10.320162612375116 8.907675664150663 1.2000000000000002
    endloop
  endfacet
  facet normal 0 0 -1
    outer loop
      vertex 11 7.3 1.2000000000000002
      vertex 11.679837387624884 8.907675664150663 1.2000000000000002
      vertex 12.143362879187306 7.481090889707932 1.2000000000000002
    endloop
  endfacet
  facet normal 0 0 -1
    outer loop
      vertex 11 7.3 1.2000000000000002
      vertex 11 8.8 1.2000000000000002
      vertex 11.679837387624884 8.907675664150663 1.2000000000000002
    endloop
  endfacet
  facet normal 0 0 -1
    outer loop
      vertex 12.143362879187306 7.481090889707932 1.2000000000000002
      vertex 11.679837387624884 8.907675664150663 1.2000000000000002
      vertex 12.29312755504344 9.220162612375116 1.2000000000000002
    endloop
  endfacet
  facet normal 0 0 -1
    outer loop
      vertex 12.143362879187306 7.481090889707932 1.2000000000000002
      vertex 12.29312755504344 9.220162612375116 1.2000000000000002
      vertex 13.17480543348215 8.006637120812695 1.2000000000000002
    endloop
  endfacet
  facet normal 0 0 -1
    outer loop
      vertex 12.29312755504344 9.220162612375116 1.2000000000000002
      vertex 12.779837387624884 9.70687244495656 1.2000000000000002
      vertex 13.17480543348215 8.006637120812695 1.2000000000000002
    endloop
  endfacet
  facet normal -0.7071067811865476 -0.7071067811865476 0
    outer loop
      vertex 5.458402588963509 4.2195048332214355 0
      vertex 5.458402588963509 4.2195048332214355 2.6
      vertex 4.2195048332214355 5.458402588963509 2.6
    endloop
  endfacet
  facet normal -0.8910065233857218 -0.4539905013148283 0
    outer loop
      vertex 4.2195048332214355 5.458402588963509 0
      vertex 4.2195048332214355 5.458402588963509 2.6
      vertex 3.4240835085511208 7.019504830241203 2.6
    endloop
  endfacet
  facet normal -0.4539905013148283 -0.8910065233857218 0
    outer loop
      vertex 7.019504830241203 3.4240835085511208 0
      vertex 7.019504830241203 3.4240835085511208 2.6
      vertex 5.458402588963509 4.2195048332214355 2.6
    endloop
  endfacet
  facet normal -0.1564344656497329 -0.987688340498602 0
    outer loop
      vertex 8.75 3.149999998509884 0
      vertex 8.75 3.149999998509884 2.6
      vertex 7.019504830241203 3.4240835085511208 2.6
    endloop
  endfacet
  facet normal -0.987688340498602 -0.1564344656497329 0
    outer loop
      vertex 3.4240835085511208 7.019504830241203 0
      vertex 3.4240835085511208 7.019504830241203 2.6
      vertex 3.149999998509884 8.75 2.6
    endloop
  endfacet
  facet normal 0.45399049973954675 0.8910065241883679 0
    outer loop
      vertex 9.70687244495656 9.220162612375116 1.2000000000000002
      vertex 9.70687244495656 9.220162612375116 2.6
      vertex 10.320162612375116 8.907675664150663 1.2000000000000002
    endloop
  endfacet
  facet normal 0.1564344650402307 0.9876883405951378 -4.3304995716765335e-20
    outer loop
      vertex 11 8.8 1.2000000000000002
      vertex 10.320162612375116 8.907675664150663 1.2000000000000002
      vertex 10.320162612375116 8.907675664150663 2.6
    endloop
  endfacet
  facet normal -0.1564344650402307 0.9876883405951378 0
    outer loop
      vertex 11 8.8 1.2000000000000002
      vertex 11 8.8 2.6
      vertex 11.679837387624884 8.907675664150663 1.2000000000000002
    endloop
  endfacet
  facet normal -0.45399049973954675 0.8910065241883679 0
    outer loop
      vertex 11.679837387624884 8.907675664150663 1.2000000000000002
      vertex 11.679837387624884 8.907675664150663 2.6
      vertex 12.29312755504344 9.220162612375116 1.2000000000000002
    endloop
  endfacet
  facet normal 0 0 -1
    outer loop
      vertex 8.006637120812695 8.82519456651785 1.2000000000000002
      vertex 8.006637120812695 13.17480543348215 1.2000000000000002
      vertex 8.82519456651785 8.006637120812695 1.2000000000000002
    endloop
  endfacet
  facet normal 0 0 -1
    outer loop
      vertex 7.481090889707932 9.856637120812694 1.2000000000000002
      vertex 7.481090889707932 12.143362879187306 1.2000000000000002
      vertex 8.006637120812695 8.82519456651785 1.2000000000000002
    endloop
  endfacet
  facet normal 0 0 -1
    outer loop
      vertex 7.481090889707932 9.856637120812694 1.2000000000000002
      vertex 7.3 11 1.2000000000000002
      vertex 7.481090889707932 12.143362879187306 1.2000000000000002
    endloop
  endfacet
  facet normal 0 0 -1
    outer loop
      vertex 8.006637120812695 8.82519456651785 1.2000000000000002
      vertex 7.481090889707932 12.143362879187306 1.2000000000000002
      vertex 8.006637120812695 13.17480543348215 1.2000000000000002
    endloop
  endfacet
  facet normal 0 0 -1
    outer loop
      vertex 8.82519456651785 8.006637120812695 1.2000000000000002
      vertex 8.907675664150663 10.320162612375116 1.2000000000000002
      vertex 9.220162612375116 9.70687244495656 1.2000000000000002
    endloop
  endfacet
  facet normal 0 0 -1
    outer loop
      vertex 8.82519456651785 8.006637120812695 1.2000000000000002
      vertex 8.006637120812695 13.17480543348215 1.2000000000000002
      vertex 8.907675664150663 10.320162612375116 1.2000000000000002
    endloop
  endfacet
  facet normal 0 0 -1
    outer loop
      vertex 8.907675664150663 10.320162612375116 1.2000000000000002
      vertex 8.006637120812695 13.17480543348215 1.2000000000000002
      vertex 8.8 11 1.2000000000000002
    endloop
  endfacet
  facet normal 0 0 -1
    outer loop
      vertex 8.8 11 1.2000000000000002
      vertex 8.82519456651785 13.993362879187305 1.2000000000000002
      vertex 8.907675664150663 11.679837387624884 1.2000000000000002
    endloop
  endfacet
  facet normal 0 0 -1
    outer loop
      vertex 13.17480543348215 8.006637120812695 1.2000000000000002
      vertex 12.779837387624884 9.70687244495656 1.2000000000000002
      vertex 13.092324335849337 10.320162612375116 1.2000000000000002
    endloop
  endfacet
  facet normal 0 0 -1
    outer loop
      vertex 13.17480543348215 8.006637120812695 1.2000000000000002
      vertex 13.2 11 1.2000000000000002
      vertex 13.993362879187305 8.82519456651785 1.2000000000000002
    endloop
  endfacet
  facet normal 0 0 -1
    outer loop
      vertex 13.17480543348215 8.006637120812695 1.2000000000000002
      vertex 13.092324335849337 10.320162612375116 1.2000000000000002
      vertex 13.2 11 1.2000000000000002
    endloop
  endfacet
  facet normal 0 0 -1
    outer loop
      vertex 13.993362879187305 8.82519456651785 1.2000000000000002
      vertex 13.2 11 1.2000000000000002
      vertex 13.092324335849337 11.679837387624884 1.2000000000000002
    endloop
  endfacet
  facet normal 0 0 -1
    outer loop
      vertex 13.993362879187305 8.82519456651785 1.2000000000000002
      vertex 13.092324335849337 11.679837387624884 1.2000000000000002
      vertex 13.17480543348215 13.993362879187305 1.2000000000000002
    endloop
  endfacet
  facet normal 0 0 -1
    outer loop
      vertex 8.8 11 1.2000000000000002
      vertex 8.006637120812695 13.17480543348215 1.2000000000000002
      vertex 8.82519456651785 13.993362879187305 1.2000000000000002
    endloop
  endfacet
  facet normal 0 0 -1
    outer loop
      vertex 8.907675664150663 11.679837387624884 1.2000000000000002
      vertex 8.82519456651785 13.993362879187305 1.2000000000000002
      vertex 9.220162612375116 12.29312755504344 1.2000000000000002
    endloop
  endfacet
  facet normal 0 0 -1
    outer loop
      vertex 9.220162612375116 12.29312755504344 1.2000000000000002
      vertex 8.82519456651785 13.993362879187305 1.2000000000000002
      vertex 9.70687244495656 12.779837387624884 1.2000000000000002
    endloop
  endfacet
  facet normal 0 0 -1
    outer loop
      vertex 9.70687244495656 12.779837387624884 1.2000000000000002
      vertex 8.82519456651785 13.993362879187305 1.2000000000000002
      vertex 9.856637120812694 14.518909110292068 1.2000000000000002
    endloop
  endfacet
  facet normal 0 0 -1
    outer loop
      vertex 9.70687244495656 12.779837387624884 1.2000000000000002
      vertex 9.856637120812694 14.518909110292068 1.2000000000000002
      vertex 10.320162612375116 13.092324335849337 1.2000000000000002
    endloop
  endfacet
  facet normal 0 0 -1
    outer loop
      vertex 10.320162612375116 13.092324335849337 1.2000000000000002
      vertex 11 14.7 1.2000000000000002
      vertex 11 13.2 1.2000000000000002
    endloop
  endfacet
  facet normal 0 0 -1
    outer loop
      vertex 10.320162612375116 13.092324335849337 1.2000000000000002
      vertex 9.856637120812694 14.518909110292068 1.2000000000000002
      vertex 11 14.7 1.2000000000000002
    endloop
  endfacet
  facet normal 0 0 -1
    outer loop
      vertex 11 13.2 1.2000000000000002
      vertex 12.143362879187306 14.518909110292068 1.2000000000000002
      vertex 11.679837387624884 13.092324335849337 1.2000000000000002
    endloop
  endfacet
  facet normal 0 0 -1
    outer loop
      vertex 11.679837387624884 13.092324335849337 1.2000000000000002
      vertex 12.143362879187306 14.518909110292068 1.2000000000000002
      vertex 12.29312755504344 12.779837387624884 1.2000000000000002
    endloop
  endfacet
  facet normal 0 0 -1
    outer loop
      vertex 12.29312755504344 12.779837387624884 1.2000000000000002
      vertex 13.17480543348215 13.993362879187305 1.2000000000000002
      vertex 12.779837387624884 12.29312755504344 1.2000000000000002
    endloop
  endfacet
  facet normal 0 0 -1
    outer loop
      vertex 13.092324335849337 11.679837387624884 1.2000000000000002
      vertex 12.779837387624884 12.29312755504344 1.2000000000000002
      vertex 13.17480543348215 13.993362879187305 1.2000000000000002
    endloop
  endfacet
  facet normal 0 0 -1
    outer loop
      vertex 12.29312755504344 12.779837387624884 1.2000000000000002
      vertex 12.143362879187306 14.518909110292068 1.2000000000000002
      vertex 13.17480543348215 13.993362879187305 1.2000000000000002
    endloop
  endfacet
  facet normal 0 0 -1
    outer loop
      vertex 11 13.2 1.2000000000000002
      vertex 11 14.7 1.2000000000000002
      vertex 12.143362879187306 14.518909110292068 1.2000000000000002
    endloop
  endfacet
  facet normal -1 0 0
    outer loop
      vertex 3.149999998509884 8.75 0
      vertex 3.149999998509884 8.75 2.6
      vertex 3.149999998509884 27.066728429859356 2.6
    endloop
  endfacet
  facet normal 0.7071067811865476 0.7071067811865476 -8.538569003006276e-20
    outer loop
      vertex 9.70687244495656 9.220162612375116 1.2000000000000002
      vertex 9.220162612375116 9.70687244495656 1.2000000000000002
      vertex 9.220162612375116 9.70687244495656 2.6
    endloop
  endfacet
  facet normal 0.9876883405951378 0.1564344650402307 -4.3304995716765335e-20
    outer loop
      vertex 8.907675664150663 10.320162612375116 1.2000000000000002
      vertex 8.8 11 1.2000000000000002
      vertex 8.8 11 2.6
    endloop
  endfacet
  facet normal 0.8910065241883679 0.45399049973954675 -3.803017648370167e-18
    outer loop
      vertex 9.220162612375116 9.70687244495656 1.2000000000000002
      vertex 8.907675664150663 10.320162612375116 1.2000000000000002
      vertex 8.907675664150663 10.320162612375116 2.6
    endloop
  endfacet
  facet normal 0.9876883405951378 -0.1564344650402307 4.3304995716765335e-20
    outer loop
      vertex 8.8 11 1.2000000000000002
      vertex 8.907675664150663 11.679837387624884 1.2000000000000002
      vertex 8.907675664150663 11.679837387624884 2.6
    endloop
  endfacet
  facet normal 0.8910065241883679 -0.45399049973954675 3.803017648370167e-18
    outer loop
      vertex 8.907675664150663 11.679837387624884 1.2000000000000002
      vertex 9.220162612375116 12.29312755504344 1.2000000000000002
      vertex 9.220162612375116 12.29312755504344 2.6
    endloop
  endfacet
  facet normal -0.7071067811865476 0.7071067811865476 0
    outer loop
      vertex 12.29312755504344 9.220162612375116 1.2000000000000002
      vertex 12.29312755504344 9.220162612375116 2.6
      vertex 12.779837387624884 9.70687244495656 1.2000000000000002
    endloop
  endfacet
  facet normal -0.8910065241883679 0.45399049973954675 0
    outer loop
      vertex 12.779837387624884 9.70687244495656 1.2000000000000002
      vertex 12.779837387624884 9.70687244495656 2.6
      vertex 13.092324335849337 10.320162612375116 1.2000000000000002
    endloop
  endfacet
  facet normal -0.9876883405951378 0.1564344650402307 0
    outer loop
      vertex 13.092324335849337 10.320162612375116 1.2000000000000002
      vertex 13.092324335849337 10.320162612375116 2.6
      vertex 13.2 11 1.2000000000000002
    endloop
  endfacet
  facet normal -0.9876883405951378 -0.1564344650402307 0
    outer loop
      vertex 13.2 11 1.2000000000000002
      vertex 13.2 11 2.6
      vertex 13.092324335849337 11.679837387624884 1.2000000000000002
    endloop
  endfacet
  facet normal -0.8910065241883679 -0.45399049973954675 0
    outer loop
      vertex 13.092324335849337 11.679837387624884 1.2000000000000002
      vertex 13.092324335849337 11.679837387624884 2.6
      vertex 12.779837387624884 12.29312755504344 1.2000000000000002
    endloop
  endfacet
  facet normal 0.7071067811865476 -0.7071067811865476 8.538569003006276e-20
    outer loop
      vertex 9.220162612375116 12.29312755504344 1.2000000000000002
      vertex 9.70687244495656 12.779837387624884 1.2000000000000002
      vertex 9.70687244495656 12.779837387624884 2.6
    endloop
  endfacet
  facet normal 0.45399049973954675 -0.8910065241883679 3.803017648370167e-18
    outer loop
      vertex 9.70687244495656 12.779837387624884 1.2000000000000002
      vertex 10.320162612375116 13.092324335849337 1.2000000000000002
      vertex 10.320162612375116 13.092324335849337 2.6
    endloop
  endfacet
  facet normal 0.1564344650402307 -0.9876883405951378 4.3304995716765335e-20
    outer loop
      vertex 10.320162612375116 13.092324335849337 1.2000000000000002
      vertex 11 13.2 1.2000000000000002
      vertex 11 13.2 2.6
    endloop
  endfacet
  facet normal -0.45399049973954675 -0.8910065241883679 -3.803017648370167e-18
    outer loop
      vertex 11.679837387624884 13.092324335849337 1.2000000000000002
      vertex 12.29312755504344 12.779837387624884 1.2000000000000002
      vertex 12.29312755504344 12.779837387624884 2.6
    endloop
  endfacet
  facet normal -0.1564344650402307 -0.9876883405951378 -4.3304995716765335e-20
    outer loop
      vertex 11 13.2 1.2000000000000002
      vertex 11.679837387624884 13.092324335849337 1.2000000000000002
      vertex 11.679837387624884 13.092324335849337 2.6
    endloop
  endfacet
  facet normal -0.7071067811865476 -0.7071067811865476 -8.538569003006276e-20
    outer loop
      vertex 12.29312755504344 12.779837387624884 1.2000000000000002
      vertex 12.779837387624884 12.29312755504344 1.2000000000000002
      vertex 12.779837387624884 12.29312755504344 2.6
    endloop
  endfacet
  facet normal 0 0 -1
    outer loop
      vertex 13.993362879187305 8.82519456651785 1.2000000000000002
      vertex 13.993362879187305 13.17480543348215 1.2000000000000002
      vertex 14.518909110292068 9.856637120812694 1.2000000000000002
    endloop
  endfacet
  facet normal 0 0 -1
    outer loop
      vertex 14.518909110292068 9.856637120812694 1.2000000000000002
      vertex 14.518909110292068 12.143362879187306 1.2000000000000002
      vertex 14.7 11 1.2000000000000002
    endloop
  endfacet
  facet normal 0 0 -1
    outer loop
      vertex 13.993362879187305 8.82519456651785 1.2000000000000002
      vertex 13.17480543348215 13.993362879187305 1.2000000000000002
      vertex 13.993362879187305 13.17480543348215 1.2000000000000002
    endloop
  endfacet
  facet normal 0 0 -1
    outer loop
      vertex 14.518909110292068 9.856637120812694 1.2000000000000002
      vertex 13.993362879187305 13.17480543348215 1.2000000000000002
      vertex 14.518909110292068 12.143362879187306 1.2000000000000002
    endloop
  endfacet
  facet normal -1 0 0
    outer loop
      vertex 3.149999998509884 8.75 0
      vertex 3.149999998509884 27.066728429859356 2.6
      vertex 3.149999998509884 28.933271570140644 2.6
    endloop
  endfacet
  facet normal 0.45399049973954675 0.8910065241883679 0
    outer loop
      vertex 10.320162612375116 8.907675664150663 1.2000000000000002
      vertex 9.70687244495656 9.220162612375116 2.6
      vertex 10.320162612375116 8.907675664150663 2.6
    endloop
  endfacet
  facet normal 0.1564344650402307 0.9876883405951378 0
    outer loop
      vertex 11 8.8 1.2000000000000002
      vertex 10.320162612375116 8.907675664150663 2.6
      vertex 11 8.8 2.6
    endloop
  endfacet
  facet normal -0.1564344650402307 0.9876883405951378 0
    outer loop
      vertex 11.679837387624884 8.907675664150663 1.2000000000000002
      vertex 11 8.8 2.6
      vertex 11.679837387624884 8.907675664150663 2.6
    endloop
  endfacet
  facet normal -0.45399049973954675 0.8910065241883679 0
    outer loop
      vertex 12.29312755504344 9.220162612375116 1.2000000000000002
      vertex 11.679837387624884 8.907675664150663 2.6
      vertex 12.29312755504344 9.220162612375116 2.6
    endloop
  endfacet
  facet normal 0 0 1
    outer loop
      vertex 8.75 3.149999998509884 2.6
      vertex 9.220162612375116 9.70687244495656 2.6
      vertex 8.907675664150663 10.320162612375116 2.6
    endloop
  endfacet
  facet normal 0 0 1
    outer loop
      vertex 8.75 3.149999998509884 2.6
      vertex 10.320162612375116 8.907675664150663 2.6
      vertex 9.70687244495656 9.220162612375116 2.6
    endloop
  endfacet
  facet normal 0 0 1
    outer loop
      vertex 8.75 3.149999998509884 2.6
      vertex 9.70687244495656 9.220162612375116 2.6
      vertex 9.220162612375116 9.70687244495656 2.6
    endloop
  endfacet
  facet normal 0 0 1
    outer loop
      vertex 8.75 3.149999998509884 2.6
      vertex 11 8.8 2.6
      vertex 10.320162612375116 8.907675664150663 2.6
    endloop
  endfacet
  facet normal 0 0 1
    outer loop
      vertex 8.75 3.149999998509884 2.6
      vertex 11.679837387624884 8.907675664150663 2.6
      vertex 11 8.8 2.6
    endloop
  endfacet
  facet normal 0 0 1
    outer loop
      vertex 8.75 3.149999998509884 2.6
      vertex 12.29312755504344 9.220162612375116 2.6
      vertex 11.679837387624884 8.907675664150663 2.6
    endloop
  endfacet
  facet normal 0 0 1
    outer loop
      vertex 8.75 3.149999998509884 2.6
      vertex 8.907675664150663 10.320162612375116 2.6
      vertex 8.8 11 2.6
    endloop
  endfacet
  facet normal 0 0 1
    outer loop
      vertex 8.75 3.149999998509884 2.6
      vertex 12.779837387624884 9.70687244495656 2.6
      vertex 12.29312755504344 9.220162612375116 2.6
    endloop
  endfacet
  facet normal 0.7071067811865476 0.7071067811865476 0
    outer loop
      vertex 9.70687244495656 9.220162612375116 1.2000000000000002
      vertex 9.220162612375116 9.70687244495656 2.6
      vertex 9.70687244495656 9.220162612375116 2.6
    endloop
  endfacet
  facet normal 0.8910065241883679 0.45399049973954675 0
    outer loop
      vertex 9.220162612375116 9.70687244495656 1.2000000000000002
      vertex 8.907675664150663 10.320162612375116 2.6
      vertex 9.220162612375116 9.70687244495656 2.6
    endloop
  endfacet
  facet normal 0.9876883405951378 0.1564344650402307 0
    outer loop
      vertex 8.907675664150663 10.320162612375116 1.2000000000000002
      vertex 8.8 11 2.6
      vertex 8.907675664150663 10.320162612375116 2.6
    endloop
  endfacet
  facet normal 0.9876883405951378 -0.1564344650402307 0
    outer loop
      vertex 8.8 11 1.2000000000000002
      vertex 8.907675664150663 11.679837387624884 2.6
      vertex 8.8 11 2.6
    endloop
  endfacet
  facet normal 0.8910065241883679 -0.45399049973954675 0
    outer loop
      vertex 8.907675664150663 11.679837387624884 1.2000000000000002
      vertex 9.220162612375116 12.29312755504344 2.6
      vertex 8.907675664150663 11.679837387624884 2.6
    endloop
  endfacet
  facet normal -0.7071067811865476 0.7071067811865476 0
    outer loop
      vertex 12.779837387624884 9.70687244495656 1.2000000000000002
      vertex 12.29312755504344 9.220162612375116 2.6
      vertex 12.779837387624884 9.70687244495656 2.6
    endloop
  endfacet
  facet normal -0.8910065241883679 0.45399049973954675 0
    outer loop
      vertex 13.092324335849337 10.320162612375116 1.2000000000000002
      vertex 12.779837387624884 9.70687244495656 2.6
      vertex 13.092324335849337 10.320162612375116 2.6
    endloop
  endfacet
  facet normal -0.9876883405951378 0.1564344650402307 0
    outer loop
      vertex 13.2 11 1.2000000000000002
      vertex 13.092324335849337 10.320162612375116 2.6
      vertex 13.2 11 2.6
    endloop
  endfacet
  facet normal -0.9876883405951378 -0.1564344650402307 0
    outer loop
      vertex 13.092324335849337 11.679837387624884 1.2000000000000002
      vertex 13.2 11 2.6
      vertex 13.092324335849337 11.679837387624884 2.6
    endloop
  endfacet
  facet normal -0.8910065241883679 -0.45399049973954675 0
    outer loop
      vertex 12.779837387624884 12.29312755504344 1.2000000000000002
      vertex 13.092324335849337 11.679837387624884 2.6
      vertex 12.779837387624884 12.29312755504344 2.6
    endloop
  endfacet
  facet normal 0.7071067811865476 -0.7071067811865476 0
    outer loop
      vertex 9.220162612375116 12.29312755504344 1.2000000000000002
      vertex 9.70687244495656 12.779837387624884 2.6
      vertex 9.220162612375116 12.29312755504344 2.6
    endloop
  endfacet
  facet normal 0.45399049973954675 -0.8910065241883679 0
    outer loop
      vertex 9.70687244495656 12.779837387624884 1.2000000000000002
      vertex 10.320162612375116 13.092324335849337 2.6
      vertex 9.70687244495656 12.779837387624884 2.6
    endloop
  endfacet
  facet normal 0.1564344650402307 -0.9876883405951378 0
    outer loop
      vertex 10.320162612375116 13.092324335849337 1.2000000000000002
      vertex 11 13.2 2.6
      vertex 10.320162612375116 13.092324335849337 2.6
    endloop
  endfacet
  facet normal -0.45399049973954675 -0.8910065241883679 0
    outer loop
      vertex 11.679837387624884 13.092324335849337 1.2000000000000002
      vertex 12.29312755504344 12.779837387624884 2.6
      vertex 11.679837387624884 13.092324335849337 2.6
    endloop
  endfacet
  facet normal -0.1564344650402307 -0.9876883405951378 0
    outer loop
      vertex 11 13.2 1.2000000000000002
      vertex 11.679837387624884 13.092324335849337 2.6
      vertex 11 13.2 2.6
    endloop
  endfacet
  facet normal -0.7071067811865476 -0.7071067811865476 0
    outer loop
      vertex 12.29312755504344 12.779837387624884 1.2000000000000002
      vertex 12.779837387624884 12.29312755504344 2.6
      vertex 12.29312755504344 12.779837387624884 2.6
    endloop
  endfacet
  facet normal 0 0 1
    outer loop
      vertex 5.458402588963509 4.2195048332214355 2.6
      vertex 6 25 2.6
      vertex 4.2195048332214355 5.458402588963509 2.6
    endloop
  endfacet
  facet normal 0 0 1
    outer loop
      vertex 7.019504830241203 3.4240835085511208 2.6
      vertex 8.75 3.149999998509884 2.6
      vertex 7.763355756877419 25.572949016875157 2.6
    endloop
  endfacet
  facet normal 0 0 1
    outer loop
      vertex 5.458402588963509 4.2195048332214355 2.6
      vertex 7.019504830241203 3.4240835085511208 2.6
      vertex 6.927050983124842 25.14683045111454 2.6
    endloop
  endfacet
  facet normal 0 0 1
    outer loop
      vertex 4.2195048332214355 5.458402588963509 2.6
      vertex 4.236644243122581 25.572949016875157 2.6
      vertex 3.4240835085511208 7.019504830241203 2.6
    endloop
  endfacet
  facet normal 0 0 1
    outer loop
      vertex 3.4240835085511208 7.019504830241203 2.6
      vertex 3.5729490168751576 26.23664424312258 2.6
      vertex 3.149999998509884 8.75 2.6
    endloop
  endfacet
  facet normal 0 0 1
    outer loop
      vertex 8.75 3.149999998509884 2.6
      vertex 8.8 11 2.6
      vertex 8.853169548885461 27.072949016875157 2.6
    endloop
  endfacet
  facet normal 0 0 1
    outer loop
      vertex 8.75 3.149999998509884 2.6
      vertex 49.14683045111454 27.072949016875157 2.6
      vertex 12.779837387624884 9.70687244495656 2.6
    endloop
  endfacet
  facet normal 0 0 1
    outer loop
      vertex 5.458402588963509 4.2195048332214355 2.6
      vertex 6.927050983124842 25.14683045111454 2.6
      vertex 6 25 2.6
    endloop
  endfacet
  facet normal 0 0 1
    outer loop
      vertex 7.019504830241203 3.4240835085511208 2.6
      vertex 7.763355756877419 25.572949016875157 2.6
      vertex 6.927050983124842 25.14683045111454 2.6
    endloop
  endfacet
  facet normal 0 0 1
    outer loop
      vertex 3.4240835085511208 7.019504830241203 2.6
      vertex 4.236644243122581 25.572949016875157 2.6
      vertex 3.5729490168751576 26.23664424312258 2.6
    endloop
  endfacet
  facet normal 0 0 1
    outer loop
      vertex 4.2195048332214355 5.458402588963509 2.6
      vertex 5.072949016875158 25.14683045111454 2.6
      vertex 4.236644243122581 25.572949016875157 2.6
    endloop
  endfacet
  facet normal 0 0 1
    outer loop
      vertex 4.2195048332214355 5.458402588963509 2.6
      vertex 6 25 2.6
      vertex 5.072949016875158 25.14683045111454 2.6
    endloop
  endfacet
  facet normal 0 0 1
    outer loop
      vertex 3.149999998509884 8.75 2.6
      vertex 3.5729490168751576 26.23664424312258 2.6
      vertex 3.149999998509884 27.066728429859356 2.6
    endloop
  endfacet
  facet normal 0 0 1
    outer loop
      vertex 8.853169548885461 27.072949016875157 2.6
      vertex 8.8 11 2.6
      vertex 8.907675664150663 11.679837387624884 2.6
    endloop
  endfacet
  facet normal 0 0 1
    outer loop
      vertex 8.853169548885461 27.072949016875157 2.6
      vertex 8.907675664150663 11.679837387624884 2.6
      vertex 9.220162612375116 12.29312755504344 2.6
    endloop
  endfacet
  facet normal 0 0 1
    outer loop
      vertex 8.853169548885461 27.072949016875157 2.6
      vertex 9.220162612375116 12.29312755504344 2.6
      vertex 9.70687244495656 12.779837387624884 2.6
    endloop
  endfacet
  facet normal 0 0 1
    outer loop
      vertex 8.853169548885461 27.072949016875157 2.6
      vertex 9.70687244495656 12.779837387624884 2.6
      vertex 10.320162612375116 13.092324335849337 2.6
    endloop
  endfacet
  facet normal 0 0 1
    outer loop
      vertex 8.75 3.149999998509884 2.6
      vertex 8.427050983124843 26.23664424312258 2.6
      vertex 7.763355756877419 25.572949016875157 2.6
    endloop
  endfacet
  facet normal 0 0 1
    outer loop
      vertex 8.853169548885461 27.072949016875157 2.6
      vertex 11.679837387624884 13.092324335849337 2.6
      vertex 12.29312755504344 12.779837387624884 2.6
    endloop
  endfacet
  facet normal 0 0 1
    outer loop
      vertex 8.853169548885461 27.072949016875157 2.6
      vertex 10.320162612375116 13.092324335849337 2.6
      vertex 11 13.2 2.6
    endloop
  endfacet
  facet normal 0 0 1
    outer loop
      vertex 8.853169548885461 27.072949016875157 2.6
      vertex 11 13.2 2.6
      vertex 11.679837387624884 13.092324335849337 2.6
    endloop
  endfacet
  facet normal 0 0 1
    outer loop
      vertex 8.853169548885461 27.072949016875157 2.6
      vertex 12.29312755504344 12.779837387624884 2.6
      vertex 12.779837387624884 12.29312755504344 2.6
    endloop
  endfacet
  facet normal 0 0 1
    outer loop
      vertex 8.75 3.149999998509884 2.6
      vertex 8.853169548885461 27.072949016875157 2.6
      vertex 8.427050983124843 26.23664424312258 2.6
    endloop
  endfacet
  facet normal 0 0 1
    outer loop
      vertex 8.853169548885461 27.072949016875157 2.6
      vertex 12.779837387624884 12.29312755504344 2.6
      vertex 49.14683045111454 27.072949016875157 2.6
    endloop
  endfacet
  facet normal 0 0 1
    outer loop
      vertex 8.853169548885461 27.072949016875157 2.6
      vertex 49.14683045111454 27.072949016875157 2.6
      vertex 9 28 2.6
    endloop
  endfacet
  facet normal 0.4539904997395478 0.8910065241883675 0
    outer loop
      vertex 5.382825485092903 27.150532155906305 1.6
      vertex 5.382825485092903 27.150532155906305 5.6
      vertex 5.675532155906305 27.001390657890088 1.6
    endloop
  endfacet
  facet normal 0.7071067811865447 0.7071067811865501 0
    outer loop
      vertex 5.150532155906305 27.3828254850929 1.6
      vertex 5.150532155906305 27.3828254850929 5.6
      vertex 5.382825485092903 27.150532155906305 1.6
    endloop
  endfacet
  facet normal 0.15643446504023067 0.9876883405951378 0
    outer loop
      vertex 5.675532155906305 27.001390657890088 1.6
      vertex 5.675532155906305 27.001390657890088 5.6
      vertex 6 26.95 1.6
    endloop
  endfacet
  facet normal -0.15643446504023067 0.9876883405951378 0
    outer loop
      vertex 6 26.95 1.6
      vertex 6 26.95 5.6
      vertex 6.324467844093695 27.001390657890088 1.6
    endloop
  endfacet
  facet normal -0.4539904997395478 0.8910065241883675 0
    outer loop
      vertex 6.324467844093695 27.001390657890088 1.6
      vertex 6.324467844093695 27.001390657890088 5.6
      vertex 6.617174514907097 27.150532155906305 1.6
    endloop
  endfacet
  facet normal -0.7071067811865447 0.7071067811865501 0
    outer loop
      vertex 6.617174514907097 27.150532155906305 1.6
      vertex 6.617174514907097 27.150532155906305 5.6
      vertex 6.849467844093695 27.3828254850929 1.6
    endloop
  endfacet
  facet normal -0.8910065241883685 0.45399049973954564 0
    outer loop
      vertex 6.849467844093695 27.3828254850929 1.6
      vertex 6.849467844093695 27.3828254850929 5.6
      vertex 6.998609342109911 27.675532155906303 1.6
    endloop
  endfacet
  facet normal -0.7071067811865476 -0.7071067811865476 -1.0263122219812862e-18
    outer loop
      vertex 4.236644243122581 25.572949016875157 2.6
      vertex 3.5729490168751576 26.23664424312258 5.6
      vertex 3.5729490168751576 26.23664424312258 2.6
    endloop
  endfacet
  facet normal -0.45399049973954625 -0.891006524188368 -6.572941749047609e-18
    outer loop
      vertex 4.236644243122581 25.572949016875157 2.6
      vertex 5.072949016875158 25.14683045111454 2.6
      vertex 5.072949016875158 25.14683045111454 5.6
    endloop
  endfacet
  facet normal -0.8910065241883678 -0.4539904997395471 1.5139518035318857e-16
    outer loop
      vertex 3.5729490168751576 26.23664424312258 2.6
      vertex 3.1468304511145395 27.072949016875157 5.6
      vertex 3.149999998509884 27.066728429859356 2.6
    endloop
  endfacet
  facet normal -0.8910065241883965 -0.4539904997394905 0
    outer loop
      vertex 3.1468304511145395 27.072949016875157 2.6
      vertex 3.149999998509884 27.066728429859356 2.6
      vertex 3.1468304511145395 27.072949016875157 5.6
    endloop
  endfacet
  facet normal -0.15643446504023065 -0.9876883405951378 1.1086090398698112e-18
    outer loop
      vertex 5.072949016875158 25.14683045111454 2.6
      vertex 6 25 2.6
      vertex 6 25 5.6
    endloop
  endfacet
  facet normal 0.15643446504023065 -0.9876883405951378 -1.1086090398698112e-18
    outer loop
      vertex 6 25 2.6
      vertex 6.927050983124842 25.14683045111454 2.6
      vertex 6.927050983124842 25.14683045111454 5.6
    endloop
  endfacet
  facet normal 0.45399049973954625 -0.891006524188368 6.572941749047609e-18
    outer loop
      vertex 6.927050983124842 25.14683045111454 2.6
      vertex 7.763355756877419 25.572949016875157 2.6
      vertex 7.763355756877419 25.572949016875157 5.6
    endloop
  endfacet
  facet normal 0.707106781186547 -0.707106781186548 0
    outer loop
      vertex 7.763355756877419 25.572949016875157 2.6
      vertex 8.427050983124843 26.23664424312258 2.6
      vertex 7.763355756877419 25.572949016875157 5.6
    endloop
  endfacet
  facet normal 0.891006524188368 -0.45399049973954625 0
    outer loop
      vertex 8.427050983124843 26.23664424312258 2.6
      vertex 8.853169548885461 27.072949016875157 2.6
      vertex 8.427050983124843 26.23664424312258 5.6
    endloop
  endfacet
  facet normal 0.9876883405951378 -0.15643446504023048 0
    outer loop
      vertex 8.853169548885461 27.072949016875157 2.6
      vertex 9 28 2.6
      vertex 8.853169548885461 27.072949016875157 5.6
    endloop
  endfacet
  facet normal 0 0 1
    outer loop
      vertex 8.75 3.149999998509884 2.6
      vertex 57.70557280900008 4.459543596332043 2.6
      vertex 57.47830957392775 4.905572809000084 2.6
    endloop
  endfacet
  facet normal 0 0 1
    outer loop
      vertex 8.75 3.149999998509884 2.6
      vertex 57.47830957392775 4.905572809000084 2.6
      vertex 57.4 5.4 2.6
    endloop
  endfacet
  facet normal 0 0 1
    outer loop
      vertex 8.75 3.149999998509884 2.6
      vertex 58.505572809000085 3.878309573927755 2.6
      vertex 58.05954359633204 4.105572809000084 2.6
    endloop
  endfacet
  facet normal 0 0 1
    outer loop
      vertex 8.75 3.149999998509884 2.6
      vertex 58.05954359633204 4.105572809000084 2.6
      vertex 57.70557280900008 4.459543596332043 2.6
    endloop
  endfacet
  facet normal 0 0 1
    outer loop
      vertex 8.75 3.149999998509884 2.6
      vertex 59 3.8000000000000003 2.6
      vertex 58.505572809000085 3.878309573927755 2.6
    endloop
  endfacet
  facet normal 0 0 1
    outer loop
      vertex 8.75 3.149999998509884 2.6
      vertex 57.4 5.4 2.6
      vertex 49.57294901687516 26.23664424312258 2.6
    endloop
  endfacet
  facet normal 0 0 1
    outer loop
      vertex 49.14683045111454 27.072949016875157 2.6
      vertex 13.092324335849337 10.320162612375116 2.6
      vertex 12.779837387624884 9.70687244495656 2.6
    endloop
  endfacet
  facet normal 0 0 1
    outer loop
      vertex 49.14683045111454 27.072949016875157 2.6
      vertex 13.2 11 2.6
      vertex 13.092324335849337 10.320162612375116 2.6
    endloop
  endfacet
  facet normal 0 0 1
    outer loop
      vertex 49.14683045111454 27.072949016875157 2.6
      vertex 13.092324335849337 11.679837387624884 2.6
      vertex 13.2 11 2.6
    endloop
  endfacet
  facet normal 0 0 1
    outer loop
      vertex 49.14683045111454 27.072949016875157 2.6
      vertex 12.779837387624884 12.29312755504344 2.6
      vertex 13.092324335849337 11.679837387624884 2.6
    endloop
  endfacet
  facet normal 0 0 1
    outer loop
      vertex 8.75 3.149999998509884 2.6
      vertex 49.57294901687516 26.23664424312258 2.6
      vertex 49.14683045111454 27.072949016875157 2.6
    endloop
  endfacet
  facet normal 0 0 -1
    outer loop
      vertex 4.2195048332214355 5.458402588963509 0
      vertex 3.4240835085511208 7.019504830241203 0
      vertex 3.4240835085511208 96.9804951697588 0
    endloop
  endfacet
  facet normal 0 0 -1
    outer loop
      vertex 5.458402588963509 4.2195048332214355 0
      vertex 4.2195048332214355 5.458402588963509 0
      vertex 4.2195048332214355 98.54159741103649 0
    endloop
  endfacet
  facet normal 0 0 -1
    outer loop
      vertex 5.458402588963509 4.2195048332214355 0
      vertex 5.458402588963509 99.78049516677856 0
      vertex 7.019504830241203 3.4240835085511208 0
    endloop
  endfacet
  facet normal 0 0 -1
    outer loop
      vertex 3.4240835085511208 7.019504830241203 0
      vertex 3.149999998509884 8.75 0
      vertex 3.149999998509884 95.25 0
    endloop
  endfacet
  facet normal 0 0 -1
    outer loop
      vertex 7.019504830241203 3.4240835085511208 0
      vertex 7.019504830241203 100.57591649144888 0
      vertex 7.3 11 0
    endloop
  endfacet
  facet normal 0 0 1
    outer loop
      vertex 5.001390657890089 27.675532155906303 1.6
      vertex 5.001390657890089 28.324467844093697 1.6
      vertex 4.95 28 1.6
    endloop
  endfacet
  facet normal 0 0 1
    outer loop
      vertex 5.150532155906305 27.3828254850929 1.6
      vertex 5.150532155906305 28.6171745149071 1.6
      vertex 5.001390657890089 27.675532155906303 1.6
    endloop
  endfacet
  facet normal 0 0 1
    outer loop
      vertex 5.150532155906305 27.3828254850929 1.6
      vertex 5.382825485092903 27.150532155906305 1.6
      vertex 5.382825485092903 28.849467844093695 1.6
    endloop
  endfacet
  facet normal 0 0 1
    outer loop
      vertex 5.382825485092903 27.150532155906305 1.6
      vertex 5.675532155906305 27.001390657890088 1.6
      vertex 5.675532155906305 28.998609342109912 1.6
    endloop
  endfacet
  facet normal 0 0 1
    outer loop
      vertex 5.001390657890089 27.675532155906303 1.6
      vertex 5.150532155906305 28.6171745149071 1.6
      vertex 5.001390657890089 28.324467844093697 1.6
    endloop
  endfacet
  facet normal 0 0 1
    outer loop
      vertex 5.150532155906305 27.3828254850929 1.6
      vertex 5.382825485092903 28.849467844093695 1.6
      vertex 5.150532155906305 28.6171745149071 1.6
    endloop
  endfacet
  facet normal 0 0 1
    outer loop
      vertex 5.382825485092903 27.150532155906305 1.6
      vertex 5.675532155906305 28.998609342109912 1.6
      vertex 5.382825485092903 28.849467844093695 1.6
    endloop
  endfacet
  facet normal 0 0 1
    outer loop
      vertex 5.675532155906305 27.001390657890088 1.6
      vertex 6 26.95 1.6
      vertex 6 29.05 1.6
    endloop
  endfacet
  facet normal 0 0 1
    outer loop
      vertex 6 26.95 1.6
      vertex 6.324467844093695 27.001390657890088 1.6
      vertex 6.324467844093695 28.998609342109912 1.6
    endloop
  endfacet
  facet normal 0 0 1
    outer loop
      vertex 6 26.95 1.6
      vertex 6.324467844093695 28.998609342109912 1.6
      vertex 6 29.05 1.6
    endloop
  endfacet
  facet normal 0 0 1
    outer loop
      vertex 6.324467844093695 27.001390657890088 1.6
      vertex 6.617174514907097 27.150532155906305 1.6
      vertex 6.617174514907097 28.849467844093695 1.6
    endloop
  endfacet
  facet normal 0 0 1
    outer loop
      vertex 6.617174514907097 27.150532155906305 1.6
      vertex 6.849467844093695 27.3828254850929 1.6
      vertex 6.849467844093695 28.6171745149071 1.6
    endloop
  endfacet
  facet normal 0 0 1
    outer loop
      vertex 6.849467844093695 27.3828254850929 1.6
      vertex 6.998609342109911 27.675532155906303 1.6
      vertex 6.998609342109911 28.324467844093697 1.6
    endloop
  endfacet
  facet normal 0 0 1
    outer loop
      vertex 6.324467844093695 27.001390657890088 1.6
      vertex 6.617174514907097 28.849467844093695 1.6
      vertex 6.324467844093695 28.998609342109912 1.6
    endloop
  endfacet
  facet normal 0 0 1
    outer loop
      vertex 6.849467844093695 27.3828254850929 1.6
      vertex 6.998609342109911 28.324467844093697 1.6
      vertex 6.849467844093695 28.6171745149071 1.6
    endloop
  endfacet
  facet normal 0 0 1
    outer loop
      vertex 6.617174514907097 27.150532155906305 1.6
      vertex 6.849467844093695 28.6171745149071 1.6
      vertex 6.617174514907097 28.849467844093695 1.6
    endloop
  endfacet
  facet normal 0 0 1
    outer loop
      vertex 5.675532155906305 27.001390657890088 1.6
      vertex 6 29.05 1.6
      vertex 5.675532155906305 28.998609342109912 1.6
    endloop
  endfacet
  facet normal 0 0 1
    outer loop
      vertex 6.998609342109911 27.675532155906303 1.6
      vertex 7.05 28 1.6
      vertex 6.998609342109911 28.324467844093697 1.6
    endloop
  endfacet
  facet normal 0 0 -1
    outer loop
      vertex 7.019504830241203 100.57591649144888 0
      vertex 7.481090889707932 12.143362879187306 0
      vertex 7.3 11 0
    endloop
  endfacet
  facet normal 0 0 -1
    outer loop
      vertex 7.019504830241203 100.57591649144888 0
      vertex 8.006637120812695 13.17480543348215 0
      vertex 7.481090889707932 12.143362879187306 0
    endloop
  endfacet
  facet normal 0 0 -1
    outer loop
      vertex 8.75 100.85000000149012 0
      vertex 8.82519456651785 13.993362879187305 0
      vertex 8.006637120812695 13.17480543348215 0
    endloop
  endfacet
  facet normal 0 0 -1
    outer loop
      vertex 8.75 100.85000000149012 0
      vertex 9.856637120812694 14.518909110292068 0
      vertex 8.82519456651785 13.993362879187305 0
    endloop
  endfacet
  facet normal 0 0 -1
    outer loop
      vertex 8.75 100.85000000149012 0
      vertex 11 14.7 0
      vertex 9.856637120812694 14.518909110292068 0
    endloop
  endfacet
  facet normal -1 0 0
    outer loop
      vertex 3.149999998509884 8.75 0
      vertex 3.149999998509884 28.933271570140644 2.6
      vertex 3.149999998509884 93.06672842985935 2.6
    endloop
  endfacet
  facet normal 0 0 -1
    outer loop
      vertex 3.1468304511145395 27.072949016875157 2.6
      vertex 3.1468304511145395 28.927050983124843 2.6
      vertex 3.149999998509884 27.066728429859356 2.6
    endloop
  endfacet
  facet normal 0 0 -1
    outer loop
      vertex 3.1468304511145395 27.072949016875157 2.6
      vertex 3 28 2.6
      vertex 3.1468304511145395 28.927050983124843 2.6
    endloop
  endfacet
  facet normal 0 0 -1
    outer loop
      vertex 3.149999998509884 27.066728429859356 2.6
      vertex 3.1468304511145395 28.927050983124843 2.6
      vertex 3.149999998509884 28.933271570140644 2.6
    endloop
  endfacet
  facet normal 0 0 1
    outer loop
      vertex 9 28 2.6
      vertex 49 28 2.6
      vertex 8.853169548885461 28.927050983124843 2.6
    endloop
  endfacet
  facet normal 0.9876883405951379 0.15643446504022981 -6.97022927228965e-19
    outer loop
      vertex 5.001390657890089 27.675532155906303 1.6
      vertex 4.95 28 1.6
      vertex 4.95 28 5.6
    endloop
  endfacet
  facet normal 0.9876883405951379 -0.15643446504022981 6.97022927228965e-19
    outer loop
      vertex 4.95 28 1.6
      vertex 5.001390657890089 28.324467844093697 1.6
      vertex 5.001390657890089 28.324467844093697 5.6
    endloop
  endfacet
  facet normal 0.8910065241883685 0.45399049973954564 -6.060898606613994e-20
    outer loop
      vertex 5.150532155906305 27.3828254850929 1.6
      vertex 5.001390657890089 27.675532155906303 1.6
      vertex 5.001390657890089 27.675532155906303 5.6
    endloop
  endfacet
  facet normal 0.8910065241883685 -0.45399049973954564 6.060898606613994e-20
    outer loop
      vertex 5.001390657890089 28.324467844093697 1.6
      vertex 5.150532155906305 28.6171745149071 1.6
      vertex 5.150532155906305 28.6171745149071 5.6
    endloop
  endfacet
  facet normal 0.7071067811865447 -0.7071067811865501 -4.364632789633677e-19
    outer loop
      vertex 5.150532155906305 28.6171745149071 1.6
      vertex 5.382825485092903 28.849467844093695 1.6
      vertex 5.382825485092903 28.849467844093695 5.6
    endloop
  endfacet
  facet normal 0.4539904997395478 -0.8910065241883675 2.5237383115242786e-18
    outer loop
      vertex 5.382825485092903 28.849467844093695 1.6
      vertex 5.675532155906305 28.998609342109912 1.6
      vertex 5.675532155906305 28.998609342109912 5.6
    endloop
  endfacet
  facet normal 0.15643446504023067 -0.9876883405951378 -1.2678612130553756e-19
    outer loop
      vertex 5.675532155906305 28.998609342109912 1.6
      vertex 6 29.05 1.6
      vertex 6 29.05 5.6
    endloop
  endfacet
  facet normal -0.15643446504023067 -0.9876883405951378 0
    outer loop
      vertex 6.324467844093695 28.998609342109912 1.6
      vertex 6.324467844093695 28.998609342109912 5.6
      vertex 6 29.05 1.6
    endloop
  endfacet
  facet normal -0.8910065241883685 -0.45399049973954564 -6.060898606613994e-20
    outer loop
      vertex 6.849467844093695 28.6171745149071 1.6
      vertex 6.998609342109911 28.324467844093697 1.6
      vertex 6.998609342109911 28.324467844093697 5.6
    endloop
  endfacet
  facet normal -0.7071067811865447 -0.7071067811865501 0
    outer loop
      vertex 6.849467844093695 28.6171745149071 1.6
      vertex 6.849467844093695 28.6171745149071 5.6
      vertex 6.617174514907097 28.849467844093695 1.6
    endloop
  endfacet
  facet normal -0.4539904997395478 -0.8910065241883675 -2.5237383115242786e-18
    outer loop
      vertex 6.324467844093695 28.998609342109912 1.6
      vertex 6.617174514907097 28.849467844093695 1.6
      vertex 6.617174514907097 28.849467844093695 5.6
    endloop
  endfacet
  facet normal -0.9876883405951379 0.15643446504022981 0
    outer loop
      vertex 6.998609342109911 27.675532155906303 1.6
      vertex 6.998609342109911 27.675532155906303 5.6
      vertex 7.05 28 1.6
    endloop
  endfacet
  facet normal -0.9876883405951379 -0.15643446504022981 0
    outer loop
      vertex 7.05 28 1.6
      vertex 7.05 28 5.6
      vertex 6.998609342109911 28.324467844093697 1.6
    endloop
  endfacet
  facet normal -0.9876883405951378 -0.15643446504023095 -4.129310281191404e-18
    outer loop
      vertex 3.1468304511145395 27.072949016875157 2.6
      vertex 3 28 5.6
      vertex 3 28 2.6
    endloop
  endfacet
  facet normal -0.9876883405951378 0.15643446504023095 4.129310281191404e-18
    outer loop
      vertex 3 28 2.6
      vertex 3.1468304511145395 28.927050983124843 5.6
      vertex 3.1468304511145395 28.927050983124843 2.6
    endloop
  endfacet
  facet normal -0.8910065241883965 0.4539904997394905 1.970654704272305e-14
    outer loop
      vertex 3.1468304511145395 28.927050983124843 2.6
      vertex 3.5729490168751576 29.76335575687742 5.6
      vertex 3.149999998509884 28.933271570140644 2.6
    endloop
  endfacet
  facet normal -0.8910065241883678 0.4539904997395471 -3.9958731784185e-18
    outer loop
      vertex 3.149999998509884 28.933271570140644 2.6
      vertex 3.5729490168751576 29.76335575687742 5.6
      vertex 3.5729490168751576 29.76335575687742 2.6
    endloop
  endfacet
  facet normal -0.7071067811865476 0.7071067811865476 1.0263122219812862e-18
    outer loop
      vertex 3.5729490168751576 29.76335575687742 2.6
      vertex 4.236644243122581 30.427050983124843 5.6
      vertex 4.236644243122581 30.427050983124843 2.6
    endloop
  endfacet
  facet normal -0.45399049973954625 0.891006524188368 0
    outer loop
      vertex 4.236644243122581 30.427050983124843 2.6
      vertex 4.236644243122581 30.427050983124843 5.6
      vertex 5.072949016875158 30.85316954888546 2.6
    endloop
  endfacet
  facet normal 0.707106781186547 0.707106781186548 6.4822939919318885e-18
    outer loop
      vertex 7.763355756877419 30.427050983124843 2.6
      vertex 8.427050983124843 29.76335575687742 5.6
      vertex 8.427050983124843 29.76335575687742 2.6
    endloop
  endfacet
  facet normal -0.15643446504023065 0.9876883405951378 0
    outer loop
      vertex 5.072949016875158 30.85316954888546 2.6
      vertex 5.072949016875158 30.85316954888546 5.6
      vertex 6 31 2.6
    endloop
  endfacet
  facet normal 0.15643446504023065 0.9876883405951378 0
    outer loop
      vertex 6 31 2.6
      vertex 6 31 5.6
      vertex 6.927050983124842 30.85316954888546 2.6
    endloop
  endfacet
  facet normal 0.45399049973954625 0.891006524188368 -6.572941749047609e-18
    outer loop
      vertex 7.763355756877419 30.427050983124843 2.6
      vertex 6.927050983124842 30.85316954888546 2.6
      vertex 6.927050983124842 30.85316954888546 5.6
    endloop
  endfacet
  facet normal 0.9876883405951378 0.15643446504023048 0
    outer loop
      vertex 9 28 2.6
      vertex 8.853169548885461 28.927050983124843 2.6
      vertex 9 28 5.6
    endloop
  endfacet
  facet normal 0.891006524188368 0.45399049973954625 0
    outer loop
      vertex 8.853169548885461 28.927050983124843 2.6
      vertex 8.427050983124843 29.76335575687742 2.6
      vertex 8.853169548885461 28.927050983124843 5.6
    endloop
  endfacet
  facet normal 0 0 1
    outer loop
      vertex 3.149999998509884 28.933271570140644 2.6
      vertex 3.5729490168751576 29.76335575687742 2.6
      vertex 3.5729490168751576 92.23664424312258 2.6
    endloop
  endfacet
  facet normal 0 0 1
    outer loop
      vertex 3.5729490168751576 29.76335575687742 2.6
      vertex 4.236644243122581 30.427050983124843 2.6
      vertex 4.236644243122581 91.57294901687516 2.6
    endloop
  endfacet
  facet normal 0 0 1
    outer loop
      vertex 4.236644243122581 30.427050983124843 2.6
      vertex 5.072949016875158 30.85316954888546 2.6
      vertex 4.236644243122581 91.57294901687516 2.6
    endloop
  endfacet
  facet normal 0 0 1
    outer loop
      vertex 5.072949016875158 30.85316954888546 2.6
      vertex 6 31 2.6
      vertex 6 91 2.6
    endloop
  endfacet
  facet normal 0 0 1
    outer loop
      vertex 6 31 2.6
      vertex 6.927050983124842 30.85316954888546 2.6
      vertex 6 91 2.6
    endloop
  endfacet
  facet normal 0 0 1
    outer loop
      vertex 7.763355756877419 30.427050983124843 2.6
      vertex 7.763355756877419 91.57294901687516 2.6
      vertex 6.927050983124842 30.85316954888546 2.6
    endloop
  endfacet
  facet normal 0 0 1
    outer loop
      vertex 7.763355756877419 30.427050983124843 2.6
      vertex 8.427050983124843 29.76335575687742 2.6
      vertex 7.763355756877419 91.57294901687516 2.6
    endloop
  endfacet
  facet normal 0 0 1
    outer loop
      vertex 8.853169548885461 28.927050983124843 2.6
      vertex 8.853169548885461 93.07294901687516 2.6
      vertex 8.427050983124843 29.76335575687742 2.6
    endloop
  endfacet
  facet normal 0 0 1
    outer loop
      vertex 8.853169548885461 28.927050983124843 2.6
      vertex 50.23664424312258 30.427050983124843 2.6
      vertex 8.853169548885461 93.07294901687516 2.6
    endloop
  endfacet
  facet normal 0 0 1
    outer loop
      vertex 9 28 2.6
      vertex 49.14683045111454 27.072949016875157 2.6
      vertex 49 28 2.6
    endloop
  endfacet
  facet normal 0 0 1
    outer loop
      vertex 8.853169548885461 28.927050983124843 2.6
      vertex 49 28 2.6
      vertex 49.14683045111454 28.927050983124843 2.6
    endloop
  endfacet
  facet normal 0 0 1
    outer loop
      vertex 8.853169548885461 28.927050983124843 2.6
      vertex 49.14683045111454 28.927050983124843 2.6
      vertex 49.57294901687516 29.76335575687742 2.6
    endloop
  endfacet
  facet normal 0 0 1
    outer loop
      vertex 8.853169548885461 28.927050983124843 2.6
      vertex 49.57294901687516 29.76335575687742 2.6
      vertex 50.23664424312258 30.427050983124843 2.6
    endloop
  endfacet
  facet normal 0 0 -1
    outer loop
      vertex 8.75 3.149999998509884 0
      vertex 11 7.3 0
      vertex 167.25 3.149999998509884 0
    endloop
  endfacet
  facet normal 0 0 -1
    outer loop
      vertex 167.25 3.149999998509884 0
      vertex 11 7.3 0
      vertex 12.143362879187306 7.481090889707932 0
    endloop
  endfacet
  facet normal 0 0 -1
    outer loop
      vertex 167.25 3.149999998509884 0
      vertex 12.143362879187306 7.481090889707932 0
      vertex 13.17480543348215 8.006637120812695 0
    endloop
  endfacet
  facet normal 0 0 -1
    outer loop
      vertex 167.25 3.149999998509884 0
      vertex 13.17480543348215 8.006637120812695 0
      vertex 13.993362879187305 8.82519456651785 0
    endloop
  endfacet
  facet normal 0 0 -1
    outer loop
      vertex 167.25 3.149999998509884 0
      vertex 13.993362879187305 8.82519456651785 0
      vertex 14.518909110292068 9.856637120812694 0
    endloop
  endfacet
  facet normal 0 0 -1
    outer loop
      vertex 167.25 3.149999998509884 0
      vertex 14.518909110292068 9.856637120812694 0
      vertex 14.7 11 0
    endloop
  endfacet
  facet normal 0 0 -1
    outer loop
      vertex 167.25 3.149999998509884 0
      vertex 14.7 11 0
      vertex 14.518909110292068 12.143362879187306 0
    endloop
  endfacet
  facet normal 0 -1 0
    outer loop
      vertex 8.75 3.149999998509884 0
      vertex 167.25 3.149999998509884 0
      vertex 8.75 3.149999998509884 2.6
    endloop
  endfacet
  facet normal 0 0 -1
    outer loop
      vertex 167.25 3.149999998509884 0
      vertex 12.143362879187306 14.518909110292068 0
      vertex 11 14.7 0
    endloop
  endfacet
  facet normal 0 0 -1
    outer loop
      vertex 167.25 3.149999998509884 0
      vertex 14.518909110292068 12.143362879187306 0
      vertex 13.993362879187305 13.17480543348215 0
    endloop
  endfacet
  facet normal 0 0 -1
    outer loop
      vertex 167.25 3.149999998509884 0
      vertex 13.17480543348215 13.993362879187305 0
      vertex 12.143362879187306 14.518909110292068 0
    endloop
  endfacet
  facet normal 0 0 -1
    outer loop
      vertex 167.25 3.149999998509884 0
      vertex 13.993362879187305 13.17480543348215 0
      vertex 13.17480543348215 13.993362879187305 0
    endloop
  endfacet
  facet normal 0 0 1
    outer loop
      vertex 57.4 5.4 2.6
      vertex 57.47830957392775 5.894427190999917 2.6
      vertex 50.23664424312258 25.572949016875157 2.6
    endloop
  endfacet
  facet normal 0 0 1
    outer loop
      vertex 57.47830957392775 5.894427190999917 2.6
      vertex 57.70557280900008 6.340456403667957 2.6
      vertex 51.07294901687516 25.14683045111454 2.6
    endloop
  endfacet
  facet normal 0 0 1
    outer loop
      vertex 57.70557280900008 6.340456403667957 2.6
      vertex 58.05954359633204 6.6944271909999165 2.6
      vertex 52 25 2.6
    endloop
  endfacet
  facet normal 0 0 1
    outer loop
      vertex 58.05954359633204 6.6944271909999165 2.6
      vertex 58.505572809000085 6.921690426072246 2.6
      vertex 52 25 2.6
    endloop
  endfacet
  facet normal 0 0 1
    outer loop
      vertex 58.505572809000085 6.921690426072246 2.6
      vertex 59 7 2.6
      vertex 52.92705098312484 25.14683045111454 2.6
    endloop
  endfacet
  facet normal 0 0 1
    outer loop
      vertex 59.494427190999915 6.921690426072246 2.6
      vertex 53.76335575687742 25.572949016875157 2.6
      vertex 59 7 2.6
    endloop
  endfacet
  facet normal 0 0 1
    outer loop
      vertex 59.494427190999915 6.921690426072246 2.6
      vertex 59.94045640366796 6.6944271909999165 2.6
      vertex 54.42705098312484 26.23664424312258 2.6
    endloop
  endfacet
  facet normal 0 0 1
    outer loop
      vertex 59.94045640366796 6.6944271909999165 2.6
      vertex 60.29442719099992 6.340456403667957 2.6
      vertex 54.42705098312484 26.23664424312258 2.6
    endloop
  endfacet
  facet normal 0 0 1
    outer loop
      vertex 60.52169042607225 5.894427190999917 2.6
      vertex 54.85316954888546 27.072949016875157 2.6
      vertex 60.29442719099992 6.340456403667957 2.6
    endloop
  endfacet
  facet normal 0 0 1
    outer loop
      vertex 57.4 5.4 2.6
      vertex 50.23664424312258 25.572949016875157 2.6
      vertex 49.57294901687516 26.23664424312258 2.6
    endloop
  endfacet
  facet normal 0 0 1
    outer loop
      vertex 57.47830957392775 5.894427190999917 2.6
      vertex 51.07294901687516 25.14683045111454 2.6
      vertex 50.23664424312258 25.572949016875157 2.6
    endloop
  endfacet
  facet normal 0 0 1
    outer loop
      vertex 57.70557280900008 6.340456403667957 2.6
      vertex 52 25 2.6
      vertex 51.07294901687516 25.14683045111454 2.6
    endloop
  endfacet
  facet normal 0 0 1
    outer loop
      vertex 58.505572809000085 6.921690426072246 2.6
      vertex 52.92705098312484 25.14683045111454 2.6
      vertex 52 25 2.6
    endloop
  endfacet
  facet normal 0 0 1
    outer loop
      vertex 59 7 2.6
      vertex 53.76335575687742 25.572949016875157 2.6
      vertex 52.92705098312484 25.14683045111454 2.6
    endloop
  endfacet
  facet normal 0 0 1
    outer loop
      vertex 59.494427190999915 6.921690426072246 2.6
      vertex 54.42705098312484 26.23664424312258 2.6
      vertex 53.76335575687742 25.572949016875157 2.6
    endloop
  endfacet
  facet normal 0 0 1
    outer loop
      vertex 60.29442719099992 6.340456403667957 2.6
      vertex 54.85316954888546 27.072949016875157 2.6
      vertex 54.42705098312484 26.23664424312258 2.6
    endloop
  endfacet
  facet normal 0.7071067811865475 0.7071067811865475 0
    outer loop
      vertex 51.150532155906305 27.3828254850929 1.6
      vertex 51.150532155906305 27.3828254850929 5.6
      vertex 51.3828254850929 27.150532155906305 1.6
    endloop
  endfacet
  facet normal 0.4539904997395478 0.8910065241883675 0
    outer loop
      vertex 51.3828254850929 27.150532155906305 1.6
      vertex 51.3828254850929 27.150532155906305 5.6
      vertex 51.6755321559063 27.001390657890088 1.6
    endloop
  endfacet
  facet normal 0.15643446504022981 0.9876883405951379 0
    outer loop
      vertex 51.6755321559063 27.001390657890088 1.6
      vertex 51.6755321559063 27.001390657890088 5.6
      vertex 52 26.95 1.6
    endloop
  endfacet
  facet normal -0.15643446504022981 0.9876883405951379 0
    outer loop
      vertex 52 26.95 1.6
      vertex 52 26.95 5.6
      vertex 52.3244678440937 27.001390657890088 1.6
    endloop
  endfacet
  facet normal -0.4539904997395478 0.8910065241883675 0
    outer loop
      vertex 52.3244678440937 27.001390657890088 1.6
      vertex 52.3244678440937 27.001390657890088 5.6
      vertex 52.6171745149071 27.150532155906305 1.6
    endloop
  endfacet
  facet normal -0.7071067811865475 0.7071067811865475 0
    outer loop
      vertex 52.6171745149071 27.150532155906305 1.6
      vertex 52.6171745149071 27.150532155906305 5.6
      vertex 52.849467844093695 27.3828254850929 1.6
    endloop
  endfacet
  facet normal -0.8910065241883718 0.4539904997395392 0
    outer loop
      vertex 52.849467844093695 27.3828254850929 1.6
      vertex 52.849467844093695 27.3828254850929 5.6
      vertex 52.99860934210991 27.675532155906303 1.6
    endloop
  endfacet
  facet normal -0.7071067811865456 -0.7071067811865493 9.29408832714869e-18
    outer loop
      vertex 50.23664424312258 25.572949016875157 2.6
      vertex 49.57294901687516 26.23664424312258 5.6
      vertex 49.57294901687516 26.23664424312258 2.6
    endloop
  endfacet
  facet normal -0.891006524188368 -0.45399049973954625 0
    outer loop
      vertex 49.14683045111454 27.072949016875157 2.6
      vertex 49.57294901687516 26.23664424312258 2.6
      vertex 49.14683045111454 27.072949016875157 5.6
    endloop
  endfacet
  facet normal -0.15643446504023048 -0.9876883405951378 4.079764490821099e-18
    outer loop
      vertex 51.07294901687516 25.14683045111454 2.6
      vertex 52 25 2.6
      vertex 52 25 5.6
    endloop
  endfacet
  facet normal -0.4539904997395478 -0.8910065241883673 -1.218845201774354e-18
    outer loop
      vertex 50.23664424312258 25.572949016875157 2.6
      vertex 51.07294901687516 25.14683045111454 2.6
      vertex 51.07294901687516 25.14683045111454 5.6
    endloop
  endfacet
  facet normal 0.15643446504023048 -0.9876883405951378 -4.079764490821099e-18
    outer loop
      vertex 52 25 2.6
      vertex 52.92705098312484 25.14683045111454 2.6
      vertex 52.92705098312484 25.14683045111454 5.6
    endloop
  endfacet
  facet normal 0.4539904997395478 -0.8910065241883673 1.218845201774354e-18
    outer loop
      vertex 52.92705098312484 25.14683045111454 2.6
      vertex 53.76335575687742 25.572949016875157 2.6
      vertex 53.76335575687742 25.572949016875157 5.6
    endloop
  endfacet
  facet normal 0.7071067811865456 -0.7071067811865493 0
    outer loop
      vertex 53.76335575687742 25.572949016875157 2.6
      vertex 54.42705098312484 26.23664424312258 2.6
      vertex 53.76335575687742 25.572949016875157 5.6
    endloop
  endfacet
  facet normal 0.891006524188368 -0.45399049973954625 0
    outer loop
      vertex 54.42705098312484 26.23664424312258 2.6
      vertex 54.85316954888546 27.072949016875157 2.6
      vertex 54.42705098312484 26.23664424312258 5.6
    endloop
  endfacet
  facet normal 0.9876883405951378 -0.15643446504023048 0
    outer loop
      vertex 54.85316954888546 27.072949016875157 2.6
      vertex 55 28 2.6
      vertex 54.85316954888546 27.072949016875157 5.6
    endloop
  endfacet
  facet normal 0 0 1
    outer loop
      vertex 8.75 3.149999998509884 2.6
      vertex 156.50557280900009 3.878309573927755 2.6
      vertex 59 3.8000000000000003 2.6
    endloop
  endfacet
  facet normal 0 0 -1
    outer loop
      vertex 8.75 100.85000000149012 0
      vertex 167.25 3.149999998509884 0
      vertex 11 14.7 0
    endloop
  endfacet
  facet normal 0 0 1
    outer loop
      vertex 51.00139065789009 27.675532155906303 1.6
      vertex 51.150532155906305 27.3828254850929 1.6
      vertex 51.150532155906305 28.6171745149071 1.6
    endloop
  endfacet
  facet normal 0 0 1
    outer loop
      vertex 51.150532155906305 27.3828254850929 1.6
      vertex 51.3828254850929 27.150532155906305 1.6
      vertex 51.3828254850929 28.849467844093695 1.6
    endloop
  endfacet
  facet normal 0 0 1
    outer loop
      vertex 51.00139065789009 27.675532155906303 1.6
      vertex 51.00139065789009 28.324467844093697 1.6
      vertex 50.95 28 1.6
    endloop
  endfacet
  facet normal 0 0 1
    outer loop
      vertex 51.00139065789009 27.675532155906303 1.6
      vertex 51.150532155906305 28.6171745149071 1.6
      vertex 51.00139065789009 28.324467844093697 1.6
    endloop
  endfacet
  facet normal 0 0 1
    outer loop
      vertex 51.150532155906305 27.3828254850929 1.6
      vertex 51.3828254850929 28.849467844093695 1.6
      vertex 51.150532155906305 28.6171745149071 1.6
    endloop
  endfacet
  facet normal 0 0 1
    outer loop
      vertex 51.3828254850929 27.150532155906305 1.6
      vertex 51.6755321559063 27.001390657890088 1.6
      vertex 51.6755321559063 28.998609342109912 1.6
    endloop
  endfacet
  facet normal 0 0 1
    outer loop
      vertex 51.6755321559063 27.001390657890088 1.6
      vertex 52 26.95 1.6
      vertex 52 29.05 1.6
    endloop
  endfacet
  facet normal 0 0 1
    outer loop
      vertex 51.3828254850929 27.150532155906305 1.6
      vertex 51.6755321559063 28.998609342109912 1.6
      vertex 51.3828254850929 28.849467844093695 1.6
    endloop
  endfacet
  facet normal 0 0 1
    outer loop
      vertex 51.6755321559063 27.001390657890088 1.6
      vertex 52 29.05 1.6
      vertex 51.6755321559063 28.998609342109912 1.6
    endloop
  endfacet
  facet normal 0 0 1
    outer loop
      vertex 52 26.95 1.6
      vertex 52.3244678440937 27.001390657890088 1.6
      vertex 52.3244678440937 28.998609342109912 1.6
    endloop
  endfacet
  facet normal 0 0 1
    outer loop
      vertex 52.3244678440937 27.001390657890088 1.6
      vertex 52.6171745149071 27.150532155906305 1.6
      vertex 52.6171745149071 28.849467844093695 1.6
    endloop
  endfacet
  facet normal 0 0 1
    outer loop
      vertex 52 26.95 1.6
      vertex 52.3244678440937 28.998609342109912 1.6
      vertex 52 29.05 1.6
    endloop
  endfacet
  facet normal 0 0 1
    outer loop
      vertex 52.3244678440937 27.001390657890088 1.6
      vertex 52.6171745149071 28.849467844093695 1.6
      vertex 52.3244678440937 28.998609342109912 1.6
    endloop
  endfacet
  facet normal 0 0 1
    outer loop
      vertex 52.6171745149071 27.150532155906305 1.6
      vertex 52.849467844093695 28.6171745149071 1.6
      vertex 52.6171745149071 28.849467844093695 1.6
    endloop
  endfacet
  facet normal 0 0 1
    outer loop
      vertex 52.6171745149071 27.150532155906305 1.6
      vertex 52.849467844093695 27.3828254850929 1.6
      vertex 52.849467844093695 28.6171745149071 1.6
    endloop
  endfacet
  facet normal 0 0 1
    outer loop
      vertex 52.849467844093695 27.3828254850929 1.6
      vertex 52.99860934210991 27.675532155906303 1.6
      vertex 52.99860934210991 28.324467844093697 1.6
    endloop
  endfacet
  facet normal 0 0 1
    outer loop
      vertex 52.849467844093695 27.3828254850929 1.6
      vertex 52.99860934210991 28.324467844093697 1.6
      vertex 52.849467844093695 28.6171745149071 1.6
    endloop
  endfacet
  facet normal 0 0 1
    outer loop
      vertex 52.99860934210991 27.675532155906303 1.6
      vertex 53.05 28 1.6
      vertex 52.99860934210991 28.324467844093697 1.6
    endloop
  endfacet
  facet normal 0 0 1
    outer loop
      vertex 53.76335575687742 30.427050983124843 2.6
      vertex 58.05954359633204 39.60557280900008 2.6
      vertex 52.92705098312484 30.85316954888546 2.6
    endloop
  endfacet
  facet normal 0 0 1
    outer loop
      vertex 54.42705098312484 29.76335575687742 2.6
      vertex 59 39.3 2.6
      vertex 53.76335575687742 30.427050983124843 2.6
    endloop
  endfacet
  facet normal 0 0 1
    outer loop
      vertex 50.23664424312258 30.427050983124843 2.6
      vertex 51.07294901687516 30.85316954888546 2.6
      vertex 57.4 40.9 2.6
    endloop
  endfacet
  facet normal 0 0 1
    outer loop
      vertex 51.07294901687516 30.85316954888546 2.6
      vertex 52 31 2.6
      vertex 57.47830957392775 40.405572809000084 2.6
    endloop
  endfacet
  facet normal 0 0 1
    outer loop
      vertex 52 31 2.6
      vertex 52.92705098312484 30.85316954888546 2.6
      vertex 57.70557280900008 39.95954359633204 2.6
    endloop
  endfacet
  facet normal 0 0 1
    outer loop
      vertex 51.07294901687516 30.85316954888546 2.6
      vertex 57.47830957392775 40.405572809000084 2.6
      vertex 57.4 40.9 2.6
    endloop
  endfacet
  facet normal 0 0 1
    outer loop
      vertex 52 31 2.6
      vertex 57.70557280900008 39.95954359633204 2.6
      vertex 57.47830957392775 40.405572809000084 2.6
    endloop
  endfacet
  facet normal 0 0 1
    outer loop
      vertex 50.23664424312258 30.427050983124843 2.6
      vertex 57.4 40.9 2.6
      vertex 57.47830957392775 41.39442719099991 2.6
    endloop
  endfacet
  facet normal 0 0 1
    outer loop
      vertex 55 28 2.6
      vertex 60.29442719099992 39.95954359633204 2.6
      vertex 54.85316954888546 28.927050983124843 2.6
    endloop
  endfacet
  facet normal 0 0 1
    outer loop
      vertex 54.85316954888546 28.927050983124843 2.6
      vertex 59.494427190999915 39.37830957392775 2.6
      vertex 54.42705098312484 29.76335575687742 2.6
    endloop
  endfacet
  facet normal 0 0 1
    outer loop
      vertex 53.76335575687742 30.427050983124843 2.6
      vertex 58.505572809000085 39.37830957392775 2.6
      vertex 58.05954359633204 39.60557280900008 2.6
    endloop
  endfacet
  facet normal 0 0 1
    outer loop
      vertex 53.76335575687742 30.427050983124843 2.6
      vertex 59 39.3 2.6
      vertex 58.505572809000085 39.37830957392775 2.6
    endloop
  endfacet
  facet normal 0 0 1
    outer loop
      vertex 54.85316954888546 28.927050983124843 2.6
      vertex 59.94045640366796 39.60557280900008 2.6
      vertex 59.494427190999915 39.37830957392775 2.6
    endloop
  endfacet
  facet normal 0 0 1
    outer loop
      vertex 54.42705098312484 29.76335575687742 2.6
      vertex 59.494427190999915 39.37830957392775 2.6
      vertex 59 39.3 2.6
    endloop
  endfacet
  facet normal 0 0 1
    outer loop
      vertex 54.85316954888546 28.927050983124843 2.6
      vertex 60.29442719099992 39.95954359633204 2.6
      vertex 59.94045640366796 39.60557280900008 2.6
    endloop
  endfacet
  facet normal 0 0 1
    outer loop
      vertex 55 28 2.6
      vertex 60.52169042607225 40.405572809000084 2.6
      vertex 60.29442719099992 39.95954359633204 2.6
    endloop
  endfacet
  facet normal 0 0 1
    outer loop
      vertex 52.92705098312484 30.85316954888546 2.6
      vertex 58.05954359633204 39.60557280900008 2.6
      vertex 57.70557280900008 39.95954359633204 2.6
    endloop
  endfacet
  facet normal 0.8910065241883718 0.4539904997395392 0
    outer loop
      vertex 51.00139065789009 27.675532155906303 1.6
      vertex 51.00139065789009 27.675532155906303 5.6
      vertex 51.150532155906305 27.3828254850929 1.6
    endloop
  endfacet
  facet normal 0.9876883405951379 0.15643446504022981 -6.97022927228965e-19
    outer loop
      vertex 51.00139065789009 27.675532155906303 1.6
      vertex 50.95 28 1.6
      vertex 50.95 28 5.6
    endloop
  endfacet
  facet normal 0.9876883405951379 -0.15643446504022981 6.97022927228965e-19
    outer loop
      vertex 50.95 28 1.6
      vertex 51.00139065789009 28.324467844093697 1.6
      vertex 51.00139065789009 28.324467844093697 5.6
    endloop
  endfacet
  facet normal 0.8910065241883718 -0.4539904997395392 -2.048236765346846e-18
    outer loop
      vertex 51.00139065789009 28.324467844093697 1.6
      vertex 51.150532155906305 28.6171745149071 1.6
      vertex 51.150532155906305 28.6171745149071 5.6
    endloop
  endfacet
  facet normal 0.7071067811865475 -0.7071067811865475 2.3775784819702732e-18
    outer loop
      vertex 51.150532155906305 28.6171745149071 1.6
      vertex 51.3828254850929 28.849467844093695 1.6
      vertex 51.3828254850929 28.849467844093695 5.6
    endloop
  endfacet
  facet normal 0.4539904997395478 -0.8910065241883675 2.5237383115242786e-18
    outer loop
      vertex 51.3828254850929 28.849467844093695 1.6
      vertex 51.6755321559063 28.998609342109912 1.6
      vertex 51.6755321559063 28.998609342109912 5.6
    endloop
  endfacet
  facet normal 0.15643446504022981 -0.9876883405951379 6.97022927228965e-19
    outer loop
      vertex 51.6755321559063 28.998609342109912 1.6
      vertex 52 29.05 1.6
      vertex 52 29.05 5.6
    endloop
  endfacet
  facet normal -0.9876883405951379 0.15643446504022981 0
    outer loop
      vertex 52.99860934210991 27.675532155906303 1.6
      vertex 52.99860934210991 27.675532155906303 5.6
      vertex 53.05 28 1.6
    endloop
  endfacet
  facet normal -0.9876883405951379 -0.15643446504022981 0
    outer loop
      vertex 53.05 28 1.6
      vertex 53.05 28 5.6
      vertex 52.99860934210991 28.324467844093697 1.6
    endloop
  endfacet
  facet normal -0.15643446504022981 -0.9876883405951379 0
    outer loop
      vertex 52.3244678440937 28.998609342109912 1.6
      vertex 52.3244678440937 28.998609342109912 5.6
      vertex 52 29.05 1.6
    endloop
  endfacet
  facet normal -0.4539904997395478 -0.8910065241883675 -2.5237383115242786e-18
    outer loop
      vertex 52.3244678440937 28.998609342109912 1.6
      vertex 52.6171745149071 28.849467844093695 1.6
      vertex 52.6171745149071 28.849467844093695 5.6
    endloop
  endfacet
  facet normal -0.8910065241883718 -0.4539904997395392 2.048236765346846e-18
    outer loop
      vertex 52.849467844093695 28.6171745149071 1.6
      vertex 52.99860934210991 28.324467844093697 1.6
      vertex 52.99860934210991 28.324467844093697 5.6
    endloop
  endfacet
  facet normal -0.7071067811865475 -0.7071067811865475 0
    outer loop
      vertex 52.849467844093695 28.6171745149071 1.6
      vertex 52.849467844093695 28.6171745149071 5.6
      vertex 52.6171745149071 28.849467844093695 1.6
    endloop
  endfacet
  facet normal -0.9876883405951378 -0.15643446504023048 4.079764490821099e-18
    outer loop
      vertex 49.14683045111454 27.072949016875157 2.6
      vertex 49 28 5.6
      vertex 49 28 2.6
    endloop
  endfacet
  facet normal -0.9876883405951378 0.15643446504023048 -4.079764490821099e-18
    outer loop
      vertex 49 28 2.6
      vertex 49.14683045111454 28.927050983124843 5.6
      vertex 49.14683045111454 28.927050983124843 2.6
    endloop
  endfacet
  facet normal -0.891006524188368 0.45399049973954625 6.572941749047609e-18
    outer loop
      vertex 49.14683045111454 28.927050983124843 2.6
      vertex 49.57294901687516 29.76335575687742 5.6
      vertex 49.57294901687516 29.76335575687742 2.6
    endloop
  endfacet
  facet normal -0.7071067811865456 0.7071067811865493 -9.29408832714869e-18
    outer loop
      vertex 49.57294901687516 29.76335575687742 2.6
      vertex 50.23664424312258 30.427050983124843 5.6
      vertex 50.23664424312258 30.427050983124843 2.6
    endloop
  endfacet
  facet normal -0.4539904997395478 0.8910065241883673 0
    outer loop
      vertex 50.23664424312258 30.427050983124843 2.6
      vertex 50.23664424312258 30.427050983124843 5.6
      vertex 51.07294901687516 30.85316954888546 2.6
    endloop
  endfacet
  facet normal 0.9876883405951378 0.15643446504023048 0
    outer loop
      vertex 55 28 2.6
      vertex 54.85316954888546 28.927050983124843 2.6
      vertex 55 28 5.6
    endloop
  endfacet
  facet normal 0.891006524188368 0.45399049973954625 0
    outer loop
      vertex 54.85316954888546 28.927050983124843 2.6
      vertex 54.42705098312484 29.76335575687742 2.6
      vertex 54.85316954888546 28.927050983124843 5.6
    endloop
  endfacet
  facet normal 0.7071067811865456 0.7071067811865493 0
    outer loop
      vertex 54.42705098312484 29.76335575687742 2.6
      vertex 53.76335575687742 30.427050983124843 2.6
      vertex 54.42705098312484 29.76335575687742 5.6
    endloop
  endfacet
  facet normal -0.15643446504023048 0.9876883405951378 0
    outer loop
      vertex 51.07294901687516 30.85316954888546 2.6
      vertex 51.07294901687516 30.85316954888546 5.6
      vertex 52 31 2.6
    endloop
  endfacet
  facet normal 0.15643446504023048 0.9876883405951378 0
    outer loop
      vertex 52 31 2.6
      vertex 52 31 5.6
      vertex 52.92705098312484 30.85316954888546 2.6
    endloop
  endfacet
  facet normal 0.4539904997395478 0.8910065241883673 -1.218845201774354e-18
    outer loop
      vertex 53.76335575687742 30.427050983124843 2.6
      vertex 52.92705098312484 30.85316954888546 2.6
      vertex 52.92705098312484 30.85316954888546 5.6
    endloop
  endfacet
  facet normal 0 0 1
    outer loop
      vertex 59.94045640366796 42.19442719099992 2.6
      vertex 157.49442719099991 6.921690426072246 2.6
      vertex 8.853169548885461 93.07294901687516 2.6
    endloop
  endfacet
  facet normal 0.4539904997395478 0.8910065241883675 0
    outer loop
      vertex 5.675532155906305 27.001390657890088 1.6
      vertex 5.382825485092903 27.150532155906305 5.6
      vertex 5.675532155906305 27.001390657890088 5.6
    endloop
  endfacet
  facet normal 0.7071067811865447 0.7071067811865501 0
    outer loop
      vertex 5.382825485092903 27.150532155906305 1.6
      vertex 5.150532155906305 27.3828254850929 5.6
      vertex 5.382825485092903 27.150532155906305 5.6
    endloop
  endfacet
  facet normal 0.8910065241883685 0.45399049973954564 0
    outer loop
      vertex 5.150532155906305 27.3828254850929 1.6
      vertex 5.001390657890089 27.675532155906303 5.6
      vertex 5.150532155906305 27.3828254850929 5.6
    endloop
  endfacet
  facet normal 0.15643446504023067 0.9876883405951378 0
    outer loop
      vertex 6 26.95 1.6
      vertex 5.675532155906305 27.001390657890088 5.6
      vertex 6 26.95 5.6
    endloop
  endfacet
  facet normal -0.15643446504023067 0.9876883405951378 0
    outer loop
      vertex 6.324467844093695 27.001390657890088 1.6
      vertex 6 26.95 5.6
      vertex 6.324467844093695 27.001390657890088 5.6
    endloop
  endfacet
  facet normal -0.4539904997395478 0.8910065241883675 0
    outer loop
      vertex 6.617174514907097 27.150532155906305 1.6
      vertex 6.324467844093695 27.001390657890088 5.6
      vertex 6.617174514907097 27.150532155906305 5.6
    endloop
  endfacet
  facet normal -0.7071067811865447 0.7071067811865501 0
    outer loop
      vertex 6.849467844093695 27.3828254850929 1.6
      vertex 6.617174514907097 27.150532155906305 5.6
      vertex 6.849467844093695 27.3828254850929 5.6
    endloop
  endfacet
  facet normal -0.7071067811865476 -0.7071067811865476 0
    outer loop
      vertex 4.236644243122581 25.572949016875157 2.6
      vertex 4.236644243122581 25.572949016875157 5.6
      vertex 3.5729490168751576 26.23664424312258 5.6
    endloop
  endfacet
  facet normal -0.15643446504023065 -0.9876883405951378 0
    outer loop
      vertex 5.072949016875158 25.14683045111454 2.6
      vertex 6 25 5.6
      vertex 5.072949016875158 25.14683045111454 5.6
    endloop
  endfacet
  facet normal -0.45399049973954625 -0.891006524188368 0
    outer loop
      vertex 4.236644243122581 25.572949016875157 2.6
      vertex 5.072949016875158 25.14683045111454 5.6
      vertex 4.236644243122581 25.572949016875157 5.6
    endloop
  endfacet
  facet normal -0.8910065241883679 -0.45399049973954664 0
    outer loop
      vertex 3.5729490168751576 26.23664424312258 2.6
      vertex 3.5729490168751576 26.23664424312258 5.6
      vertex 3.1468304511145395 27.072949016875157 5.6
    endloop
  endfacet
  facet normal -0.9876883405951378 -0.15643446504023095 0
    outer loop
      vertex 3.1468304511145395 27.072949016875157 2.6
      vertex 3.1468304511145395 27.072949016875157 5.6
      vertex 3 28 5.6
    endloop
  endfacet
  facet normal 0.15643446504023065 -0.9876883405951378 0
    outer loop
      vertex 6 25 2.6
      vertex 6.927050983124842 25.14683045111454 5.6
      vertex 6 25 5.6
    endloop
  endfacet
  facet normal 0.45399049973954625 -0.891006524188368 0
    outer loop
      vertex 6.927050983124842 25.14683045111454 2.6
      vertex 7.763355756877419 25.572949016875157 5.6
      vertex 6.927050983124842 25.14683045111454 5.6
    endloop
  endfacet
  facet normal 0.707106781186547 -0.707106781186548 0
    outer loop
      vertex 8.427050983124843 26.23664424312258 2.6
      vertex 8.427050983124843 26.23664424312258 5.6
      vertex 7.763355756877419 25.572949016875157 5.6
    endloop
  endfacet
  facet normal 0.891006524188368 -0.45399049973954625 0
    outer loop
      vertex 8.853169548885461 27.072949016875157 2.6
      vertex 8.853169548885461 27.072949016875157 5.6
      vertex 8.427050983124843 26.23664424312258 5.6
    endloop
  endfacet
  facet normal 0 0 1
    outer loop
      vertex 5.072949016875158 25.14683045111454 5.6
      vertex 6 25 5.6
      vertex 5.675532155906305 27.001390657890088 5.6
    endloop
  endfacet
  facet normal 0 0 1
    outer loop
      vertex 3.5729490168751576 26.23664424312258 5.6
      vertex 3.1468304511145395 28.927050983124843 5.6
      vertex 3.1468304511145395 27.072949016875157 5.6
    endloop
  endfacet
  facet normal 0 0 1
    outer loop
      vertex 4.236644243122581 25.572949016875157 5.6
      vertex 3.5729490168751576 29.76335575687742 5.6
      vertex 3.5729490168751576 26.23664424312258 5.6
    endloop
  endfacet
  facet normal 0 0 1
    outer loop
      vertex 5.072949016875158 25.14683045111454 5.6
      vertex 5.382825485092903 27.150532155906305 5.6
      vertex 5.150532155906305 27.3828254850929 5.6
    endloop
  endfacet
  facet normal 0 0 1
    outer loop
      vertex 5.072949016875158 25.14683045111454 5.6
      vertex 5.150532155906305 27.3828254850929 5.6
      vertex 5.001390657890089 27.675532155906303 5.6
    endloop
  endfacet
  facet normal 0 0 1
    outer loop
      vertex 5.072949016875158 25.14683045111454 5.6
      vertex 5.675532155906305 27.001390657890088 5.6
      vertex 5.382825485092903 27.150532155906305 5.6
    endloop
  endfacet
  facet normal 0 0 1
    outer loop
      vertex 4.236644243122581 25.572949016875157 5.6
      vertex 5.072949016875158 25.14683045111454 5.6
      vertex 4.236644243122581 30.427050983124843 5.6
    endloop
  endfacet
  facet normal 0 0 1
    outer loop
      vertex 5.072949016875158 25.14683045111454 5.6
      vertex 5.001390657890089 27.675532155906303 5.6
      vertex 4.95 28 5.6
    endloop
  endfacet
  facet normal 0 0 1
    outer loop
      vertex 6 25 5.6
      vertex 6.927050983124842 25.14683045111454 5.6
      vertex 6.324467844093695 27.001390657890088 5.6
    endloop
  endfacet
  facet normal 0 0 1
    outer loop
      vertex 6.927050983124842 25.14683045111454 5.6
      vertex 7.763355756877419 25.572949016875157 5.6
      vertex 6.849467844093695 27.3828254850929 5.6
    endloop
  endfacet
  facet normal 0 0 1
    outer loop
      vertex 6 25 5.6
      vertex 6 26.95 5.6
      vertex 5.675532155906305 27.001390657890088 5.6
    endloop
  endfacet
  facet normal 0 0 1
    outer loop
      vertex 6 25 5.6
      vertex 6.324467844093695 27.001390657890088 5.6
      vertex 6 26.95 5.6
    endloop
  endfacet
  facet normal 0 0 1
    outer loop
      vertex 6.927050983124842 25.14683045111454 5.6
      vertex 6.617174514907097 27.150532155906305 5.6
      vertex 6.324467844093695 27.001390657890088 5.6
    endloop
  endfacet
  facet normal 0 0 1
    outer loop
      vertex 6.927050983124842 25.14683045111454 5.6
      vertex 6.849467844093695 27.3828254850929 5.6
      vertex 6.617174514907097 27.150532155906305 5.6
    endloop
  endfacet
  facet normal 0 0 1
    outer loop
      vertex 7.763355756877419 25.572949016875157 5.6
      vertex 6.998609342109911 27.675532155906303 5.6
      vertex 6.849467844093695 27.3828254850929 5.6
    endloop
  endfacet
  facet normal 0 0 1
    outer loop
      vertex 7.763355756877419 25.572949016875157 5.6
      vertex 7.05 28 5.6
      vertex 6.998609342109911 27.675532155906303 5.6
    endloop
  endfacet
  facet normal 0 0 1
    outer loop
      vertex 7.763355756877419 25.572949016875157 5.6
      vertex 8.427050983124843 26.23664424312258 5.6
      vertex 7.763355756877419 30.427050983124843 5.6
    endloop
  endfacet
  facet normal 0.9876883405951379 0.15643446504022981 0
    outer loop
      vertex 5.001390657890089 27.675532155906303 1.6
      vertex 4.95 28 5.6
      vertex 5.001390657890089 27.675532155906303 5.6
    endloop
  endfacet
  facet normal 0.9876883405951379 -0.15643446504022981 0
    outer loop
      vertex 4.95 28 1.6
      vertex 5.001390657890089 28.324467844093697 5.6
      vertex 4.95 28 5.6
    endloop
  endfacet
  facet normal 0.8910065241883685 -0.45399049973954564 0
    outer loop
      vertex 5.001390657890089 28.324467844093697 1.6
      vertex 5.150532155906305 28.6171745149071 5.6
      vertex 5.001390657890089 28.324467844093697 5.6
    endloop
  endfacet
  facet normal 0.7071067811865447 -0.7071067811865501 0
    outer loop
      vertex 5.150532155906305 28.6171745149071 1.6
      vertex 5.382825485092903 28.849467844093695 5.6
      vertex 5.150532155906305 28.6171745149071 5.6
    endloop
  endfacet
  facet normal 0.4539904997395478 -0.8910065241883675 0
    outer loop
      vertex 5.382825485092903 28.849467844093695 1.6
      vertex 5.675532155906305 28.998609342109912 5.6
      vertex 5.382825485092903 28.849467844093695 5.6
    endloop
  endfacet
  facet normal -0.8910065241883685 0.45399049973954564 0
    outer loop
      vertex 6.998609342109911 27.675532155906303 1.6
      vertex 6.849467844093695 27.3828254850929 5.6
      vertex 6.998609342109911 27.675532155906303 5.6
    endloop
  endfacet
  facet normal 0.15643446504023067 -0.9876883405951378 0
    outer loop
      vertex 5.675532155906305 28.998609342109912 1.6
      vertex 6 29.05 5.6
      vertex 5.675532155906305 28.998609342109912 5.6
    endloop
  endfacet
  facet normal -0.15643446504023067 -0.9876883405951378 0
    outer loop
      vertex 6 29.05 1.6
      vertex 6.324467844093695 28.998609342109912 5.6
      vertex 6 29.05 5.6
    endloop
  endfacet
  facet normal -0.8910065241883685 -0.45399049973954564 0
    outer loop
      vertex 6.849467844093695 28.6171745149071 1.6
      vertex 6.998609342109911 28.324467844093697 5.6
      vertex 6.849467844093695 28.6171745149071 5.6
    endloop
  endfacet
  facet normal -0.4539904997395478 -0.8910065241883675 0
    outer loop
      vertex 6.324467844093695 28.998609342109912 1.6
      vertex 6.617174514907097 28.849467844093695 5.6
      vertex 6.324467844093695 28.998609342109912 5.6
    endloop
  endfacet
  facet normal -0.7071067811865447 -0.7071067811865501 0
    outer loop
      vertex 6.617174514907097 28.849467844093695 1.6
      vertex 6.849467844093695 28.6171745149071 5.6
      vertex 6.617174514907097 28.849467844093695 5.6
    endloop
  endfacet
  facet normal -0.9876883405951379 0.15643446504022981 0
    outer loop
      vertex 7.05 28 1.6
      vertex 6.998609342109911 27.675532155906303 5.6
      vertex 7.05 28 5.6
    endloop
  endfacet
  facet normal -0.9876883405951379 -0.15643446504022981 0
    outer loop
      vertex 6.998609342109911 28.324467844093697 1.6
      vertex 7.05 28 5.6
      vertex 6.998609342109911 28.324467844093697 5.6
    endloop
  endfacet
  facet normal -0.9876883405951378 0.15643446504023095 0
    outer loop
      vertex 3 28 2.6
      vertex 3 28 5.6
      vertex 3.1468304511145395 28.927050983124843 5.6
    endloop
  endfacet
  facet normal -0.8910065241883679 0.45399049973954664 0
    outer loop
      vertex 3.1468304511145395 28.927050983124843 2.6
      vertex 3.1468304511145395 28.927050983124843 5.6
      vertex 3.5729490168751576 29.76335575687742 5.6
    endloop
  endfacet
  facet normal -0.7071067811865476 0.7071067811865476 0
    outer loop
      vertex 3.5729490168751576 29.76335575687742 2.6
      vertex 3.5729490168751576 29.76335575687742 5.6
      vertex 4.236644243122581 30.427050983124843 5.6
    endloop
  endfacet
  facet normal 0.45399049973954625 0.891006524188368 0
    outer loop
      vertex 7.763355756877419 30.427050983124843 2.6
      vertex 6.927050983124842 30.85316954888546 5.6
      vertex 7.763355756877419 30.427050983124843 5.6
    endloop
  endfacet
  facet normal 0.707106781186547 0.707106781186548 0
    outer loop
      vertex 7.763355756877419 30.427050983124843 2.6
      vertex 7.763355756877419 30.427050983124843 5.6
      vertex 8.427050983124843 29.76335575687742 5.6
    endloop
  endfacet
  facet normal -0.45399049973954625 0.891006524188368 0
    outer loop
      vertex 5.072949016875158 30.85316954888546 2.6
      vertex 4.236644243122581 30.427050983124843 5.6
      vertex 5.072949016875158 30.85316954888546 5.6
    endloop
  endfacet
  facet normal -0.15643446504023065 0.9876883405951378 0
    outer loop
      vertex 6 31 2.6
      vertex 5.072949016875158 30.85316954888546 5.6
      vertex 6 31 5.6
    endloop
  endfacet
  facet normal 0.15643446504023065 0.9876883405951378 0
    outer loop
      vertex 6.927050983124842 30.85316954888546 2.6
      vertex 6 31 5.6
      vertex 6.927050983124842 30.85316954888546 5.6
    endloop
  endfacet
  facet normal 0.9876883405951378 -0.15643446504023048 0
    outer loop
      vertex 9 28 2.6
      vertex 9 28 5.6
      vertex 8.853169548885461 27.072949016875157 5.6
    endloop
  endfacet
  facet normal 0.9876883405951378 0.15643446504023048 0
    outer loop
      vertex 8.853169548885461 28.927050983124843 2.6
      vertex 8.853169548885461 28.927050983124843 5.6
      vertex 9 28 5.6
    endloop
  endfacet
  facet normal 0.891006524188368 0.45399049973954625 0
    outer loop
      vertex 8.427050983124843 29.76335575687742 2.6
      vertex 8.427050983124843 29.76335575687742 5.6
      vertex 8.853169548885461 28.927050983124843 5.6
    endloop
  endfacet
  facet normal 0 0 1
    outer loop
      vertex 3.1468304511145395 27.072949016875157 5.6
      vertex 3.1468304511145395 28.927050983124843 5.6
      vertex 3 28 5.6
    endloop
  endfacet
  facet normal 0 0 1
    outer loop
      vertex 3.5729490168751576 26.23664424312258 5.6
      vertex 3.5729490168751576 29.76335575687742 5.6
      vertex 3.1468304511145395 28.927050983124843 5.6
    endloop
  endfacet
  facet normal 0 0 1
    outer loop
      vertex 4.236644243122581 25.572949016875157 5.6
      vertex 4.236644243122581 30.427050983124843 5.6
      vertex 3.5729490168751576 29.76335575687742 5.6
    endloop
  endfacet
  facet normal 0 0 1
    outer loop
      vertex 5.072949016875158 25.14683045111454 5.6
      vertex 4.95 28 5.6
      vertex 4.236644243122581 30.427050983124843 5.6
    endloop
  endfacet
  facet normal 0 0 1
    outer loop
      vertex 4.236644243122581 30.427050983124843 5.6
      vertex 4.95 28 5.6
      vertex 5.001390657890089 28.324467844093697 5.6
    endloop
  endfacet
  facet normal 0 0 1
    outer loop
      vertex 4.236644243122581 30.427050983124843 5.6
      vertex 5.001390657890089 28.324467844093697 5.6
      vertex 5.150532155906305 28.6171745149071 5.6
    endloop
  endfacet
  facet normal 0 0 1
    outer loop
      vertex 5.072949016875158 30.85316954888546 5.6
      vertex 5.150532155906305 28.6171745149071 5.6
      vertex 5.382825485092903 28.849467844093695 5.6
    endloop
  endfacet
  facet normal 0 0 1
    outer loop
      vertex 5.072949016875158 30.85316954888546 5.6
      vertex 5.382825485092903 28.849467844093695 5.6
      vertex 5.675532155906305 28.998609342109912 5.6
    endloop
  endfacet
  facet normal 0 0 1
    outer loop
      vertex 4.236644243122581 30.427050983124843 5.6
      vertex 5.150532155906305 28.6171745149071 5.6
      vertex 5.072949016875158 30.85316954888546 5.6
    endloop
  endfacet
  facet normal 0 0 1
    outer loop
      vertex 5.072949016875158 30.85316954888546 5.6
      vertex 5.675532155906305 28.998609342109912 5.6
      vertex 6 31 5.6
    endloop
  endfacet
  facet normal 0 0 1
    outer loop
      vertex 7.763355756877419 25.572949016875157 5.6
      vertex 6.927050983124842 30.85316954888546 5.6
      vertex 7.05 28 5.6
    endloop
  endfacet
  facet normal 0 0 1
    outer loop
      vertex 6.927050983124842 30.85316954888546 5.6
      vertex 6.998609342109911 28.324467844093697 5.6
      vertex 7.05 28 5.6
    endloop
  endfacet
  facet normal 0 0 1
    outer loop
      vertex 7.763355756877419 25.572949016875157 5.6
      vertex 7.763355756877419 30.427050983124843 5.6
      vertex 6.927050983124842 30.85316954888546 5.6
    endloop
  endfacet
  facet normal 0 0 1
    outer loop
      vertex 8.427050983124843 26.23664424312258 5.6
      vertex 8.427050983124843 29.76335575687742 5.6
      vertex 7.763355756877419 30.427050983124843 5.6
    endloop
  endfacet
  facet normal 0 0 1
    outer loop
      vertex 6 31 5.6
      vertex 5.675532155906305 28.998609342109912 5.6
      vertex 6 29.05 5.6
    endloop
  endfacet
  facet normal 0 0 1
    outer loop
      vertex 6 31 5.6
      vertex 6 29.05 5.6
      vertex 6.324467844093695 28.998609342109912 5.6
    endloop
  endfacet
  facet normal 0 0 1
    outer loop
      vertex 6.927050983124842 30.85316954888546 5.6
      vertex 6.849467844093695 28.6171745149071 5.6
      vertex 6.998609342109911 28.324467844093697 5.6
    endloop
  endfacet
  facet normal 0 0 1
    outer loop
      vertex 6.927050983124842 30.85316954888546 5.6
      vertex 6.617174514907097 28.849467844093695 5.6
      vertex 6.849467844093695 28.6171745149071 5.6
    endloop
  endfacet
  facet normal 0 0 1
    outer loop
      vertex 6.927050983124842 30.85316954888546 5.6
      vertex 6.324467844093695 28.998609342109912 5.6
      vertex 6.617174514907097 28.849467844093695 5.6
    endloop
  endfacet
  facet normal 0 0 1
    outer loop
      vertex 6 31 5.6
      vertex 6.324467844093695 28.998609342109912 5.6
      vertex 6.927050983124842 30.85316954888546 5.6
    endloop
  endfacet
  facet normal 0 0 1
    outer loop
      vertex 8.427050983124843 26.23664424312258 5.6
      vertex 8.853169548885461 27.072949016875157 5.6
      vertex 8.427050983124843 29.76335575687742 5.6
    endloop
  endfacet
  facet normal 0 0 1
    outer loop
      vertex 8.853169548885461 27.072949016875157 5.6
      vertex 9 28 5.6
      vertex 8.853169548885461 28.927050983124843 5.6
    endloop
  endfacet
  facet normal 0 0 1
    outer loop
      vertex 8.853169548885461 27.072949016875157 5.6
      vertex 8.853169548885461 28.927050983124843 5.6
      vertex 8.427050983124843 29.76335575687742 5.6
    endloop
  endfacet
  facet normal -0.7071067811865467 -0.7071067811865485 1.0317676961876104e-18
    outer loop
      vertex 58.05954359633204 4.105572809000084 2.6
      vertex 57.70557280900008 4.459543596332043 7.6
      vertex 57.70557280900008 4.459543596332043 2.6
    endloop
  endfacet
  facet normal -0.4539904997395435 -0.8910065241883695 0
    outer loop
      vertex 58.505572809000085 3.878309573927755 2.6
      vertex 58.505572809000085 3.878309573927755 7.6
      vertex 58.05954359633204 4.105572809000084 2.6
    endloop
  endfacet
  facet normal -0.8910065241883688 -0.453990499739545 -1.3221847468023445e-18
    outer loop
      vertex 57.70557280900008 4.459543596332043 2.6
      vertex 57.47830957392775 4.905572809000084 7.6
      vertex 57.47830957392775 4.905572809000084 2.6
    endloop
  endfacet
  facet normal -0.9876883405951378 -0.15643446504023054 0
    outer loop
      vertex 57.4 5.4 2.6
      vertex 57.47830957392775 4.905572809000084 2.6
      vertex 57.4 5.4 7.6
    endloop
  endfacet
  facet normal -0.9876883405951378 0.15643446504023054 9.036672702156035e-20
    outer loop
      vertex 57.4 5.4 2.6
      vertex 57.47830957392775 5.894427190999917 7.6
      vertex 57.47830957392775 5.894427190999917 2.6
    endloop
  endfacet
  facet normal -0.8910065241883688 0.453990499739545 1.3221847468023445e-18
    outer loop
      vertex 57.47830957392775 5.894427190999917 2.6
      vertex 57.70557280900008 6.340456403667957 7.6
      vertex 57.70557280900008 6.340456403667957 2.6
    endloop
  endfacet
  facet normal -0.15643446504023192 -0.9876883405951374 1.0293887180595496e-18
    outer loop
      vertex 58.505572809000085 3.878309573927755 2.6
      vertex 59 3.8000000000000003 2.6
      vertex 59 3.8000000000000003 7.6
    endloop
  endfacet
  facet normal 0.15643446504023192 -0.9876883405951374 -1.0293887180595496e-18
    outer loop
      vertex 59 3.8000000000000003 2.6
      vertex 59.494427190999915 3.878309573927755 2.6
      vertex 59.494427190999915 3.878309573927755 7.6
    endloop
  endfacet
  facet normal 0.4539904997395435 -0.8910065241883695 -2.0114249016848885e-19
    outer loop
      vertex 59.494427190999915 3.878309573927755 2.6
      vertex 59.94045640366796 4.105572809000084 2.6
      vertex 59.94045640366796 4.105572809000084 7.6
    endloop
  endfacet
  facet normal 0.7071067811865467 -0.7071067811865485 0
    outer loop
      vertex 59.94045640366796 4.105572809000084 2.6
      vertex 60.29442719099992 4.459543596332043 2.6
      vertex 59.94045640366796 4.105572809000084 7.6
    endloop
  endfacet
  facet normal 0.8910065241883688 -0.453990499739545 0
    outer loop
      vertex 60.29442719099992 4.459543596332043 2.6
      vertex 60.52169042607225 4.905572809000084 2.6
      vertex 60.29442719099992 4.459543596332043 7.6
    endloop
  endfacet
  facet normal 0.9876883405951378 -0.15643446504023054 0
    outer loop
      vertex 60.52169042607225 4.905572809000084 2.6
      vertex 60.6 5.4 2.6
      vertex 60.52169042607225 4.905572809000084 7.6
    endloop
  endfacet
  facet normal 0.9876883405951378 0.15643446504023054 0
    outer loop
      vertex 60.6 5.4 2.6
      vertex 60.52169042607225 5.894427190999917 2.6
      vertex 60.6 5.4 7.6
    endloop
  endfacet
  facet normal 0.8910065241883688 0.453990499739545 0
    outer loop
      vertex 60.52169042607225 5.894427190999917 2.6
      vertex 60.29442719099992 6.340456403667957 2.6
      vertex 60.52169042607225 5.894427190999917 7.6
    endloop
  endfacet
  facet normal -0.7071067811865467 0.7071067811865485 -1.0317676961876104e-18
    outer loop
      vertex 57.70557280900008 6.340456403667957 2.6
      vertex 58.05954359633204 6.6944271909999165 7.6
      vertex 58.05954359633204 6.6944271909999165 2.6
    endloop
  endfacet
  facet normal -0.4539904997395435 0.8910065241883695 0
    outer loop
      vertex 58.05954359633204 6.6944271909999165 2.6
      vertex 58.05954359633204 6.6944271909999165 7.6
      vertex 58.505572809000085 6.921690426072246 2.6
    endloop
  endfacet
  facet normal -0.15643446504023106 0.9876883405951375 0
    outer loop
      vertex 58.505572809000085 6.921690426072246 2.6
      vertex 58.505572809000085 6.921690426072246 7.6
      vertex 59 7 2.6
    endloop
  endfacet
  facet normal 0.4539904997395435 0.8910065241883695 0
    outer loop
      vertex 59.494427190999915 6.921690426072246 2.6
      vertex 59.494427190999915 6.921690426072246 7.6
      vertex 59.94045640366796 6.6944271909999165 2.6
    endloop
  endfacet
  facet normal 0.15643446504023106 0.9876883405951375 4.06262893099002e-20
    outer loop
      vertex 59.494427190999915 6.921690426072246 2.6
      vertex 59 7 2.6
      vertex 59 7 7.6
    endloop
  endfacet
  facet normal 0.7071067811865467 0.7071067811865485 1.0317676961876104e-18
    outer loop
      vertex 59.94045640366796 6.6944271909999165 2.6
      vertex 60.29442719099992 6.340456403667957 7.6
      vertex 60.29442719099992 6.340456403667957 2.6
    endloop
  endfacet
  facet normal 0.8910065241883718 0.4539904997395392 0
    outer loop
      vertex 51.150532155906305 27.3828254850929 1.6
      vertex 51.00139065789009 27.675532155906303 5.6
      vertex 51.150532155906305 27.3828254850929 5.6
    endloop
  endfacet
  facet normal 0.7071067811865475 0.7071067811865475 0
    outer loop
      vertex 51.3828254850929 27.150532155906305 1.6
      vertex 51.150532155906305 27.3828254850929 5.6
      vertex 51.3828254850929 27.150532155906305 5.6
    endloop
  endfacet
  facet normal 0.4539904997395478 0.8910065241883675 0
    outer loop
      vertex 51.6755321559063 27.001390657890088 1.6
      vertex 51.3828254850929 27.150532155906305 5.6
      vertex 51.6755321559063 27.001390657890088 5.6
    endloop
  endfacet
  facet normal 0.15643446504022981 0.9876883405951379 0
    outer loop
      vertex 52 26.95 1.6
      vertex 51.6755321559063 27.001390657890088 5.6
      vertex 52 26.95 5.6
    endloop
  endfacet
  facet normal -0.15643446504022981 0.9876883405951379 0
    outer loop
      vertex 52.3244678440937 27.001390657890088 1.6
      vertex 52 26.95 5.6
      vertex 52.3244678440937 27.001390657890088 5.6
    endloop
  endfacet
  facet normal -0.4539904997395478 0.8910065241883675 0
    outer loop
      vertex 52.6171745149071 27.150532155906305 1.6
      vertex 52.3244678440937 27.001390657890088 5.6
      vertex 52.6171745149071 27.150532155906305 5.6
    endloop
  endfacet
  facet normal -0.7071067811865475 0.7071067811865475 0
    outer loop
      vertex 52.849467844093695 27.3828254850929 1.6
      vertex 52.6171745149071 27.150532155906305 5.6
      vertex 52.849467844093695 27.3828254850929 5.6
    endloop
  endfacet
  facet normal -0.7071067811865456 -0.7071067811865493 0
    outer loop
      vertex 50.23664424312258 25.572949016875157 2.6
      vertex 50.23664424312258 25.572949016875157 5.6
      vertex 49.57294901687516 26.23664424312258 5.6
    endloop
  endfacet
  facet normal -0.4539904997395478 -0.8910065241883673 0
    outer loop
      vertex 50.23664424312258 25.572949016875157 2.6
      vertex 51.07294901687516 25.14683045111454 5.6
      vertex 50.23664424312258 25.572949016875157 5.6
    endloop
  endfacet
  facet normal -0.891006524188368 -0.45399049973954625 0
    outer loop
      vertex 49.57294901687516 26.23664424312258 2.6
      vertex 49.57294901687516 26.23664424312258 5.6
      vertex 49.14683045111454 27.072949016875157 5.6
    endloop
  endfacet
  facet normal -0.9876883405951378 -0.15643446504023048 0
    outer loop
      vertex 49.14683045111454 27.072949016875157 2.6
      vertex 49.14683045111454 27.072949016875157 5.6
      vertex 49 28 5.6
    endloop
  endfacet
  facet normal -0.15643446504023048 -0.9876883405951378 0
    outer loop
      vertex 51.07294901687516 25.14683045111454 2.6
      vertex 52 25 5.6
      vertex 51.07294901687516 25.14683045111454 5.6
    endloop
  endfacet
  facet normal 0.15643446504023048 -0.9876883405951378 0
    outer loop
      vertex 52 25 2.6
      vertex 52.92705098312484 25.14683045111454 5.6
      vertex 52 25 5.6
    endloop
  endfacet
  facet normal 0.4539904997395478 -0.8910065241883673 0
    outer loop
      vertex 52.92705098312484 25.14683045111454 2.6
      vertex 53.76335575687742 25.572949016875157 5.6
      vertex 52.92705098312484 25.14683045111454 5.6
    endloop
  endfacet
  facet normal 0.7071067811865456 -0.7071067811865493 0
    outer loop
      vertex 54.42705098312484 26.23664424312258 2.6
      vertex 54.42705098312484 26.23664424312258 5.6
      vertex 53.76335575687742 25.572949016875157 5.6
    endloop
  endfacet
  facet normal 0.891006524188368 -0.45399049973954625 0
    outer loop
      vertex 54.85316954888546 27.072949016875157 2.6
      vertex 54.85316954888546 27.072949016875157 5.6
      vertex 54.42705098312484 26.23664424312258 5.6
    endloop
  endfacet
  facet normal 0 0 1
    outer loop
      vertex 49.14683045111454 27.072949016875157 5.6
      vertex 49.57294901687516 26.23664424312258 5.6
      vertex 49.14683045111454 28.927050983124843 5.6
    endloop
  endfacet
  facet normal 0 0 1
    outer loop
      vertex 50.23664424312258 25.572949016875157 5.6
      vertex 49.57294901687516 29.76335575687742 5.6
      vertex 49.57294901687516 26.23664424312258 5.6
    endloop
  endfacet
  facet normal 0 0 1
    outer loop
      vertex 50.23664424312258 25.572949016875157 5.6
      vertex 51.07294901687516 25.14683045111454 5.6
      vertex 50.23664424312258 30.427050983124843 5.6
    endloop
  endfacet
  facet normal 0 0 1
    outer loop
      vertex 51.07294901687516 25.14683045111454 5.6
      vertex 52 25 5.6
      vertex 51.6755321559063 27.001390657890088 5.6
    endloop
  endfacet
  facet normal 0 0 1
    outer loop
      vertex 52 25 5.6
      vertex 52.92705098312484 25.14683045111454 5.6
      vertex 52.3244678440937 27.001390657890088 5.6
    endloop
  endfacet
  facet normal 0 0 1
    outer loop
      vertex 52.92705098312484 25.14683045111454 5.6
      vertex 53.76335575687742 25.572949016875157 5.6
      vertex 52.849467844093695 27.3828254850929 5.6
    endloop
  endfacet
  facet normal 0 0 1
    outer loop
      vertex 51.07294901687516 25.14683045111454 5.6
      vertex 51.150532155906305 27.3828254850929 5.6
      vertex 51.00139065789009 27.675532155906303 5.6
    endloop
  endfacet
  facet normal 0 0 1
    outer loop
      vertex 51.07294901687516 25.14683045111454 5.6
      vertex 51.3828254850929 27.150532155906305 5.6
      vertex 51.150532155906305 27.3828254850929 5.6
    endloop
  endfacet
  facet normal 0 0 1
    outer loop
      vertex 51.07294901687516 25.14683045111454 5.6
      vertex 51.6755321559063 27.001390657890088 5.6
      vertex 51.3828254850929 27.150532155906305 5.6
    endloop
  endfacet
  facet normal 0 0 1
    outer loop
      vertex 52 25 5.6
      vertex 52 26.95 5.6
      vertex 51.6755321559063 27.001390657890088 5.6
    endloop
  endfacet
  facet normal 0 0 1
    outer loop
      vertex 51.07294901687516 25.14683045111454 5.6
      vertex 51.00139065789009 27.675532155906303 5.6
      vertex 50.95 28 5.6
    endloop
  endfacet
  facet normal 0 0 1
    outer loop
      vertex 52 25 5.6
      vertex 52.3244678440937 27.001390657890088 5.6
      vertex 52 26.95 5.6
    endloop
  endfacet
  facet normal 0 0 1
    outer loop
      vertex 52.92705098312484 25.14683045111454 5.6
      vertex 52.6171745149071 27.150532155906305 5.6
      vertex 52.3244678440937 27.001390657890088 5.6
    endloop
  endfacet
  facet normal 0 0 1
    outer loop
      vertex 52.92705098312484 25.14683045111454 5.6
      vertex 52.849467844093695 27.3828254850929 5.6
      vertex 52.6171745149071 27.150532155906305 5.6
    endloop
  endfacet
  facet normal 0 0 1
    outer loop
      vertex 53.76335575687742 25.572949016875157 5.6
      vertex 52.99860934210991 27.675532155906303 5.6
      vertex 52.849467844093695 27.3828254850929 5.6
    endloop
  endfacet
  facet normal 0 0 1
    outer loop
      vertex 53.76335575687742 25.572949016875157 5.6
      vertex 53.05 28 5.6
      vertex 52.99860934210991 27.675532155906303 5.6
    endloop
  endfacet
  facet normal 0 0 1
    outer loop
      vertex 53.76335575687742 25.572949016875157 5.6
      vertex 54.42705098312484 26.23664424312258 5.6
      vertex 53.76335575687742 30.427050983124843 5.6
    endloop
  endfacet
  facet normal -0.15643446504023192 -0.9876883405951374 0
    outer loop
      vertex 58.505572809000085 3.878309573927755 2.6
      vertex 59 3.8000000000000003 7.6
      vertex 58.505572809000085 3.878309573927755 7.6
    endloop
  endfacet
  facet normal -0.7071067811865467 -0.7071067811865485 0
    outer loop
      vertex 58.05954359633204 4.105572809000084 2.6
      vertex 58.05954359633204 4.105572809000084 7.6
      vertex 57.70557280900008 4.459543596332043 7.6
    endloop
  endfacet
  facet normal -0.8910065241883688 -0.453990499739545 0
    outer loop
      vertex 57.70557280900008 4.459543596332043 2.6
      vertex 57.70557280900008 4.459543596332043 7.6
      vertex 57.47830957392775 4.905572809000084 7.6
    endloop
  endfacet
  facet normal -0.4539904997395435 -0.8910065241883695 0
    outer loop
      vertex 58.05954359633204 4.105572809000084 2.6
      vertex 58.505572809000085 3.878309573927755 7.6
      vertex 58.05954359633204 4.105572809000084 7.6
    endloop
  endfacet
  facet normal -0.9876883405951378 -0.15643446504023054 0
    outer loop
      vertex 57.47830957392775 4.905572809000084 2.6
      vertex 57.47830957392775 4.905572809000084 7.6
      vertex 57.4 5.4 7.6
    endloop
  endfacet
  facet normal -0.9876883405951378 0.15643446504023054 0
    outer loop
      vertex 57.4 5.4 2.6
      vertex 57.4 5.4 7.6
      vertex 57.47830957392775 5.894427190999917 7.6
    endloop
  endfacet
  facet normal -0.8910065241883688 0.453990499739545 0
    outer loop
      vertex 57.47830957392775 5.894427190999917 2.6
      vertex 57.47830957392775 5.894427190999917 7.6
      vertex 57.70557280900008 6.340456403667957 7.6
    endloop
  endfacet
  facet normal 0.15643446504023192 -0.9876883405951374 0
    outer loop
      vertex 59 3.8000000000000003 2.6
      vertex 59.494427190999915 3.878309573927755 7.6
      vertex 59 3.8000000000000003 7.6
    endloop
  endfacet
  facet normal 0.4539904997395435 -0.8910065241883695 0
    outer loop
      vertex 59.494427190999915 3.878309573927755 2.6
      vertex 59.94045640366796 4.105572809000084 7.6
      vertex 59.494427190999915 3.878309573927755 7.6
    endloop
  endfacet
  facet normal 0.7071067811865467 -0.7071067811865485 0
    outer loop
      vertex 60.29442719099992 4.459543596332043 2.6
      vertex 60.29442719099992 4.459543596332043 7.6
      vertex 59.94045640366796 4.105572809000084 7.6
    endloop
  endfacet
  facet normal 0.8910065241883688 -0.453990499739545 0
    outer loop
      vertex 60.52169042607225 4.905572809000084 2.6
      vertex 60.52169042607225 4.905572809000084 7.6
      vertex 60.29442719099992 4.459543596332043 7.6
    endloop
  endfacet
  facet normal 0.9876883405951378 -0.15643446504023054 0
    outer loop
      vertex 60.6 5.4 2.6
      vertex 60.6 5.4 7.6
      vertex 60.52169042607225 4.905572809000084 7.6
    endloop
  endfacet
  facet normal 0.9876883405951378 0.15643446504023054 0
    outer loop
      vertex 60.52169042607225 5.894427190999917 2.6
      vertex 60.52169042607225 5.894427190999917 7.6
      vertex 60.6 5.4 7.6
    endloop
  endfacet
  facet normal 0.8910065241883688 0.453990499739545 0
    outer loop
      vertex 60.29442719099992 6.340456403667957 2.6
      vertex 60.29442719099992 6.340456403667957 7.6
      vertex 60.52169042607225 5.894427190999917 7.6
    endloop
  endfacet
  facet normal -0.7071067811865467 0.7071067811865485 0
    outer loop
      vertex 57.70557280900008 6.340456403667957 2.6
      vertex 57.70557280900008 6.340456403667957 7.6
      vertex 58.05954359633204 6.6944271909999165 7.6
    endloop
  endfacet
  facet normal -0.4539904997395435 0.8910065241883695 0
    outer loop
      vertex 58.505572809000085 6.921690426072246 2.6
      vertex 58.05954359633204 6.6944271909999165 7.6
      vertex 58.505572809000085 6.921690426072246 7.6
    endloop
  endfacet
  facet normal 0.15643446504023106 0.9876883405951375 0
    outer loop
      vertex 59.494427190999915 6.921690426072246 2.6
      vertex 59 7 7.6
      vertex 59.494427190999915 6.921690426072246 7.6
    endloop
  endfacet
  facet normal 0.7071067811865467 0.7071067811865485 0
    outer loop
      vertex 59.94045640366796 6.6944271909999165 2.6
      vertex 59.94045640366796 6.6944271909999165 7.6
      vertex 60.29442719099992 6.340456403667957 7.6
    endloop
  endfacet
  facet normal 0.4539904997395435 0.8910065241883695 0
    outer loop
      vertex 59.94045640366796 6.6944271909999165 2.6
      vertex 59.494427190999915 6.921690426072246 7.6
      vertex 59.94045640366796 6.6944271909999165 7.6
    endloop
  endfacet
  facet normal -0.15643446504023106 0.9876883405951375 0
    outer loop
      vertex 59 7 2.6
      vertex 58.505572809000085 6.921690426072246 7.6
      vertex 59 7 7.6
    endloop
  endfacet
  facet normal 0 0 1
    outer loop
      vertex 58.05954359633204 4.105572809000084 7.6
      vertex 57.70557280900008 6.340456403667957 7.6
      vertex 57.70557280900008 4.459543596332043 7.6
    endloop
  endfacet
  facet normal 0 0 1
    outer loop
      vertex 57.70557280900008 4.459543596332043 7.6
      vertex 57.47830957392775 5.894427190999917 7.6
      vertex 57.47830957392775 4.905572809000084 7.6
    endloop
  endfacet
  facet normal 0 0 1
    outer loop
      vertex 57.4 5.4 7.6
      vertex 57.47830957392775 4.905572809000084 7.6
      vertex 57.47830957392775 5.894427190999917 7.6
    endloop
  endfacet
  facet normal 0 0 1
    outer loop
      vertex 58.505572809000085 3.878309573927755 7.6
      vertex 58.05954359633204 6.6944271909999165 7.6
      vertex 58.05954359633204 4.105572809000084 7.6
    endloop
  endfacet
  facet normal 0 0 1
    outer loop
      vertex 58.505572809000085 3.878309573927755 7.6
      vertex 59 3.8000000000000003 7.6
      vertex 58.505572809000085 6.921690426072246 7.6
    endloop
  endfacet
  facet normal 0 0 1
    outer loop
      vertex 57.70557280900008 4.459543596332043 7.6
      vertex 57.70557280900008 6.340456403667957 7.6
      vertex 57.47830957392775 5.894427190999917 7.6
    endloop
  endfacet
  facet normal 0 0 1
    outer loop
      vertex 58.05954359633204 4.105572809000084 7.6
      vertex 58.05954359633204 6.6944271909999165 7.6
      vertex 57.70557280900008 6.340456403667957 7.6
    endloop
  endfacet
  facet normal 0 0 1
    outer loop
      vertex 58.505572809000085 3.878309573927755 7.6
      vertex 58.505572809000085 6.921690426072246 7.6
      vertex 58.05954359633204 6.6944271909999165 7.6
    endloop
  endfacet
  facet normal 0 0 1
    outer loop
      vertex 59 3.8000000000000003 7.6
      vertex 59.494427190999915 3.878309573927755 7.6
      vertex 59 7 7.6
    endloop
  endfacet
  facet normal 0 0 1
    outer loop
      vertex 59.494427190999915 3.878309573927755 7.6
      vertex 59.94045640366796 4.105572809000084 7.6
      vertex 59.494427190999915 6.921690426072246 7.6
    endloop
  endfacet
  facet normal 0 0 1
    outer loop
      vertex 59.94045640366796 4.105572809000084 7.6
      vertex 60.29442719099992 4.459543596332043 7.6
      vertex 59.94045640366796 6.6944271909999165 7.6
    endloop
  endfacet
  facet normal 0 0 1
    outer loop
      vertex 59 3.8000000000000003 7.6
      vertex 59 7 7.6
      vertex 58.505572809000085 6.921690426072246 7.6
    endloop
  endfacet
  facet normal 0 0 1
    outer loop
      vertex 59.494427190999915 3.878309573927755 7.6
      vertex 59.494427190999915 6.921690426072246 7.6
      vertex 59 7 7.6
    endloop
  endfacet
  facet normal 0 0 1
    outer loop
      vertex 59.94045640366796 4.105572809000084 7.6
      vertex 59.94045640366796 6.6944271909999165 7.6
      vertex 59.494427190999915 6.921690426072246 7.6
    endloop
  endfacet
  facet normal 0 0 1
    outer loop
      vertex 60.29442719099992 4.459543596332043 7.6
      vertex 60.52169042607225 4.905572809000084 7.6
      vertex 60.29442719099992 6.340456403667957 7.6
    endloop
  endfacet
  facet normal 0 0 1
    outer loop
      vertex 60.52169042607225 4.905572809000084 7.6
      vertex 60.6 5.4 7.6
      vertex 60.52169042607225 5.894427190999917 7.6
    endloop
  endfacet
  facet normal 0 0 1
    outer loop
      vertex 60.52169042607225 4.905572809000084 7.6
      vertex 60.52169042607225 5.894427190999917 7.6
      vertex 60.29442719099992 6.340456403667957 7.6
    endloop
  endfacet
  facet normal 0 0 1
    outer loop
      vertex 60.29442719099992 4.459543596332043 7.6
      vertex 60.29442719099992 6.340456403667957 7.6
      vertex 59.94045640366796 6.6944271909999165 7.6
    endloop
  endfacet
  facet normal 0.9876883405951379 0.15643446504022981 0
    outer loop
      vertex 51.00139065789009 27.675532155906303 1.6
      vertex 50.95 28 5.6
      vertex 51.00139065789009 27.675532155906303 5.6
    endloop
  endfacet
  facet normal 0.9876883405951379 -0.15643446504022981 0
    outer loop
      vertex 50.95 28 1.6
      vertex 51.00139065789009 28.324467844093697 5.6
      vertex 50.95 28 5.6
    endloop
  endfacet
  facet normal 0.8910065241883718 -0.4539904997395392 0
    outer loop
      vertex 51.00139065789009 28.324467844093697 1.6
      vertex 51.150532155906305 28.6171745149071 5.6
      vertex 51.00139065789009 28.324467844093697 5.6
    endloop
  endfacet
  facet normal 0.7071067811865475 -0.7071067811865475 0
    outer loop
      vertex 51.150532155906305 28.6171745149071 1.6
      vertex 51.3828254850929 28.849467844093695 5.6
      vertex 51.150532155906305 28.6171745149071 5.6
    endloop
  endfacet
  facet normal 0.4539904997395478 -0.8910065241883675 0
    outer loop
      vertex 51.3828254850929 28.849467844093695 1.6
      vertex 51.6755321559063 28.998609342109912 5.6
      vertex 51.3828254850929 28.849467844093695 5.6
    endloop
  endfacet
  facet normal 0.15643446504022981 -0.9876883405951379 0
    outer loop
      vertex 51.6755321559063 28.998609342109912 1.6
      vertex 52 29.05 5.6
      vertex 51.6755321559063 28.998609342109912 5.6
    endloop
  endfacet
  facet normal -0.8910065241883718 0.4539904997395392 0
    outer loop
      vertex 52.99860934210991 27.675532155906303 1.6
      vertex 52.849467844093695 27.3828254850929 5.6
      vertex 52.99860934210991 27.675532155906303 5.6
    endloop
  endfacet
  facet normal -0.9876883405951379 0.15643446504022981 0
    outer loop
      vertex 53.05 28 1.6
      vertex 52.99860934210991 27.675532155906303 5.6
      vertex 53.05 28 5.6
    endloop
  endfacet
  facet normal -0.9876883405951379 -0.15643446504022981 0
    outer loop
      vertex 52.99860934210991 28.324467844093697 1.6
      vertex 53.05 28 5.6
      vertex 52.99860934210991 28.324467844093697 5.6
    endloop
  endfacet
  facet normal -0.15643446504022981 -0.9876883405951379 0
    outer loop
      vertex 52 29.05 1.6
      vertex 52.3244678440937 28.998609342109912 5.6
      vertex 52 29.05 5.6
    endloop
  endfacet
  facet normal -0.4539904997395478 -0.8910065241883675 0
    outer loop
      vertex 52.3244678440937 28.998609342109912 1.6
      vertex 52.6171745149071 28.849467844093695 5.6
      vertex 52.3244678440937 28.998609342109912 5.6
    endloop
  endfacet
  facet normal -0.7071067811865475 -0.7071067811865475 0
    outer loop
      vertex 52.6171745149071 28.849467844093695 1.6
      vertex 52.849467844093695 28.6171745149071 5.6
      vertex 52.6171745149071 28.849467844093695 5.6
    endloop
  endfacet
  facet normal -0.8910065241883718 -0.4539904997395392 0
    outer loop
      vertex 52.849467844093695 28.6171745149071 1.6
      vertex 52.99860934210991 28.324467844093697 5.6
      vertex 52.849467844093695 28.6171745149071 5.6
    endloop
  endfacet
  facet normal -0.9876883405951378 0.15643446504023048 0
    outer loop
      vertex 49 28 2.6
      vertex 49 28 5.6
      vertex 49.14683045111454 28.927050983124843 5.6
    endloop
  endfacet
  facet normal -0.891006524188368 0.45399049973954625 0
    outer loop
      vertex 49.14683045111454 28.927050983124843 2.6
      vertex 49.14683045111454 28.927050983124843 5.6
      vertex 49.57294901687516 29.76335575687742 5.6
    endloop
  endfacet
  facet normal -0.7071067811865456 0.7071067811865493 0
    outer loop
      vertex 49.57294901687516 29.76335575687742 2.6
      vertex 49.57294901687516 29.76335575687742 5.6
      vertex 50.23664424312258 30.427050983124843 5.6
    endloop
  endfacet
  facet normal 0.9876883405951378 -0.15643446504023048 0
    outer loop
      vertex 55 28 2.6
      vertex 55 28 5.6
      vertex 54.85316954888546 27.072949016875157 5.6
    endloop
  endfacet
  facet normal 0.9876883405951378 0.15643446504023048 0
    outer loop
      vertex 54.85316954888546 28.927050983124843 2.6
      vertex 54.85316954888546 28.927050983124843 5.6
      vertex 55 28 5.6
    endloop
  endfacet
  facet normal 0.891006524188368 0.45399049973954625 0
    outer loop
      vertex 54.42705098312484 29.76335575687742 2.6
      vertex 54.42705098312484 29.76335575687742 5.6
      vertex 54.85316954888546 28.927050983124843 5.6
    endloop
  endfacet
  facet normal 0.7071067811865456 0.7071067811865493 0
    outer loop
      vertex 53.76335575687742 30.427050983124843 2.6
      vertex 53.76335575687742 30.427050983124843 5.6
      vertex 54.42705098312484 29.76335575687742 5.6
    endloop
  endfacet
  facet normal 0.4539904997395478 0.8910065241883673 0
    outer loop
      vertex 53.76335575687742 30.427050983124843 2.6
      vertex 52.92705098312484 30.85316954888546 5.6
      vertex 53.76335575687742 30.427050983124843 5.6
    endloop
  endfacet
  facet normal -0.4539904997395478 0.8910065241883673 0
    outer loop
      vertex 51.07294901687516 30.85316954888546 2.6
      vertex 50.23664424312258 30.427050983124843 5.6
      vertex 51.07294901687516 30.85316954888546 5.6
    endloop
  endfacet
  facet normal -0.15643446504023048 0.9876883405951378 0
    outer loop
      vertex 52 31 2.6
      vertex 51.07294901687516 30.85316954888546 5.6
      vertex 52 31 5.6
    endloop
  endfacet
  facet normal 0.15643446504023048 0.9876883405951378 0
    outer loop
      vertex 52.92705098312484 30.85316954888546 2.6
      vertex 52 31 5.6
      vertex 52.92705098312484 30.85316954888546 5.6
    endloop
  endfacet
  facet normal -0.4539904997395421 -0.8910065241883702 -2.316814940681134e-18
    outer loop
      vertex 58.05954359633204 39.60557280900008 2.6
      vertex 58.505572809000085 39.37830957392775 2.6
      vertex 58.505572809000085 39.37830957392775 7.6
    endloop
  endfacet
  facet normal -0.15643446504023106 -0.9876883405951375 4.06262893099002e-20
    outer loop
      vertex 58.505572809000085 39.37830957392775 2.6
      vertex 59 39.3 2.6
      vertex 59 39.3 7.6
    endloop
  endfacet
  facet normal 0.15643446504023106 -0.9876883405951375 -4.06262893099002e-20
    outer loop
      vertex 59 39.3 2.6
      vertex 59.494427190999915 39.37830957392775 2.6
      vertex 59.494427190999915 39.37830957392775 7.6
    endloop
  endfacet
  facet normal 0.4539904997395421 -0.8910065241883702 2.316814940681134e-18
    outer loop
      vertex 59.494427190999915 39.37830957392775 2.6
      vertex 59.94045640366796 39.60557280900008 2.6
      vertex 59.94045640366796 39.60557280900008 7.6
    endloop
  endfacet
  facet normal 0.7071067811865475 -0.7071067811865475 0
    outer loop
      vertex 59.94045640366796 39.60557280900008 2.6
      vertex 60.29442719099992 39.95954359633204 2.6
      vertex 59.94045640366796 39.60557280900008 7.6
    endloop
  endfacet
  facet normal 0 0 1
    outer loop
      vertex 49.14683045111454 27.072949016875157 5.6
      vertex 49.14683045111454 28.927050983124843 5.6
      vertex 49 28 5.6
    endloop
  endfacet
  facet normal 0 0 1
    outer loop
      vertex 49.57294901687516 26.23664424312258 5.6
      vertex 49.57294901687516 29.76335575687742 5.6
      vertex 49.14683045111454 28.927050983124843 5.6
    endloop
  endfacet
  facet normal 0 0 1
    outer loop
      vertex 51.07294901687516 25.14683045111454 5.6
      vertex 50.95 28 5.6
      vertex 50.23664424312258 30.427050983124843 5.6
    endloop
  endfacet
  facet normal 0 0 1
    outer loop
      vertex 50.23664424312258 25.572949016875157 5.6
      vertex 50.23664424312258 30.427050983124843 5.6
      vertex 49.57294901687516 29.76335575687742 5.6
    endloop
  endfacet
  facet normal 0 0 1
    outer loop
      vertex 50.23664424312258 30.427050983124843 5.6
      vertex 50.95 28 5.6
      vertex 51.00139065789009 28.324467844093697 5.6
    endloop
  endfacet
  facet normal 0 0 1
    outer loop
      vertex 53.76335575687742 25.572949016875157 5.6
      vertex 52.92705098312484 30.85316954888546 5.6
      vertex 53.05 28 5.6
    endloop
  endfacet
  facet normal 0 0 1
    outer loop
      vertex 52.92705098312484 30.85316954888546 5.6
      vertex 52.99860934210991 28.324467844093697 5.6
      vertex 53.05 28 5.6
    endloop
  endfacet
  facet normal 0 0 1
    outer loop
      vertex 50.23664424312258 30.427050983124843 5.6
      vertex 51.00139065789009 28.324467844093697 5.6
      vertex 51.150532155906305 28.6171745149071 5.6
    endloop
  endfacet
  facet normal 0 0 1
    outer loop
      vertex 51.07294901687516 30.85316954888546 5.6
      vertex 51.150532155906305 28.6171745149071 5.6
      vertex 51.3828254850929 28.849467844093695 5.6
    endloop
  endfacet
  facet normal 0 0 1
    outer loop
      vertex 51.07294901687516 30.85316954888546 5.6
      vertex 51.3828254850929 28.849467844093695 5.6
      vertex 51.6755321559063 28.998609342109912 5.6
    endloop
  endfacet
  facet normal 0 0 1
    outer loop
      vertex 52 31 5.6
      vertex 51.6755321559063 28.998609342109912 5.6
      vertex 52 29.05 5.6
    endloop
  endfacet
  facet normal 0 0 1
    outer loop
      vertex 50.23664424312258 30.427050983124843 5.6
      vertex 51.150532155906305 28.6171745149071 5.6
      vertex 51.07294901687516 30.85316954888546 5.6
    endloop
  endfacet
  facet normal 0 0 1
    outer loop
      vertex 51.07294901687516 30.85316954888546 5.6
      vertex 51.6755321559063 28.998609342109912 5.6
      vertex 52 31 5.6
    endloop
  endfacet
  facet normal 0 0 1
    outer loop
      vertex 52 31 5.6
      vertex 52 29.05 5.6
      vertex 52.3244678440937 28.998609342109912 5.6
    endloop
  endfacet
  facet normal 0 0 1
    outer loop
      vertex 52.92705098312484 30.85316954888546 5.6
      vertex 52.3244678440937 28.998609342109912 5.6
      vertex 52.6171745149071 28.849467844093695 5.6
    endloop
  endfacet
  facet normal 0 0 1
    outer loop
      vertex 52.92705098312484 30.85316954888546 5.6
      vertex 52.849467844093695 28.6171745149071 5.6
      vertex 52.99860934210991 28.324467844093697 5.6
    endloop
  endfacet
  facet normal 0 0 1
    outer loop
      vertex 52.92705098312484 30.85316954888546 5.6
      vertex 52.6171745149071 28.849467844093695 5.6
      vertex 52.849467844093695 28.6171745149071 5.6
    endloop
  endfacet
  facet normal 0 0 1
    outer loop
      vertex 52 31 5.6
      vertex 52.3244678440937 28.998609342109912 5.6
      vertex 52.92705098312484 30.85316954888546 5.6
    endloop
  endfacet
  facet normal 0 0 1
    outer loop
      vertex 54.42705098312484 26.23664424312258 5.6
      vertex 54.85316954888546 27.072949016875157 5.6
      vertex 54.42705098312484 29.76335575687742 5.6
    endloop
  endfacet
  facet normal 0 0 1
    outer loop
      vertex 53.76335575687742 25.572949016875157 5.6
      vertex 53.76335575687742 30.427050983124843 5.6
      vertex 52.92705098312484 30.85316954888546 5.6
    endloop
  endfacet
  facet normal 0 0 1
    outer loop
      vertex 54.85316954888546 27.072949016875157 5.6
      vertex 54.85316954888546 28.927050983124843 5.6
      vertex 54.42705098312484 29.76335575687742 5.6
    endloop
  endfacet
  facet normal 0 0 1
    outer loop
      vertex 54.42705098312484 26.23664424312258 5.6
      vertex 54.42705098312484 29.76335575687742 5.6
      vertex 53.76335575687742 30.427050983124843 5.6
    endloop
  endfacet
  facet normal 0 0 1
    outer loop
      vertex 54.85316954888546 27.072949016875157 5.6
      vertex 55 28 5.6
      vertex 54.85316954888546 28.927050983124843 5.6
    endloop
  endfacet
  facet normal -0.7071067811865475 -0.7071067811865475 -2.5951036019054296e-18
    outer loop
      vertex 58.05954359633204 39.60557280900008 2.6
      vertex 57.70557280900008 39.95954359633204 7.6
      vertex 57.70557280900008 39.95954359633204 2.6
    endloop
  endfacet
  facet normal -0.8910065241883702 -0.4539904997395421 -2.316814940681134e-18
    outer loop
      vertex 57.70557280900008 39.95954359633204 2.6
      vertex 57.47830957392775 40.405572809000084 7.6
      vertex 57.47830957392775 40.405572809000084 2.6
    endloop
  endfacet
  facet normal -0.9876883405951375 -0.15643446504023106 0
    outer loop
      vertex 57.4 40.9 2.6
      vertex 57.47830957392775 40.405572809000084 2.6
      vertex 57.4 40.9 7.6
    endloop
  endfacet
  facet normal -0.9876883405951375 0.15643446504023106 -4.06262893099002e-20
    outer loop
      vertex 57.4 40.9 2.6
      vertex 57.47830957392775 41.39442719099991 7.6
      vertex 57.47830957392775 41.39442719099991 2.6
    endloop
  endfacet
  facet normal -0.8910065241883702 0.4539904997395421 2.316814940681134e-18
    outer loop
      vertex 57.47830957392775 41.39442719099991 2.6
      vertex 57.70557280900008 41.84045640366796 7.6
      vertex 57.70557280900008 41.84045640366796 2.6
    endloop
  endfacet
  facet normal -0.7071067811865475 0.7071067811865475 2.5951036019054296e-18
    outer loop
      vertex 57.70557280900008 41.84045640366796 2.6
      vertex 58.05954359633204 42.19442719099992 7.6
      vertex 58.05954359633204 42.19442719099992 2.6
    endloop
  endfacet
  facet normal -0.4539904997395421 0.8910065241883702 0
    outer loop
      vertex 58.05954359633204 42.19442719099992 2.6
      vertex 58.05954359633204 42.19442719099992 7.6
      vertex 58.505572809000085 42.421690426072246 2.6
    endloop
  endfacet
  facet normal -0.15643446504023106 0.9876883405951375 0
    outer loop
      vertex 58.505572809000085 42.421690426072246 2.6
      vertex 58.505572809000085 42.421690426072246 7.6
      vertex 59 42.5 2.6
    endloop
  endfacet
  facet normal 0.8910065241883702 -0.4539904997395421 0
    outer loop
      vertex 60.29442719099992 39.95954359633204 2.6
      vertex 60.52169042607225 40.405572809000084 2.6
      vertex 60.29442719099992 39.95954359633204 7.6
    endloop
  endfacet
  facet normal 0.9876883405951375 -0.15643446504023106 0
    outer loop
      vertex 60.52169042607225 40.405572809000084 2.6
      vertex 60.6 40.9 2.6
      vertex 60.52169042607225 40.405572809000084 7.6
    endloop
  endfacet
  facet normal 0.9876883405951375 0.15643446504023106 0
    outer loop
      vertex 60.6 40.9 2.6
      vertex 60.52169042607225 41.39442719099991 2.6
      vertex 60.6 40.9 7.6
    endloop
  endfacet
  facet normal 0.15643446504023106 0.9876883405951375 0
    outer loop
      vertex 59 42.5 2.6
      vertex 59 42.5 7.6
      vertex 59.494427190999915 42.421690426072246 2.6
    endloop
  endfacet
  facet normal 0.4539904997395421 0.8910065241883702 0
    outer loop
      vertex 59.494427190999915 42.421690426072246 2.6
      vertex 59.494427190999915 42.421690426072246 7.6
      vertex 59.94045640366796 42.19442719099992 2.6
    endloop
  endfacet
  facet normal 0.8910065241883702 0.4539904997395421 0
    outer loop
      vertex 60.52169042607225 41.39442719099991 2.6
      vertex 60.29442719099992 41.84045640366796 2.6
      vertex 60.52169042607225 41.39442719099991 7.6
    endloop
  endfacet
  facet normal 0.7071067811865475 0.7071067811865475 -2.5951036019054296e-18
    outer loop
      vertex 59.94045640366796 42.19442719099992 2.6
      vertex 60.29442719099992 41.84045640366796 7.6
      vertex 60.29442719099992 41.84045640366796 2.6
    endloop
  endfacet
  facet normal -0.7071067811865475 -0.7071067811865475 0
    outer loop
      vertex 58.05954359633204 39.60557280900008 2.6
      vertex 58.05954359633204 39.60557280900008 7.6
      vertex 57.70557280900008 39.95954359633204 7.6
    endloop
  endfacet
  facet normal -0.15643446504023106 -0.9876883405951375 0
    outer loop
      vertex 58.505572809000085 39.37830957392775 2.6
      vertex 59 39.3 7.6
      vertex 58.505572809000085 39.37830957392775 7.6
    endloop
  endfacet
  facet normal -0.4539904997395421 -0.8910065241883702 0
    outer loop
      vertex 58.05954359633204 39.60557280900008 2.6
      vertex 58.505572809000085 39.37830957392775 7.6
      vertex 58.05954359633204 39.60557280900008 7.6
    endloop
  endfacet
  facet normal 0.15643446504023106 -0.9876883405951375 0
    outer loop
      vertex 59 39.3 2.6
      vertex 59.494427190999915 39.37830957392775 7.6
      vertex 59 39.3 7.6
    endloop
  endfacet
  facet normal 0.4539904997395421 -0.8910065241883702 0
    outer loop
      vertex 59.494427190999915 39.37830957392775 2.6
      vertex 59.94045640366796 39.60557280900008 7.6
      vertex 59.494427190999915 39.37830957392775 7.6
    endloop
  endfacet
  facet normal -0.8910065241883702 -0.4539904997395421 0
    outer loop
      vertex 57.70557280900008 39.95954359633204 2.6
      vertex 57.70557280900008 39.95954359633204 7.6
      vertex 57.47830957392775 40.405572809000084 7.6
    endloop
  endfacet
  facet normal -0.9876883405951375 -0.15643446504023106 0
    outer loop
      vertex 57.47830957392775 40.405572809000084 2.6
      vertex 57.47830957392775 40.405572809000084 7.6
      vertex 57.4 40.9 7.6
    endloop
  endfacet
  facet normal -0.9876883405951375 0.15643446504023106 0
    outer loop
      vertex 57.4 40.9 2.6
      vertex 57.4 40.9 7.6
      vertex 57.47830957392775 41.39442719099991 7.6
    endloop
  endfacet
  facet normal -0.8910065241883702 0.4539904997395421 0
    outer loop
      vertex 57.47830957392775 41.39442719099991 2.6
      vertex 57.47830957392775 41.39442719099991 7.6
      vertex 57.70557280900008 41.84045640366796 7.6
    endloop
  endfacet
  facet normal -0.7071067811865475 0.7071067811865475 0
    outer loop
      vertex 57.70557280900008 41.84045640366796 2.6
      vertex 57.70557280900008 41.84045640366796 7.6
      vertex 58.05954359633204 42.19442719099992 7.6
    endloop
  endfacet
  facet normal -0.4539904997395421 0.8910065241883702 0
    outer loop
      vertex 58.505572809000085 42.421690426072246 2.6
      vertex 58.05954359633204 42.19442719099992 7.6
      vertex 58.505572809000085 42.421690426072246 7.6
    endloop
  endfacet
  facet normal 0.7071067811865475 -0.7071067811865475 0
    outer loop
      vertex 60.29442719099992 39.95954359633204 2.6
      vertex 60.29442719099992 39.95954359633204 7.6
      vertex 59.94045640366796 39.60557280900008 7.6
    endloop
  endfacet
  facet normal 0.8910065241883702 -0.4539904997395421 0
    outer loop
      vertex 60.52169042607225 40.405572809000084 2.6
      vertex 60.52169042607225 40.405572809000084 7.6
      vertex 60.29442719099992 39.95954359633204 7.6
    endloop
  endfacet
  facet normal 0.9876883405951375 -0.15643446504023106 0
    outer loop
      vertex 60.6 40.9 2.6
      vertex 60.6 40.9 7.6
      vertex 60.52169042607225 40.405572809000084 7.6
    endloop
  endfacet
  facet normal 0.9876883405951375 0.15643446504023106 0
    outer loop
      vertex 60.52169042607225 41.39442719099991 2.6
      vertex 60.52169042607225 41.39442719099991 7.6
      vertex 60.6 40.9 7.6
    endloop
  endfacet
  facet normal 0.7071067811865475 0.7071067811865475 0
    outer loop
      vertex 59.94045640366796 42.19442719099992 2.6
      vertex 59.94045640366796 42.19442719099992 7.6
      vertex 60.29442719099992 41.84045640366796 7.6
    endloop
  endfacet
  facet normal 0.15643446504023106 0.9876883405951375 0
    outer loop
      vertex 59.494427190999915 42.421690426072246 2.6
      vertex 59 42.5 7.6
      vertex 59.494427190999915 42.421690426072246 7.6
    endloop
  endfacet
  facet normal -0.15643446504023106 0.9876883405951375 0
    outer loop
      vertex 59 42.5 2.6
      vertex 58.505572809000085 42.421690426072246 7.6
      vertex 59 42.5 7.6
    endloop
  endfacet
  facet normal 0.4539904997395421 0.8910065241883702 0
    outer loop
      vertex 59.94045640366796 42.19442719099992 2.6
      vertex 59.494427190999915 42.421690426072246 7.6
      vertex 59.94045640366796 42.19442719099992 7.6
    endloop
  endfacet
  facet normal 0.8910065241883702 0.4539904997395421 0
    outer loop
      vertex 60.29442719099992 41.84045640366796 2.6
      vertex 60.29442719099992 41.84045640366796 7.6
      vertex 60.52169042607225 41.39442719099991 7.6
    endloop
  endfacet
  facet normal 0 0 1
    outer loop
      vertex 58.05954359633204 39.60557280900008 7.6
      vertex 57.70557280900008 41.84045640366796 7.6
      vertex 57.70557280900008 39.95954359633204 7.6
    endloop
  endfacet
  facet normal 0 0 1
    outer loop
      vertex 58.05954359633204 39.60557280900008 7.6
      vertex 58.505572809000085 39.37830957392775 7.6
      vertex 58.05954359633204 42.19442719099992 7.6
    endloop
  endfacet
  facet normal 0 0 1
    outer loop
      vertex 58.505572809000085 39.37830957392775 7.6
      vertex 59 39.3 7.6
      vertex 58.505572809000085 42.421690426072246 7.6
    endloop
  endfacet
  facet normal 0 0 1
    outer loop
      vertex 57.70557280900008 39.95954359633204 7.6
      vertex 57.47830957392775 41.39442719099991 7.6
      vertex 57.47830957392775 40.405572809000084 7.6
    endloop
  endfacet
  facet normal 0 0 1
    outer loop
      vertex 57.4 40.9 7.6
      vertex 57.47830957392775 40.405572809000084 7.6
      vertex 57.47830957392775 41.39442719099991 7.6
    endloop
  endfacet
  facet normal 0 0 1
    outer loop
      vertex 57.70557280900008 39.95954359633204 7.6
      vertex 57.70557280900008 41.84045640366796 7.6
      vertex 57.47830957392775 41.39442719099991 7.6
    endloop
  endfacet
  facet normal 0 0 1
    outer loop
      vertex 58.05954359633204 39.60557280900008 7.6
      vertex 58.05954359633204 42.19442719099992 7.6
      vertex 57.70557280900008 41.84045640366796 7.6
    endloop
  endfacet
  facet normal 0 0 1
    outer loop
      vertex 58.505572809000085 39.37830957392775 7.6
      vertex 58.505572809000085 42.421690426072246 7.6
      vertex 58.05954359633204 42.19442719099992 7.6
    endloop
  endfacet
  facet normal 0 0 1
    outer loop
      vertex 59 39.3 7.6
      vertex 59.494427190999915 39.37830957392775 7.6
      vertex 59 42.5 7.6
    endloop
  endfacet
  facet normal 0 0 1
    outer loop
      vertex 59.494427190999915 39.37830957392775 7.6
      vertex 59.94045640366796 39.60557280900008 7.6
      vertex 59.494427190999915 42.421690426072246 7.6
    endloop
  endfacet
  facet normal 0 0 1
    outer loop
      vertex 59.94045640366796 39.60557280900008 7.6
      vertex 60.29442719099992 39.95954359633204 7.6
      vertex 59.94045640366796 42.19442719099992 7.6
    endloop
  endfacet
  facet normal 0 0 1
    outer loop
      vertex 60.29442719099992 39.95954359633204 7.6
      vertex 60.52169042607225 40.405572809000084 7.6
      vertex 60.29442719099992 41.84045640366796 7.6
    endloop
  endfacet
  facet normal 0 0 1
    outer loop
      vertex 60.52169042607225 40.405572809000084 7.6
      vertex 60.6 40.9 7.6
      vertex 60.52169042607225 41.39442719099991 7.6
    endloop
  endfacet
  facet normal 0 0 1
    outer loop
      vertex 60.52169042607225 40.405572809000084 7.6
      vertex 60.52169042607225 41.39442719099991 7.6
      vertex 60.29442719099992 41.84045640366796 7.6
    endloop
  endfacet
  facet normal 0 0 1
    outer loop
      vertex 59 39.3 7.6
      vertex 59 42.5 7.6
      vertex 58.505572809000085 42.421690426072246 7.6
    endloop
  endfacet
  facet normal 0 0 1
    outer loop
      vertex 59.494427190999915 39.37830957392775 7.6
      vertex 59.494427190999915 42.421690426072246 7.6
      vertex 59 42.5 7.6
    endloop
  endfacet
  facet normal 0 0 1
    outer loop
      vertex 59.94045640366796 39.60557280900008 7.6
      vertex 59.94045640366796 42.19442719099992 7.6
      vertex 59.494427190999915 42.421690426072246 7.6
    endloop
  endfacet
  facet normal 0 0 1
    outer loop
      vertex 60.29442719099992 39.95954359633204 7.6
      vertex 60.29442719099992 41.84045640366796 7.6
      vertex 59.94045640366796 42.19442719099992 7.6
    endloop
  endfacet
  facet normal 0 0 -1
    outer loop
      vertex 3.4240835085511208 7.019504830241203 0
      vertex 3.149999998509884 95.25 0
      vertex 3.4240835085511208 96.9804951697588 0
    endloop
  endfacet
  facet normal 0 0 -1
    outer loop
      vertex 4.2195048332214355 5.458402588963509 0
      vertex 3.4240835085511208 96.9804951697588 0
      vertex 4.2195048332214355 98.54159741103649 0
    endloop
  endfacet
  facet normal 0 0 -1
    outer loop
      vertex 5.458402588963509 4.2195048332214355 0
      vertex 4.2195048332214355 98.54159741103649 0
      vertex 5.458402588963509 99.78049516677856 0
    endloop
  endfacet
  facet normal 0 0 -1
    outer loop
      vertex 7.019504830241203 3.4240835085511208 0
      vertex 5.458402588963509 99.78049516677856 0
      vertex 7.019504830241203 100.57591649144888 0
    endloop
  endfacet
  facet normal -1 0 0
    outer loop
      vertex 3.149999998509884 8.75 0
      vertex 3.149999998509884 95.25 2.6
      vertex 3.149999998509884 95.25 0
    endloop
  endfacet
  facet normal 0 0 -1
    outer loop
      vertex 7.019504830241203 100.57591649144888 0
      vertex 8.75 100.85000000149012 0
      vertex 8.006637120812695 13.17480543348215 0
    endloop
  endfacet
  facet normal -1 0 0
    outer loop
      vertex 3.149999998509884 8.75 0
      vertex 3.149999998509884 93.06672842985935 2.6
      vertex 3.149999998509884 94.93327157014065 2.6
    endloop
  endfacet
  facet normal -1 0 0
    outer loop
      vertex 3.149999998509884 8.75 0
      vertex 3.149999998509884 94.93327157014065 2.6
      vertex 3.149999998509884 95.25 2.6
    endloop
  endfacet
  facet normal 0 0 1
    outer loop
      vertex 3.149999998509884 28.933271570140644 2.6
      vertex 3.5729490168751576 92.23664424312258 2.6
      vertex 3.149999998509884 93.06672842985935 2.6
    endloop
  endfacet
  facet normal 0 0 1
    outer loop
      vertex 3.5729490168751576 29.76335575687742 2.6
      vertex 4.236644243122581 91.57294901687516 2.6
      vertex 3.5729490168751576 92.23664424312258 2.6
    endloop
  endfacet
  facet normal 0 0 1
    outer loop
      vertex 5.072949016875158 30.85316954888546 2.6
      vertex 6 91 2.6
      vertex 5.072949016875158 91.14683045111454 2.6
    endloop
  endfacet
  facet normal 0 0 1
    outer loop
      vertex 5.072949016875158 30.85316954888546 2.6
      vertex 5.072949016875158 91.14683045111454 2.6
      vertex 4.236644243122581 91.57294901687516 2.6
    endloop
  endfacet
  facet normal 0 0 1
    outer loop
      vertex 6.927050983124842 30.85316954888546 2.6
      vertex 6.927050983124842 91.14683045111454 2.6
      vertex 6 91 2.6
    endloop
  endfacet
  facet normal 0 0 1
    outer loop
      vertex 6.927050983124842 30.85316954888546 2.6
      vertex 7.763355756877419 91.57294901687516 2.6
      vertex 6.927050983124842 91.14683045111454 2.6
    endloop
  endfacet
  facet normal 0 0 1
    outer loop
      vertex 8.427050983124843 29.76335575687742 2.6
      vertex 8.427050983124843 92.23664424312258 2.6
      vertex 7.763355756877419 91.57294901687516 2.6
    endloop
  endfacet
  facet normal 0 0 1
    outer loop
      vertex 8.427050983124843 29.76335575687742 2.6
      vertex 8.853169548885461 93.07294901687516 2.6
      vertex 8.427050983124843 92.23664424312258 2.6
    endloop
  endfacet
  facet normal 0 0 1
    outer loop
      vertex 50.23664424312258 30.427050983124843 2.6
      vertex 57.47830957392775 41.39442719099991 2.6
      vertex 8.853169548885461 93.07294901687516 2.6
    endloop
  endfacet
  facet normal 0 0 1
    outer loop
      vertex 57.47830957392775 41.39442719099991 2.6
      vertex 57.70557280900008 41.84045640366796 2.6
      vertex 8.853169548885461 93.07294901687516 2.6
    endloop
  endfacet
  facet normal 0 0 1
    outer loop
      vertex 57.70557280900008 41.84045640366796 2.6
      vertex 58.05954359633204 42.19442719099992 2.6
      vertex 8.853169548885461 93.07294901687516 2.6
    endloop
  endfacet
  facet normal 0 0 1
    outer loop
      vertex 58.05954359633204 42.19442719099992 2.6
      vertex 58.505572809000085 42.421690426072246 2.6
      vertex 8.853169548885461 93.07294901687516 2.6
    endloop
  endfacet
  facet normal 0 0 1
    outer loop
      vertex 58.505572809000085 42.421690426072246 2.6
      vertex 59 42.5 2.6
      vertex 8.853169548885461 93.07294901687516 2.6
    endloop
  endfacet
  facet normal 0 0 1
    outer loop
      vertex 59.494427190999915 42.421690426072246 2.6
      vertex 59.94045640366796 42.19442719099992 2.6
      vertex 8.853169548885461 93.07294901687516 2.6
    endloop
  endfacet
  facet normal 0 0 1
    outer loop
      vertex 59 42.5 2.6
      vertex 59.494427190999915 42.421690426072246 2.6
      vertex 8.853169548885461 93.07294901687516 2.6
    endloop
  endfacet
  facet normal -0.987688340498602 0.1564344656497329 0
    outer loop
      vertex 3.149999998509884 95.25 0
      vertex 3.4240835085511208 96.9804951697588 2.6
      vertex 3.4240835085511208 96.9804951697588 0
    endloop
  endfacet
  facet normal -0.8910065233857218 0.4539905013148283 0
    outer loop
      vertex 3.4240835085511208 96.9804951697588 0
      vertex 4.2195048332214355 98.54159741103649 2.6
      vertex 4.2195048332214355 98.54159741103649 0
    endloop
  endfacet
  facet normal -0.7071067811865476 0.7071067811865476 0
    outer loop
      vertex 4.2195048332214355 98.54159741103649 0
      vertex 5.458402588963509 99.78049516677856 2.6
      vertex 5.458402588963509 99.78049516677856 0
    endloop
  endfacet
  facet normal -0.4539905013148283 0.8910065233857218 0
    outer loop
      vertex 5.458402588963509 99.78049516677856 0
      vertex 7.019504830241203 100.57591649144888 2.6
      vertex 7.019504830241203 100.57591649144888 0
    endloop
  endfacet
  facet normal -0.1564344656497329 0.987688340498602 0
    outer loop
      vertex 7.019504830241203 100.57591649144888 0
      vertex 8.75 100.85000000149012 2.6
      vertex 8.75 100.85000000149012 0
    endloop
  endfacet
  facet normal 0 0 1
    outer loop
      vertex 5.150532155906305 93.38282548509291 1.6
      vertex 5.150532155906305 94.61717451490709 1.6
      vertex 5.001390657890089 93.67553215590631 1.6
    endloop
  endfacet
  facet normal 0 0 1
    outer loop
      vertex 5.150532155906305 93.38282548509291 1.6
      vertex 5.382825485092903 93.1505321559063 1.6
      vertex 5.382825485092903 94.8494678440937 1.6
    endloop
  endfacet
  facet normal 0 0 1
    outer loop
      vertex 5.382825485092903 93.1505321559063 1.6
      vertex 5.675532155906305 93.00139065789008 1.6
      vertex 5.675532155906305 94.99860934210992 1.6
    endloop
  endfacet
  facet normal 0 0 1
    outer loop
      vertex 5.001390657890089 93.67553215590631 1.6
      vertex 5.001390657890089 94.32446784409369 1.6
      vertex 4.95 94 1.6
    endloop
  endfacet
  facet normal 0 0 1
    outer loop
      vertex 5.001390657890089 93.67553215590631 1.6
      vertex 5.150532155906305 94.61717451490709 1.6
      vertex 5.001390657890089 94.32446784409369 1.6
    endloop
  endfacet
  facet normal 0 0 1
    outer loop
      vertex 5.150532155906305 93.38282548509291 1.6
      vertex 5.382825485092903 94.8494678440937 1.6
      vertex 5.150532155906305 94.61717451490709 1.6
    endloop
  endfacet
  facet normal 0 0 1
    outer loop
      vertex 5.382825485092903 93.1505321559063 1.6
      vertex 5.675532155906305 94.99860934210992 1.6
      vertex 5.382825485092903 94.8494678440937 1.6
    endloop
  endfacet
  facet normal 0 0 1
    outer loop
      vertex 5.675532155906305 93.00139065789008 1.6
      vertex 6 92.95 1.6
      vertex 6 95.05 1.6
    endloop
  endfacet
  facet normal 0 0 1
    outer loop
      vertex 6 92.95 1.6
      vertex 6.324467844093695 93.00139065789008 1.6
      vertex 6.324467844093695 94.99860934210992 1.6
    endloop
  endfacet
  facet normal 0 0 1
    outer loop
      vertex 6.324467844093695 93.00139065789008 1.6
      vertex 6.617174514907097 93.1505321559063 1.6
      vertex 6.617174514907097 94.8494678440937 1.6
    endloop
  endfacet
  facet normal 0 0 1
    outer loop
      vertex 6.617174514907097 93.1505321559063 1.6
      vertex 6.849467844093695 93.38282548509291 1.6
      vertex 6.849467844093695 94.61717451490709 1.6
    endloop
  endfacet
  facet normal 0 0 1
    outer loop
      vertex 6.849467844093695 93.38282548509291 1.6
      vertex 6.998609342109911 93.67553215590631 1.6
      vertex 6.998609342109911 94.32446784409369 1.6
    endloop
  endfacet
  facet normal 0 0 1
    outer loop
      vertex 5.675532155906305 93.00139065789008 1.6
      vertex 6 95.05 1.6
      vertex 5.675532155906305 94.99860934210992 1.6
    endloop
  endfacet
  facet normal 0 0 1
    outer loop
      vertex 6 92.95 1.6
      vertex 6.324467844093695 94.99860934210992 1.6
      vertex 6 95.05 1.6
    endloop
  endfacet
  facet normal 0 0 1
    outer loop
      vertex 6.324467844093695 93.00139065789008 1.6
      vertex 6.617174514907097 94.8494678440937 1.6
      vertex 6.324467844093695 94.99860934210992 1.6
    endloop
  endfacet
  facet normal 0 0 1
    outer loop
      vertex 6.849467844093695 93.38282548509291 1.6
      vertex 6.998609342109911 94.32446784409369 1.6
      vertex 6.849467844093695 94.61717451490709 1.6
    endloop
  endfacet
  facet normal 0 0 1
    outer loop
      vertex 6.617174514907097 93.1505321559063 1.6
      vertex 6.849467844093695 94.61717451490709 1.6
      vertex 6.617174514907097 94.8494678440937 1.6
    endloop
  endfacet
  facet normal 0 0 1
    outer loop
      vertex 6.998609342109911 93.67553215590631 1.6
      vertex 7.05 94 1.6
      vertex 6.998609342109911 94.32446784409369 1.6
    endloop
  endfacet
  facet normal -0.987688340498602 0.1564344656497329 0
    outer loop
      vertex 3.149999998509884 95.25 0
      vertex 3.149999998509884 95.25 2.6
      vertex 3.4240835085511208 96.9804951697588 2.6
    endloop
  endfacet
  facet normal -0.8910065233857218 0.4539905013148283 0
    outer loop
      vertex 3.4240835085511208 96.9804951697588 0
      vertex 3.4240835085511208 96.9804951697588 2.6
      vertex 4.2195048332214355 98.54159741103649 2.6
    endloop
  endfacet
  facet normal -0.7071067811865476 0.7071067811865476 0
    outer loop
      vertex 4.2195048332214355 98.54159741103649 0
      vertex 4.2195048332214355 98.54159741103649 2.6
      vertex 5.458402588963509 99.78049516677856 2.6
    endloop
  endfacet
  facet normal -0.4539905013148283 0.8910065233857218 0
    outer loop
      vertex 5.458402588963509 99.78049516677856 0
      vertex 5.458402588963509 99.78049516677856 2.6
      vertex 7.019504830241203 100.57591649144888 2.6
    endloop
  endfacet
  facet normal -0.1564344656497329 0.987688340498602 0
    outer loop
      vertex 7.019504830241203 100.57591649144888 0
      vertex 7.019504830241203 100.57591649144888 2.6
      vertex 8.75 100.85000000149012 2.6
    endloop
  endfacet
  facet normal 0 1 0
    outer loop
      vertex 8.75 100.85000000149012 0
      vertex 8.75 100.85000000149012 2.6
      vertex 88 100.85000000149012 0
    endloop
  endfacet
  facet normal 0 0 -1
    outer loop
      vertex 3.1468304511145395 93.07294901687516 2.6
      vertex 3.1468304511145395 94.92705098312484 2.6
      vertex 3.149999998509884 93.06672842985935 2.6
    endloop
  endfacet
  facet normal 0 0 -1
    outer loop
      vertex 3.1468304511145395 93.07294901687516 2.6
      vertex 3 94 2.6
      vertex 3.1468304511145395 94.92705098312484 2.6
    endloop
  endfacet
  facet normal 0 0 -1
    outer loop
      vertex 3.149999998509884 93.06672842985935 2.6
      vertex 3.1468304511145395 94.92705098312484 2.6
      vertex 3.149999998509884 94.93327157014065 2.6
    endloop
  endfacet
  facet normal 0 0 1
    outer loop
      vertex 3.149999998509884 94.93327157014065 2.6
      vertex 3.4240835085511208 96.9804951697588 2.6
      vertex 3.149999998509884 95.25 2.6
    endloop
  endfacet
  facet normal 0 0 1
    outer loop
      vertex 3.149999998509884 94.93327157014065 2.6
      vertex 3.5729490168751576 95.76335575687742 2.6
      vertex 3.4240835085511208 96.9804951697588 2.6
    endloop
  endfacet
  facet normal 0 0 1
    outer loop
      vertex 3.5729490168751576 95.76335575687742 2.6
      vertex 4.236644243122581 96.42705098312484 2.6
      vertex 4.2195048332214355 98.54159741103649 2.6
    endloop
  endfacet
  facet normal 0 0 1
    outer loop
      vertex 3.5729490168751576 95.76335575687742 2.6
      vertex 4.2195048332214355 98.54159741103649 2.6
      vertex 3.4240835085511208 96.9804951697588 2.6
    endloop
  endfacet
  facet normal 0 0 1
    outer loop
      vertex 4.236644243122581 96.42705098312484 2.6
      vertex 5.072949016875158 96.85316954888546 2.6
      vertex 4.2195048332214355 98.54159741103649 2.6
    endloop
  endfacet
  facet normal 0 0 1
    outer loop
      vertex 5.072949016875158 96.85316954888546 2.6
      vertex 5.458402588963509 99.78049516677856 2.6
      vertex 4.2195048332214355 98.54159741103649 2.6
    endloop
  endfacet
  facet normal 0 0 1
    outer loop
      vertex 5.072949016875158 96.85316954888546 2.6
      vertex 6 97 2.6
      vertex 5.458402588963509 99.78049516677856 2.6
    endloop
  endfacet
  facet normal 0 0 1
    outer loop
      vertex 6 97 2.6
      vertex 6.927050983124842 96.85316954888546 2.6
      vertex 7.019504830241203 100.57591649144888 2.6
    endloop
  endfacet
  facet normal 0 0 1
    outer loop
      vertex 6 97 2.6
      vertex 7.019504830241203 100.57591649144888 2.6
      vertex 5.458402588963509 99.78049516677856 2.6
    endloop
  endfacet
  facet normal 0 0 1
    outer loop
      vertex 6.927050983124842 96.85316954888546 2.6
      vertex 7.763355756877419 96.42705098312484 2.6
      vertex 8.75 100.85000000149012 2.6
    endloop
  endfacet
  facet normal 0 0 1
    outer loop
      vertex 6.927050983124842 96.85316954888546 2.6
      vertex 8.75 100.85000000149012 2.6
      vertex 7.019504830241203 100.57591649144888 2.6
    endloop
  endfacet
  facet normal 0 0 1
    outer loop
      vertex 8.853169548885461 94.92705098312484 2.6
      vertex 8.75 100.85000000149012 2.6
      vertex 8.427050983124843 95.76335575687742 2.6
    endloop
  endfacet
  facet normal 0 0 1
    outer loop
      vertex 7.763355756877419 96.42705098312484 2.6
      vertex 8.427050983124843 95.76335575687742 2.6
      vertex 8.75 100.85000000149012 2.6
    endloop
  endfacet
  facet normal 0.4539904997395564 0.891006524188363 0
    outer loop
      vertex 5.382825485092903 93.1505321559063 1.6
      vertex 5.382825485092903 93.1505321559063 5.6
      vertex 5.675532155906305 93.00139065789008 1.6
    endloop
  endfacet
  facet normal 0.9876883405951374 0.15643446504023317 -4.205784557166671e-20
    outer loop
      vertex 5.001390657890089 93.67553215590631 1.6
      vertex 4.95 94 1.6
      vertex 4.95 94 5.6
    endloop
  endfacet
  facet normal 0.7071067811865556 0.7071067811865394 0
    outer loop
      vertex 5.150532155906305 93.38282548509291 1.6
      vertex 5.150532155906305 93.38282548509291 5.6
      vertex 5.382825485092903 93.1505321559063 1.6
    endloop
  endfacet
  facet normal 0.8910065241883685 0.45399049973954564 -6.060898606613994e-20
    outer loop
      vertex 5.150532155906305 93.38282548509291 1.6
      vertex 5.001390657890089 93.67553215590631 1.6
      vertex 5.001390657890089 93.67553215590631 5.6
    endloop
  endfacet
  facet normal 0.9876883405951374 -0.15643446504023317 4.205784557166671e-20
    outer loop
      vertex 4.95 94 1.6
      vertex 5.001390657890089 94.32446784409369 1.6
      vertex 5.001390657890089 94.32446784409369 5.6
    endloop
  endfacet
  facet normal 0.8910065241883685 -0.45399049973954564 6.060898606613994e-20
    outer loop
      vertex 5.001390657890089 94.32446784409369 1.6
      vertex 5.150532155906305 94.61717451490709 1.6
      vertex 5.150532155906305 94.61717451490709 5.6
    endloop
  endfacet
  facet normal 0.15643446504020958 0.9876883405951411 0
    outer loop
      vertex 5.675532155906305 93.00139065789008 1.6
      vertex 5.675532155906305 93.00139065789008 5.6
      vertex 6 92.95 1.6
    endloop
  endfacet
  facet normal -0.15643446504020958 0.9876883405951411 0
    outer loop
      vertex 6 92.95 1.6
      vertex 6 92.95 5.6
      vertex 6.324467844093695 93.00139065789008 1.6
    endloop
  endfacet
  facet normal -0.4539904997395564 0.891006524188363 0
    outer loop
      vertex 6.324467844093695 93.00139065789008 1.6
      vertex 6.324467844093695 93.00139065789008 5.6
      vertex 6.617174514907097 93.1505321559063 1.6
    endloop
  endfacet
  facet normal -0.7071067811865556 0.7071067811865394 0
    outer loop
      vertex 6.617174514907097 93.1505321559063 1.6
      vertex 6.617174514907097 93.1505321559063 5.6
      vertex 6.849467844093695 93.38282548509291 1.6
    endloop
  endfacet
  facet normal -0.8910065241883685 0.45399049973954564 0
    outer loop
      vertex 6.849467844093695 93.38282548509291 1.6
      vertex 6.849467844093695 93.38282548509291 5.6
      vertex 6.998609342109911 93.67553215590631 1.6
    endloop
  endfacet
  facet normal -0.8910065241883685 -0.45399049973954564 -6.060898606613994e-20
    outer loop
      vertex 6.849467844093695 94.61717451490709 1.6
      vertex 6.998609342109911 94.32446784409369 1.6
      vertex 6.998609342109911 94.32446784409369 5.6
    endloop
  endfacet
  facet normal -0.7071067811865556 -0.7071067811865394 0
    outer loop
      vertex 6.849467844093695 94.61717451490709 1.6
      vertex 6.849467844093695 94.61717451490709 5.6
      vertex 6.617174514907097 94.8494678440937 1.6
    endloop
  endfacet
  facet normal -0.9876883405951374 0.15643446504023317 0
    outer loop
      vertex 6.998609342109911 93.67553215590631 1.6
      vertex 6.998609342109911 93.67553215590631 5.6
      vertex 7.05 94 1.6
    endloop
  endfacet
  facet normal -0.9876883405951374 -0.15643446504023317 0
    outer loop
      vertex 7.05 94 1.6
      vertex 7.05 94 5.6
      vertex 6.998609342109911 94.32446784409369 1.6
    endloop
  endfacet
  facet normal -0.45399049973954625 -0.891006524188368 -6.572941749047609e-18
    outer loop
      vertex 4.236644243122581 91.57294901687516 2.6
      vertex 5.072949016875158 91.14683045111454 2.6
      vertex 5.072949016875158 91.14683045111454 5.6
    endloop
  endfacet
  facet normal -0.15643446504023065 -0.9876883405951378 1.1086090398698112e-18
    outer loop
      vertex 5.072949016875158 91.14683045111454 2.6
      vertex 6 91 2.6
      vertex 6 91 5.6
    endloop
  endfacet
  facet normal 0.15643446504023065 -0.9876883405951378 -1.1086090398698112e-18
    outer loop
      vertex 6 91 2.6
      vertex 6.927050983124842 91.14683045111454 2.6
      vertex 6.927050983124842 91.14683045111454 5.6
    endloop
  endfacet
  facet normal 0.45399049973954625 -0.891006524188368 6.572941749047609e-18
    outer loop
      vertex 6.927050983124842 91.14683045111454 2.6
      vertex 7.763355756877419 91.57294901687516 2.6
      vertex 7.763355756877419 91.57294901687516 5.6
    endloop
  endfacet
  facet normal -0.7071067811865493 -0.7071067811865456 0
    outer loop
      vertex 4.236644243122581 91.57294901687516 2.6
      vertex 4.236644243122581 91.57294901687516 5.6
      vertex 3.5729490168751576 92.23664424312258 2.6
    endloop
  endfacet
  facet normal -0.8910065241883662 -0.4539904997395502 6.984511313871738e-16
    outer loop
      vertex 3.5729490168751576 92.23664424312258 2.6
      vertex 3.1468304511145395 93.07294901687516 5.6
      vertex 3.149999998509884 93.06672842985935 2.6
    endloop
  endfacet
  facet normal -0.8910065241885015 -0.4539904997392847 0
    outer loop
      vertex 3.1468304511145395 93.07294901687516 2.6
      vertex 3.149999998509884 93.06672842985935 2.6
      vertex 3.1468304511145395 93.07294901687516 5.6
    endloop
  endfacet
  facet normal -0.9876883405951378 -0.15643446504023095 -4.129310281191404e-18
    outer loop
      vertex 3.1468304511145395 93.07294901687516 2.6
      vertex 3 94 5.6
      vertex 3 94 2.6
    endloop
  endfacet
  facet normal -0.9876883405951378 0.15643446504023095 4.129310281191404e-18
    outer loop
      vertex 3 94 2.6
      vertex 3.1468304511145395 94.92705098312484 5.6
      vertex 3.1468304511145395 94.92705098312484 2.6
    endloop
  endfacet
  facet normal 0.7071067811865489 -0.7071067811865461 2.9113297654619328e-18
    outer loop
      vertex 7.763355756877419 91.57294901687516 2.6
      vertex 8.427050983124843 92.23664424312258 2.6
      vertex 8.427050983124843 92.23664424312258 5.6
    endloop
  endfacet
  facet normal 0.8910065241883673 -0.4539904997395478 0
    outer loop
      vertex 8.427050983124843 92.23664424312258 2.6
      vertex 8.853169548885461 93.07294901687516 2.6
      vertex 8.427050983124843 92.23664424312258 5.6
    endloop
  endfacet
  facet normal 0.9876883405951378 -0.15643446504023048 0
    outer loop
      vertex 8.853169548885461 93.07294901687516 2.6
      vertex 9 94 2.6
      vertex 8.853169548885461 93.07294901687516 5.6
    endloop
  endfacet
  facet normal 0.9876883405951378 0.15643446504023048 0
    outer loop
      vertex 9 94 2.6
      vertex 8.853169548885461 94.92705098312484 2.6
      vertex 9 94 5.6
    endloop
  endfacet
  facet normal 0.7071067811865556 -0.7071067811865394 -1.1315458727653562e-18
    outer loop
      vertex 5.150532155906305 94.61717451490709 1.6
      vertex 5.382825485092903 94.8494678440937 1.6
      vertex 5.382825485092903 94.8494678440937 5.6
    endloop
  endfacet
  facet normal 0.4539904997395564 -0.891006524188363 1.815171163433944e-18
    outer loop
      vertex 5.382825485092903 94.8494678440937 1.6
      vertex 5.675532155906305 94.99860934210992 1.6
      vertex 5.675532155906305 94.99860934210992 5.6
    endloop
  endfacet
  facet normal 0.15643446504020958 -0.9876883405951411 1.1665646663175528e-18
    outer loop
      vertex 5.675532155906305 94.99860934210992 1.6
      vertex 6 95.05 1.6
      vertex 6 95.05 5.6
    endloop
  endfacet
  facet normal -0.15643446504020958 -0.9876883405951411 -1.1665646663175528e-18
    outer loop
      vertex 6 95.05 1.6
      vertex 6.324467844093695 94.99860934210992 1.6
      vertex 6.324467844093695 94.99860934210992 5.6
    endloop
  endfacet
  facet normal -0.4539904997395564 -0.891006524188363 0
    outer loop
      vertex 6.617174514907097 94.8494678440937 1.6
      vertex 6.617174514907097 94.8494678440937 5.6
      vertex 6.324467844093695 94.99860934210992 1.6
    endloop
  endfacet
  facet normal -0.8910065241885015 0.4539904997392847 9.252503583696599e-14
    outer loop
      vertex 3.1468304511145395 94.92705098312484 2.6
      vertex 3.5729490168751576 95.76335575687742 5.6
      vertex 3.149999998509884 94.93327157014065 2.6
    endloop
  endfacet
  facet normal -0.8910065241883662 0.4539904997395502 -6.726355696320139e-18
    outer loop
      vertex 3.149999998509884 94.93327157014065 2.6
      vertex 3.5729490168751576 95.76335575687742 5.6
      vertex 3.5729490168751576 95.76335575687742 2.6
    endloop
  endfacet
  facet normal -0.7071067811865493 0.7071067811865456 0
    outer loop
      vertex 3.5729490168751576 95.76335575687742 2.6
      vertex 3.5729490168751576 95.76335575687742 5.6
      vertex 4.236644243122581 96.42705098312484 2.6
    endloop
  endfacet
  facet normal -0.45399049973954625 0.891006524188368 0
    outer loop
      vertex 4.236644243122581 96.42705098312484 2.6
      vertex 4.236644243122581 96.42705098312484 5.6
      vertex 5.072949016875158 96.85316954888546 2.6
    endloop
  endfacet
  facet normal -0.15643446504023065 0.9876883405951378 0
    outer loop
      vertex 5.072949016875158 96.85316954888546 2.6
      vertex 5.072949016875158 96.85316954888546 5.6
      vertex 6 97 2.6
    endloop
  endfacet
  facet normal 0.7071067811865489 0.7071067811865461 0
    outer loop
      vertex 7.763355756877419 96.42705098312484 2.6
      vertex 7.763355756877419 96.42705098312484 5.6
      vertex 8.427050983124843 95.76335575687742 2.6
    endloop
  endfacet
  facet normal 0.15643446504023065 0.9876883405951378 0
    outer loop
      vertex 6 97 2.6
      vertex 6 97 5.6
      vertex 6.927050983124842 96.85316954888546 2.6
    endloop
  endfacet
  facet normal 0.45399049973954625 0.891006524188368 0
    outer loop
      vertex 6.927050983124842 96.85316954888546 2.6
      vertex 6.927050983124842 96.85316954888546 5.6
      vertex 7.763355756877419 96.42705098312484 2.6
    endloop
  endfacet
  facet normal 0.8910065241883673 0.4539904997395478 0
    outer loop
      vertex 8.853169548885461 94.92705098312484 2.6
      vertex 8.427050983124843 95.76335575687742 2.6
      vertex 8.853169548885461 94.92705098312484 5.6
    endloop
  endfacet
  facet normal 0 0 1
    outer loop
      vertex 8.75 100.85000000149012 2.6
      vertex 51.07294901687516 91.14683045111454 2.6
      vertex 50.23664424312258 91.57294901687516 2.6
    endloop
  endfacet
  facet normal 0 0 1
    outer loop
      vertex 8.75 100.85000000149012 2.6
      vertex 49.57294901687516 92.23664424312258 2.6
      vertex 49.14683045111454 93.07294901687516 2.6
    endloop
  endfacet
  facet normal 0 0 1
    outer loop
      vertex 8.75 100.85000000149012 2.6
      vertex 49.14683045111454 93.07294901687516 2.6
      vertex 49 94 2.6
    endloop
  endfacet
  facet normal 0 0 1
    outer loop
      vertex 8.75 100.85000000149012 2.6
      vertex 50.23664424312258 91.57294901687516 2.6
      vertex 49.57294901687516 92.23664424312258 2.6
    endloop
  endfacet
  facet normal 0 0 1
    outer loop
      vertex 8.75 100.85000000149012 2.6
      vertex 49 94 2.6
      vertex 49.14683045111454 94.92705098312484 2.6
    endloop
  endfacet
  facet normal 0 0 1
    outer loop
      vertex 8.75 100.85000000149012 2.6
      vertex 49.14683045111454 94.92705098312484 2.6
      vertex 49.57294901687516 95.76335575687742 2.6
    endloop
  endfacet
  facet normal 0 0 1
    outer loop
      vertex 8.75 100.85000000149012 2.6
      vertex 49.57294901687516 95.76335575687742 2.6
      vertex 50.23664424312258 96.42705098312484 2.6
    endloop
  endfacet
  facet normal 0 0 1
    outer loop
      vertex 8.75 100.85000000149012 2.6
      vertex 50.23664424312258 96.42705098312484 2.6
      vertex 51.07294901687516 96.85316954888546 2.6
    endloop
  endfacet
  facet normal 0 0 1
    outer loop
      vertex 8.75 100.85000000149012 2.6
      vertex 51.07294901687516 96.85316954888546 2.6
      vertex 52 97 2.6
    endloop
  endfacet
  facet normal 0 0 -1
    outer loop
      vertex 8.75 100.85000000149012 0
      vertex 68.62519456651785 91.10663712081269 0
      vertex 167.25 3.149999998509884 0
    endloop
  endfacet
  facet normal 0 0 1
    outer loop
      vertex 8.853169548885461 93.07294901687516 2.6
      vertex 167.25 3.149999998509884 2.6
      vertex 9 94 2.6
    endloop
  endfacet
  facet normal 0 0 1
    outer loop
      vertex 9 94 2.6
      vertex 167.25 3.149999998509884 2.6
      vertex 8.853169548885461 94.92705098312484 2.6
    endloop
  endfacet
  facet normal 0 0 1
    outer loop
      vertex 8.853169548885461 94.92705098312484 2.6
      vertex 167.25 3.149999998509884 2.6
      vertex 8.75 100.85000000149012 2.6
    endloop
  endfacet
  facet normal 0 0 1
    outer loop
      vertex 8.75 100.85000000149012 2.6
      vertex 167.25 3.149999998509884 2.6
      vertex 51.07294901687516 91.14683045111454 2.6
    endloop
  endfacet
  facet normal -0.7071067811865475 -0.7071067811865475 -9.953543024848234e-20
    outer loop
      vertex 87.83664424312258 73.17294901687515 2.6
      vertex 87.17294901687515 73.83664424312258 5.6
      vertex 87.17294901687515 73.83664424312258 2.6
    endloop
  endfacet
  facet normal -0.8910065241883673 -0.4539904997395478 -1.218845201774354e-18
    outer loop
      vertex 87.17294901687515 73.83664424312258 2.6
      vertex 86.74683045111453 74.67294901687515 5.6
      vertex 86.74683045111453 74.67294901687515 2.6
    endloop
  endfacet
  facet normal -0.9876883405951378 -0.15643446504023048 4.079764490821099e-18
    outer loop
      vertex 86.74683045111453 74.67294901687515 2.6
      vertex 86.6 75.6 5.6
      vertex 86.6 75.6 2.6
    endloop
  endfacet
  facet normal -0.9876883405951378 0.15643446504023048 -4.079764490821099e-18
    outer loop
      vertex 86.6 75.6 2.6
      vertex 86.74683045111453 76.52705098312484 5.6
      vertex 86.74683045111453 76.52705098312484 2.6
    endloop
  endfacet
  facet normal 0 0 -1
    outer loop
      vertex 8.75 100.85000000149012 0
      vertex 67.8066371208127 91.92519456651785 0
      vertex 68.62519456651785 91.10663712081269 0
    endloop
  endfacet
  facet normal 0 0 -1
    outer loop
      vertex 8.75 100.85000000149012 0
      vertex 67.28109088970793 92.95663712081269 0
      vertex 67.8066371208127 91.92519456651785 0
    endloop
  endfacet
  facet normal 0 0 -1
    outer loop
      vertex 8.75 100.85000000149012 0
      vertex 67.1 94.1 0
      vertex 67.28109088970793 92.95663712081269 0
    endloop
  endfacet
  facet normal 0 0 -1
    outer loop
      vertex 8.75 100.85000000149012 0
      vertex 67.28109088970793 95.2433628791873 0
      vertex 67.1 94.1 0
    endloop
  endfacet
  facet normal 0 0 -1
    outer loop
      vertex 8.75 100.85000000149012 0
      vertex 67.8066371208127 96.27480543348214 0
      vertex 67.28109088970793 95.2433628791873 0
    endloop
  endfacet
  facet normal 0 0 -1
    outer loop
      vertex 8.75 100.85000000149012 0
      vertex 68.62519456651785 97.0933628791873 0
      vertex 67.8066371208127 96.27480543348214 0
    endloop
  endfacet
  facet normal 0 0 -1
    outer loop
      vertex 8.75 100.85000000149012 0
      vertex 69.65663712081269 97.61890911029207 0
      vertex 68.62519456651785 97.0933628791873 0
    endloop
  endfacet
  facet normal 0 0 -1
    outer loop
      vertex 8.75 100.85000000149012 0
      vertex 70.8 97.8 0
      vertex 69.65663712081269 97.61890911029207 0
    endloop
  endfacet
  facet normal 0 0 -1
    outer loop
      vertex 8.75 100.85000000149012 0
      vertex 88 98.6 0
      vertex 70.8 97.8 0
    endloop
  endfacet
  facet normal 0 0 -1
    outer loop
      vertex 8.75 100.85000000149012 0
      vertex 88 100.85000000149012 0
      vertex 88 98.6 0
    endloop
  endfacet
  facet normal 0 0 1
    outer loop
      vertex 51.00139065789009 93.67553215590631 1.6
      vertex 51.150532155906305 93.38282548509291 1.6
      vertex 51.150532155906305 94.61717451490709 1.6
    endloop
  endfacet
  facet normal 0 0 1
    outer loop
      vertex 51.150532155906305 93.38282548509291 1.6
      vertex 51.3828254850929 93.1505321559063 1.6
      vertex 51.3828254850929 94.8494678440937 1.6
    endloop
  endfacet
  facet normal 0 0 1
    outer loop
      vertex 51.3828254850929 93.1505321559063 1.6
      vertex 51.6755321559063 93.00139065789008 1.6
      vertex 51.6755321559063 94.99860934210992 1.6
    endloop
  endfacet
  facet normal 0 0 1
    outer loop
      vertex 51.6755321559063 93.00139065789008 1.6
      vertex 52 92.95 1.6
      vertex 52 95.05 1.6
    endloop
  endfacet
  facet normal 0 0 1
    outer loop
      vertex 51.00139065789009 93.67553215590631 1.6
      vertex 51.00139065789009 94.32446784409369 1.6
      vertex 50.95 94 1.6
    endloop
  endfacet
  facet normal 0 0 1
    outer loop
      vertex 51.00139065789009 93.67553215590631 1.6
      vertex 51.150532155906305 94.61717451490709 1.6
      vertex 51.00139065789009 94.32446784409369 1.6
    endloop
  endfacet
  facet normal 0 0 1
    outer loop
      vertex 51.150532155906305 93.38282548509291 1.6
      vertex 51.3828254850929 94.8494678440937 1.6
      vertex 51.150532155906305 94.61717451490709 1.6
    endloop
  endfacet
  facet normal 0 0 1
    outer loop
      vertex 51.3828254850929 93.1505321559063 1.6
      vertex 51.6755321559063 94.99860934210992 1.6
      vertex 51.3828254850929 94.8494678440937 1.6
    endloop
  endfacet
  facet normal 0 0 1
    outer loop
      vertex 51.6755321559063 93.00139065789008 1.6
      vertex 52 95.05 1.6
      vertex 51.6755321559063 94.99860934210992 1.6
    endloop
  endfacet
  facet normal 0 0 1
    outer loop
      vertex 52 92.95 1.6
      vertex 52.3244678440937 93.00139065789008 1.6
      vertex 52.3244678440937 94.99860934210992 1.6
    endloop
  endfacet
  facet normal 0 0 1
    outer loop
      vertex 52.3244678440937 93.00139065789008 1.6
      vertex 52.6171745149071 93.1505321559063 1.6
      vertex 52.6171745149071 94.8494678440937 1.6
    endloop
  endfacet
  facet normal 0 0 1
    outer loop
      vertex 52.6171745149071 93.1505321559063 1.6
      vertex 52.849467844093695 93.38282548509291 1.6
      vertex 52.849467844093695 94.61717451490709 1.6
    endloop
  endfacet
  facet normal 0 0 1
    outer loop
      vertex 52.849467844093695 93.38282548509291 1.6
      vertex 52.99860934210991 93.67553215590631 1.6
      vertex 52.99860934210991 94.32446784409369 1.6
    endloop
  endfacet
  facet normal 0 0 1
    outer loop
      vertex 52 92.95 1.6
      vertex 52.3244678440937 94.99860934210992 1.6
      vertex 52 95.05 1.6
    endloop
  endfacet
  facet normal 0 0 1
    outer loop
      vertex 52.3244678440937 93.00139065789008 1.6
      vertex 52.6171745149071 94.8494678440937 1.6
      vertex 52.3244678440937 94.99860934210992 1.6
    endloop
  endfacet
  facet normal 0 0 1
    outer loop
      vertex 52.6171745149071 93.1505321559063 1.6
      vertex 52.849467844093695 94.61717451490709 1.6
      vertex 52.6171745149071 94.8494678440937 1.6
    endloop
  endfacet
  facet normal 0 0 1
    outer loop
      vertex 52.849467844093695 93.38282548509291 1.6
      vertex 52.99860934210991 94.32446784409369 1.6
      vertex 52.849467844093695 94.61717451490709 1.6
    endloop
  endfacet
  facet normal 0 0 1
    outer loop
      vertex 52.99860934210991 93.67553215590631 1.6
      vertex 53.05 94 1.6
      vertex 52.99860934210991 94.32446784409369 1.6
    endloop
  endfacet
  facet normal 0 1 0
    outer loop
      vertex 8.75 100.85000000149012 2.6
      vertex 88 100.85000000149012 2.6
      vertex 88 100.85000000149012 0
    endloop
  endfacet
  facet normal 0.7071067811865476 0.7071067811865476 0
    outer loop
      vertex 67.8066371208127 91.92519456651785 1.2000000000000002
      vertex 68.62519456651785 91.10663712081269 0
      vertex 67.8066371208127 91.92519456651785 0
    endloop
  endfacet
  facet normal 0.4539904997395527 0.8910065241883649 0
    outer loop
      vertex 68.62519456651785 91.10663712081269 1.2000000000000002
      vertex 69.65663712081269 90.58109088970792 0
      vertex 68.62519456651785 91.10663712081269 0
    endloop
  endfacet
  facet normal 0.15643446504023037 0.9876883405951379 0
    outer loop
      vertex 69.65663712081269 90.58109088970792 1.2000000000000002
      vertex 70.8 90.39999999999999 0
      vertex 69.65663712081269 90.58109088970792 0
    endloop
  endfacet
  facet normal -0.15643446504023037 0.9876883405951379 0
    outer loop
      vertex 70.8 90.39999999999999 1.2000000000000002
      vertex 71.9433628791873 90.58109088970792 0
      vertex 70.8 90.39999999999999 0
    endloop
  endfacet
  facet normal 0.8910065241883649 0.4539904997395527 0
    outer loop
      vertex 67.28109088970793 92.95663712081269 1.2000000000000002
      vertex 67.8066371208127 91.92519456651785 0
      vertex 67.28109088970793 92.95663712081269 0
    endloop
  endfacet
  facet normal 0.9876883405951379 0.15643446504023037 0
    outer loop
      vertex 67.1 94.1 1.2000000000000002
      vertex 67.28109088970793 92.95663712081269 0
      vertex 67.1 94.1 0
    endloop
  endfacet
  facet normal -0.4539904997395527 0.8910065241883649 0
    outer loop
      vertex 71.9433628791873 90.58109088970792 1.2000000000000002
      vertex 72.97480543348215 91.10663712081269 0
      vertex 71.9433628791873 90.58109088970792 0
    endloop
  endfacet
  facet normal -0.7071067811865476 0.7071067811865476 0
    outer loop
      vertex 72.97480543348215 91.10663712081269 1.2000000000000002
      vertex 73.7933628791873 91.92519456651785 0
      vertex 72.97480543348215 91.10663712081269 0
    endloop
  endfacet
  facet normal -0.8910065241883649 0.4539904997395527 0
    outer loop
      vertex 73.7933628791873 91.92519456651785 1.2000000000000002
      vertex 74.31890911029207 92.95663712081269 0
      vertex 73.7933628791873 91.92519456651785 0
    endloop
  endfacet
  facet normal -0.9876883405951379 0.15643446504023037 0
    outer loop
      vertex 74.31890911029207 92.95663712081269 1.2000000000000002
      vertex 74.5 94.1 0
      vertex 74.31890911029207 92.95663712081269 0
    endloop
  endfacet
  facet normal -0.9876883405951379 -0.15643446504023037 0
    outer loop
      vertex 74.5 94.1 1.2000000000000002
      vertex 74.31890911029207 95.2433628791873 0
      vertex 74.5 94.1 0
    endloop
  endfacet
  facet normal 0.4539904997395527 0.8910065241883649 0
    outer loop
      vertex 69.65663712081269 90.58109088970792 1.2000000000000002
      vertex 69.65663712081269 90.58109088970792 0
      vertex 68.62519456651785 91.10663712081269 1.2000000000000002
    endloop
  endfacet
  facet normal 0.7071067811865476 0.7071067811865476 0
    outer loop
      vertex 68.62519456651785 91.10663712081269 1.2000000000000002
      vertex 68.62519456651785 91.10663712081269 0
      vertex 67.8066371208127 91.92519456651785 1.2000000000000002
    endloop
  endfacet
  facet normal 0.15643446504023037 0.9876883405951379 -6.82643315046016e-18
    outer loop
      vertex 69.65663712081269 90.58109088970792 1.2000000000000002
      vertex 70.8 90.39999999999999 1.2000000000000002
      vertex 70.8 90.39999999999999 0
    endloop
  endfacet
  facet normal -0.15643446504023037 0.9876883405951379 6.82643315046016e-18
    outer loop
      vertex 70.8 90.39999999999999 1.2000000000000002
      vertex 71.9433628791873 90.58109088970792 1.2000000000000002
      vertex 71.9433628791873 90.58109088970792 0
    endloop
  endfacet
  facet normal 0.8910065241883649 0.4539904997395527 0
    outer loop
      vertex 67.8066371208127 91.92519456651785 1.2000000000000002
      vertex 67.8066371208127 91.92519456651785 0
      vertex 67.28109088970793 92.95663712081269 1.2000000000000002
    endloop
  endfacet
  facet normal 0.9876883405951379 0.15643446504023037 0
    outer loop
      vertex 67.28109088970793 92.95663712081269 1.2000000000000002
      vertex 67.28109088970793 92.95663712081269 0
      vertex 67.1 94.1 1.2000000000000002
    endloop
  endfacet
  facet normal 0.9876883405951379 -0.15643446504023037 0
    outer loop
      vertex 67.1 94.1 1.2000000000000002
      vertex 67.1 94.1 0
      vertex 67.28109088970793 95.2433628791873 1.2000000000000002
    endloop
  endfacet
  facet normal -0.4539904997395527 0.8910065241883649 4.248789059268591e-18
    outer loop
      vertex 71.9433628791873 90.58109088970792 1.2000000000000002
      vertex 72.97480543348215 91.10663712081269 1.2000000000000002
      vertex 72.97480543348215 91.10663712081269 0
    endloop
  endfacet
  facet normal -0.7071067811865476 0.7071067811865476 2.803116289644778e-17
    outer loop
      vertex 72.97480543348215 91.10663712081269 1.2000000000000002
      vertex 73.7933628791873 91.92519456651785 1.2000000000000002
      vertex 73.7933628791873 91.92519456651785 0
    endloop
  endfacet
  facet normal -0.8910065241883649 0.4539904997395527 4.248789059268591e-18
    outer loop
      vertex 73.7933628791873 91.92519456651785 1.2000000000000002
      vertex 74.31890911029207 92.95663712081269 1.2000000000000002
      vertex 74.31890911029207 92.95663712081269 0
    endloop
  endfacet
  facet normal -0.9876883405951379 0.15643446504023037 6.82643315046016e-18
    outer loop
      vertex 74.31890911029207 92.95663712081269 1.2000000000000002
      vertex 74.5 94.1 1.2000000000000002
      vertex 74.5 94.1 0
    endloop
  endfacet
  facet normal 0.9876883405951379 -0.15643446504023037 0
    outer loop
      vertex 67.28109088970793 95.2433628791873 1.2000000000000002
      vertex 67.1 94.1 0
      vertex 67.28109088970793 95.2433628791873 0
    endloop
  endfacet
  facet normal 0.8910065241883649 -0.4539904997395527 0
    outer loop
      vertex 67.8066371208127 96.27480543348214 1.2000000000000002
      vertex 67.28109088970793 95.2433628791873 0
      vertex 67.8066371208127 96.27480543348214 0
    endloop
  endfacet
  facet normal 0.7071067811865476 -0.7071067811865476 0
    outer loop
      vertex 68.62519456651785 97.0933628791873 1.2000000000000002
      vertex 67.8066371208127 96.27480543348214 0
      vertex 68.62519456651785 97.0933628791873 0
    endloop
  endfacet
  facet normal 0.4539904997395527 -0.8910065241883649 0
    outer loop
      vertex 69.65663712081269 97.61890911029207 1.2000000000000002
      vertex 68.62519456651785 97.0933628791873 0
      vertex 69.65663712081269 97.61890911029207 0
    endloop
  endfacet
  facet normal 0.15643446504023037 -0.9876883405951379 0
    outer loop
      vertex 70.8 97.8 1.2000000000000002
      vertex 69.65663712081269 97.61890911029207 0
      vertex 70.8 97.8 0
    endloop
  endfacet
  facet normal -0.15643446504023037 -0.9876883405951379 0
    outer loop
      vertex 71.9433628791873 97.61890911029207 1.2000000000000002
      vertex 70.8 97.8 0
      vertex 71.9433628791873 97.61890911029207 0
    endloop
  endfacet
  facet normal -0.8910065241883649 -0.4539904997395527 0
    outer loop
      vertex 74.31890911029207 95.2433628791873 1.2000000000000002
      vertex 73.7933628791873 96.27480543348214 0
      vertex 74.31890911029207 95.2433628791873 0
    endloop
  endfacet
  facet normal -0.4539904997395527 -0.8910065241883649 0
    outer loop
      vertex 72.97480543348215 97.0933628791873 1.2000000000000002
      vertex 71.9433628791873 97.61890911029207 0
      vertex 72.97480543348215 97.0933628791873 0
    endloop
  endfacet
  facet normal -0.7071067811865476 -0.7071067811865476 0
    outer loop
      vertex 73.7933628791873 96.27480543348214 1.2000000000000002
      vertex 72.97480543348215 97.0933628791873 0
      vertex 73.7933628791873 96.27480543348214 0
    endloop
  endfacet
  facet normal 0 0 -1
    outer loop
      vertex 71.9433628791873 97.61890911029207 0
      vertex 70.8 97.8 0
      vertex 88 98.6 0
    endloop
  endfacet
  facet normal 0.8910065241883649 -0.4539904997395527 0
    outer loop
      vertex 67.28109088970793 95.2433628791873 1.2000000000000002
      vertex 67.28109088970793 95.2433628791873 0
      vertex 67.8066371208127 96.27480543348214 1.2000000000000002
    endloop
  endfacet
  facet normal 0.7071067811865476 -0.7071067811865476 0
    outer loop
      vertex 67.8066371208127 96.27480543348214 1.2000000000000002
      vertex 67.8066371208127 96.27480543348214 0
      vertex 68.62519456651785 97.0933628791873 1.2000000000000002
    endloop
  endfacet
  facet normal 0.4539904997395527 -0.8910065241883649 0
    outer loop
      vertex 68.62519456651785 97.0933628791873 1.2000000000000002
      vertex 68.62519456651785 97.0933628791873 0
      vertex 69.65663712081269 97.61890911029207 1.2000000000000002
    endloop
  endfacet
  facet normal 0.15643446504023037 -0.9876883405951379 0
    outer loop
      vertex 69.65663712081269 97.61890911029207 1.2000000000000002
      vertex 69.65663712081269 97.61890911029207 0
      vertex 70.8 97.8 1.2000000000000002
    endloop
  endfacet
  facet normal -0.15643446504023037 -0.9876883405951379 0
    outer loop
      vertex 70.8 97.8 1.2000000000000002
      vertex 70.8 97.8 0
      vertex 71.9433628791873 97.61890911029207 1.2000000000000002
    endloop
  endfacet
  facet normal -0.9876883405951379 -0.15643446504023037 -6.82643315046016e-18
    outer loop
      vertex 74.5 94.1 1.2000000000000002
      vertex 74.31890911029207 95.2433628791873 1.2000000000000002
      vertex 74.31890911029207 95.2433628791873 0
    endloop
  endfacet
  facet normal -0.8910065241883649 -0.4539904997395527 0
    outer loop
      vertex 73.7933628791873 96.27480543348214 1.2000000000000002
      vertex 73.7933628791873 96.27480543348214 0
      vertex 74.31890911029207 95.2433628791873 1.2000000000000002
    endloop
  endfacet
  facet normal -0.7071067811865476 -0.7071067811865476 -2.803116289644778e-17
    outer loop
      vertex 73.7933628791873 96.27480543348214 1.2000000000000002
      vertex 72.97480543348215 97.0933628791873 1.2000000000000002
      vertex 72.97480543348215 97.0933628791873 0
    endloop
  endfacet
  facet normal -0.4539904997395527 -0.8910065241883649 -4.248789059268591e-18
    outer loop
      vertex 72.97480543348215 97.0933628791873 1.2000000000000002
      vertex 71.9433628791873 97.61890911029207 1.2000000000000002
      vertex 71.9433628791873 97.61890911029207 0
    endloop
  endfacet
  facet normal 0 0 -1
    outer loop
      vertex 71.9433628791873 97.61890911029207 0
      vertex 88 98.6 0
      vertex 72.97480543348215 97.0933628791873 0
    endloop
  endfacet
  facet normal 0 0 -1
    outer loop
      vertex 72.97480543348215 97.0933628791873 0
      vertex 88 98.6 0
      vertex 73.7933628791873 96.27480543348214 0
    endloop
  endfacet
  facet normal 0 0 -1
    outer loop
      vertex 73.7933628791873 96.27480543348214 0
      vertex 88 98.6 0
      vertex 74.31890911029207 95.2433628791873 0
    endloop
  endfacet
  facet normal 0 0 -1
    outer loop
      vertex 69.65663712081269 90.58109088970792 1.2000000000000002
      vertex 68.62519456651785 91.10663712081269 1.2000000000000002
      vertex 69.50687244495656 92.32016261237511 1.2000000000000002
    endloop
  endfacet
  facet normal 0 0 -1
    outer loop
      vertex 69.65663712081269 90.58109088970792 1.2000000000000002
      vertex 69.50687244495656 92.32016261237511 1.2000000000000002
      vertex 70.12016261237511 92.00767566415065 1.2000000000000002
    endloop
  endfacet
  facet normal 0 0 -1
    outer loop
      vertex 69.65663712081269 90.58109088970792 1.2000000000000002
      vertex 70.8 91.89999999999999 1.2000000000000002
      vertex 70.8 90.39999999999999 1.2000000000000002
    endloop
  endfacet
  facet normal 0 0 -1
    outer loop
      vertex 69.65663712081269 90.58109088970792 1.2000000000000002
      vertex 70.12016261237511 92.00767566415065 1.2000000000000002
      vertex 70.8 91.89999999999999 1.2000000000000002
    endloop
  endfacet
  facet normal 0 0 -1
    outer loop
      vertex 70.8 90.39999999999999 1.2000000000000002
      vertex 70.8 91.89999999999999 1.2000000000000002
      vertex 71.47983738762488 92.00767566415065 1.2000000000000002
    endloop
  endfacet
  facet normal 0 0 -1
    outer loop
      vertex 70.8 90.39999999999999 1.2000000000000002
      vertex 71.47983738762488 92.00767566415065 1.2000000000000002
      vertex 71.9433628791873 90.58109088970792 1.2000000000000002
    endloop
  endfacet
  facet normal 0 0 -1
    outer loop
      vertex 71.9433628791873 90.58109088970792 1.2000000000000002
      vertex 71.47983738762488 92.00767566415065 1.2000000000000002
      vertex 72.09312755504344 92.32016261237511 1.2000000000000002
    endloop
  endfacet
  facet normal 0 0 -1
    outer loop
      vertex 68.62519456651785 91.10663712081269 1.2000000000000002
      vertex 68.70767566415066 93.42016261237511 1.2000000000000002
      vertex 69.02016261237512 92.80687244495655 1.2000000000000002
    endloop
  endfacet
  facet normal 0 0 -1
    outer loop
      vertex 68.62519456651785 91.10663712081269 1.2000000000000002
      vertex 69.02016261237512 92.80687244495655 1.2000000000000002
      vertex 69.50687244495656 92.32016261237511 1.2000000000000002
    endloop
  endfacet
  facet normal 0 0 -1
    outer loop
      vertex 68.62519456651785 91.10663712081269 1.2000000000000002
      vertex 67.8066371208127 91.92519456651785 1.2000000000000002
      vertex 67.8066371208127 96.27480543348214 1.2000000000000002
    endloop
  endfacet
  facet normal 0 0 -1
    outer loop
      vertex 67.8066371208127 91.92519456651785 1.2000000000000002
      vertex 67.28109088970793 92.95663712081269 1.2000000000000002
      vertex 67.28109088970793 95.2433628791873 1.2000000000000002
    endloop
  endfacet
  facet normal 0 0 -1
    outer loop
      vertex 67.28109088970793 92.95663712081269 1.2000000000000002
      vertex 67.1 94.1 1.2000000000000002
      vertex 67.28109088970793 95.2433628791873 1.2000000000000002
    endloop
  endfacet
  facet normal 0 0 -1
    outer loop
      vertex 67.8066371208127 91.92519456651785 1.2000000000000002
      vertex 67.28109088970793 95.2433628791873 1.2000000000000002
      vertex 67.8066371208127 96.27480543348214 1.2000000000000002
    endloop
  endfacet
  facet normal 0 0 -1
    outer loop
      vertex 68.62519456651785 91.10663712081269 1.2000000000000002
      vertex 67.8066371208127 96.27480543348214 1.2000000000000002
      vertex 68.70767566415066 93.42016261237511 1.2000000000000002
    endloop
  endfacet
  facet normal 0 0 -1
    outer loop
      vertex 68.70767566415066 93.42016261237511 1.2000000000000002
      vertex 67.8066371208127 96.27480543348214 1.2000000000000002
      vertex 68.6 94.1 1.2000000000000002
    endloop
  endfacet
  facet normal 0 0 -1
    outer loop
      vertex 71.9433628791873 90.58109088970792 1.2000000000000002
      vertex 72.09312755504344 92.32016261237511 1.2000000000000002
      vertex 72.97480543348215 91.10663712081269 1.2000000000000002
    endloop
  endfacet
  facet normal 0 0 -1
    outer loop
      vertex 72.09312755504344 92.32016261237511 1.2000000000000002
      vertex 72.57983738762488 92.80687244495655 1.2000000000000002
      vertex 72.97480543348215 91.10663712081269 1.2000000000000002
    endloop
  endfacet
  facet normal 0 0 -1
    outer loop
      vertex 72.97480543348215 91.10663712081269 1.2000000000000002
      vertex 72.57983738762488 92.80687244495655 1.2000000000000002
      vertex 72.89232433584934 93.42016261237511 1.2000000000000002
    endloop
  endfacet
  facet normal 0 0 -1
    outer loop
      vertex 72.97480543348215 91.10663712081269 1.2000000000000002
      vertex 73 94.1 1.2000000000000002
      vertex 73.7933628791873 91.92519456651785 1.2000000000000002
    endloop
  endfacet
  facet normal 0 0 -1
    outer loop
      vertex 72.97480543348215 91.10663712081269 1.2000000000000002
      vertex 72.89232433584934 93.42016261237511 1.2000000000000002
      vertex 73 94.1 1.2000000000000002
    endloop
  endfacet
  facet normal 0 0 -1
    outer loop
      vertex 73.7933628791873 91.92519456651785 1.2000000000000002
      vertex 73 94.1 1.2000000000000002
      vertex 72.89232433584934 94.77983738762488 1.2000000000000002
    endloop
  endfacet
  facet normal 0 0 -1
    outer loop
      vertex 73.7933628791873 91.92519456651785 1.2000000000000002
      vertex 72.89232433584934 94.77983738762488 1.2000000000000002
      vertex 72.97480543348215 97.0933628791873 1.2000000000000002
    endloop
  endfacet
  facet normal 0 0 -1
    outer loop
      vertex 73.7933628791873 91.92519456651785 1.2000000000000002
      vertex 73.7933628791873 96.27480543348214 1.2000000000000002
      vertex 74.31890911029207 92.95663712081269 1.2000000000000002
    endloop
  endfacet
  facet normal 0 0 -1
    outer loop
      vertex 74.31890911029207 92.95663712081269 1.2000000000000002
      vertex 74.31890911029207 95.2433628791873 1.2000000000000002
      vertex 74.5 94.1 1.2000000000000002
    endloop
  endfacet
  facet normal 0.7071067811865475 0.7071067811865475 -1.1672321821621476e-17
    outer loop
      vertex 69.50687244495656 92.32016261237511 1.2000000000000002
      vertex 69.02016261237512 92.80687244495655 1.2000000000000002
      vertex 69.02016261237512 92.80687244495655 2.6
    endloop
  endfacet
  facet normal 0.8910065241883631 0.45399049973955596 0
    outer loop
      vertex 68.70767566415066 93.42016261237511 1.2000000000000002
      vertex 68.70767566415066 93.42016261237511 2.6
      vertex 69.02016261237512 92.80687244495655 1.2000000000000002
    endloop
  endfacet
  facet normal 0.9876883405951379 0.15643446504023029 3.089232501936788e-18
    outer loop
      vertex 68.70767566415066 93.42016261237511 1.2000000000000002
      vertex 68.6 94.1 1.2000000000000002
      vertex 68.6 94.1 2.6
    endloop
  endfacet
  facet normal 0.9876883405951379 -0.15643446504023029 -3.089232501936788e-18
    outer loop
      vertex 68.6 94.1 1.2000000000000002
      vertex 68.70767566415066 94.77983738762488 1.2000000000000002
      vertex 68.70767566415066 94.77983738762488 2.6
    endloop
  endfacet
  facet normal 0.45399049973955596 0.8910065241883631 0
    outer loop
      vertex 69.50687244495656 92.32016261237511 1.2000000000000002
      vertex 69.50687244495656 92.32016261237511 2.6
      vertex 70.12016261237511 92.00767566415065 1.2000000000000002
    endloop
  endfacet
  facet normal 0.15643446504023029 0.9876883405951379 0
    outer loop
      vertex 70.12016261237511 92.00767566415065 1.2000000000000002
      vertex 70.12016261237511 92.00767566415065 2.6
      vertex 70.8 91.89999999999999 1.2000000000000002
    endloop
  endfacet
  facet normal -0.15643446504023029 0.9876883405951379 0
    outer loop
      vertex 70.8 91.89999999999999 1.2000000000000002
      vertex 70.8 91.89999999999999 2.6
      vertex 71.47983738762488 92.00767566415065 1.2000000000000002
    endloop
  endfacet
  facet normal -0.45399049973955596 0.8910065241883631 0
    outer loop
      vertex 71.47983738762488 92.00767566415065 1.2000000000000002
      vertex 71.47983738762488 92.00767566415065 2.6
      vertex 72.09312755504344 92.32016261237511 1.2000000000000002
    endloop
  endfacet
  facet normal -0.7071067811865475 0.7071067811865475 0
    outer loop
      vertex 72.09312755504344 92.32016261237511 1.2000000000000002
      vertex 72.09312755504344 92.32016261237511 2.6
      vertex 72.57983738762488 92.80687244495655 1.2000000000000002
    endloop
  endfacet
  facet normal -0.8910065241883631 0.45399049973955596 0
    outer loop
      vertex 72.57983738762488 92.80687244495655 1.2000000000000002
      vertex 72.57983738762488 92.80687244495655 2.6
      vertex 72.89232433584934 93.42016261237511 1.2000000000000002
    endloop
  endfacet
  facet normal -0.9876883405951379 0.15643446504023029 0
    outer loop
      vertex 72.89232433584934 93.42016261237511 1.2000000000000002
      vertex 72.89232433584934 93.42016261237511 2.6
      vertex 73 94.1 1.2000000000000002
    endloop
  endfacet
  facet normal -0.9876883405951379 -0.15643446504023029 0
    outer loop
      vertex 73 94.1 1.2000000000000002
      vertex 73 94.1 2.6
      vertex 72.89232433584934 94.77983738762488 1.2000000000000002
    endloop
  endfacet
  facet normal 0 0 -1
    outer loop
      vertex 68.6 94.1 1.2000000000000002
      vertex 68.62519456651785 97.0933628791873 1.2000000000000002
      vertex 68.70767566415066 94.77983738762488 1.2000000000000002
    endloop
  endfacet
  facet normal 0 0 -1
    outer loop
      vertex 68.6 94.1 1.2000000000000002
      vertex 67.8066371208127 96.27480543348214 1.2000000000000002
      vertex 68.62519456651785 97.0933628791873 1.2000000000000002
    endloop
  endfacet
  facet normal 0 0 -1
    outer loop
      vertex 68.70767566415066 94.77983738762488 1.2000000000000002
      vertex 68.62519456651785 97.0933628791873 1.2000000000000002
      vertex 69.02016261237512 95.39312755504343 1.2000000000000002
    endloop
  endfacet
  facet normal 0 0 -1
    outer loop
      vertex 68.62519456651785 97.0933628791873 1.2000000000000002
      vertex 69.50687244495656 95.87983738762487 1.2000000000000002
      vertex 69.02016261237512 95.39312755504343 1.2000000000000002
    endloop
  endfacet
  facet normal 0 0 -1
    outer loop
      vertex 68.62519456651785 97.0933628791873 1.2000000000000002
      vertex 69.65663712081269 97.61890911029207 1.2000000000000002
      vertex 69.50687244495656 95.87983738762487 1.2000000000000002
    endloop
  endfacet
  facet normal 0 0 -1
    outer loop
      vertex 69.50687244495656 95.87983738762487 1.2000000000000002
      vertex 69.65663712081269 97.61890911029207 1.2000000000000002
      vertex 70.12016261237511 96.19232433584934 1.2000000000000002
    endloop
  endfacet
  facet normal 0 0 -1
    outer loop
      vertex 70.12016261237511 96.19232433584934 1.2000000000000002
      vertex 70.8 97.8 1.2000000000000002
      vertex 70.8 96.3 1.2000000000000002
    endloop
  endfacet
  facet normal 0 0 -1
    outer loop
      vertex 70.12016261237511 96.19232433584934 1.2000000000000002
      vertex 69.65663712081269 97.61890911029207 1.2000000000000002
      vertex 70.8 97.8 1.2000000000000002
    endloop
  endfacet
  facet normal 0 0 -1
    outer loop
      vertex 72.09312755504344 95.87983738762487 1.2000000000000002
      vertex 71.47983738762488 96.19232433584934 1.2000000000000002
      vertex 71.9433628791873 97.61890911029207 1.2000000000000002
    endloop
  endfacet
  facet normal 0 0 -1
    outer loop
      vertex 70.8 96.3 1.2000000000000002
      vertex 71.9433628791873 97.61890911029207 1.2000000000000002
      vertex 71.47983738762488 96.19232433584934 1.2000000000000002
    endloop
  endfacet
  facet normal 0 0 -1
    outer loop
      vertex 70.8 96.3 1.2000000000000002
      vertex 70.8 97.8 1.2000000000000002
      vertex 71.9433628791873 97.61890911029207 1.2000000000000002
    endloop
  endfacet
  facet normal 0 0 -1
    outer loop
      vertex 72.57983738762488 95.39312755504343 1.2000000000000002
      vertex 72.09312755504344 95.87983738762487 1.2000000000000002
      vertex 72.97480543348215 97.0933628791873 1.2000000000000002
    endloop
  endfacet
  facet normal 0 0 -1
    outer loop
      vertex 72.57983738762488 95.39312755504343 1.2000000000000002
      vertex 72.97480543348215 97.0933628791873 1.2000000000000002
      vertex 72.89232433584934 94.77983738762488 1.2000000000000002
    endloop
  endfacet
  facet normal 0 0 -1
    outer loop
      vertex 73.7933628791873 91.92519456651785 1.2000000000000002
      vertex 72.97480543348215 97.0933628791873 1.2000000000000002
      vertex 73.7933628791873 96.27480543348214 1.2000000000000002
    endloop
  endfacet
  facet normal 0 0 -1
    outer loop
      vertex 74.31890911029207 92.95663712081269 1.2000000000000002
      vertex 73.7933628791873 96.27480543348214 1.2000000000000002
      vertex 74.31890911029207 95.2433628791873 1.2000000000000002
    endloop
  endfacet
  facet normal 0 0 -1
    outer loop
      vertex 72.09312755504344 95.87983738762487 1.2000000000000002
      vertex 71.9433628791873 97.61890911029207 1.2000000000000002
      vertex 72.97480543348215 97.0933628791873 1.2000000000000002
    endloop
  endfacet
  facet normal 0.8910065241883631 -0.45399049973955596 3.892830246856403e-18
    outer loop
      vertex 68.70767566415066 94.77983738762488 1.2000000000000002
      vertex 69.02016261237512 95.39312755504343 1.2000000000000002
      vertex 69.02016261237512 95.39312755504343 2.6
    endloop
  endfacet
  facet normal 0.7071067811865475 -0.7071067811865475 1.1672321821621476e-17
    outer loop
      vertex 69.02016261237512 95.39312755504343 1.2000000000000002
      vertex 69.50687244495656 95.87983738762487 1.2000000000000002
      vertex 69.50687244495656 95.87983738762487 2.6
    endloop
  endfacet
  facet normal 0.45399049973955596 -0.8910065241883631 3.892830246856403e-18
    outer loop
      vertex 69.50687244495656 95.87983738762487 1.2000000000000002
      vertex 70.12016261237511 96.19232433584934 1.2000000000000002
      vertex 70.12016261237511 96.19232433584934 2.6
    endloop
  endfacet
  facet normal 0.15643446504023029 -0.9876883405951379 -3.089232501936788e-18
    outer loop
      vertex 70.12016261237511 96.19232433584934 1.2000000000000002
      vertex 70.8 96.3 1.2000000000000002
      vertex 70.8 96.3 2.6
    endloop
  endfacet
  facet normal -0.15643446504023029 -0.9876883405951379 3.089232501936788e-18
    outer loop
      vertex 70.8 96.3 1.2000000000000002
      vertex 71.47983738762488 96.19232433584934 1.2000000000000002
      vertex 71.47983738762488 96.19232433584934 2.6
    endloop
  endfacet
  facet normal -0.45399049973955596 -0.8910065241883631 0
    outer loop
      vertex 72.09312755504344 95.87983738762487 1.2000000000000002
      vertex 72.09312755504344 95.87983738762487 2.6
      vertex 71.47983738762488 96.19232433584934 1.2000000000000002
    endloop
  endfacet
  facet normal -0.8910065241883631 -0.45399049973955596 -3.892830246856403e-18
    outer loop
      vertex 72.57983738762488 95.39312755504343 1.2000000000000002
      vertex 72.89232433584934 94.77983738762488 1.2000000000000002
      vertex 72.89232433584934 94.77983738762488 2.6
    endloop
  endfacet
  facet normal -0.7071067811865475 -0.7071067811865475 0
    outer loop
      vertex 72.57983738762488 95.39312755504343 1.2000000000000002
      vertex 72.57983738762488 95.39312755504343 2.6
      vertex 72.09312755504344 95.87983738762487 1.2000000000000002
    endloop
  endfacet
  facet normal 0 0 1
    outer loop
      vertex 87.83664424312258 73.17294901687515 2.6
      vertex 52 91 2.6
      vertex 51.07294901687516 91.14683045111454 2.6
    endloop
  endfacet
  facet normal 0 0 1
    outer loop
      vertex 87.17294901687515 73.83664424312258 2.6
      vertex 52.92705098312484 91.14683045111454 2.6
      vertex 52 91 2.6
    endloop
  endfacet
  facet normal 0 0 1
    outer loop
      vertex 86.74683045111453 74.67294901687515 2.6
      vertex 53.76335575687742 91.57294901687516 2.6
      vertex 52.92705098312484 91.14683045111454 2.6
    endloop
  endfacet
  facet normal 0 0 1
    outer loop
      vertex 8.75 100.85000000149012 2.6
      vertex 52 97 2.6
      vertex 88 100.85000000149012 2.6
    endloop
  endfacet
  facet normal 0 0 1
    outer loop
      vertex 54.85316954888546 93.07294901687516 2.6
      vertex 68.70767566415066 93.42016261237511 2.6
      vertex 55 94 2.6
    endloop
  endfacet
  facet normal 0 0 1
    outer loop
      vertex 55 94 2.6
      vertex 68.70767566415066 94.77983738762488 2.6
      vertex 54.85316954888546 94.92705098312484 2.6
    endloop
  endfacet
  facet normal 0 0 1
    outer loop
      vertex 53.76335575687742 91.57294901687516 2.6
      vertex 87.17294901687515 89.83664424312258 2.6
      vertex 54.42705098312484 92.23664424312258 2.6
    endloop
  endfacet
  facet normal 0 0 1
    outer loop
      vertex 54.42705098312484 92.23664424312258 2.6
      vertex 86.74683045111453 90.67294901687515 2.6
      vertex 54.85316954888546 93.07294901687516 2.6
    endloop
  endfacet
  facet normal 0 0 1
    outer loop
      vertex 54.85316954888546 93.07294901687516 2.6
      vertex 70.8 91.89999999999999 2.6
      vertex 70.12016261237511 92.00767566415065 2.6
    endloop
  endfacet
  facet normal 0 0 1
    outer loop
      vertex 54.85316954888546 93.07294901687516 2.6
      vertex 69.50687244495656 92.32016261237511 2.6
      vertex 69.02016261237512 92.80687244495655 2.6
    endloop
  endfacet
  facet normal 0 0 1
    outer loop
      vertex 54.85316954888546 93.07294901687516 2.6
      vertex 69.02016261237512 92.80687244495655 2.6
      vertex 68.70767566415066 93.42016261237511 2.6
    endloop
  endfacet
  facet normal 0 0 1
    outer loop
      vertex 54.85316954888546 93.07294901687516 2.6
      vertex 70.12016261237511 92.00767566415065 2.6
      vertex 69.50687244495656 92.32016261237511 2.6
    endloop
  endfacet
  facet normal 0 0 1
    outer loop
      vertex 55 94 2.6
      vertex 68.70767566415066 93.42016261237511 2.6
      vertex 68.6 94.1 2.6
    endloop
  endfacet
  facet normal 0 0 1
    outer loop
      vertex 55 94 2.6
      vertex 68.6 94.1 2.6
      vertex 68.70767566415066 94.77983738762488 2.6
    endloop
  endfacet
  facet normal 0 0 1
    outer loop
      vertex 54.42705098312484 95.76335575687742 2.6
      vertex 54.85316954888546 94.92705098312484 2.6
      vertex 69.02016261237512 95.39312755504343 2.6
    endloop
  endfacet
  facet normal 0 0 1
    outer loop
      vertex 54.42705098312484 95.76335575687742 2.6
      vertex 69.02016261237512 95.39312755504343 2.6
      vertex 53.76335575687742 96.42705098312484 2.6
    endloop
  endfacet
  facet normal 0 0 1
    outer loop
      vertex 52.92705098312484 96.85316954888546 2.6
      vertex 53.76335575687742 96.42705098312484 2.6
      vertex 69.50687244495656 95.87983738762487 2.6
    endloop
  endfacet
  facet normal 0 0 1
    outer loop
      vertex 54.85316954888546 94.92705098312484 2.6
      vertex 68.70767566415066 94.77983738762488 2.6
      vertex 69.02016261237512 95.39312755504343 2.6
    endloop
  endfacet
  facet normal 0 0 1
    outer loop
      vertex 53.76335575687742 96.42705098312484 2.6
      vertex 69.02016261237512 95.39312755504343 2.6
      vertex 69.50687244495656 95.87983738762487 2.6
    endloop
  endfacet
  facet normal 0 0 1
    outer loop
      vertex 52.92705098312484 96.85316954888546 2.6
      vertex 69.50687244495656 95.87983738762487 2.6
      vertex 70.12016261237511 96.19232433584934 2.6
    endloop
  endfacet
  facet normal 0 0 1
    outer loop
      vertex 52.92705098312484 96.85316954888546 2.6
      vertex 70.12016261237511 96.19232433584934 2.6
      vertex 70.8 96.3 2.6
    endloop
  endfacet
  facet normal 0 0 1
    outer loop
      vertex 52 97 2.6
      vertex 52.92705098312484 96.85316954888546 2.6
      vertex 88 98.6 2.6
    endloop
  endfacet
  facet normal 0.4539904997395564 0.891006524188363 0
    outer loop
      vertex 51.3828254850929 93.1505321559063 1.6
      vertex 51.3828254850929 93.1505321559063 5.6
      vertex 51.6755321559063 93.00139065789008 1.6
    endloop
  endfacet
  facet normal 0.15643446504020872 0.9876883405951412 0
    outer loop
      vertex 51.6755321559063 93.00139065789008 1.6
      vertex 51.6755321559063 93.00139065789008 5.6
      vertex 52 92.95 1.6
    endloop
  endfacet
  facet normal -0.15643446504020872 0.9876883405951412 0
    outer loop
      vertex 52 92.95 1.6
      vertex 52 92.95 5.6
      vertex 52.3244678440937 93.00139065789008 1.6
    endloop
  endfacet
  facet normal -0.4539904997395564 0.891006524188363 0
    outer loop
      vertex 52.3244678440937 93.00139065789008 1.6
      vertex 52.3244678440937 93.00139065789008 5.6
      vertex 52.6171745149071 93.1505321559063 1.6
    endloop
  endfacet
  facet normal 0.8910065241883718 0.4539904997395392 0
    outer loop
      vertex 51.00139065789009 93.67553215590631 1.6
      vertex 51.00139065789009 93.67553215590631 5.6
      vertex 51.150532155906305 93.38282548509291 1.6
    endloop
  endfacet
  facet normal 0.7071067811865583 0.7071067811865367 0
    outer loop
      vertex 51.150532155906305 93.38282548509291 1.6
      vertex 51.150532155906305 93.38282548509291 5.6
      vertex 51.3828254850929 93.1505321559063 1.6
    endloop
  endfacet
  facet normal 0.9876883405951374 0.15643446504023317 -4.205784557166671e-20
    outer loop
      vertex 51.00139065789009 93.67553215590631 1.6
      vertex 50.95 94 1.6
      vertex 50.95 94 5.6
    endloop
  endfacet
  facet normal 0.9876883405951374 -0.15643446504023317 4.205784557166671e-20
    outer loop
      vertex 50.95 94 1.6
      vertex 51.00139065789009 94.32446784409369 1.6
      vertex 51.00139065789009 94.32446784409369 5.6
    endloop
  endfacet
  facet normal 0.8910065241883718 -0.4539904997395392 -2.048236765346846e-18
    outer loop
      vertex 51.00139065789009 94.32446784409369 1.6
      vertex 51.150532155906305 94.61717451490709 1.6
      vertex 51.150532155906305 94.61717451490709 5.6
    endloop
  endfacet
  facet normal -0.7071067811865583 0.7071067811865367 0
    outer loop
      vertex 52.6171745149071 93.1505321559063 1.6
      vertex 52.6171745149071 93.1505321559063 5.6
      vertex 52.849467844093695 93.38282548509291 1.6
    endloop
  endfacet
  facet normal -0.8910065241883718 0.4539904997395392 0
    outer loop
      vertex 52.849467844093695 93.38282548509291 1.6
      vertex 52.849467844093695 93.38282548509291 5.6
      vertex 52.99860934210991 93.67553215590631 1.6
    endloop
  endfacet
  facet normal -0.9876883405951374 0.15643446504023317 0
    outer loop
      vertex 52.99860934210991 93.67553215590631 1.6
      vertex 52.99860934210991 93.67553215590631 5.6
      vertex 53.05 94 1.6
    endloop
  endfacet
  facet normal -0.9876883405951374 -0.15643446504023317 0
    outer loop
      vertex 53.05 94 1.6
      vertex 53.05 94 5.6
      vertex 52.99860934210991 94.32446784409369 1.6
    endloop
  endfacet
  facet normal -0.8910065241883718 -0.4539904997395392 2.048236765346846e-18
    outer loop
      vertex 52.849467844093695 94.61717451490709 1.6
      vertex 52.99860934210991 94.32446784409369 1.6
      vertex 52.99860934210991 94.32446784409369 5.6
    endloop
  endfacet
  facet normal -0.7071067811865583 -0.7071067811865367 0
    outer loop
      vertex 52.849467844093695 94.61717451490709 1.6
      vertex 52.849467844093695 94.61717451490709 5.6
      vertex 52.6171745149071 94.8494678440937 1.6
    endloop
  endfacet
  facet normal -0.8910065241883673 -0.4539904997395478 0
    outer loop
      vertex 49.14683045111454 93.07294901687516 2.6
      vertex 49.57294901687516 92.23664424312258 2.6
      vertex 49.14683045111454 93.07294901687516 5.6
    endloop
  endfacet
  facet normal -0.7071067811865475 -0.7071067811865475 0
    outer loop
      vertex 50.23664424312258 91.57294901687516 2.6
      vertex 50.23664424312258 91.57294901687516 5.6
      vertex 49.57294901687516 92.23664424312258 2.6
    endloop
  endfacet
  facet normal -0.9876883405951378 -0.15643446504023048 4.079764490821099e-18
    outer loop
      vertex 49.14683045111454 93.07294901687516 2.6
      vertex 49 94 5.6
      vertex 49 94 2.6
    endloop
  endfacet
  facet normal -0.9876883405951378 0.15643446504023048 -4.079764490821099e-18
    outer loop
      vertex 49 94 2.6
      vertex 49.14683045111454 94.92705098312484 5.6
      vertex 49.14683045111454 94.92705098312484 2.6
    endloop
  endfacet
  facet normal -0.4539904997395478 -0.8910065241883673 -1.218845201774354e-18
    outer loop
      vertex 50.23664424312258 91.57294901687516 2.6
      vertex 51.07294901687516 91.14683045111454 2.6
      vertex 51.07294901687516 91.14683045111454 5.6
    endloop
  endfacet
  facet normal -0.15643446504023048 -0.9876883405951378 4.079764490821099e-18
    outer loop
      vertex 51.07294901687516 91.14683045111454 2.6
      vertex 52 91 2.6
      vertex 52 91 5.6
    endloop
  endfacet
  facet normal 0.15643446504023048 -0.9876883405951378 -4.079764490821099e-18
    outer loop
      vertex 52 91 2.6
      vertex 52.92705098312484 91.14683045111454 2.6
      vertex 52.92705098312484 91.14683045111454 5.6
    endloop
  endfacet
  facet normal 0.4539904997395478 -0.8910065241883673 1.218845201774354e-18
    outer loop
      vertex 52.92705098312484 91.14683045111454 2.6
      vertex 53.76335575687742 91.57294901687516 2.6
      vertex 53.76335575687742 91.57294901687516 5.6
    endloop
  endfacet
  facet normal 0.7071067811865475 -0.7071067811865475 9.953543024848234e-20
    outer loop
      vertex 53.76335575687742 91.57294901687516 2.6
      vertex 54.42705098312484 92.23664424312258 2.6
      vertex 54.42705098312484 92.23664424312258 5.6
    endloop
  endfacet
  facet normal 0.8910065241883673 -0.4539904997395478 0
    outer loop
      vertex 54.42705098312484 92.23664424312258 2.6
      vertex 54.85316954888546 93.07294901687516 2.6
      vertex 54.42705098312484 92.23664424312258 5.6
    endloop
  endfacet
  facet normal 0.9876883405951378 -0.15643446504023048 0
    outer loop
      vertex 54.85316954888546 93.07294901687516 2.6
      vertex 55 94 2.6
      vertex 54.85316954888546 93.07294901687516 5.6
    endloop
  endfacet
  facet normal 0.9876883405951378 0.15643446504023048 0
    outer loop
      vertex 55 94 2.6
      vertex 54.85316954888546 94.92705098312484 2.6
      vertex 55 94 5.6
    endloop
  endfacet
  facet normal 0.7071067811865583 -0.7071067811865367 1.6824958881586338e-18
    outer loop
      vertex 51.150532155906305 94.61717451490709 1.6
      vertex 51.3828254850929 94.8494678440937 1.6
      vertex 51.3828254850929 94.8494678440937 5.6
    endloop
  endfacet
  facet normal 0.4539904997395564 -0.891006524188363 1.815171163433944e-18
    outer loop
      vertex 51.3828254850929 94.8494678440937 1.6
      vertex 51.6755321559063 94.99860934210992 1.6
      vertex 51.6755321559063 94.99860934210992 5.6
    endloop
  endfacet
  facet normal 0.15643446504020872 -0.9876883405951412 -6.4989739763827115e-19
    outer loop
      vertex 51.6755321559063 94.99860934210992 1.6
      vertex 52 95.05 1.6
      vertex 52 95.05 5.6
    endloop
  endfacet
  facet normal -0.15643446504020872 -0.9876883405951412 6.4989739763827115e-19
    outer loop
      vertex 52 95.05 1.6
      vertex 52.3244678440937 94.99860934210992 1.6
      vertex 52.3244678440937 94.99860934210992 5.6
    endloop
  endfacet
  facet normal -0.4539904997395564 -0.891006524188363 0
    outer loop
      vertex 52.6171745149071 94.8494678440937 1.6
      vertex 52.6171745149071 94.8494678440937 5.6
      vertex 52.3244678440937 94.99860934210992 1.6
    endloop
  endfacet
  facet normal -0.8910065241883673 0.4539904997395478 1.218845201774354e-18
    outer loop
      vertex 49.14683045111454 94.92705098312484 2.6
      vertex 49.57294901687516 95.76335575687742 5.6
      vertex 49.57294901687516 95.76335575687742 2.6
    endloop
  endfacet
  facet normal -0.7071067811865475 0.7071067811865475 0
    outer loop
      vertex 49.57294901687516 95.76335575687742 2.6
      vertex 49.57294901687516 95.76335575687742 5.6
      vertex 50.23664424312258 96.42705098312484 2.6
    endloop
  endfacet
  facet normal -0.4539904997395478 0.8910065241883673 0
    outer loop
      vertex 50.23664424312258 96.42705098312484 2.6
      vertex 50.23664424312258 96.42705098312484 5.6
      vertex 51.07294901687516 96.85316954888546 2.6
    endloop
  endfacet
  facet normal -0.15643446504023048 0.9876883405951378 0
    outer loop
      vertex 51.07294901687516 96.85316954888546 2.6
      vertex 51.07294901687516 96.85316954888546 5.6
      vertex 52 97 2.6
    endloop
  endfacet
  facet normal 0.15643446504023048 0.9876883405951378 0
    outer loop
      vertex 52 97 2.6
      vertex 52 97 5.6
      vertex 52.92705098312484 96.85316954888546 2.6
    endloop
  endfacet
  facet normal 0.4539904997395478 0.8910065241883673 0
    outer loop
      vertex 52.92705098312484 96.85316954888546 2.6
      vertex 52.92705098312484 96.85316954888546 5.6
      vertex 53.76335575687742 96.42705098312484 2.6
    endloop
  endfacet
  facet normal 0.8910065241883673 0.4539904997395478 -1.218845201774354e-18
    outer loop
      vertex 54.42705098312484 95.76335575687742 2.6
      vertex 54.85316954888546 94.92705098312484 5.6
      vertex 54.85316954888546 94.92705098312484 2.6
    endloop
  endfacet
  facet normal 0.7071067811865475 0.7071067811865475 -9.953543024848234e-20
    outer loop
      vertex 54.42705098312484 95.76335575687742 2.6
      vertex 53.76335575687742 96.42705098312484 2.6
      vertex 53.76335575687742 96.42705098312484 5.6
    endloop
  endfacet
  facet normal 0 0 1
    outer loop
      vertex 87.83664424312258 73.17294901687515 2.6
      vertex 87.17294901687515 73.83664424312258 2.6
      vertex 52 91 2.6
    endloop
  endfacet
  facet normal 0 0 1
    outer loop
      vertex 87.17294901687515 73.83664424312258 2.6
      vertex 86.74683045111453 74.67294901687515 2.6
      vertex 52.92705098312484 91.14683045111454 2.6
    endloop
  endfacet
  facet normal 0 0 1
    outer loop
      vertex 86.74683045111453 74.67294901687515 2.6
      vertex 86.6 75.6 2.6
      vertex 53.76335575687742 91.57294901687516 2.6
    endloop
  endfacet
  facet normal 0 0 1
    outer loop
      vertex 86.6 75.6 2.6
      vertex 86.74683045111453 76.52705098312484 2.6
      vertex 53.76335575687742 91.57294901687516 2.6
    endloop
  endfacet
  facet normal 0 0 1
    outer loop
      vertex 53.76335575687742 91.57294901687516 2.6
      vertex 86.74683045111453 76.52705098312484 2.6
      vertex 87.17294901687515 77.36335575687741 2.6
    endloop
  endfacet
  facet normal 0 0 1
    outer loop
      vertex 53.76335575687742 91.57294901687516 2.6
      vertex 87.17294901687515 77.36335575687741 2.6
      vertex 87.17294901687515 89.83664424312258 2.6
    endloop
  endfacet
  facet normal 0 0 1
    outer loop
      vertex 87.17294901687515 77.36335575687741 2.6
      vertex 87.83664424312258 78.02705098312484 2.6
      vertex 87.83664424312258 89.17294901687515 2.6
    endloop
  endfacet
  facet normal 0 0 1
    outer loop
      vertex 87.17294901687515 77.36335575687741 2.6
      vertex 87.83664424312258 89.17294901687515 2.6
      vertex 87.17294901687515 89.83664424312258 2.6
    endloop
  endfacet
  facet normal -0.8910065241883673 0.4539904997395478 1.218845201774354e-18
    outer loop
      vertex 86.74683045111453 76.52705098312484 2.6
      vertex 87.17294901687515 77.36335575687741 5.6
      vertex 87.17294901687515 77.36335575687741 2.6
    endloop
  endfacet
  facet normal -0.7071067811865475 0.7071067811865475 9.953543024848234e-20
    outer loop
      vertex 87.17294901687515 77.36335575687741 2.6
      vertex 87.83664424312258 78.02705098312484 5.6
      vertex 87.83664424312258 78.02705098312484 2.6
    endloop
  endfacet
  facet normal 0.7071067811865475 0.7071067811865475 0
    outer loop
      vertex 69.50687244495656 92.32016261237511 1.2000000000000002
      vertex 69.02016261237512 92.80687244495655 2.6
      vertex 69.50687244495656 92.32016261237511 2.6
    endloop
  endfacet
  facet normal 0.8910065241883631 0.45399049973955596 0
    outer loop
      vertex 69.02016261237512 92.80687244495655 1.2000000000000002
      vertex 68.70767566415066 93.42016261237511 2.6
      vertex 69.02016261237512 92.80687244495655 2.6
    endloop
  endfacet
  facet normal 0.9876883405951379 0.15643446504023029 0
    outer loop
      vertex 68.70767566415066 93.42016261237511 1.2000000000000002
      vertex 68.6 94.1 2.6
      vertex 68.70767566415066 93.42016261237511 2.6
    endloop
  endfacet
  facet normal 0.9876883405951379 -0.15643446504023029 0
    outer loop
      vertex 68.6 94.1 1.2000000000000002
      vertex 68.70767566415066 94.77983738762488 2.6
      vertex 68.6 94.1 2.6
    endloop
  endfacet
  facet normal 0.45399049973955596 0.8910065241883631 0
    outer loop
      vertex 70.12016261237511 92.00767566415065 1.2000000000000002
      vertex 69.50687244495656 92.32016261237511 2.6
      vertex 70.12016261237511 92.00767566415065 2.6
    endloop
  endfacet
  facet normal 0.15643446504023029 0.9876883405951379 0
    outer loop
      vertex 70.8 91.89999999999999 1.2000000000000002
      vertex 70.12016261237511 92.00767566415065 2.6
      vertex 70.8 91.89999999999999 2.6
    endloop
  endfacet
  facet normal -0.15643446504023029 0.9876883405951379 0
    outer loop
      vertex 71.47983738762488 92.00767566415065 1.2000000000000002
      vertex 70.8 91.89999999999999 2.6
      vertex 71.47983738762488 92.00767566415065 2.6
    endloop
  endfacet
  facet normal -0.45399049973955596 0.8910065241883631 0
    outer loop
      vertex 72.09312755504344 92.32016261237511 1.2000000000000002
      vertex 71.47983738762488 92.00767566415065 2.6
      vertex 72.09312755504344 92.32016261237511 2.6
    endloop
  endfacet
  facet normal -0.7071067811865475 0.7071067811865475 0
    outer loop
      vertex 72.57983738762488 92.80687244495655 1.2000000000000002
      vertex 72.09312755504344 92.32016261237511 2.6
      vertex 72.57983738762488 92.80687244495655 2.6
    endloop
  endfacet
  facet normal -0.8910065241883631 0.45399049973955596 0
    outer loop
      vertex 72.89232433584934 93.42016261237511 1.2000000000000002
      vertex 72.57983738762488 92.80687244495655 2.6
      vertex 72.89232433584934 93.42016261237511 2.6
    endloop
  endfacet
  facet normal -0.9876883405951379 0.15643446504023029 0
    outer loop
      vertex 73 94.1 1.2000000000000002
      vertex 72.89232433584934 93.42016261237511 2.6
      vertex 73 94.1 2.6
    endloop
  endfacet
  facet normal -0.9876883405951379 -0.15643446504023029 0
    outer loop
      vertex 72.89232433584934 94.77983738762488 1.2000000000000002
      vertex 73 94.1 2.6
      vertex 72.89232433584934 94.77983738762488 2.6
    endloop
  endfacet
  facet normal 0 0 1
    outer loop
      vertex 54.85316954888546 93.07294901687516 2.6
      vertex 86.74683045111453 90.67294901687515 2.6
      vertex 70.8 91.89999999999999 2.6
    endloop
  endfacet
  facet normal 0 0 1
    outer loop
      vertex 54.42705098312484 92.23664424312258 2.6
      vertex 87.17294901687515 89.83664424312258 2.6
      vertex 86.74683045111453 90.67294901687515 2.6
    endloop
  endfacet
  facet normal 0 0 1
    outer loop
      vertex 86.74683045111453 90.67294901687515 2.6
      vertex 71.47983738762488 92.00767566415065 2.6
      vertex 70.8 91.89999999999999 2.6
    endloop
  endfacet
  facet normal 0 0 1
    outer loop
      vertex 86.6 91.6 2.6
      vertex 72.09312755504344 92.32016261237511 2.6
      vertex 71.47983738762488 92.00767566415065 2.6
    endloop
  endfacet
  facet normal 0 0 1
    outer loop
      vertex 86.6 91.6 2.6
      vertex 72.57983738762488 92.80687244495655 2.6
      vertex 72.09312755504344 92.32016261237511 2.6
    endloop
  endfacet
  facet normal 0.8910065241883631 -0.45399049973955596 0
    outer loop
      vertex 68.70767566415066 94.77983738762488 1.2000000000000002
      vertex 69.02016261237512 95.39312755504343 2.6
      vertex 68.70767566415066 94.77983738762488 2.6
    endloop
  endfacet
  facet normal 0.7071067811865475 -0.7071067811865475 0
    outer loop
      vertex 69.02016261237512 95.39312755504343 1.2000000000000002
      vertex 69.50687244495656 95.87983738762487 2.6
      vertex 69.02016261237512 95.39312755504343 2.6
    endloop
  endfacet
  facet normal 0.45399049973955596 -0.8910065241883631 0
    outer loop
      vertex 69.50687244495656 95.87983738762487 1.2000000000000002
      vertex 70.12016261237511 96.19232433584934 2.6
      vertex 69.50687244495656 95.87983738762487 2.6
    endloop
  endfacet
  facet normal 0.15643446504023029 -0.9876883405951379 0
    outer loop
      vertex 70.12016261237511 96.19232433584934 1.2000000000000002
      vertex 70.8 96.3 2.6
      vertex 70.12016261237511 96.19232433584934 2.6
    endloop
  endfacet
  facet normal -0.15643446504023029 -0.9876883405951379 0
    outer loop
      vertex 70.8 96.3 1.2000000000000002
      vertex 71.47983738762488 96.19232433584934 2.6
      vertex 70.8 96.3 2.6
    endloop
  endfacet
  facet normal -0.45399049973955596 -0.8910065241883631 0
    outer loop
      vertex 71.47983738762488 96.19232433584934 1.2000000000000002
      vertex 72.09312755504344 95.87983738762487 2.6
      vertex 71.47983738762488 96.19232433584934 2.6
    endloop
  endfacet
  facet normal -0.8910065241883631 -0.45399049973955596 0
    outer loop
      vertex 72.57983738762488 95.39312755504343 1.2000000000000002
      vertex 72.89232433584934 94.77983738762488 2.6
      vertex 72.57983738762488 95.39312755504343 2.6
    endloop
  endfacet
  facet normal -0.7071067811865475 -0.7071067811865475 0
    outer loop
      vertex 72.09312755504344 95.87983738762487 1.2000000000000002
      vertex 72.57983738762488 95.39312755504343 2.6
      vertex 72.09312755504344 95.87983738762487 2.6
    endloop
  endfacet
  facet normal 0 0 1
    outer loop
      vertex 52.92705098312484 96.85316954888546 2.6
      vertex 70.8 96.3 2.6
      vertex 88 98.6 2.6
    endloop
  endfacet
  facet normal 0 0 1
    outer loop
      vertex 88 98.6 2.6
      vertex 70.8 96.3 2.6
      vertex 71.47983738762488 96.19232433584934 2.6
    endloop
  endfacet
  facet normal 0 0 1
    outer loop
      vertex 52 97 2.6
      vertex 88 98.6 2.6
      vertex 88 100.85000000149012 2.6
    endloop
  endfacet
  facet normal 0 0 1
    outer loop
      vertex 86.74683045111453 90.67294901687515 2.6
      vertex 86.6 91.6 2.6
      vertex 71.47983738762488 92.00767566415065 2.6
    endloop
  endfacet
  facet normal 0 0 1
    outer loop
      vertex 86.74683045111453 92.52705098312484 2.6
      vertex 72.89232433584934 93.42016261237511 2.6
      vertex 72.57983738762488 92.80687244495655 2.6
    endloop
  endfacet
  facet normal 0 0 1
    outer loop
      vertex 87.83664424312258 94.02705098312484 2.6
      vertex 73 94.1 2.6
      vertex 72.89232433584934 93.42016261237511 2.6
    endloop
  endfacet
  facet normal 0 0 1
    outer loop
      vertex 87.83664424312258 94.02705098312484 2.6
      vertex 72.89232433584934 94.77983738762488 2.6
      vertex 73 94.1 2.6
    endloop
  endfacet
  facet normal 0 0 1
    outer loop
      vertex 86.6 91.6 2.6
      vertex 86.74683045111453 92.52705098312484 2.6
      vertex 72.57983738762488 92.80687244495655 2.6
    endloop
  endfacet
  facet normal 0 0 1
    outer loop
      vertex 86.74683045111453 92.52705098312484 2.6
      vertex 87.17294901687515 93.36335575687741 2.6
      vertex 72.89232433584934 93.42016261237511 2.6
    endloop
  endfacet
  facet normal 0 0 1
    outer loop
      vertex 87.17294901687515 93.36335575687741 2.6
      vertex 87.83664424312258 94.02705098312484 2.6
      vertex 72.89232433584934 93.42016261237511 2.6
    endloop
  endfacet
  facet normal 0 0 1
    outer loop
      vertex 87.83664424312258 94.02705098312484 2.6
      vertex 88.67294901687515 94.45316954888546 2.6
      vertex 72.89232433584934 94.77983738762488 2.6
    endloop
  endfacet
  facet normal 0 0 1
    outer loop
      vertex 88.67294901687515 94.45316954888546 2.6
      vertex 72.57983738762488 95.39312755504343 2.6
      vertex 72.89232433584934 94.77983738762488 2.6
    endloop
  endfacet
  facet normal 0 0 1
    outer loop
      vertex 89.6 94.6 2.6
      vertex 72.09312755504344 95.87983738762487 2.6
      vertex 72.57983738762488 95.39312755504343 2.6
    endloop
  endfacet
  facet normal 0 0 1
    outer loop
      vertex 89.6 94.6 2.6
      vertex 71.47983738762488 96.19232433584934 2.6
      vertex 72.09312755504344 95.87983738762487 2.6
    endloop
  endfacet
  facet normal 0 0 1
    outer loop
      vertex 88.67294901687515 94.45316954888546 2.6
      vertex 89.6 94.6 2.6
      vertex 72.57983738762488 95.39312755504343 2.6
    endloop
  endfacet
  facet normal 0 0 1
    outer loop
      vertex 89.6 94.6 2.6
      vertex 88 98.6 2.6
      vertex 71.47983738762488 96.19232433584934 2.6
    endloop
  endfacet
  facet normal -0.7071067811865475 -0.7071067811865475 -9.953543024848234e-20
    outer loop
      vertex 87.83664424312258 89.17294901687515 2.6
      vertex 87.17294901687515 89.83664424312258 5.6
      vertex 87.17294901687515 89.83664424312258 2.6
    endloop
  endfacet
  facet normal -0.8910065241883673 -0.4539904997395478 -1.218845201774354e-18
    outer loop
      vertex 87.17294901687515 89.83664424312258 2.6
      vertex 86.74683045111453 90.67294901687515 5.6
      vertex 86.74683045111453 90.67294901687515 2.6
    endloop
  endfacet
  facet normal -0.9876883405951378 -0.15643446504023048 4.079764490821099e-18
    outer loop
      vertex 86.74683045111453 90.67294901687515 2.6
      vertex 86.6 91.6 5.6
      vertex 86.6 91.6 2.6
    endloop
  endfacet
  facet normal -0.9876883405951378 0.15643446504023048 -4.079764490821099e-18
    outer loop
      vertex 86.6 91.6 2.6
      vertex 86.74683045111453 92.52705098312484 5.6
      vertex 86.74683045111453 92.52705098312484 2.6
    endloop
  endfacet
  facet normal -0.8910065241883673 0.4539904997395478 1.218845201774354e-18
    outer loop
      vertex 86.74683045111453 92.52705098312484 2.6
      vertex 87.17294901687515 93.36335575687741 5.6
      vertex 87.17294901687515 93.36335575687741 2.6
    endloop
  endfacet
  facet normal -0.7071067811865475 0.7071067811865475 9.953543024848234e-20
    outer loop
      vertex 87.17294901687515 93.36335575687741 2.6
      vertex 87.83664424312258 94.02705098312484 5.6
      vertex 87.83664424312258 94.02705098312484 2.6
    endloop
  endfacet
  facet normal 0.4539904997395564 0.891006524188363 0
    outer loop
      vertex 5.675532155906305 93.00139065789008 1.6
      vertex 5.382825485092903 93.1505321559063 5.6
      vertex 5.675532155906305 93.00139065789008 5.6
    endloop
  endfacet
  facet normal 0.9876883405951374 0.15643446504023317 0
    outer loop
      vertex 5.001390657890089 93.67553215590631 1.6
      vertex 4.95 94 5.6
      vertex 5.001390657890089 93.67553215590631 5.6
    endloop
  endfacet
  facet normal 0.7071067811865556 0.7071067811865394 0
    outer loop
      vertex 5.382825485092903 93.1505321559063 1.6
      vertex 5.150532155906305 93.38282548509291 5.6
      vertex 5.382825485092903 93.1505321559063 5.6
    endloop
  endfacet
  facet normal 0.8910065241883685 0.45399049973954564 0
    outer loop
      vertex 5.150532155906305 93.38282548509291 1.6
      vertex 5.001390657890089 93.67553215590631 5.6
      vertex 5.150532155906305 93.38282548509291 5.6
    endloop
  endfacet
  facet normal 0.9876883405951374 -0.15643446504023317 0
    outer loop
      vertex 4.95 94 1.6
      vertex 5.001390657890089 94.32446784409369 5.6
      vertex 4.95 94 5.6
    endloop
  endfacet
  facet normal 0.8910065241883685 -0.45399049973954564 0
    outer loop
      vertex 5.001390657890089 94.32446784409369 1.6
      vertex 5.150532155906305 94.61717451490709 5.6
      vertex 5.001390657890089 94.32446784409369 5.6
    endloop
  endfacet
  facet normal 0.7071067811865556 -0.7071067811865394 0
    outer loop
      vertex 5.150532155906305 94.61717451490709 1.6
      vertex 5.382825485092903 94.8494678440937 5.6
      vertex 5.150532155906305 94.61717451490709 5.6
    endloop
  endfacet
  facet normal 0.15643446504020958 0.9876883405951411 0
    outer loop
      vertex 6 92.95 1.6
      vertex 5.675532155906305 93.00139065789008 5.6
      vertex 6 92.95 5.6
    endloop
  endfacet
  facet normal -0.15643446504020958 0.9876883405951411 0
    outer loop
      vertex 6.324467844093695 93.00139065789008 1.6
      vertex 6 92.95 5.6
      vertex 6.324467844093695 93.00139065789008 5.6
    endloop
  endfacet
  facet normal -0.4539904997395564 0.891006524188363 0
    outer loop
      vertex 6.617174514907097 93.1505321559063 1.6
      vertex 6.324467844093695 93.00139065789008 5.6
      vertex 6.617174514907097 93.1505321559063 5.6
    endloop
  endfacet
  facet normal -0.7071067811865556 0.7071067811865394 0
    outer loop
      vertex 6.849467844093695 93.38282548509291 1.6
      vertex 6.617174514907097 93.1505321559063 5.6
      vertex 6.849467844093695 93.38282548509291 5.6
    endloop
  endfacet
  facet normal -0.8910065241883685 0.45399049973954564 0
    outer loop
      vertex 6.998609342109911 93.67553215590631 1.6
      vertex 6.849467844093695 93.38282548509291 5.6
      vertex 6.998609342109911 93.67553215590631 5.6
    endloop
  endfacet
  facet normal -0.8910065241883685 -0.45399049973954564 0
    outer loop
      vertex 6.849467844093695 94.61717451490709 1.6
      vertex 6.998609342109911 94.32446784409369 5.6
      vertex 6.849467844093695 94.61717451490709 5.6
    endloop
  endfacet
  facet normal -0.9876883405951374 0.15643446504023317 0
    outer loop
      vertex 7.05 94 1.6
      vertex 6.998609342109911 93.67553215590631 5.6
      vertex 7.05 94 5.6
    endloop
  endfacet
  facet normal -0.9876883405951374 -0.15643446504023317 0
    outer loop
      vertex 6.998609342109911 94.32446784409369 1.6
      vertex 7.05 94 5.6
      vertex 6.998609342109911 94.32446784409369 5.6
    endloop
  endfacet
  facet normal -0.45399049973954625 -0.891006524188368 0
    outer loop
      vertex 4.236644243122581 91.57294901687516 2.6
      vertex 5.072949016875158 91.14683045111454 5.6
      vertex 4.236644243122581 91.57294901687516 5.6
    endloop
  endfacet
  facet normal -0.15643446504023065 -0.9876883405951378 0
    outer loop
      vertex 5.072949016875158 91.14683045111454 2.6
      vertex 6 91 5.6
      vertex 5.072949016875158 91.14683045111454 5.6
    endloop
  endfacet
  facet normal 0.15643446504023065 -0.9876883405951378 0
    outer loop
      vertex 6 91 2.6
      vertex 6.927050983124842 91.14683045111454 5.6
      vertex 6 91 5.6
    endloop
  endfacet
  facet normal 0.45399049973954625 -0.891006524188368 0
    outer loop
      vertex 6.927050983124842 91.14683045111454 2.6
      vertex 7.763355756877419 91.57294901687516 5.6
      vertex 6.927050983124842 91.14683045111454 5.6
    endloop
  endfacet
  facet normal -0.7071067811865493 -0.7071067811865456 0
    outer loop
      vertex 3.5729490168751576 92.23664424312258 2.6
      vertex 4.236644243122581 91.57294901687516 5.6
      vertex 3.5729490168751576 92.23664424312258 5.6
    endloop
  endfacet
  facet normal -0.8910065241883672 -0.4539904997395482 0
    outer loop
      vertex 3.5729490168751576 92.23664424312258 2.6
      vertex 3.5729490168751576 92.23664424312258 5.6
      vertex 3.1468304511145395 93.07294901687516 5.6
    endloop
  endfacet
  facet normal -0.9876883405951378 -0.15643446504023095 0
    outer loop
      vertex 3.1468304511145395 93.07294901687516 2.6
      vertex 3.1468304511145395 93.07294901687516 5.6
      vertex 3 94 5.6
    endloop
  endfacet
  facet normal -0.9876883405951378 0.15643446504023095 0
    outer loop
      vertex 3 94 2.6
      vertex 3 94 5.6
      vertex 3.1468304511145395 94.92705098312484 5.6
    endloop
  endfacet
  facet normal 0.7071067811865489 -0.7071067811865461 0
    outer loop
      vertex 7.763355756877419 91.57294901687516 2.6
      vertex 8.427050983124843 92.23664424312258 5.6
      vertex 7.763355756877419 91.57294901687516 5.6
    endloop
  endfacet
  facet normal 0.8910065241883673 -0.4539904997395478 0
    outer loop
      vertex 8.853169548885461 93.07294901687516 2.6
      vertex 8.853169548885461 93.07294901687516 5.6
      vertex 8.427050983124843 92.23664424312258 5.6
    endloop
  endfacet
  facet normal 0.9876883405951378 -0.15643446504023048 0
    outer loop
      vertex 9 94 2.6
      vertex 9 94 5.6
      vertex 8.853169548885461 93.07294901687516 5.6
    endloop
  endfacet
  facet normal 0.9876883405951378 0.15643446504023048 0
    outer loop
      vertex 8.853169548885461 94.92705098312484 2.6
      vertex 8.853169548885461 94.92705098312484 5.6
      vertex 9 94 5.6
    endloop
  endfacet
  facet normal 0.4539904997395564 -0.891006524188363 0
    outer loop
      vertex 5.382825485092903 94.8494678440937 1.6
      vertex 5.675532155906305 94.99860934210992 5.6
      vertex 5.382825485092903 94.8494678440937 5.6
    endloop
  endfacet
  facet normal 0.15643446504020958 -0.9876883405951411 0
    outer loop
      vertex 5.675532155906305 94.99860934210992 1.6
      vertex 6 95.05 5.6
      vertex 5.675532155906305 94.99860934210992 5.6
    endloop
  endfacet
  facet normal -0.15643446504020958 -0.9876883405951411 0
    outer loop
      vertex 6 95.05 1.6
      vertex 6.324467844093695 94.99860934210992 5.6
      vertex 6 95.05 5.6
    endloop
  endfacet
  facet normal -0.4539904997395564 -0.891006524188363 0
    outer loop
      vertex 6.324467844093695 94.99860934210992 1.6
      vertex 6.617174514907097 94.8494678440937 5.6
      vertex 6.324467844093695 94.99860934210992 5.6
    endloop
  endfacet
  facet normal -0.7071067811865556 -0.7071067811865394 0
    outer loop
      vertex 6.617174514907097 94.8494678440937 1.6
      vertex 6.849467844093695 94.61717451490709 5.6
      vertex 6.617174514907097 94.8494678440937 5.6
    endloop
  endfacet
  facet normal -0.8910065241883672 0.4539904997395482 0
    outer loop
      vertex 3.1468304511145395 94.92705098312484 2.6
      vertex 3.1468304511145395 94.92705098312484 5.6
      vertex 3.5729490168751576 95.76335575687742 5.6
    endloop
  endfacet
  facet normal -0.7071067811865493 0.7071067811865456 0
    outer loop
      vertex 4.236644243122581 96.42705098312484 2.6
      vertex 3.5729490168751576 95.76335575687742 5.6
      vertex 4.236644243122581 96.42705098312484 5.6
    endloop
  endfacet
  facet normal -0.45399049973954625 0.891006524188368 0
    outer loop
      vertex 5.072949016875158 96.85316954888546 2.6
      vertex 4.236644243122581 96.42705098312484 5.6
      vertex 5.072949016875158 96.85316954888546 5.6
    endloop
  endfacet
  facet normal 0.7071067811865489 0.7071067811865461 0
    outer loop
      vertex 8.427050983124843 95.76335575687742 2.6
      vertex 7.763355756877419 96.42705098312484 5.6
      vertex 8.427050983124843 95.76335575687742 5.6
    endloop
  endfacet
  facet normal -0.15643446504023065 0.9876883405951378 0
    outer loop
      vertex 6 97 2.6
      vertex 5.072949016875158 96.85316954888546 5.6
      vertex 6 97 5.6
    endloop
  endfacet
  facet normal 0.15643446504023065 0.9876883405951378 0
    outer loop
      vertex 6.927050983124842 96.85316954888546 2.6
      vertex 6 97 5.6
      vertex 6.927050983124842 96.85316954888546 5.6
    endloop
  endfacet
  facet normal 0.45399049973954625 0.891006524188368 0
    outer loop
      vertex 7.763355756877419 96.42705098312484 2.6
      vertex 6.927050983124842 96.85316954888546 5.6
      vertex 7.763355756877419 96.42705098312484 5.6
    endloop
  endfacet
  facet normal 0.8910065241883673 0.4539904997395478 0
    outer loop
      vertex 8.427050983124843 95.76335575687742 2.6
      vertex 8.427050983124843 95.76335575687742 5.6
      vertex 8.853169548885461 94.92705098312484 5.6
    endloop
  endfacet
  facet normal 0 0 1
    outer loop
      vertex 4.236644243122581 91.57294901687516 5.6
      vertex 3.5729490168751576 95.76335575687742 5.6
      vertex 3.5729490168751576 92.23664424312258 5.6
    endloop
  endfacet
  facet normal 0 0 1
    outer loop
      vertex 5.072949016875158 91.14683045111454 5.6
      vertex 6 91 5.6
      vertex 5.675532155906305 93.00139065789008 5.6
    endloop
  endfacet
  facet normal 0 0 1
    outer loop
      vertex 5.072949016875158 91.14683045111454 5.6
      vertex 5.675532155906305 93.00139065789008 5.6
      vertex 5.382825485092903 93.1505321559063 5.6
    endloop
  endfacet
  facet normal 0 0 1
    outer loop
      vertex 4.236644243122581 91.57294901687516 5.6
      vertex 5.072949016875158 91.14683045111454 5.6
      vertex 4.236644243122581 96.42705098312484 5.6
    endloop
  endfacet
  facet normal 0 0 1
    outer loop
      vertex 5.072949016875158 91.14683045111454 5.6
      vertex 5.382825485092903 93.1505321559063 5.6
      vertex 5.150532155906305 93.38282548509291 5.6
    endloop
  endfacet
  facet normal 0 0 1
    outer loop
      vertex 5.072949016875158 91.14683045111454 5.6
      vertex 5.150532155906305 93.38282548509291 5.6
      vertex 5.001390657890089 93.67553215590631 5.6
    endloop
  endfacet
  facet normal 0 0 1
    outer loop
      vertex 5.072949016875158 91.14683045111454 5.6
      vertex 5.001390657890089 93.67553215590631 5.6
      vertex 4.95 94 5.6
    endloop
  endfacet
  facet normal 0 0 1
    outer loop
      vertex 3.5729490168751576 92.23664424312258 5.6
      vertex 3.1468304511145395 94.92705098312484 5.6
      vertex 3.1468304511145395 93.07294901687516 5.6
    endloop
  endfacet
  facet normal 0 0 1
    outer loop
      vertex 3.1468304511145395 93.07294901687516 5.6
      vertex 3.1468304511145395 94.92705098312484 5.6
      vertex 3 94 5.6
    endloop
  endfacet
  facet normal 0 0 1
    outer loop
      vertex 3.5729490168751576 92.23664424312258 5.6
      vertex 3.5729490168751576 95.76335575687742 5.6
      vertex 3.1468304511145395 94.92705098312484 5.6
    endloop
  endfacet
  facet normal 0 0 1
    outer loop
      vertex 4.236644243122581 91.57294901687516 5.6
      vertex 4.236644243122581 96.42705098312484 5.6
      vertex 3.5729490168751576 95.76335575687742 5.6
    endloop
  endfacet
  facet normal 0 0 1
    outer loop
      vertex 5.072949016875158 91.14683045111454 5.6
      vertex 4.95 94 5.6
      vertex 4.236644243122581 96.42705098312484 5.6
    endloop
  endfacet
  facet normal 0 0 1
    outer loop
      vertex 6 91 5.6
      vertex 6 92.95 5.6
      vertex 5.675532155906305 93.00139065789008 5.6
    endloop
  endfacet
  facet normal 0 0 1
    outer loop
      vertex 6 91 5.6
      vertex 6.324467844093695 93.00139065789008 5.6
      vertex 6 92.95 5.6
    endloop
  endfacet
  facet normal 0 0 1
    outer loop
      vertex 6 91 5.6
      vertex 6.927050983124842 91.14683045111454 5.6
      vertex 6.324467844093695 93.00139065789008 5.6
    endloop
  endfacet
  facet normal 0 0 1
    outer loop
      vertex 6.927050983124842 91.14683045111454 5.6
      vertex 6.617174514907097 93.1505321559063 5.6
      vertex 6.324467844093695 93.00139065789008 5.6
    endloop
  endfacet
  facet normal 0 0 1
    outer loop
      vertex 6.927050983124842 91.14683045111454 5.6
      vertex 6.849467844093695 93.38282548509291 5.6
      vertex 6.617174514907097 93.1505321559063 5.6
    endloop
  endfacet
  facet normal 0 0 1
    outer loop
      vertex 6.927050983124842 91.14683045111454 5.6
      vertex 7.763355756877419 91.57294901687516 5.6
      vertex 6.849467844093695 93.38282548509291 5.6
    endloop
  endfacet
  facet normal 0 0 1
    outer loop
      vertex 7.763355756877419 91.57294901687516 5.6
      vertex 6.998609342109911 93.67553215590631 5.6
      vertex 6.849467844093695 93.38282548509291 5.6
    endloop
  endfacet
  facet normal 0 0 1
    outer loop
      vertex 7.763355756877419 91.57294901687516 5.6
      vertex 7.05 94 5.6
      vertex 6.998609342109911 93.67553215590631 5.6
    endloop
  endfacet
  facet normal 0 0 1
    outer loop
      vertex 7.763355756877419 91.57294901687516 5.6
      vertex 8.427050983124843 92.23664424312258 5.6
      vertex 7.763355756877419 96.42705098312484 5.6
    endloop
  endfacet
  facet normal 0 0 1
    outer loop
      vertex 7.763355756877419 91.57294901687516 5.6
      vertex 6.927050983124842 96.85316954888546 5.6
      vertex 7.05 94 5.6
    endloop
  endfacet
  facet normal 0 0 1
    outer loop
      vertex 8.427050983124843 92.23664424312258 5.6
      vertex 8.853169548885461 93.07294901687516 5.6
      vertex 8.427050983124843 95.76335575687742 5.6
    endloop
  endfacet
  facet normal 0 0 1
    outer loop
      vertex 8.853169548885461 93.07294901687516 5.6
      vertex 9 94 5.6
      vertex 8.853169548885461 94.92705098312484 5.6
    endloop
  endfacet
  facet normal 0 0 1
    outer loop
      vertex 8.853169548885461 93.07294901687516 5.6
      vertex 8.853169548885461 94.92705098312484 5.6
      vertex 8.427050983124843 95.76335575687742 5.6
    endloop
  endfacet
  facet normal 0 0 1
    outer loop
      vertex 4.236644243122581 96.42705098312484 5.6
      vertex 4.95 94 5.6
      vertex 5.001390657890089 94.32446784409369 5.6
    endloop
  endfacet
  facet normal 0 0 1
    outer loop
      vertex 4.236644243122581 96.42705098312484 5.6
      vertex 5.001390657890089 94.32446784409369 5.6
      vertex 5.150532155906305 94.61717451490709 5.6
    endloop
  endfacet
  facet normal 0 0 1
    outer loop
      vertex 5.072949016875158 96.85316954888546 5.6
      vertex 5.150532155906305 94.61717451490709 5.6
      vertex 5.382825485092903 94.8494678440937 5.6
    endloop
  endfacet
  facet normal 0 0 1
    outer loop
      vertex 4.236644243122581 96.42705098312484 5.6
      vertex 5.150532155906305 94.61717451490709 5.6
      vertex 5.072949016875158 96.85316954888546 5.6
    endloop
  endfacet
  facet normal 0 0 1
    outer loop
      vertex 5.072949016875158 96.85316954888546 5.6
      vertex 5.382825485092903 94.8494678440937 5.6
      vertex 5.675532155906305 94.99860934210992 5.6
    endloop
  endfacet
  facet normal 0 0 1
    outer loop
      vertex 5.072949016875158 96.85316954888546 5.6
      vertex 5.675532155906305 94.99860934210992 5.6
      vertex 6 97 5.6
    endloop
  endfacet
  facet normal 0 0 1
    outer loop
      vertex 6.927050983124842 96.85316954888546 5.6
      vertex 6.849467844093695 94.61717451490709 5.6
      vertex 6.998609342109911 94.32446784409369 5.6
    endloop
  endfacet
  facet normal 0 0 1
    outer loop
      vertex 6.927050983124842 96.85316954888546 5.6
      vertex 6.617174514907097 94.8494678440937 5.6
      vertex 6.849467844093695 94.61717451490709 5.6
    endloop
  endfacet
  facet normal 0 0 1
    outer loop
      vertex 6 97 5.6
      vertex 5.675532155906305 94.99860934210992 5.6
      vertex 6 95.05 5.6
    endloop
  endfacet
  facet normal 0 0 1
    outer loop
      vertex 6 97 5.6
      vertex 6 95.05 5.6
      vertex 6.324467844093695 94.99860934210992 5.6
    endloop
  endfacet
  facet normal 0 0 1
    outer loop
      vertex 6.927050983124842 96.85316954888546 5.6
      vertex 6.324467844093695 94.99860934210992 5.6
      vertex 6.617174514907097 94.8494678440937 5.6
    endloop
  endfacet
  facet normal 0 0 1
    outer loop
      vertex 6.927050983124842 96.85316954888546 5.6
      vertex 6.998609342109911 94.32446784409369 5.6
      vertex 7.05 94 5.6
    endloop
  endfacet
  facet normal 0 0 1
    outer loop
      vertex 7.763355756877419 91.57294901687516 5.6
      vertex 7.763355756877419 96.42705098312484 5.6
      vertex 6.927050983124842 96.85316954888546 5.6
    endloop
  endfacet
  facet normal 0 0 1
    outer loop
      vertex 8.427050983124843 92.23664424312258 5.6
      vertex 8.427050983124843 95.76335575687742 5.6
      vertex 7.763355756877419 96.42705098312484 5.6
    endloop
  endfacet
  facet normal 0 0 1
    outer loop
      vertex 6 97 5.6
      vertex 6.324467844093695 94.99860934210992 5.6
      vertex 6.927050983124842 96.85316954888546 5.6
    endloop
  endfacet
  facet normal -0.8910065241883673 -0.4539904997395478 0
    outer loop
      vertex 87.17294901687515 73.83664424312258 2.6
      vertex 87.17294901687515 73.83664424312258 5.6
      vertex 86.74683045111453 74.67294901687515 5.6
    endloop
  endfacet
  facet normal -0.7071067811865475 -0.7071067811865475 0
    outer loop
      vertex 87.83664424312258 73.17294901687515 2.6
      vertex 87.83664424312258 73.17294901687515 5.6
      vertex 87.17294901687515 73.83664424312258 5.6
    endloop
  endfacet
  facet normal -0.9876883405951378 -0.15643446504023048 0
    outer loop
      vertex 86.74683045111453 74.67294901687515 2.6
      vertex 86.74683045111453 74.67294901687515 5.6
      vertex 86.6 75.6 5.6
    endloop
  endfacet
  facet normal -0.9876883405951378 0.15643446504023048 0
    outer loop
      vertex 86.6 75.6 2.6
      vertex 86.6 75.6 5.6
      vertex 86.74683045111453 76.52705098312484 5.6
    endloop
  endfacet
  facet normal 0 0 1
    outer loop
      vertex 87.83664424312258 73.17294901687515 5.6
      vertex 87.17294901687515 77.36335575687741 5.6
      vertex 87.17294901687515 73.83664424312258 5.6
    endloop
  endfacet
  facet normal 0 0 1
    outer loop
      vertex 87.17294901687515 73.83664424312258 5.6
      vertex 86.74683045111453 76.52705098312484 5.6
      vertex 86.74683045111453 74.67294901687515 5.6
    endloop
  endfacet
  facet normal 0 0 1
    outer loop
      vertex 86.74683045111453 74.67294901687515 5.6
      vertex 86.74683045111453 76.52705098312484 5.6
      vertex 86.6 75.6 5.6
    endloop
  endfacet
  facet normal 0 0 1
    outer loop
      vertex 87.17294901687515 73.83664424312258 5.6
      vertex 87.17294901687515 77.36335575687741 5.6
      vertex 86.74683045111453 76.52705098312484 5.6
    endloop
  endfacet
  facet normal 0 0 1
    outer loop
      vertex 87.83664424312258 73.17294901687515 5.6
      vertex 87.83664424312258 78.02705098312484 5.6
      vertex 87.17294901687515 77.36335575687741 5.6
    endloop
  endfacet
  facet normal 0.4539904997395564 0.891006524188363 0
    outer loop
      vertex 51.6755321559063 93.00139065789008 1.6
      vertex 51.3828254850929 93.1505321559063 5.6
      vertex 51.6755321559063 93.00139065789008 5.6
    endloop
  endfacet
  facet normal 0.15643446504020872 0.9876883405951412 0
    outer loop
      vertex 52 92.95 1.6
      vertex 51.6755321559063 93.00139065789008 5.6
      vertex 52 92.95 5.6
    endloop
  endfacet
  facet normal -0.15643446504020872 0.9876883405951412 0
    outer loop
      vertex 52.3244678440937 93.00139065789008 1.6
      vertex 52 92.95 5.6
      vertex 52.3244678440937 93.00139065789008 5.6
    endloop
  endfacet
  facet normal -0.4539904997395564 0.891006524188363 0
    outer loop
      vertex 52.6171745149071 93.1505321559063 1.6
      vertex 52.3244678440937 93.00139065789008 5.6
      vertex 52.6171745149071 93.1505321559063 5.6
    endloop
  endfacet
  facet normal 0.8910065241883718 0.4539904997395392 0
    outer loop
      vertex 51.150532155906305 93.38282548509291 1.6
      vertex 51.00139065789009 93.67553215590631 5.6
      vertex 51.150532155906305 93.38282548509291 5.6
    endloop
  endfacet
  facet normal 0.7071067811865583 0.7071067811865367 0
    outer loop
      vertex 51.3828254850929 93.1505321559063 1.6
      vertex 51.150532155906305 93.38282548509291 5.6
      vertex 51.3828254850929 93.1505321559063 5.6
    endloop
  endfacet
  facet normal 0.9876883405951374 0.15643446504023317 0
    outer loop
      vertex 51.00139065789009 93.67553215590631 1.6
      vertex 50.95 94 5.6
      vertex 51.00139065789009 93.67553215590631 5.6
    endloop
  endfacet
  facet normal 0.9876883405951374 -0.15643446504023317 0
    outer loop
      vertex 50.95 94 1.6
      vertex 51.00139065789009 94.32446784409369 5.6
      vertex 50.95 94 5.6
    endloop
  endfacet
  facet normal 0.8910065241883718 -0.4539904997395392 0
    outer loop
      vertex 51.00139065789009 94.32446784409369 1.6
      vertex 51.150532155906305 94.61717451490709 5.6
      vertex 51.00139065789009 94.32446784409369 5.6
    endloop
  endfacet
  facet normal 0.7071067811865583 -0.7071067811865367 0
    outer loop
      vertex 51.150532155906305 94.61717451490709 1.6
      vertex 51.3828254850929 94.8494678440937 5.6
      vertex 51.150532155906305 94.61717451490709 5.6
    endloop
  endfacet
  facet normal -0.7071067811865583 0.7071067811865367 0
    outer loop
      vertex 52.849467844093695 93.38282548509291 1.6
      vertex 52.6171745149071 93.1505321559063 5.6
      vertex 52.849467844093695 93.38282548509291 5.6
    endloop
  endfacet
  facet normal -0.8910065241883718 0.4539904997395392 0
    outer loop
      vertex 52.99860934210991 93.67553215590631 1.6
      vertex 52.849467844093695 93.38282548509291 5.6
      vertex 52.99860934210991 93.67553215590631 5.6
    endloop
  endfacet
  facet normal -0.9876883405951374 0.15643446504023317 0
    outer loop
      vertex 53.05 94 1.6
      vertex 52.99860934210991 93.67553215590631 5.6
      vertex 53.05 94 5.6
    endloop
  endfacet
  facet normal -0.9876883405951374 -0.15643446504023317 0
    outer loop
      vertex 52.99860934210991 94.32446784409369 1.6
      vertex 53.05 94 5.6
      vertex 52.99860934210991 94.32446784409369 5.6
    endloop
  endfacet
  facet normal -0.8910065241883718 -0.4539904997395392 0
    outer loop
      vertex 52.849467844093695 94.61717451490709 1.6
      vertex 52.99860934210991 94.32446784409369 5.6
      vertex 52.849467844093695 94.61717451490709 5.6
    endloop
  endfacet
  facet normal -0.4539904997395478 -0.8910065241883673 0
    outer loop
      vertex 50.23664424312258 91.57294901687516 2.6
      vertex 51.07294901687516 91.14683045111454 5.6
      vertex 50.23664424312258 91.57294901687516 5.6
    endloop
  endfacet
  facet normal -0.8910065241883673 -0.4539904997395478 0
    outer loop
      vertex 49.57294901687516 92.23664424312258 2.6
      vertex 49.57294901687516 92.23664424312258 5.6
      vertex 49.14683045111454 93.07294901687516 5.6
    endloop
  endfacet
  facet normal -0.7071067811865475 -0.7071067811865475 0
    outer loop
      vertex 49.57294901687516 92.23664424312258 2.6
      vertex 50.23664424312258 91.57294901687516 5.6
      vertex 49.57294901687516 92.23664424312258 5.6
    endloop
  endfacet
  facet normal -0.9876883405951378 -0.15643446504023048 0
    outer loop
      vertex 49.14683045111454 93.07294901687516 2.6
      vertex 49.14683045111454 93.07294901687516 5.6
      vertex 49 94 5.6
    endloop
  endfacet
  facet normal -0.9876883405951378 0.15643446504023048 0
    outer loop
      vertex 49 94 2.6
      vertex 49 94 5.6
      vertex 49.14683045111454 94.92705098312484 5.6
    endloop
  endfacet
  facet normal -0.15643446504023048 -0.9876883405951378 0
    outer loop
      vertex 51.07294901687516 91.14683045111454 2.6
      vertex 52 91 5.6
      vertex 51.07294901687516 91.14683045111454 5.6
    endloop
  endfacet
  facet normal 0.15643446504023048 -0.9876883405951378 0
    outer loop
      vertex 52 91 2.6
      vertex 52.92705098312484 91.14683045111454 5.6
      vertex 52 91 5.6
    endloop
  endfacet
  facet normal 0.4539904997395478 -0.8910065241883673 0
    outer loop
      vertex 52.92705098312484 91.14683045111454 2.6
      vertex 53.76335575687742 91.57294901687516 5.6
      vertex 52.92705098312484 91.14683045111454 5.6
    endloop
  endfacet
  facet normal 0.7071067811865475 -0.7071067811865475 0
    outer loop
      vertex 53.76335575687742 91.57294901687516 2.6
      vertex 54.42705098312484 92.23664424312258 5.6
      vertex 53.76335575687742 91.57294901687516 5.6
    endloop
  endfacet
  facet normal 0.8910065241883673 -0.4539904997395478 0
    outer loop
      vertex 54.85316954888546 93.07294901687516 2.6
      vertex 54.85316954888546 93.07294901687516 5.6
      vertex 54.42705098312484 92.23664424312258 5.6
    endloop
  endfacet
  facet normal 0.9876883405951378 -0.15643446504023048 0
    outer loop
      vertex 55 94 2.6
      vertex 55 94 5.6
      vertex 54.85316954888546 93.07294901687516 5.6
    endloop
  endfacet
  facet normal 0.9876883405951378 0.15643446504023048 0
    outer loop
      vertex 54.85316954888546 94.92705098312484 2.6
      vertex 54.85316954888546 94.92705098312484 5.6
      vertex 55 94 5.6
    endloop
  endfacet
  facet normal 0.4539904997395564 -0.891006524188363 0
    outer loop
      vertex 51.3828254850929 94.8494678440937 1.6
      vertex 51.6755321559063 94.99860934210992 5.6
      vertex 51.3828254850929 94.8494678440937 5.6
    endloop
  endfacet
  facet normal 0.15643446504020872 -0.9876883405951412 0
    outer loop
      vertex 51.6755321559063 94.99860934210992 1.6
      vertex 52 95.05 5.6
      vertex 51.6755321559063 94.99860934210992 5.6
    endloop
  endfacet
  facet normal -0.15643446504020872 -0.9876883405951412 0
    outer loop
      vertex 52 95.05 1.6
      vertex 52.3244678440937 94.99860934210992 5.6
      vertex 52 95.05 5.6
    endloop
  endfacet
  facet normal -0.4539904997395564 -0.891006524188363 0
    outer loop
      vertex 52.3244678440937 94.99860934210992 1.6
      vertex 52.6171745149071 94.8494678440937 5.6
      vertex 52.3244678440937 94.99860934210992 5.6
    endloop
  endfacet
  facet normal -0.7071067811865583 -0.7071067811865367 0
    outer loop
      vertex 52.6171745149071 94.8494678440937 1.6
      vertex 52.849467844093695 94.61717451490709 5.6
      vertex 52.6171745149071 94.8494678440937 5.6
    endloop
  endfacet
  facet normal -0.8910065241883673 0.4539904997395478 0
    outer loop
      vertex 49.14683045111454 94.92705098312484 2.6
      vertex 49.14683045111454 94.92705098312484 5.6
      vertex 49.57294901687516 95.76335575687742 5.6
    endloop
  endfacet
  facet normal -0.7071067811865475 0.7071067811865475 0
    outer loop
      vertex 50.23664424312258 96.42705098312484 2.6
      vertex 49.57294901687516 95.76335575687742 5.6
      vertex 50.23664424312258 96.42705098312484 5.6
    endloop
  endfacet
  facet normal -0.4539904997395478 0.8910065241883673 0
    outer loop
      vertex 51.07294901687516 96.85316954888546 2.6
      vertex 50.23664424312258 96.42705098312484 5.6
      vertex 51.07294901687516 96.85316954888546 5.6
    endloop
  endfacet
  facet normal -0.15643446504023048 0.9876883405951378 0
    outer loop
      vertex 52 97 2.6
      vertex 51.07294901687516 96.85316954888546 5.6
      vertex 52 97 5.6
    endloop
  endfacet
  facet normal 0.15643446504023048 0.9876883405951378 0
    outer loop
      vertex 52.92705098312484 96.85316954888546 2.6
      vertex 52 97 5.6
      vertex 52.92705098312484 96.85316954888546 5.6
    endloop
  endfacet
  facet normal 0.8910065241883673 0.4539904997395478 0
    outer loop
      vertex 54.42705098312484 95.76335575687742 2.6
      vertex 54.42705098312484 95.76335575687742 5.6
      vertex 54.85316954888546 94.92705098312484 5.6
    endloop
  endfacet
  facet normal 0.7071067811865475 0.7071067811865475 0
    outer loop
      vertex 54.42705098312484 95.76335575687742 2.6
      vertex 53.76335575687742 96.42705098312484 5.6
      vertex 54.42705098312484 95.76335575687742 5.6
    endloop
  endfacet
  facet normal 0.4539904997395478 0.8910065241883673 0
    outer loop
      vertex 53.76335575687742 96.42705098312484 2.6
      vertex 52.92705098312484 96.85316954888546 5.6
      vertex 53.76335575687742 96.42705098312484 5.6
    endloop
  endfacet
  facet normal 0 0 1
    outer loop
      vertex 50.23664424312258 91.57294901687516 5.6
      vertex 49.57294901687516 95.76335575687742 5.6
      vertex 49.57294901687516 92.23664424312258 5.6
    endloop
  endfacet
  facet normal 0 0 1
    outer loop
      vertex 50.23664424312258 91.57294901687516 5.6
      vertex 51.07294901687516 91.14683045111454 5.6
      vertex 50.23664424312258 96.42705098312484 5.6
    endloop
  endfacet
  facet normal 0 0 1
    outer loop
      vertex 49.14683045111454 93.07294901687516 5.6
      vertex 49.57294901687516 92.23664424312258 5.6
      vertex 49.14683045111454 94.92705098312484 5.6
    endloop
  endfacet
  facet normal 0 0 1
    outer loop
      vertex 49.14683045111454 93.07294901687516 5.6
      vertex 49.14683045111454 94.92705098312484 5.6
      vertex 49 94 5.6
    endloop
  endfacet
  facet normal 0 0 1
    outer loop
      vertex 49.57294901687516 92.23664424312258 5.6
      vertex 49.57294901687516 95.76335575687742 5.6
      vertex 49.14683045111454 94.92705098312484 5.6
    endloop
  endfacet
  facet normal 0 0 1
    outer loop
      vertex 51.07294901687516 91.14683045111454 5.6
      vertex 50.95 94 5.6
      vertex 50.23664424312258 96.42705098312484 5.6
    endloop
  endfacet
  facet normal 0 0 1
    outer loop
      vertex 50.23664424312258 91.57294901687516 5.6
      vertex 50.23664424312258 96.42705098312484 5.6
      vertex 49.57294901687516 95.76335575687742 5.6
    endloop
  endfacet
  facet normal 0 0 1
    outer loop
      vertex 51.07294901687516 91.14683045111454 5.6
      vertex 51.6755321559063 93.00139065789008 5.6
      vertex 51.3828254850929 93.1505321559063 5.6
    endloop
  endfacet
  facet normal 0 0 1
    outer loop
      vertex 51.07294901687516 91.14683045111454 5.6
      vertex 52 91 5.6
      vertex 51.6755321559063 93.00139065789008 5.6
    endloop
  endfacet
  facet normal 0 0 1
    outer loop
      vertex 52 91 5.6
      vertex 52 92.95 5.6
      vertex 51.6755321559063 93.00139065789008 5.6
    endloop
  endfacet
  facet normal 0 0 1
    outer loop
      vertex 51.07294901687516 91.14683045111454 5.6
      vertex 51.150532155906305 93.38282548509291 5.6
      vertex 51.00139065789009 93.67553215590631 5.6
    endloop
  endfacet
  facet normal 0 0 1
    outer loop
      vertex 51.07294901687516 91.14683045111454 5.6
      vertex 51.3828254850929 93.1505321559063 5.6
      vertex 51.150532155906305 93.38282548509291 5.6
    endloop
  endfacet
  facet normal 0 0 1
    outer loop
      vertex 51.07294901687516 91.14683045111454 5.6
      vertex 51.00139065789009 93.67553215590631 5.6
      vertex 50.95 94 5.6
    endloop
  endfacet
  facet normal 0 0 1
    outer loop
      vertex 52 91 5.6
      vertex 52.92705098312484 91.14683045111454 5.6
      vertex 52.3244678440937 93.00139065789008 5.6
    endloop
  endfacet
  facet normal 0 0 1
    outer loop
      vertex 52 91 5.6
      vertex 52.3244678440937 93.00139065789008 5.6
      vertex 52 92.95 5.6
    endloop
  endfacet
  facet normal 0 0 1
    outer loop
      vertex 52.92705098312484 91.14683045111454 5.6
      vertex 52.6171745149071 93.1505321559063 5.6
      vertex 52.3244678440937 93.00139065789008 5.6
    endloop
  endfacet
  facet normal 0 0 1
    outer loop
      vertex 52.92705098312484 91.14683045111454 5.6
      vertex 53.76335575687742 91.57294901687516 5.6
      vertex 52.849467844093695 93.38282548509291 5.6
    endloop
  endfacet
  facet normal 0 0 1
    outer loop
      vertex 52.92705098312484 91.14683045111454 5.6
      vertex 52.849467844093695 93.38282548509291 5.6
      vertex 52.6171745149071 93.1505321559063 5.6
    endloop
  endfacet
  facet normal 0 0 1
    outer loop
      vertex 53.76335575687742 91.57294901687516 5.6
      vertex 52.99860934210991 93.67553215590631 5.6
      vertex 52.849467844093695 93.38282548509291 5.6
    endloop
  endfacet
  facet normal 0 0 1
    outer loop
      vertex 53.76335575687742 91.57294901687516 5.6
      vertex 53.05 94 5.6
      vertex 52.99860934210991 93.67553215590631 5.6
    endloop
  endfacet
  facet normal 0 0 1
    outer loop
      vertex 53.76335575687742 91.57294901687516 5.6
      vertex 52.92705098312484 96.85316954888546 5.6
      vertex 53.05 94 5.6
    endloop
  endfacet
  facet normal 0 0 1
    outer loop
      vertex 53.76335575687742 91.57294901687516 5.6
      vertex 54.42705098312484 92.23664424312258 5.6
      vertex 53.76335575687742 96.42705098312484 5.6
    endloop
  endfacet
  facet normal 0 0 1
    outer loop
      vertex 54.42705098312484 92.23664424312258 5.6
      vertex 54.85316954888546 93.07294901687516 5.6
      vertex 54.42705098312484 95.76335575687742 5.6
    endloop
  endfacet
  facet normal 0 0 1
    outer loop
      vertex 54.85316954888546 93.07294901687516 5.6
      vertex 54.85316954888546 94.92705098312484 5.6
      vertex 54.42705098312484 95.76335575687742 5.6
    endloop
  endfacet
  facet normal 0 0 1
    outer loop
      vertex 54.85316954888546 93.07294901687516 5.6
      vertex 55 94 5.6
      vertex 54.85316954888546 94.92705098312484 5.6
    endloop
  endfacet
  facet normal 0 0 1
    outer loop
      vertex 50.23664424312258 96.42705098312484 5.6
      vertex 50.95 94 5.6
      vertex 51.00139065789009 94.32446784409369 5.6
    endloop
  endfacet
  facet normal 0 0 1
    outer loop
      vertex 50.23664424312258 96.42705098312484 5.6
      vertex 51.00139065789009 94.32446784409369 5.6
      vertex 51.150532155906305 94.61717451490709 5.6
    endloop
  endfacet
  facet normal 0 0 1
    outer loop
      vertex 51.07294901687516 96.85316954888546 5.6
      vertex 51.150532155906305 94.61717451490709 5.6
      vertex 51.3828254850929 94.8494678440937 5.6
    endloop
  endfacet
  facet normal 0 0 1
    outer loop
      vertex 51.07294901687516 96.85316954888546 5.6
      vertex 51.3828254850929 94.8494678440937 5.6
      vertex 51.6755321559063 94.99860934210992 5.6
    endloop
  endfacet
  facet normal 0 0 1
    outer loop
      vertex 50.23664424312258 96.42705098312484 5.6
      vertex 51.150532155906305 94.61717451490709 5.6
      vertex 51.07294901687516 96.85316954888546 5.6
    endloop
  endfacet
  facet normal 0 0 1
    outer loop
      vertex 52 97 5.6
      vertex 51.6755321559063 94.99860934210992 5.6
      vertex 52 95.05 5.6
    endloop
  endfacet
  facet normal 0 0 1
    outer loop
      vertex 52.92705098312484 96.85316954888546 5.6
      vertex 52.99860934210991 94.32446784409369 5.6
      vertex 53.05 94 5.6
    endloop
  endfacet
  facet normal 0 0 1
    outer loop
      vertex 52.92705098312484 96.85316954888546 5.6
      vertex 52.849467844093695 94.61717451490709 5.6
      vertex 52.99860934210991 94.32446784409369 5.6
    endloop
  endfacet
  facet normal 0 0 1
    outer loop
      vertex 52.92705098312484 96.85316954888546 5.6
      vertex 52.6171745149071 94.8494678440937 5.6
      vertex 52.849467844093695 94.61717451490709 5.6
    endloop
  endfacet
  facet normal 0 0 1
    outer loop
      vertex 52 97 5.6
      vertex 52 95.05 5.6
      vertex 52.3244678440937 94.99860934210992 5.6
    endloop
  endfacet
  facet normal 0 0 1
    outer loop
      vertex 52.92705098312484 96.85316954888546 5.6
      vertex 52.3244678440937 94.99860934210992 5.6
      vertex 52.6171745149071 94.8494678440937 5.6
    endloop
  endfacet
  facet normal 0 0 1
    outer loop
      vertex 51.07294901687516 96.85316954888546 5.6
      vertex 51.6755321559063 94.99860934210992 5.6
      vertex 52 97 5.6
    endloop
  endfacet
  facet normal 0 0 1
    outer loop
      vertex 52 97 5.6
      vertex 52.3244678440937 94.99860934210992 5.6
      vertex 52.92705098312484 96.85316954888546 5.6
    endloop
  endfacet
  facet normal 0 0 1
    outer loop
      vertex 53.76335575687742 91.57294901687516 5.6
      vertex 53.76335575687742 96.42705098312484 5.6
      vertex 52.92705098312484 96.85316954888546 5.6
    endloop
  endfacet
  facet normal 0 0 1
    outer loop
      vertex 54.42705098312484 92.23664424312258 5.6
      vertex 54.42705098312484 95.76335575687742 5.6
      vertex 53.76335575687742 96.42705098312484 5.6
    endloop
  endfacet
  facet normal -0.8910065241883673 0.4539904997395478 0
    outer loop
      vertex 86.74683045111453 76.52705098312484 2.6
      vertex 86.74683045111453 76.52705098312484 5.6
      vertex 87.17294901687515 77.36335575687741 5.6
    endloop
  endfacet
  facet normal -0.7071067811865475 0.7071067811865475 0
    outer loop
      vertex 87.17294901687515 77.36335575687741 2.6
      vertex 87.17294901687515 77.36335575687741 5.6
      vertex 87.83664424312258 78.02705098312484 5.6
    endloop
  endfacet
  facet normal -0.7071067811865475 -0.7071067811865475 0
    outer loop
      vertex 87.83664424312258 89.17294901687515 2.6
      vertex 87.83664424312258 89.17294901687515 5.6
      vertex 87.17294901687515 89.83664424312258 5.6
    endloop
  endfacet
  facet normal -0.8910065241883673 -0.4539904997395478 0
    outer loop
      vertex 87.17294901687515 89.83664424312258 2.6
      vertex 87.17294901687515 89.83664424312258 5.6
      vertex 86.74683045111453 90.67294901687515 5.6
    endloop
  endfacet
  facet normal -0.9876883405951378 -0.15643446504023048 0
    outer loop
      vertex 86.74683045111453 90.67294901687515 2.6
      vertex 86.74683045111453 90.67294901687515 5.6
      vertex 86.6 91.6 5.6
    endloop
  endfacet
  facet normal -0.9876883405951378 0.15643446504023048 0
    outer loop
      vertex 86.6 91.6 2.6
      vertex 86.6 91.6 5.6
      vertex 86.74683045111453 92.52705098312484 5.6
    endloop
  endfacet
  facet normal -0.8910065241883673 0.4539904997395478 0
    outer loop
      vertex 86.74683045111453 92.52705098312484 2.6
      vertex 86.74683045111453 92.52705098312484 5.6
      vertex 87.17294901687515 93.36335575687741 5.6
    endloop
  endfacet
  facet normal -0.7071067811865475 0.7071067811865475 0
    outer loop
      vertex 87.17294901687515 93.36335575687741 2.6
      vertex 87.17294901687515 93.36335575687741 5.6
      vertex 87.83664424312258 94.02705098312484 5.6
    endloop
  endfacet
  facet normal 0 0 1
    outer loop
      vertex 87.83664424312258 89.17294901687515 5.6
      vertex 87.17294901687515 93.36335575687741 5.6
      vertex 87.17294901687515 89.83664424312258 5.6
    endloop
  endfacet
  facet normal 0 0 1
    outer loop
      vertex 87.17294901687515 89.83664424312258 5.6
      vertex 86.74683045111453 92.52705098312484 5.6
      vertex 86.74683045111453 90.67294901687515 5.6
    endloop
  endfacet
  facet normal 0 0 1
    outer loop
      vertex 86.74683045111453 90.67294901687515 5.6
      vertex 86.74683045111453 92.52705098312484 5.6
      vertex 86.6 91.6 5.6
    endloop
  endfacet
  facet normal 0 0 1
    outer loop
      vertex 87.17294901687515 89.83664424312258 5.6
      vertex 87.17294901687515 93.36335575687741 5.6
      vertex 86.74683045111453 92.52705098312484 5.6
    endloop
  endfacet
  facet normal 0 0 1
    outer loop
      vertex 87.83664424312258 89.17294901687515 5.6
      vertex 87.83664424312258 94.02705098312484 5.6
      vertex 87.17294901687515 93.36335575687741 5.6
    endloop
  endfacet
  facet normal 0 -1 0
    outer loop
      vertex 8.75 3.149999998509884 2.6
      vertex 167.25 3.149999998509884 0
      vertex 167.25 3.149999998509884 2.6
    endloop
  endfacet
  facet normal 0 0 1
    outer loop
      vertex 59 3.8000000000000003 2.6
      vertex 156.50557280900009 3.878309573927755 2.6
      vertex 59.494427190999915 3.878309573927755 2.6
    endloop
  endfacet
  facet normal 0 0 1
    outer loop
      vertex 59.494427190999915 3.878309573927755 2.6
      vertex 156.50557280900009 3.878309573927755 2.6
      vertex 59.94045640366796 4.105572809000084 2.6
    endloop
  endfacet
  facet normal 0 0 1
    outer loop
      vertex 59.94045640366796 4.105572809000084 2.6
      vertex 155.70557280900007 4.459543596332043 2.6
      vertex 60.29442719099992 4.459543596332043 2.6
    endloop
  endfacet
  facet normal 0 0 1
    outer loop
      vertex 60.29442719099992 4.459543596332043 2.6
      vertex 155.70557280900007 4.459543596332043 2.6
      vertex 60.52169042607225 4.905572809000084 2.6
    endloop
  endfacet
  facet normal 0 0 1
    outer loop
      vertex 60.52169042607225 4.905572809000084 2.6
      vertex 155.47830957392776 4.905572809000084 2.6
      vertex 60.6 5.4 2.6
    endloop
  endfacet
  facet normal 0 0 1
    outer loop
      vertex 60.6 5.4 2.6
      vertex 155.4 5.4 2.6
      vertex 60.52169042607225 5.894427190999917 2.6
    endloop
  endfacet
  facet normal 0 0 1
    outer loop
      vertex 60.52169042607225 5.894427190999917 2.6
      vertex 155.47830957392776 5.894427190999917 2.6
      vertex 54.85316954888546 27.072949016875157 2.6
    endloop
  endfacet
  facet normal 0 0 1
    outer loop
      vertex 8.75 3.149999998509884 2.6
      vertex 157 3.8000000000000003 2.6
      vertex 156.50557280900009 3.878309573927755 2.6
    endloop
  endfacet
  facet normal 0 0 1
    outer loop
      vertex 54.85316954888546 27.072949016875157 2.6
      vertex 155.47830957392776 5.894427190999917 2.6
      vertex 55 28 2.6
    endloop
  endfacet
  facet normal 0 0 1
    outer loop
      vertex 55 28 2.6
      vertex 155.47830957392776 5.894427190999917 2.6
      vertex 60.52169042607225 40.405572809000084 2.6
    endloop
  endfacet
  facet normal 0 0 1
    outer loop
      vertex 8.75 3.149999998509884 2.6
      vertex 167.25 3.149999998509884 2.6
      vertex 157 3.8000000000000003 2.6
    endloop
  endfacet
  facet normal 0 0 1
    outer loop
      vertex 59.94045640366796 4.105572809000084 2.6
      vertex 156.05954359633205 4.105572809000084 2.6
      vertex 155.70557280900007 4.459543596332043 2.6
    endloop
  endfacet
  facet normal 0 0 1
    outer loop
      vertex 59.94045640366796 4.105572809000084 2.6
      vertex 156.50557280900009 3.878309573927755 2.6
      vertex 156.05954359633205 4.105572809000084 2.6
    endloop
  endfacet
  facet normal 0 0 1
    outer loop
      vertex 60.52169042607225 4.905572809000084 2.6
      vertex 155.70557280900007 4.459543596332043 2.6
      vertex 155.47830957392776 4.905572809000084 2.6
    endloop
  endfacet
  facet normal 0 0 1
    outer loop
      vertex 60.6 5.4 2.6
      vertex 155.47830957392776 4.905572809000084 2.6
      vertex 155.4 5.4 2.6
    endloop
  endfacet
  facet normal 0 0 1
    outer loop
      vertex 60.52169042607225 5.894427190999917 2.6
      vertex 155.4 5.4 2.6
      vertex 155.47830957392776 5.894427190999917 2.6
    endloop
  endfacet
  facet normal 0 0 1
    outer loop
      vertex 60.52169042607225 40.405572809000084 2.6
      vertex 155.47830957392776 5.894427190999917 2.6
      vertex 155.70557280900007 6.340456403667957 2.6
    endloop
  endfacet
  facet normal 0 0 1
    outer loop
      vertex 60.6 40.9 2.6
      vertex 155.70557280900007 6.340456403667957 2.6
      vertex 156.05954359633205 6.6944271909999165 2.6
    endloop
  endfacet
  facet normal 0 0 1
    outer loop
      vertex 60.6 40.9 2.6
      vertex 156.05954359633205 6.6944271909999165 2.6
      vertex 156.50557280900009 6.921690426072246 2.6
    endloop
  endfacet
  facet normal 0 0 1
    outer loop
      vertex 60.6 40.9 2.6
      vertex 156.50557280900009 6.921690426072246 2.6
      vertex 157 7 2.6
    endloop
  endfacet
  facet normal 0 0 1
    outer loop
      vertex 60.6 40.9 2.6
      vertex 157 7 2.6
      vertex 157.49442719099991 6.921690426072246 2.6
    endloop
  endfacet
  facet normal 0 0 1
    outer loop
      vertex 60.52169042607225 40.405572809000084 2.6
      vertex 155.70557280900007 6.340456403667957 2.6
      vertex 60.6 40.9 2.6
    endloop
  endfacet
  facet normal 0 0 1
    outer loop
      vertex 60.6 40.9 2.6
      vertex 157.49442719099991 6.921690426072246 2.6
      vertex 60.52169042607225 41.39442719099991 2.6
    endloop
  endfacet
  facet normal 0 0 1
    outer loop
      vertex 60.52169042607225 41.39442719099991 2.6
      vertex 157.49442719099991 6.921690426072246 2.6
      vertex 60.29442719099992 41.84045640366796 2.6
    endloop
  endfacet
  facet normal 0 0 1
    outer loop
      vertex 59.94045640366796 42.19442719099992 2.6
      vertex 60.29442719099992 41.84045640366796 2.6
      vertex 157.49442719099991 6.921690426072246 2.6
    endloop
  endfacet
  facet normal 0 0 1
    outer loop
      vertex 8.853169548885461 93.07294901687516 2.6
      vertex 157.49442719099991 6.921690426072246 2.6
      vertex 157.94045640366795 6.6944271909999165 2.6
    endloop
  endfacet
  facet normal 0 0 1
    outer loop
      vertex 8.853169548885461 93.07294901687516 2.6
      vertex 157.94045640366795 6.6944271909999165 2.6
      vertex 167.25 3.149999998509884 2.6
    endloop
  endfacet
  facet normal 0 0 1
    outer loop
      vertex 87.83664424312258 73.17294901687515 2.6
      vertex 167.25 3.149999998509884 2.6
      vertex 88.67294901687515 72.74683045111453 2.6
    endloop
  endfacet
  facet normal 0 0 1
    outer loop
      vertex 167.25 3.149999998509884 2.6
      vertex 89.6 72.6 2.6
      vertex 88.67294901687515 72.74683045111453 2.6
    endloop
  endfacet
  facet normal 0.8910065241883706 0.4539904997395417 0
    outer loop
      vertex 162.00663712081268 8.82519456651785 1.2000000000000002
      vertex 162.00663712081268 8.82519456651785 0
      vertex 161.48109088970793 9.856637120812694 1.2000000000000002
    endloop
  endfacet
  facet normal 0.8910065241883706 0.4539904997395417 0
    outer loop
      vertex 161.48109088970793 9.856637120812694 1.2000000000000002
      vertex 162.00663712081268 8.82519456651785 0
      vertex 161.48109088970793 9.856637120812694 0
    endloop
  endfacet
  facet normal 0.9876883405951395 0.1564344650402186 0
    outer loop
      vertex 161.3 11 1.2000000000000002
      vertex 161.48109088970793 9.856637120812694 0
      vertex 161.3 11 0
    endloop
  endfacet
  facet normal 0.9876883405951395 -0.1564344650402186 0
    outer loop
      vertex 161.48109088970793 12.143362879187306 1.2000000000000002
      vertex 161.3 11 0
      vertex 161.48109088970793 12.143362879187306 0
    endloop
  endfacet
  facet normal 0.8910065241883706 -0.4539904997395417 0
    outer loop
      vertex 162.00663712081268 13.17480543348215 1.2000000000000002
      vertex 161.48109088970793 12.143362879187306 0
      vertex 162.00663712081268 13.17480543348215 0
    endloop
  endfacet
  facet normal 0.9876883405951395 0.1564344650402186 0
    outer loop
      vertex 161.48109088970793 9.856637120812694 1.2000000000000002
      vertex 161.48109088970793 9.856637120812694 0
      vertex 161.3 11 1.2000000000000002
    endloop
  endfacet
  facet normal 0.9876883405951395 -0.1564344650402186 0
    outer loop
      vertex 161.3 11 1.2000000000000002
      vertex 161.3 11 0
      vertex 161.48109088970793 12.143362879187306 1.2000000000000002
    endloop
  endfacet
  facet normal 0.8910065241883706 -0.4539904997395417 0
    outer loop
      vertex 161.48109088970793 12.143362879187306 1.2000000000000002
      vertex 161.48109088970793 12.143362879187306 0
      vertex 162.00663712081268 13.17480543348215 1.2000000000000002
    endloop
  endfacet
  facet normal 0 0 -1
    outer loop
      vertex 167.25 3.149999998509884 0
      vertex 163.8566371208127 7.481090889707932 0
      vertex 165 7.3 0
    endloop
  endfacet
  facet normal 0 0 -1
    outer loop
      vertex 167.25 3.149999998509884 0
      vertex 165 7.3 0
      vertex 166.1433628791873 7.481090889707932 0
    endloop
  endfacet
  facet normal 0 0 -1
    outer loop
      vertex 167.25 3.149999998509884 0
      vertex 162.82519456651784 8.006637120812695 0
      vertex 163.8566371208127 7.481090889707932 0
    endloop
  endfacet
  facet normal 0 0 -1
    outer loop
      vertex 167.25 3.149999998509884 0
      vertex 166.1433628791873 7.481090889707932 0
      vertex 167.17480543348216 8.006637120812695 0
    endloop
  endfacet
  facet normal 0 0 -1
    outer loop
      vertex 167.25 3.149999998509884 0
      vertex 167.17480543348216 8.006637120812695 0
      vertex 167.99336287918732 8.82519456651785 0
    endloop
  endfacet
  facet normal 0.15643446504023303 0.9876883405951373 0
    outer loop
      vertex 163.8566371208127 7.481090889707932 1.2000000000000002
      vertex 165 7.3 0
      vertex 163.8566371208127 7.481090889707932 0
    endloop
  endfacet
  facet normal 0.45399049973953787 0.8910065241883725 0
    outer loop
      vertex 162.82519456651784 8.006637120812695 1.2000000000000002
      vertex 163.8566371208127 7.481090889707932 0
      vertex 162.82519456651784 8.006637120812695 0
    endloop
  endfacet
  facet normal 0.7071067811865483 0.7071067811865468 0
    outer loop
      vertex 162.00663712081268 8.82519456651785 1.2000000000000002
      vertex 162.82519456651784 8.006637120812695 0
      vertex 162.00663712081268 8.82519456651785 0
    endloop
  endfacet
  facet normal -0.15643446504023303 0.9876883405951373 0
    outer loop
      vertex 165 7.3 1.2000000000000002
      vertex 166.1433628791873 7.481090889707932 0
      vertex 165 7.3 0
    endloop
  endfacet
  facet normal -0.45399049973953787 0.8910065241883725 0
    outer loop
      vertex 166.1433628791873 7.481090889707932 1.2000000000000002
      vertex 167.17480543348216 8.006637120812695 0
      vertex 166.1433628791873 7.481090889707932 0
    endloop
  endfacet
  facet normal -0.7071067811865483 0.7071067811865468 0
    outer loop
      vertex 167.17480543348216 8.006637120812695 1.2000000000000002
      vertex 167.99336287918732 8.82519456651785 0
      vertex 167.17480543348216 8.006637120812695 0
    endloop
  endfacet
  facet normal 0 0 -1
    outer loop
      vertex 167.25 3.149999998509884 0
      vertex 167.99336287918732 8.82519456651785 0
      vertex 168.9804951697588 3.4240835085511208 0
    endloop
  endfacet
  facet normal 0 0 -1
    outer loop
      vertex 168.9804951697588 3.4240835085511208 0
      vertex 167.99336287918732 8.82519456651785 0
      vertex 168.51890911029207 9.856637120812694 0
    endloop
  endfacet
  facet normal 0 0 -1
    outer loop
      vertex 168.9804951697588 3.4240835085511208 0
      vertex 168.51890911029207 9.856637120812694 0
      vertex 168.7 11 0
    endloop
  endfacet
  facet normal -0.8910065241883706 0.4539904997395417 0
    outer loop
      vertex 167.99336287918732 8.82519456651785 1.2000000000000002
      vertex 168.51890911029207 9.856637120812694 0
      vertex 167.99336287918732 8.82519456651785 0
    endloop
  endfacet
  facet normal 0.45399049973953787 0.8910065241883725 3.3513289596063466e-17
    outer loop
      vertex 162.82519456651784 8.006637120812695 1.2000000000000002
      vertex 163.8566371208127 7.481090889707932 1.2000000000000002
      vertex 163.8566371208127 7.481090889707932 0
    endloop
  endfacet
  facet normal 0.15643446504023303 0.9876883405951373 -4.210527386689454e-18
    outer loop
      vertex 163.8566371208127 7.481090889707932 1.2000000000000002
      vertex 165 7.3 1.2000000000000002
      vertex 165 7.3 0
    endloop
  endfacet
  facet normal 0.7071067811865483 0.7071067811865468 -3.5777106585106845e-17
    outer loop
      vertex 162.00663712081268 8.82519456651785 1.2000000000000002
      vertex 162.82519456651784 8.006637120812695 1.2000000000000002
      vertex 162.82519456651784 8.006637120812695 0
    endloop
  endfacet
  facet normal -0.15643446504023303 0.9876883405951373 4.210527386689454e-18
    outer loop
      vertex 165 7.3 1.2000000000000002
      vertex 166.1433628791873 7.481090889707932 1.2000000000000002
      vertex 166.1433628791873 7.481090889707932 0
    endloop
  endfacet
  facet normal -0.45399049973953787 0.8910065241883725 -3.3513289596063466e-17
    outer loop
      vertex 166.1433628791873 7.481090889707932 1.2000000000000002
      vertex 167.17480543348216 8.006637120812695 1.2000000000000002
      vertex 167.17480543348216 8.006637120812695 0
    endloop
  endfacet
  facet normal 0.1564344656497329 -0.987688340498602 0
    outer loop
      vertex 167.25 3.149999998509884 0
      vertex 168.9804951697588 3.4240835085511208 0
      vertex 167.25 3.149999998509884 2.6
    endloop
  endfacet
  facet normal 0.4539905013148283 -0.8910065233857218 0
    outer loop
      vertex 168.9804951697588 3.4240835085511208 0
      vertex 170.5415974110365 4.2195048332214355 0
      vertex 168.9804951697588 3.4240835085511208 2.6
    endloop
  endfacet
  facet normal 0.7071067811865476 -0.7071067811865476 0
    outer loop
      vertex 170.5415974110365 4.2195048332214355 0
      vertex 171.78049516677856 5.458402588963509 0
      vertex 170.5415974110365 4.2195048332214355 2.6
    endloop
  endfacet
  facet normal 0.8910065233857218 -0.4539905013148283 0
    outer loop
      vertex 171.78049516677856 5.458402588963509 0
      vertex 172.57591649144888 7.019504830241203 0
      vertex 171.78049516677856 5.458402588963509 2.6
    endloop
  endfacet
  facet normal -0.7071067811865483 0.7071067811865468 3.5777106585106845e-17
    outer loop
      vertex 167.17480543348216 8.006637120812695 1.2000000000000002
      vertex 167.99336287918732 8.82519456651785 1.2000000000000002
      vertex 167.99336287918732 8.82519456651785 0
    endloop
  endfacet
  facet normal 0.987688340498602 -0.1564344656497329 0
    outer loop
      vertex 172.57591649144888 7.019504830241203 0
      vertex 172.85000000149012 8.75 0
      vertex 172.57591649144888 7.019504830241203 2.6
    endloop
  endfacet
  facet normal 0.7071067811865483 -0.7071067811865468 0
    outer loop
      vertex 162.82519456651784 13.993362879187305 1.2000000000000002
      vertex 162.00663712081268 13.17480543348215 0
      vertex 162.82519456651784 13.993362879187305 0
    endloop
  endfacet
  facet normal 0.45399049973953787 -0.8910065241883725 0
    outer loop
      vertex 163.8566371208127 14.518909110292068 1.2000000000000002
      vertex 162.82519456651784 13.993362879187305 0
      vertex 163.8566371208127 14.518909110292068 0
    endloop
  endfacet
  facet normal 0.15643446504023226 -0.9876883405951375 0
    outer loop
      vertex 165 14.7 1.2000000000000002
      vertex 163.8566371208127 14.518909110292068 0
      vertex 165 14.7 0
    endloop
  endfacet
  facet normal -0.15643446504023226 -0.9876883405951375 0
    outer loop
      vertex 166.1433628791873 14.518909110292068 1.2000000000000002
      vertex 165 14.7 0
      vertex 166.1433628791873 14.518909110292068 0
    endloop
  endfacet
  facet normal -0.45399049973953787 -0.8910065241883725 0
    outer loop
      vertex 167.17480543348216 13.993362879187305 1.2000000000000002
      vertex 166.1433628791873 14.518909110292068 0
      vertex 167.17480543348216 13.993362879187305 0
    endloop
  endfacet
  facet normal -0.9876883405951395 0.1564344650402186 0
    outer loop
      vertex 168.51890911029207 9.856637120812694 1.2000000000000002
      vertex 168.7 11 0
      vertex 168.51890911029207 9.856637120812694 0
    endloop
  endfacet
  facet normal -0.9876883405951395 -0.1564344650402186 0
    outer loop
      vertex 168.7 11 1.2000000000000002
      vertex 168.51890911029207 12.143362879187306 0
      vertex 168.7 11 0
    endloop
  endfacet
  facet normal -0.8910065241883706 -0.4539904997395417 0
    outer loop
      vertex 168.51890911029207 12.143362879187306 1.2000000000000002
      vertex 167.99336287918732 13.17480543348215 0
      vertex 168.51890911029207 12.143362879187306 0
    endloop
  endfacet
  facet normal -0.7071067811865483 -0.7071067811865468 0
    outer loop
      vertex 167.99336287918732 13.17480543348215 1.2000000000000002
      vertex 167.17480543348216 13.993362879187305 0
      vertex 167.99336287918732 13.17480543348215 0
    endloop
  endfacet
  facet normal 0.7071067811865483 -0.7071067811865468 0
    outer loop
      vertex 162.00663712081268 13.17480543348215 1.2000000000000002
      vertex 162.00663712081268 13.17480543348215 0
      vertex 162.82519456651784 13.993362879187305 1.2000000000000002
    endloop
  endfacet
  facet normal 0.45399049973953787 -0.8910065241883725 0
    outer loop
      vertex 162.82519456651784 13.993362879187305 1.2000000000000002
      vertex 162.82519456651784 13.993362879187305 0
      vertex 163.8566371208127 14.518909110292068 1.2000000000000002
    endloop
  endfacet
  facet normal 0.15643446504023226 -0.9876883405951375 0
    outer loop
      vertex 163.8566371208127 14.518909110292068 1.2000000000000002
      vertex 163.8566371208127 14.518909110292068 0
      vertex 165 14.7 1.2000000000000002
    endloop
  endfacet
  facet normal -0.7071067811865483 -0.7071067811865468 -3.5777106585106845e-17
    outer loop
      vertex 167.99336287918732 13.17480543348215 1.2000000000000002
      vertex 167.17480543348216 13.993362879187305 1.2000000000000002
      vertex 167.17480543348216 13.993362879187305 0
    endloop
  endfacet
  facet normal -0.15643446504023226 -0.9876883405951375 0
    outer loop
      vertex 165 14.7 1.2000000000000002
      vertex 165 14.7 0
      vertex 166.1433628791873 14.518909110292068 1.2000000000000002
    endloop
  endfacet
  facet normal -0.45399049973953787 -0.8910065241883725 3.3513289596063466e-17
    outer loop
      vertex 167.17480543348216 13.993362879187305 1.2000000000000002
      vertex 166.1433628791873 14.518909110292068 1.2000000000000002
      vertex 166.1433628791873 14.518909110292068 0
    endloop
  endfacet
  facet normal -0.8910065241883706 0.4539904997395417 -1.230839824904979e-17
    outer loop
      vertex 167.99336287918732 8.82519456651785 1.2000000000000002
      vertex 168.51890911029207 9.856637120812694 1.2000000000000002
      vertex 168.51890911029207 9.856637120812694 0
    endloop
  endfacet
  facet normal -0.9876883405951395 0.1564344650402186 6.994047275572461e-18
    outer loop
      vertex 168.51890911029207 9.856637120812694 1.2000000000000002
      vertex 168.7 11 1.2000000000000002
      vertex 168.7 11 0
    endloop
  endfacet
  facet normal -0.9876883405951395 -0.1564344650402186 -6.994047275572461e-18
    outer loop
      vertex 168.7 11 1.2000000000000002
      vertex 168.51890911029207 12.143362879187306 1.2000000000000002
      vertex 168.51890911029207 12.143362879187306 0
    endloop
  endfacet
  facet normal -0.8910065241883706 -0.4539904997395417 1.230839824904979e-17
    outer loop
      vertex 168.51890911029207 12.143362879187306 1.2000000000000002
      vertex 167.99336287918732 13.17480543348215 1.2000000000000002
      vertex 167.99336287918732 13.17480543348215 0
    endloop
  endfacet
  facet normal 0 0 -1
    outer loop
      vertex 162.00663712081268 8.82519456651785 1.2000000000000002
      vertex 161.48109088970793 9.856637120812694 1.2000000000000002
      vertex 161.48109088970793 12.143362879187306 1.2000000000000002
    endloop
  endfacet
  facet normal 0 0 -1
    outer loop
      vertex 161.48109088970793 9.856637120812694 1.2000000000000002
      vertex 161.3 11 1.2000000000000002
      vertex 161.48109088970793 12.143362879187306 1.2000000000000002
    endloop
  endfacet
  facet normal 0 0 -1
    outer loop
      vertex 162.00663712081268 8.82519456651785 1.2000000000000002
      vertex 161.48109088970793 12.143362879187306 1.2000000000000002
      vertex 162.00663712081268 13.17480543348215 1.2000000000000002
    endloop
  endfacet
  facet normal 0 0 -1
    outer loop
      vertex 162.82519456651784 8.006637120812695 1.2000000000000002
      vertex 163.70687244495656 9.220162612375116 1.2000000000000002
      vertex 163.8566371208127 7.481090889707932 1.2000000000000002
    endloop
  endfacet
  facet normal 0 0 -1
    outer loop
      vertex 162.82519456651784 8.006637120812695 1.2000000000000002
      vertex 163.2201626123751 9.70687244495656 1.2000000000000002
      vertex 163.70687244495656 9.220162612375116 1.2000000000000002
    endloop
  endfacet
  facet normal 0 0 -1
    outer loop
      vertex 163.8566371208127 7.481090889707932 1.2000000000000002
      vertex 165 8.8 1.2000000000000002
      vertex 165 7.3 1.2000000000000002
    endloop
  endfacet
  facet normal 0 0 -1
    outer loop
      vertex 163.8566371208127 7.481090889707932 1.2000000000000002
      vertex 164.32016261237513 8.907675664150663 1.2000000000000002
      vertex 165 8.8 1.2000000000000002
    endloop
  endfacet
  facet normal 0 0 -1
    outer loop
      vertex 163.8566371208127 7.481090889707932 1.2000000000000002
      vertex 163.70687244495656 9.220162612375116 1.2000000000000002
      vertex 164.32016261237513 8.907675664150663 1.2000000000000002
    endloop
  endfacet
  facet normal 0 0 -1
    outer loop
      vertex 165 7.3 1.2000000000000002
      vertex 165 8.8 1.2000000000000002
      vertex 165.67983738762487 8.907675664150663 1.2000000000000002
    endloop
  endfacet
  facet normal 0 0 -1
    outer loop
      vertex 165 7.3 1.2000000000000002
      vertex 165.67983738762487 8.907675664150663 1.2000000000000002
      vertex 166.1433628791873 7.481090889707932 1.2000000000000002
    endloop
  endfacet
  facet normal 0 0 -1
    outer loop
      vertex 165.67983738762487 8.907675664150663 1.2000000000000002
      vertex 166.29312755504344 9.220162612375116 1.2000000000000002
      vertex 166.1433628791873 7.481090889707932 1.2000000000000002
    endloop
  endfacet
  facet normal 0 0 -1
    outer loop
      vertex 166.1433628791873 7.481090889707932 1.2000000000000002
      vertex 166.29312755504344 9.220162612375116 1.2000000000000002
      vertex 167.17480543348216 8.006637120812695 1.2000000000000002
    endloop
  endfacet
  facet normal 0 0 -1
    outer loop
      vertex 167.17480543348216 8.006637120812695 1.2000000000000002
      vertex 166.29312755504344 9.220162612375116 1.2000000000000002
      vertex 166.7798373876249 9.70687244495656 1.2000000000000002
    endloop
  endfacet
  facet normal 0.4539904997395395 0.8910065241883716 0
    outer loop
      vertex 163.70687244495656 9.220162612375116 1.2000000000000002
      vertex 163.70687244495656 9.220162612375116 2.6
      vertex 164.32016261237513 8.907675664150663 1.2000000000000002
    endloop
  endfacet
  facet normal 0.15643446504023348 0.9876883405951373 6.831890111407219e-18
    outer loop
      vertex 165 8.8 1.2000000000000002
      vertex 164.32016261237513 8.907675664150663 1.2000000000000002
      vertex 164.32016261237513 8.907675664150663 2.6
    endloop
  endfacet
  facet normal -0.15643446504023348 0.9876883405951373 0
    outer loop
      vertex 165 8.8 1.2000000000000002
      vertex 165 8.8 2.6
      vertex 165.67983738762487 8.907675664150663 1.2000000000000002
    endloop
  endfacet
  facet normal -0.4539904997395395 0.8910065241883716 0
    outer loop
      vertex 165.67983738762487 8.907675664150663 1.2000000000000002
      vertex 165.67983738762487 8.907675664150663 2.6
      vertex 166.29312755504344 9.220162612375116 1.2000000000000002
    endloop
  endfacet
  facet normal 0.1564344656497329 -0.987688340498602 0
    outer loop
      vertex 168.9804951697588 3.4240835085511208 0
      vertex 168.9804951697588 3.4240835085511208 2.6
      vertex 167.25 3.149999998509884 2.6
    endloop
  endfacet
  facet normal 0.4539905013148283 -0.8910065233857218 0
    outer loop
      vertex 170.5415974110365 4.2195048332214355 0
      vertex 170.5415974110365 4.2195048332214355 2.6
      vertex 168.9804951697588 3.4240835085511208 2.6
    endloop
  endfacet
  facet normal 0.7071067811865476 -0.7071067811865476 0
    outer loop
      vertex 171.78049516677856 5.458402588963509 0
      vertex 171.78049516677856 5.458402588963509 2.6
      vertex 170.5415974110365 4.2195048332214355 2.6
    endloop
  endfacet
  facet normal 0.8910065233857218 -0.4539905013148283 0
    outer loop
      vertex 172.57591649144888 7.019504830241203 0
      vertex 172.57591649144888 7.019504830241203 2.6
      vertex 171.78049516677856 5.458402588963509 2.6
    endloop
  endfacet
  facet normal 0.987688340498602 -0.1564344656497329 0
    outer loop
      vertex 172.85000000149012 8.75 0
      vertex 172.85000000149012 8.75 2.6
      vertex 172.57591649144888 7.019504830241203 2.6
    endloop
  endfacet
  facet normal 0 0 -1
    outer loop
      vertex 162.00663712081268 8.82519456651785 1.2000000000000002
      vertex 162.00663712081268 13.17480543348215 1.2000000000000002
      vertex 162.82519456651784 8.006637120812695 1.2000000000000002
    endloop
  endfacet
  facet normal 0 0 -1
    outer loop
      vertex 162.82519456651784 8.006637120812695 1.2000000000000002
      vertex 162.90767566415067 10.320162612375116 1.2000000000000002
      vertex 163.2201626123751 9.70687244495656 1.2000000000000002
    endloop
  endfacet
  facet normal 0 0 -1
    outer loop
      vertex 162.82519456651784 8.006637120812695 1.2000000000000002
      vertex 162.00663712081268 13.17480543348215 1.2000000000000002
      vertex 162.90767566415067 10.320162612375116 1.2000000000000002
    endloop
  endfacet
  facet normal 0 0 -1
    outer loop
      vertex 162.90767566415067 10.320162612375116 1.2000000000000002
      vertex 162.00663712081268 13.17480543348215 1.2000000000000002
      vertex 162.8 11 1.2000000000000002
    endloop
  endfacet
  facet normal 0 0 -1
    outer loop
      vertex 162.8 11 1.2000000000000002
      vertex 162.82519456651784 13.993362879187305 1.2000000000000002
      vertex 162.90767566415067 11.679837387624884 1.2000000000000002
    endloop
  endfacet
  facet normal 0 0 -1
    outer loop
      vertex 167.17480543348216 8.006637120812695 1.2000000000000002
      vertex 166.7798373876249 9.70687244495656 1.2000000000000002
      vertex 167.09232433584933 10.320162612375116 1.2000000000000002
    endloop
  endfacet
  facet normal 0 0 -1
    outer loop
      vertex 167.17480543348216 8.006637120812695 1.2000000000000002
      vertex 167.2 11 1.2000000000000002
      vertex 167.99336287918732 8.82519456651785 1.2000000000000002
    endloop
  endfacet
  facet normal 0 0 -1
    outer loop
      vertex 167.17480543348216 8.006637120812695 1.2000000000000002
      vertex 167.09232433584933 10.320162612375116 1.2000000000000002
      vertex 167.2 11 1.2000000000000002
    endloop
  endfacet
  facet normal 0 0 -1
    outer loop
      vertex 167.99336287918732 8.82519456651785 1.2000000000000002
      vertex 167.2 11 1.2000000000000002
      vertex 167.09232433584933 11.679837387624884 1.2000000000000002
    endloop
  endfacet
  facet normal 0 0 -1
    outer loop
      vertex 167.99336287918732 8.82519456651785 1.2000000000000002
      vertex 167.09232433584933 11.679837387624884 1.2000000000000002
      vertex 167.17480543348216 13.993362879187305 1.2000000000000002
    endloop
  endfacet
  facet normal 0 0 -1
    outer loop
      vertex 162.8 11 1.2000000000000002
      vertex 162.00663712081268 13.17480543348215 1.2000000000000002
      vertex 162.82519456651784 13.993362879187305 1.2000000000000002
    endloop
  endfacet
  facet normal 0 0 -1
    outer loop
      vertex 162.90767566415067 11.679837387624884 1.2000000000000002
      vertex 162.82519456651784 13.993362879187305 1.2000000000000002
      vertex 163.2201626123751 12.29312755504344 1.2000000000000002
    endloop
  endfacet
  facet normal 0 0 -1
    outer loop
      vertex 163.2201626123751 12.29312755504344 1.2000000000000002
      vertex 162.82519456651784 13.993362879187305 1.2000000000000002
      vertex 163.70687244495656 12.779837387624884 1.2000000000000002
    endloop
  endfacet
  facet normal 0 0 -1
    outer loop
      vertex 163.70687244495656 12.779837387624884 1.2000000000000002
      vertex 162.82519456651784 13.993362879187305 1.2000000000000002
      vertex 163.8566371208127 14.518909110292068 1.2000000000000002
    endloop
  endfacet
  facet normal 0 0 -1
    outer loop
      vertex 163.70687244495656 12.779837387624884 1.2000000000000002
      vertex 163.8566371208127 14.518909110292068 1.2000000000000002
      vertex 164.32016261237513 13.092324335849337 1.2000000000000002
    endloop
  endfacet
  facet normal 0 0 -1
    outer loop
      vertex 164.32016261237513 13.092324335849337 1.2000000000000002
      vertex 165 14.7 1.2000000000000002
      vertex 165 13.2 1.2000000000000002
    endloop
  endfacet
  facet normal 0 0 -1
    outer loop
      vertex 164.32016261237513 13.092324335849337 1.2000000000000002
      vertex 163.8566371208127 14.518909110292068 1.2000000000000002
      vertex 165 14.7 1.2000000000000002
    endloop
  endfacet
  facet normal 0 0 -1
    outer loop
      vertex 165 13.2 1.2000000000000002
      vertex 166.1433628791873 14.518909110292068 1.2000000000000002
      vertex 165.67983738762487 13.092324335849337 1.2000000000000002
    endloop
  endfacet
  facet normal 0 0 -1
    outer loop
      vertex 165.67983738762487 13.092324335849337 1.2000000000000002
      vertex 166.1433628791873 14.518909110292068 1.2000000000000002
      vertex 166.29312755504344 12.779837387624884 1.2000000000000002
    endloop
  endfacet
  facet normal 0 0 -1
    outer loop
      vertex 166.7798373876249 12.29312755504344 1.2000000000000002
      vertex 166.29312755504344 12.779837387624884 1.2000000000000002
      vertex 167.17480543348216 13.993362879187305 1.2000000000000002
    endloop
  endfacet
  facet normal 0 0 -1
    outer loop
      vertex 167.09232433584933 11.679837387624884 1.2000000000000002
      vertex 166.7798373876249 12.29312755504344 1.2000000000000002
      vertex 167.17480543348216 13.993362879187305 1.2000000000000002
    endloop
  endfacet
  facet normal 0 0 -1
    outer loop
      vertex 166.29312755504344 12.779837387624884 1.2000000000000002
      vertex 166.1433628791873 14.518909110292068 1.2000000000000002
      vertex 167.17480543348216 13.993362879187305 1.2000000000000002
    endloop
  endfacet
  facet normal 0 0 -1
    outer loop
      vertex 165 13.2 1.2000000000000002
      vertex 165 14.7 1.2000000000000002
      vertex 166.1433628791873 14.518909110292068 1.2000000000000002
    endloop
  endfacet
  facet normal 0 0 -1
    outer loop
      vertex 167.99336287918732 8.82519456651785 1.2000000000000002
      vertex 167.99336287918732 13.17480543348215 1.2000000000000002
      vertex 168.51890911029207 9.856637120812694 1.2000000000000002
    endloop
  endfacet
  facet normal 0 0 -1
    outer loop
      vertex 168.51890911029207 9.856637120812694 1.2000000000000002
      vertex 168.51890911029207 12.143362879187306 1.2000000000000002
      vertex 168.7 11 1.2000000000000002
    endloop
  endfacet
  facet normal 0 0 -1
    outer loop
      vertex 167.99336287918732 8.82519456651785 1.2000000000000002
      vertex 167.17480543348216 13.993362879187305 1.2000000000000002
      vertex 167.99336287918732 13.17480543348215 1.2000000000000002
    endloop
  endfacet
  facet normal 0 0 -1
    outer loop
      vertex 168.51890911029207 9.856637120812694 1.2000000000000002
      vertex 167.99336287918732 13.17480543348215 1.2000000000000002
      vertex 168.51890911029207 12.143362879187306 1.2000000000000002
    endloop
  endfacet
  facet normal 0.7071067811865398 0.7071067811865552 0
    outer loop
      vertex 163.2201626123751 9.70687244495656 1.2000000000000002
      vertex 163.2201626123751 9.70687244495656 2.6
      vertex 163.70687244495656 9.220162612375116 1.2000000000000002
    endloop
  endfacet
  facet normal 0.9876883405951378 0.1564344650402307 -4.3304995716765335e-20
    outer loop
      vertex 162.90767566415067 10.320162612375116 1.2000000000000002
      vertex 162.8 11 1.2000000000000002
      vertex 162.8 11 2.6
    endloop
  endfacet
  facet normal 0.8910065241883803 0.4539904997395221 0
    outer loop
      vertex 162.90767566415067 10.320162612375116 1.2000000000000002
      vertex 162.90767566415067 10.320162612375116 2.6
      vertex 163.2201626123751 9.70687244495656 1.2000000000000002
    endloop
  endfacet
  facet normal 0.9876883405951378 -0.1564344650402307 4.3304995716765335e-20
    outer loop
      vertex 162.8 11 1.2000000000000002
      vertex 162.90767566415067 11.679837387624884 1.2000000000000002
      vertex 162.90767566415067 11.679837387624884 2.6
    endloop
  endfacet
  facet normal 0.8910065241883803 -0.4539904997395221 3.605758362481944e-18
    outer loop
      vertex 162.90767566415067 11.679837387624884 1.2000000000000002
      vertex 163.2201626123751 12.29312755504344 1.2000000000000002
      vertex 163.2201626123751 12.29312755504344 2.6
    endloop
  endfacet
  facet normal -0.7071067811865398 0.7071067811865552 0
    outer loop
      vertex 166.29312755504344 9.220162612375116 1.2000000000000002
      vertex 166.29312755504344 9.220162612375116 2.6
      vertex 166.7798373876249 9.70687244495656 1.2000000000000002
    endloop
  endfacet
  facet normal -0.8910065241883803 0.4539904997395221 0
    outer loop
      vertex 166.7798373876249 9.70687244495656 1.2000000000000002
      vertex 166.7798373876249 9.70687244495656 2.6
      vertex 167.09232433584933 10.320162612375116 1.2000000000000002
    endloop
  endfacet
  facet normal -0.9876883405951378 0.1564344650402307 0
    outer loop
      vertex 167.09232433584933 10.320162612375116 1.2000000000000002
      vertex 167.09232433584933 10.320162612375116 2.6
      vertex 167.2 11 1.2000000000000002
    endloop
  endfacet
  facet normal -0.9876883405951378 -0.1564344650402307 0
    outer loop
      vertex 167.2 11 1.2000000000000002
      vertex 167.2 11 2.6
      vertex 167.09232433584933 11.679837387624884 1.2000000000000002
    endloop
  endfacet
  facet normal -0.8910065241883803 -0.4539904997395221 0
    outer loop
      vertex 167.09232433584933 11.679837387624884 1.2000000000000002
      vertex 167.09232433584933 11.679837387624884 2.6
      vertex 166.7798373876249 12.29312755504344 1.2000000000000002
    endloop
  endfacet
  facet normal 0.7071067811865398 -0.7071067811865552 -2.8935397119878516e-18
    outer loop
      vertex 163.2201626123751 12.29312755504344 1.2000000000000002
      vertex 163.70687244495656 12.779837387624884 1.2000000000000002
      vertex 163.70687244495656 12.779837387624884 2.6
    endloop
  endfacet
  facet normal 0.4539904997395395 -0.8910065241883716 3.634601125947343e-18
    outer loop
      vertex 163.70687244495656 12.779837387624884 1.2000000000000002
      vertex 164.32016261237513 13.092324335849337 1.2000000000000002
      vertex 164.32016261237513 13.092324335849337 2.6
    endloop
  endfacet
  facet normal 0.15643446504023348 -0.9876883405951373 -6.831890111407219e-18
    outer loop
      vertex 164.32016261237513 13.092324335849337 1.2000000000000002
      vertex 165 13.2 1.2000000000000002
      vertex 165 13.2 2.6
    endloop
  endfacet
  facet normal -0.4539904997395395 -0.8910065241883716 -3.634601125947343e-18
    outer loop
      vertex 165.67983738762487 13.092324335849337 1.2000000000000002
      vertex 166.29312755504344 12.779837387624884 1.2000000000000002
      vertex 166.29312755504344 12.779837387624884 2.6
    endloop
  endfacet
  facet normal -0.15643446504023348 -0.9876883405951373 6.831890111407219e-18
    outer loop
      vertex 165 13.2 1.2000000000000002
      vertex 165.67983738762487 13.092324335849337 1.2000000000000002
      vertex 165.67983738762487 13.092324335849337 2.6
    endloop
  endfacet
  facet normal -0.7071067811865398 -0.7071067811865552 0
    outer loop
      vertex 166.7798373876249 12.29312755504344 1.2000000000000002
      vertex 166.7798373876249 12.29312755504344 2.6
      vertex 166.29312755504344 12.779837387624884 1.2000000000000002
    endloop
  endfacet
  facet normal 0 0 1
    outer loop
      vertex 157 3.8000000000000003 2.6
      vertex 167.25 3.149999998509884 2.6
      vertex 157.49442719099991 3.878309573927755 2.6
    endloop
  endfacet
  facet normal 0 0 1
    outer loop
      vertex 157.49442719099991 3.878309573927755 2.6
      vertex 167.25 3.149999998509884 2.6
      vertex 157.94045640366795 4.105572809000084 2.6
    endloop
  endfacet
  facet normal 0 0 1
    outer loop
      vertex 157.94045640366795 4.105572809000084 2.6
      vertex 167.25 3.149999998509884 2.6
      vertex 158.29442719099993 4.459543596332043 2.6
    endloop
  endfacet
  facet normal 0 0 1
    outer loop
      vertex 158.29442719099993 4.459543596332043 2.6
      vertex 167.25 3.149999998509884 2.6
      vertex 158.52169042607224 4.905572809000084 2.6
    endloop
  endfacet
  facet normal 0 0 1
    outer loop
      vertex 158.52169042607224 4.905572809000084 2.6
      vertex 167.25 3.149999998509884 2.6
      vertex 158.6 5.4 2.6
    endloop
  endfacet
  facet normal 0 0 1
    outer loop
      vertex 158.6 5.4 2.6
      vertex 167.25 3.149999998509884 2.6
      vertex 158.52169042607224 5.894427190999917 2.6
    endloop
  endfacet
  facet normal 0 0 1
    outer loop
      vertex 157.94045640366795 6.6944271909999165 2.6
      vertex 158.29442719099993 6.340456403667957 2.6
      vertex 167.25 3.149999998509884 2.6
    endloop
  endfacet
  facet normal 0 0 1
    outer loop
      vertex 158.52169042607224 5.894427190999917 2.6
      vertex 167.25 3.149999998509884 2.6
      vertex 158.29442719099993 6.340456403667957 2.6
    endloop
  endfacet
  facet normal 0.4539904997395395 0.8910065241883716 0
    outer loop
      vertex 164.32016261237513 8.907675664150663 1.2000000000000002
      vertex 163.70687244495656 9.220162612375116 2.6
      vertex 164.32016261237513 8.907675664150663 2.6
    endloop
  endfacet
  facet normal 0.15643446504023348 0.9876883405951373 0
    outer loop
      vertex 165 8.8 1.2000000000000002
      vertex 164.32016261237513 8.907675664150663 2.6
      vertex 165 8.8 2.6
    endloop
  endfacet
  facet normal -0.15643446504023348 0.9876883405951373 0
    outer loop
      vertex 165.67983738762487 8.907675664150663 1.2000000000000002
      vertex 165 8.8 2.6
      vertex 165.67983738762487 8.907675664150663 2.6
    endloop
  endfacet
  facet normal -0.4539904997395395 0.8910065241883716 0
    outer loop
      vertex 166.29312755504344 9.220162612375116 1.2000000000000002
      vertex 165.67983738762487 8.907675664150663 2.6
      vertex 166.29312755504344 9.220162612375116 2.6
    endloop
  endfacet
  facet normal 0 0 1
    outer loop
      vertex 167.25 3.149999998509884 2.6
      vertex 165 8.8 2.6
      vertex 164.32016261237513 8.907675664150663 2.6
    endloop
  endfacet
  facet normal 0 0 1
    outer loop
      vertex 167.25 3.149999998509884 2.6
      vertex 165.67983738762487 8.907675664150663 2.6
      vertex 165 8.8 2.6
    endloop
  endfacet
  facet normal 0 0 1
    outer loop
      vertex 167.25 3.149999998509884 2.6
      vertex 164.32016261237513 8.907675664150663 2.6
      vertex 163.70687244495656 9.220162612375116 2.6
    endloop
  endfacet
  facet normal 0 0 1
    outer loop
      vertex 167.25 3.149999998509884 2.6
      vertex 166.29312755504344 9.220162612375116 2.6
      vertex 165.67983738762487 8.907675664150663 2.6
    endloop
  endfacet
  facet normal 0 0 1
    outer loop
      vertex 167.25 3.149999998509884 2.6
      vertex 166.7798373876249 9.70687244495656 2.6
      vertex 166.29312755504344 9.220162612375116 2.6
    endloop
  endfacet
  facet normal 0 0 1
    outer loop
      vertex 167.25 3.149999998509884 2.6
      vertex 167.09232433584933 10.320162612375116 2.6
      vertex 166.7798373876249 9.70687244495656 2.6
    endloop
  endfacet
  facet normal 0 0 1
    outer loop
      vertex 167.25 3.149999998509884 2.6
      vertex 167.2 11 2.6
      vertex 167.09232433584933 10.320162612375116 2.6
    endloop
  endfacet
  facet normal 0.7071067811865398 0.7071067811865552 0
    outer loop
      vertex 163.70687244495656 9.220162612375116 1.2000000000000002
      vertex 163.2201626123751 9.70687244495656 2.6
      vertex 163.70687244495656 9.220162612375116 2.6
    endloop
  endfacet
  facet normal 0.8910065241883803 0.4539904997395221 0
    outer loop
      vertex 163.2201626123751 9.70687244495656 1.2000000000000002
      vertex 162.90767566415067 10.320162612375116 2.6
      vertex 163.2201626123751 9.70687244495656 2.6
    endloop
  endfacet
  facet normal 0.9876883405951378 0.1564344650402307 0
    outer loop
      vertex 162.90767566415067 10.320162612375116 1.2000000000000002
      vertex 162.8 11 2.6
      vertex 162.90767566415067 10.320162612375116 2.6
    endloop
  endfacet
  facet normal 0.9876883405951378 -0.1564344650402307 0
    outer loop
      vertex 162.8 11 1.2000000000000002
      vertex 162.90767566415067 11.679837387624884 2.6
      vertex 162.8 11 2.6
    endloop
  endfacet
  facet normal 0.8910065241883803 -0.4539904997395221 0
    outer loop
      vertex 162.90767566415067 11.679837387624884 1.2000000000000002
      vertex 163.2201626123751 12.29312755504344 2.6
      vertex 162.90767566415067 11.679837387624884 2.6
    endloop
  endfacet
  facet normal -0.7071067811865398 0.7071067811865552 0
    outer loop
      vertex 166.7798373876249 9.70687244495656 1.2000000000000002
      vertex 166.29312755504344 9.220162612375116 2.6
      vertex 166.7798373876249 9.70687244495656 2.6
    endloop
  endfacet
  facet normal -0.8910065241883803 0.4539904997395221 0
    outer loop
      vertex 167.09232433584933 10.320162612375116 1.2000000000000002
      vertex 166.7798373876249 9.70687244495656 2.6
      vertex 167.09232433584933 10.320162612375116 2.6
    endloop
  endfacet
  facet normal -0.9876883405951378 0.1564344650402307 0
    outer loop
      vertex 167.2 11 1.2000000000000002
      vertex 167.09232433584933 10.320162612375116 2.6
      vertex 167.2 11 2.6
    endloop
  endfacet
  facet normal -0.9876883405951378 -0.1564344650402307 0
    outer loop
      vertex 167.09232433584933 11.679837387624884 1.2000000000000002
      vertex 167.2 11 2.6
      vertex 167.09232433584933 11.679837387624884 2.6
    endloop
  endfacet
  facet normal -0.8910065241883803 -0.4539904997395221 0
    outer loop
      vertex 166.7798373876249 12.29312755504344 1.2000000000000002
      vertex 167.09232433584933 11.679837387624884 2.6
      vertex 166.7798373876249 12.29312755504344 2.6
    endloop
  endfacet
  facet normal 0.7071067811865398 -0.7071067811865552 0
    outer loop
      vertex 163.2201626123751 12.29312755504344 1.2000000000000002
      vertex 163.70687244495656 12.779837387624884 2.6
      vertex 163.2201626123751 12.29312755504344 2.6
    endloop
  endfacet
  facet normal 0.4539904997395395 -0.8910065241883716 0
    outer loop
      vertex 163.70687244495656 12.779837387624884 1.2000000000000002
      vertex 164.32016261237513 13.092324335849337 2.6
      vertex 163.70687244495656 12.779837387624884 2.6
    endloop
  endfacet
  facet normal 0.15643446504023348 -0.9876883405951373 0
    outer loop
      vertex 164.32016261237513 13.092324335849337 1.2000000000000002
      vertex 165 13.2 2.6
      vertex 164.32016261237513 13.092324335849337 2.6
    endloop
  endfacet
  facet normal -0.4539904997395395 -0.8910065241883716 0
    outer loop
      vertex 165.67983738762487 13.092324335849337 1.2000000000000002
      vertex 166.29312755504344 12.779837387624884 2.6
      vertex 165.67983738762487 13.092324335849337 2.6
    endloop
  endfacet
  facet normal -0.15643446504023348 -0.9876883405951373 0
    outer loop
      vertex 165 13.2 1.2000000000000002
      vertex 165.67983738762487 13.092324335849337 2.6
      vertex 165 13.2 2.6
    endloop
  endfacet
  facet normal -0.7071067811865398 -0.7071067811865552 0
    outer loop
      vertex 166.29312755504344 12.779837387624884 1.2000000000000002
      vertex 166.7798373876249 12.29312755504344 2.6
      vertex 166.29312755504344 12.779837387624884 2.6
    endloop
  endfacet
  facet normal 0 0 1
    outer loop
      vertex 155.70557280900007 39.95954359633204 2.6
      vertex 163.2201626123751 12.29312755504344 2.6
      vertex 163.70687244495656 12.779837387624884 2.6
    endloop
  endfacet
  facet normal 0 0 1
    outer loop
      vertex 155.70557280900007 39.95954359633204 2.6
      vertex 163.70687244495656 12.779837387624884 2.6
      vertex 164.32016261237513 13.092324335849337 2.6
    endloop
  endfacet
  facet normal 0 0 1
    outer loop
      vertex 157 39.3 2.6
      vertex 164.32016261237513 13.092324335849337 2.6
      vertex 165 13.2 2.6
    endloop
  endfacet
  facet normal 0 0 1
    outer loop
      vertex 158.6 40.9 2.6
      vertex 165 13.2 2.6
      vertex 165.67983738762487 13.092324335849337 2.6
    endloop
  endfacet
  facet normal 0 0 1
    outer loop
      vertex 158.6 40.9 2.6
      vertex 165.67983738762487 13.092324335849337 2.6
      vertex 166.29312755504344 12.779837387624884 2.6
    endloop
  endfacet
  facet normal 0 0 1
    outer loop
      vertex 167.25 3.149999998509884 2.6
      vertex 168.9804951697588 3.4240835085511208 2.6
      vertex 167.3633557568774 73.17294901687515 2.6
    endloop
  endfacet
  facet normal 0 0 -1
    outer loop
      vertex 167.25 3.149999998509884 0
      vertex 74.31890911029207 95.2433628791873 0
      vertex 162.82519456651784 8.006637120812695 0
    endloop
  endfacet
  facet normal 0 0 -1
    outer loop
      vertex 74.31890911029207 95.2433628791873 0
      vertex 161.48109088970793 9.856637120812694 0
      vertex 162.00663712081268 8.82519456651785 0
    endloop
  endfacet
  facet normal 0 0 -1
    outer loop
      vertex 74.31890911029207 95.2433628791873 0
      vertex 162.00663712081268 8.82519456651785 0
      vertex 162.82519456651784 8.006637120812695 0
    endloop
  endfacet
  facet normal 0 0 -1
    outer loop
      vertex 161.48109088970793 9.856637120812694 0
      vertex 88 98.6 0
      vertex 161.3 11 0
    endloop
  endfacet
  facet normal 0 0 -1
    outer loop
      vertex 161.3 11 0
      vertex 88 98.6 0
      vertex 161.48109088970793 12.143362879187306 0
    endloop
  endfacet
  facet normal 0 0 -1
    outer loop
      vertex 161.48109088970793 12.143362879187306 0
      vertex 118 98.6 0
      vertex 162.00663712081268 13.17480543348215 0
    endloop
  endfacet
  facet normal 0 0 -1
    outer loop
      vertex 162.00663712081268 13.17480543348215 0
      vertex 118 98.6 0
      vertex 162.82519456651784 13.993362879187305 0
    endloop
  endfacet
  facet normal 0 0 -1
    outer loop
      vertex 163.8566371208127 14.518909110292068 0
      vertex 162.82519456651784 13.993362879187305 0
      vertex 118 98.6 0
    endloop
  endfacet
  facet normal 0 0 -1
    outer loop
      vertex 165 14.7 0
      vertex 163.8566371208127 14.518909110292068 0
      vertex 118 98.6 0
    endloop
  endfacet
  facet normal 0 0 -1
    outer loop
      vertex 168.9804951697588 3.4240835085511208 0
      vertex 168.9804951697588 100.57591649144888 0
      vertex 170.5415974110365 4.2195048332214355 0
    endloop
  endfacet
  facet normal 0 0 -1
    outer loop
      vertex 170.5415974110365 4.2195048332214355 0
      vertex 170.5415974110365 99.78049516677856 0
      vertex 171.78049516677856 5.458402588963509 0
    endloop
  endfacet
  facet normal 0 0 -1
    outer loop
      vertex 168.9804951697588 3.4240835085511208 0
      vertex 168.7 11 0
      vertex 167.25 100.85000000149012 0
    endloop
  endfacet
  facet normal 0 0 -1
    outer loop
      vertex 171.78049516677856 5.458402588963509 0
      vertex 171.78049516677856 98.54159741103649 0
      vertex 172.57591649144888 7.019504830241203 0
    endloop
  endfacet
  facet normal 0 0 -1
    outer loop
      vertex 172.57591649144888 7.019504830241203 0
      vertex 172.57591649144888 96.9804951697588 0
      vertex 172.85000000149012 8.75 0
    endloop
  endfacet
  facet normal 1 0 0
    outer loop
      vertex 172.85000000149012 8.75 0
      vertex 172.85000000149012 95.25 0
      vertex 172.85000000149012 8.75 2.6
    endloop
  endfacet
  facet normal 0 0 -1
    outer loop
      vertex 167.25 100.85000000149012 0
      vertex 167.99336287918732 13.17480543348215 0
      vertex 167.17480543348216 13.993362879187305 0
    endloop
  endfacet
  facet normal 0 0 -1
    outer loop
      vertex 167.25 100.85000000149012 0
      vertex 166.1433628791873 14.518909110292068 0
      vertex 165 14.7 0
    endloop
  endfacet
  facet normal 0 0 -1
    outer loop
      vertex 167.25 100.85000000149012 0
      vertex 167.17480543348216 13.993362879187305 0
      vertex 166.1433628791873 14.518909110292068 0
    endloop
  endfacet
  facet normal 0 0 -1
    outer loop
      vertex 167.25 100.85000000149012 0
      vertex 168.7 11 0
      vertex 168.51890911029207 12.143362879187306 0
    endloop
  endfacet
  facet normal 0 0 -1
    outer loop
      vertex 167.25 100.85000000149012 0
      vertex 168.51890911029207 12.143362879187306 0
      vertex 167.99336287918732 13.17480543348215 0
    endloop
  endfacet
  facet normal 0 0 1
    outer loop
      vertex 167.25 3.149999998509884 2.6
      vertex 163.70687244495656 9.220162612375116 2.6
      vertex 89.6 72.6 2.6
    endloop
  endfacet
  facet normal 0 0 1
    outer loop
      vertex 89.6 72.6 2.6
      vertex 163.70687244495656 9.220162612375116 2.6
      vertex 163.2201626123751 9.70687244495656 2.6
    endloop
  endfacet
  facet normal 0 0 1
    outer loop
      vertex 89.6 72.6 2.6
      vertex 163.2201626123751 9.70687244495656 2.6
      vertex 162.90767566415067 10.320162612375116 2.6
    endloop
  endfacet
  facet normal 0 0 1
    outer loop
      vertex 89.6 72.6 2.6
      vertex 162.90767566415067 10.320162612375116 2.6
      vertex 162.8 11 2.6
    endloop
  endfacet
  facet normal 0 0 1
    outer loop
      vertex 89.6 72.6 2.6
      vertex 162.8 11 2.6
      vertex 162.90767566415067 11.679837387624884 2.6
    endloop
  endfacet
  facet normal 0 0 1
    outer loop
      vertex 89.6 72.6 2.6
      vertex 162.90767566415067 11.679837387624884 2.6
      vertex 163.2201626123751 12.29312755504344 2.6
    endloop
  endfacet
  facet normal 0 0 1
    outer loop
      vertex 155.70557280900007 39.95954359633204 2.6
      vertex 89.6 72.6 2.6
      vertex 163.2201626123751 12.29312755504344 2.6
    endloop
  endfacet
  facet normal 0 0 1
    outer loop
      vertex 155.47830957392776 40.405572809000084 2.6
      vertex 90.52705098312484 72.74683045111453 2.6
      vertex 155.70557280900007 39.95954359633204 2.6
    endloop
  endfacet
  facet normal 0 0 1
    outer loop
      vertex 155.47830957392776 40.405572809000084 2.6
      vertex 155.4 40.9 2.6
      vertex 91.36335575687741 73.17294901687515 2.6
    endloop
  endfacet
  facet normal 0 0 1
    outer loop
      vertex 155.4 40.9 2.6
      vertex 155.47830957392776 41.39442719099991 2.6
      vertex 91.36335575687741 73.17294901687515 2.6
    endloop
  endfacet
  facet normal 0 0 1
    outer loop
      vertex 156.50557280900009 39.37830957392775 2.6
      vertex 164.32016261237513 13.092324335849337 2.6
      vertex 157 39.3 2.6
    endloop
  endfacet
  facet normal 0 0 1
    outer loop
      vertex 157 39.3 2.6
      vertex 165 13.2 2.6
      vertex 157.49442719099991 39.37830957392775 2.6
    endloop
  endfacet
  facet normal 0 0 1
    outer loop
      vertex 156.05954359633205 39.60557280900008 2.6
      vertex 155.70557280900007 39.95954359633204 2.6
      vertex 164.32016261237513 13.092324335849337 2.6
    endloop
  endfacet
  facet normal 0 0 1
    outer loop
      vertex 156.05954359633205 39.60557280900008 2.6
      vertex 164.32016261237513 13.092324335849337 2.6
      vertex 156.50557280900009 39.37830957392775 2.6
    endloop
  endfacet
  facet normal 0 0 1
    outer loop
      vertex 157.49442719099991 39.37830957392775 2.6
      vertex 165 13.2 2.6
      vertex 157.94045640366795 39.60557280900008 2.6
    endloop
  endfacet
  facet normal 0 0 1
    outer loop
      vertex 157.94045640366795 39.60557280900008 2.6
      vertex 165 13.2 2.6
      vertex 158.29442719099993 39.95954359633204 2.6
    endloop
  endfacet
  facet normal 0 0 1
    outer loop
      vertex 158.29442719099993 39.95954359633204 2.6
      vertex 165 13.2 2.6
      vertex 158.52169042607224 40.405572809000084 2.6
    endloop
  endfacet
  facet normal 0 0 1
    outer loop
      vertex 158.52169042607224 40.405572809000084 2.6
      vertex 165 13.2 2.6
      vertex 158.6 40.9 2.6
    endloop
  endfacet
  facet normal 0 0 1
    outer loop
      vertex 167.25 3.149999998509884 2.6
      vertex 167.3633557568774 73.17294901687515 2.6
      vertex 167.2 11 2.6
    endloop
  endfacet
  facet normal 0 0 1
    outer loop
      vertex 167.3633557568774 73.17294901687515 2.6
      vertex 167.09232433584933 11.679837387624884 2.6
      vertex 167.2 11 2.6
    endloop
  endfacet
  facet normal 0 0 1
    outer loop
      vertex 167.3633557568774 73.17294901687515 2.6
      vertex 166.29312755504344 12.779837387624884 2.6
      vertex 166.7798373876249 12.29312755504344 2.6
    endloop
  endfacet
  facet normal 0 0 1
    outer loop
      vertex 167.3633557568774 73.17294901687515 2.6
      vertex 166.7798373876249 12.29312755504344 2.6
      vertex 167.09232433584933 11.679837387624884 2.6
    endloop
  endfacet
  facet normal 0 0 1
    outer loop
      vertex 168.9804951697588 3.4240835085511208 2.6
      vertex 170.5415974110365 4.2195048332214355 2.6
      vertex 168.9804951697588 100.57591649144888 2.6
    endloop
  endfacet
  facet normal 0 0 1
    outer loop
      vertex 170.5415974110365 4.2195048332214355 2.6
      vertex 171.78049516677856 5.458402588963509 2.6
      vertex 170.5415974110365 99.78049516677856 2.6
    endloop
  endfacet
  facet normal 0 0 1
    outer loop
      vertex 171.78049516677856 5.458402588963509 2.6
      vertex 172.57591649144888 7.019504830241203 2.6
      vertex 171.78049516677856 98.54159741103649 2.6
    endloop
  endfacet
  facet normal 0 0 1
    outer loop
      vertex 172.57591649144888 7.019504830241203 2.6
      vertex 172.85000000149012 8.75 2.6
      vertex 172.57591649144888 96.9804951697588 2.6
    endloop
  endfacet
  facet normal 0 0 1
    outer loop
      vertex 158.52169042607224 41.39442719099991 2.6
      vertex 166.52705098312484 72.74683045111453 2.6
      vertex 158.29442719099993 41.84045640366796 2.6
    endloop
  endfacet
  facet normal 0 0 1
    outer loop
      vertex 158.6 40.9 2.6
      vertex 167.3633557568774 73.17294901687515 2.6
      vertex 158.52169042607224 41.39442719099991 2.6
    endloop
  endfacet
  facet normal 0 0 1
    outer loop
      vertex 158.6 40.9 2.6
      vertex 166.29312755504344 12.779837387624884 2.6
      vertex 167.3633557568774 73.17294901687515 2.6
    endloop
  endfacet
  facet normal 0 0 1
    outer loop
      vertex 168.9804951697588 3.4240835085511208 2.6
      vertex 168.02705098312484 73.83664424312258 2.6
      vertex 167.3633557568774 73.17294901687515 2.6
    endloop
  endfacet
  facet normal 0 0 1
    outer loop
      vertex 168.9804951697588 3.4240835085511208 2.6
      vertex 168.45316954888546 74.67294901687515 2.6
      vertex 168.02705098312484 73.83664424312258 2.6
    endloop
  endfacet
  facet normal 0 0 1
    outer loop
      vertex 168.9804951697588 3.4240835085511208 2.6
      vertex 168.6 75.6 2.6
      vertex 168.45316954888546 74.67294901687515 2.6
    endloop
  endfacet
  facet normal -0.15643446504023192 -0.9876883405951374 1.0293887180595496e-18
    outer loop
      vertex 156.50557280900009 3.878309573927755 2.6
      vertex 157 3.8000000000000003 2.6
      vertex 157 3.8000000000000003 7.6
    endloop
  endfacet
  facet normal -0.7071067811865325 -0.7071067811865627 0
    outer loop
      vertex 156.05954359633205 4.105572809000084 2.6
      vertex 156.05954359633205 4.105572809000084 7.6
      vertex 155.70557280900007 4.459543596332043 2.6
    endloop
  endfacet
  facet normal -0.45399049973954925 -0.8910065241883667 0
    outer loop
      vertex 156.50557280900009 3.878309573927755 2.6
      vertex 156.50557280900009 3.878309573927755 7.6
      vertex 156.05954359633205 4.105572809000084 2.6
    endloop
  endfacet
  facet normal -0.8910065241883802 -0.4539904997395224 2.7470510492595054e-18
    outer loop
      vertex 155.70557280900007 4.459543596332043 2.6
      vertex 155.47830957392776 4.905572809000084 7.6
      vertex 155.47830957392776 4.905572809000084 2.6
    endloop
  endfacet
  facet normal -0.9876883405951378 -0.15643446504023054 -9.036672702156035e-20
    outer loop
      vertex 155.47830957392776 4.905572809000084 2.6
      vertex 155.4 5.4 7.6
      vertex 155.4 5.4 2.6
    endloop
  endfacet
  facet normal -0.9876883405951378 0.15643446504023054 9.036672702156035e-20
    outer loop
      vertex 155.4 5.4 2.6
      vertex 155.47830957392776 5.894427190999917 7.6
      vertex 155.47830957392776 5.894427190999917 2.6
    endloop
  endfacet
  facet normal -0.8910065241883802 0.4539904997395224 -2.7470510492595054e-18
    outer loop
      vertex 155.47830957392776 5.894427190999917 2.6
      vertex 155.70557280900007 6.340456403667957 7.6
      vertex 155.70557280900007 6.340456403667957 2.6
    endloop
  endfacet
  facet normal -0.7071067811865325 0.7071067811865627 0
    outer loop
      vertex 155.70557280900007 6.340456403667957 2.6
      vertex 155.70557280900007 6.340456403667957 7.6
      vertex 156.05954359633205 6.6944271909999165 2.6
    endloop
  endfacet
  facet normal -0.45399049973954925 0.8910065241883667 0
    outer loop
      vertex 156.05954359633205 6.6944271909999165 2.6
      vertex 156.05954359633205 6.6944271909999165 7.6
      vertex 156.50557280900009 6.921690426072246 2.6
    endloop
  endfacet
  facet normal -0.15643446504023106 0.9876883405951375 0
    outer loop
      vertex 156.50557280900009 6.921690426072246 2.6
      vertex 156.50557280900009 6.921690426072246 7.6
      vertex 157 7 2.6
    endloop
  endfacet
  facet normal 0.15643446504023192 -0.9876883405951374 -1.0293887180595496e-18
    outer loop
      vertex 157 3.8000000000000003 2.6
      vertex 157.49442719099991 3.878309573927755 2.6
      vertex 157.49442719099991 3.878309573927755 7.6
    endloop
  endfacet
  facet normal 0.45399049973954925 -0.8910065241883667 -2.1904028779286325e-18
    outer loop
      vertex 157.49442719099991 3.878309573927755 2.6
      vertex 157.94045640366795 4.105572809000084 2.6
      vertex 157.94045640366795 4.105572809000084 7.6
    endloop
  endfacet
  facet normal 0.7071067811865325 -0.7071067811865627 1.5524797112009573e-18
    outer loop
      vertex 157.94045640366795 4.105572809000084 2.6
      vertex 158.29442719099993 4.459543596332043 2.6
      vertex 158.29442719099993 4.459543596332043 7.6
    endloop
  endfacet
  facet normal 0.8910065241883802 -0.4539904997395224 0
    outer loop
      vertex 158.29442719099993 4.459543596332043 2.6
      vertex 158.52169042607224 4.905572809000084 2.6
      vertex 158.29442719099993 4.459543596332043 7.6
    endloop
  endfacet
  facet normal 0.9876883405951378 -0.15643446504023054 0
    outer loop
      vertex 158.52169042607224 4.905572809000084 2.6
      vertex 158.6 5.4 2.6
      vertex 158.52169042607224 4.905572809000084 7.6
    endloop
  endfacet
  facet normal 0.9876883405951378 0.15643446504023054 0
    outer loop
      vertex 158.6 5.4 2.6
      vertex 158.52169042607224 5.894427190999917 2.6
      vertex 158.6 5.4 7.6
    endloop
  endfacet
  facet normal 0.8910065241883802 0.4539904997395224 0
    outer loop
      vertex 158.52169042607224 5.894427190999917 2.6
      vertex 158.29442719099993 6.340456403667957 2.6
      vertex 158.52169042607224 5.894427190999917 7.6
    endloop
  endfacet
  facet normal 0.7071067811865325 0.7071067811865627 0
    outer loop
      vertex 157.94045640366795 6.6944271909999165 2.6
      vertex 157.94045640366795 6.6944271909999165 7.6
      vertex 158.29442719099993 6.340456403667957 2.6
    endloop
  endfacet
  facet normal 0.45399049973954925 0.8910065241883667 0
    outer loop
      vertex 157.49442719099991 6.921690426072246 2.6
      vertex 157.49442719099991 6.921690426072246 7.6
      vertex 157.94045640366795 6.6944271909999165 2.6
    endloop
  endfacet
  facet normal 0.15643446504023106 0.9876883405951375 4.06262893099002e-20
    outer loop
      vertex 157.49442719099991 6.921690426072246 2.6
      vertex 157 7 2.6
      vertex 157 7 7.6
    endloop
  endfacet
  facet normal -0.15643446504023192 -0.9876883405951374 0
    outer loop
      vertex 156.50557280900009 3.878309573927755 2.6
      vertex 157 3.8000000000000003 7.6
      vertex 156.50557280900009 3.878309573927755 7.6
    endloop
  endfacet
  facet normal -0.45399049973954925 -0.8910065241883667 0
    outer loop
      vertex 156.05954359633205 4.105572809000084 2.6
      vertex 156.50557280900009 3.878309573927755 7.6
      vertex 156.05954359633205 4.105572809000084 7.6
    endloop
  endfacet
  facet normal -0.7071067811865325 -0.7071067811865627 0
    outer loop
      vertex 155.70557280900007 4.459543596332043 2.6
      vertex 156.05954359633205 4.105572809000084 7.6
      vertex 155.70557280900007 4.459543596332043 7.6
    endloop
  endfacet
  facet normal -0.8910065241883802 -0.4539904997395224 0
    outer loop
      vertex 155.70557280900007 4.459543596332043 2.6
      vertex 155.70557280900007 4.459543596332043 7.6
      vertex 155.47830957392776 4.905572809000084 7.6
    endloop
  endfacet
  facet normal -0.9876883405951378 -0.15643446504023054 0
    outer loop
      vertex 155.47830957392776 4.905572809000084 2.6
      vertex 155.47830957392776 4.905572809000084 7.6
      vertex 155.4 5.4 7.6
    endloop
  endfacet
  facet normal -0.9876883405951378 0.15643446504023054 0
    outer loop
      vertex 155.4 5.4 2.6
      vertex 155.4 5.4 7.6
      vertex 155.47830957392776 5.894427190999917 7.6
    endloop
  endfacet
  facet normal -0.8910065241883802 0.4539904997395224 0
    outer loop
      vertex 155.47830957392776 5.894427190999917 2.6
      vertex 155.47830957392776 5.894427190999917 7.6
      vertex 155.70557280900007 6.340456403667957 7.6
    endloop
  endfacet
  facet normal -0.7071067811865325 0.7071067811865627 0
    outer loop
      vertex 156.05954359633205 6.6944271909999165 2.6
      vertex 155.70557280900007 6.340456403667957 7.6
      vertex 156.05954359633205 6.6944271909999165 7.6
    endloop
  endfacet
  facet normal -0.45399049973954925 0.8910065241883667 0
    outer loop
      vertex 156.50557280900009 6.921690426072246 2.6
      vertex 156.05954359633205 6.6944271909999165 7.6
      vertex 156.50557280900009 6.921690426072246 7.6
    endloop
  endfacet
  facet normal -0.15643446504023106 0.9876883405951375 0
    outer loop
      vertex 157 7 2.6
      vertex 156.50557280900009 6.921690426072246 7.6
      vertex 157 7 7.6
    endloop
  endfacet
  facet normal 0.15643446504023192 -0.9876883405951374 0
    outer loop
      vertex 157 3.8000000000000003 2.6
      vertex 157.49442719099991 3.878309573927755 7.6
      vertex 157 3.8000000000000003 7.6
    endloop
  endfacet
  facet normal 0.45399049973954925 -0.8910065241883667 0
    outer loop
      vertex 157.49442719099991 3.878309573927755 2.6
      vertex 157.94045640366795 4.105572809000084 7.6
      vertex 157.49442719099991 3.878309573927755 7.6
    endloop
  endfacet
  facet normal 0.7071067811865325 -0.7071067811865627 0
    outer loop
      vertex 157.94045640366795 4.105572809000084 2.6
      vertex 158.29442719099993 4.459543596332043 7.6
      vertex 157.94045640366795 4.105572809000084 7.6
    endloop
  endfacet
  facet normal 0.8910065241883802 -0.4539904997395224 0
    outer loop
      vertex 158.52169042607224 4.905572809000084 2.6
      vertex 158.52169042607224 4.905572809000084 7.6
      vertex 158.29442719099993 4.459543596332043 7.6
    endloop
  endfacet
  facet normal 0.9876883405951378 -0.15643446504023054 0
    outer loop
      vertex 158.6 5.4 2.6
      vertex 158.6 5.4 7.6
      vertex 158.52169042607224 4.905572809000084 7.6
    endloop
  endfacet
  facet normal 0.9876883405951378 0.15643446504023054 0
    outer loop
      vertex 158.52169042607224 5.894427190999917 2.6
      vertex 158.52169042607224 5.894427190999917 7.6
      vertex 158.6 5.4 7.6
    endloop
  endfacet
  facet normal 0.8910065241883802 0.4539904997395224 0
    outer loop
      vertex 158.29442719099993 6.340456403667957 2.6
      vertex 158.29442719099993 6.340456403667957 7.6
      vertex 158.52169042607224 5.894427190999917 7.6
    endloop
  endfacet
  facet normal 0.15643446504023106 0.9876883405951375 0
    outer loop
      vertex 157.49442719099991 6.921690426072246 2.6
      vertex 157 7 7.6
      vertex 157.49442719099991 6.921690426072246 7.6
    endloop
  endfacet
  facet normal 0.7071067811865325 0.7071067811865627 0
    outer loop
      vertex 158.29442719099993 6.340456403667957 2.6
      vertex 157.94045640366795 6.6944271909999165 7.6
      vertex 158.29442719099993 6.340456403667957 7.6
    endloop
  endfacet
  facet normal 0.45399049973954925 0.8910065241883667 0
    outer loop
      vertex 157.94045640366795 6.6944271909999165 2.6
      vertex 157.49442719099991 6.921690426072246 7.6
      vertex 157.94045640366795 6.6944271909999165 7.6
    endloop
  endfacet
  facet normal 0 0 1
    outer loop
      vertex 155.70557280900007 4.459543596332043 7.6
      vertex 155.47830957392776 5.894427190999917 7.6
      vertex 155.47830957392776 4.905572809000084 7.6
    endloop
  endfacet
  facet normal 0 0 1
    outer loop
      vertex 155.47830957392776 4.905572809000084 7.6
      vertex 155.47830957392776 5.894427190999917 7.6
      vertex 155.4 5.4 7.6
    endloop
  endfacet
  facet normal 0 0 1
    outer loop
      vertex 156.05954359633205 4.105572809000084 7.6
      vertex 155.70557280900007 6.340456403667957 7.6
      vertex 155.70557280900007 4.459543596332043 7.6
    endloop
  endfacet
  facet normal 0 0 1
    outer loop
      vertex 156.50557280900009 3.878309573927755 7.6
      vertex 156.05954359633205 6.6944271909999165 7.6
      vertex 156.05954359633205 4.105572809000084 7.6
    endloop
  endfacet
  facet normal 0 0 1
    outer loop
      vertex 156.50557280900009 3.878309573927755 7.6
      vertex 157 3.8000000000000003 7.6
      vertex 156.50557280900009 6.921690426072246 7.6
    endloop
  endfacet
  facet normal 0 0 1
    outer loop
      vertex 155.70557280900007 4.459543596332043 7.6
      vertex 155.70557280900007 6.340456403667957 7.6
      vertex 155.47830957392776 5.894427190999917 7.6
    endloop
  endfacet
  facet normal 0 0 1
    outer loop
      vertex 156.05954359633205 4.105572809000084 7.6
      vertex 156.05954359633205 6.6944271909999165 7.6
      vertex 155.70557280900007 6.340456403667957 7.6
    endloop
  endfacet
  facet normal 0 0 1
    outer loop
      vertex 156.50557280900009 3.878309573927755 7.6
      vertex 156.50557280900009 6.921690426072246 7.6
      vertex 156.05954359633205 6.6944271909999165 7.6
    endloop
  endfacet
  facet normal 0 0 1
    outer loop
      vertex 156.50557280900009 6.921690426072246 7.6
      vertex 157 3.8000000000000003 7.6
      vertex 157 7 7.6
    endloop
  endfacet
  facet normal 0 0 1
    outer loop
      vertex 157 3.8000000000000003 7.6
      vertex 157.49442719099991 3.878309573927755 7.6
      vertex 157 7 7.6
    endloop
  endfacet
  facet normal 0 0 1
    outer loop
      vertex 157.49442719099991 3.878309573927755 7.6
      vertex 157.94045640366795 4.105572809000084 7.6
      vertex 157.49442719099991 6.921690426072246 7.6
    endloop
  endfacet
  facet normal 0 0 1
    outer loop
      vertex 157.94045640366795 4.105572809000084 7.6
      vertex 158.29442719099993 4.459543596332043 7.6
      vertex 157.94045640366795 6.6944271909999165 7.6
    endloop
  endfacet
  facet normal 0 0 1
    outer loop
      vertex 157.49442719099991 3.878309573927755 7.6
      vertex 157.49442719099991 6.921690426072246 7.6
      vertex 157 7 7.6
    endloop
  endfacet
  facet normal 0 0 1
    outer loop
      vertex 157.94045640366795 4.105572809000084 7.6
      vertex 157.94045640366795 6.6944271909999165 7.6
      vertex 157.49442719099991 6.921690426072246 7.6
    endloop
  endfacet
  facet normal 0 0 1
    outer loop
      vertex 158.29442719099993 4.459543596332043 7.6
      vertex 158.29442719099993 6.340456403667957 7.6
      vertex 157.94045640366795 6.6944271909999165 7.6
    endloop
  endfacet
  facet normal 0 0 1
    outer loop
      vertex 158.29442719099993 4.459543596332043 7.6
      vertex 158.52169042607224 4.905572809000084 7.6
      vertex 158.29442719099993 6.340456403667957 7.6
    endloop
  endfacet
  facet normal 0 0 1
    outer loop
      vertex 158.52169042607224 4.905572809000084 7.6
      vertex 158.6 5.4 7.6
      vertex 158.52169042607224 5.894427190999917 7.6
    endloop
  endfacet
  facet normal 0 0 1
    outer loop
      vertex 158.52169042607224 4.905572809000084 7.6
      vertex 158.52169042607224 5.894427190999917 7.6
      vertex 158.29442719099993 6.340456403667957 7.6
    endloop
  endfacet
  facet normal -0.15643446504023106 -0.9876883405951375 4.06262893099002e-20
    outer loop
      vertex 156.50557280900009 39.37830957392775 2.6
      vertex 157 39.3 2.6
      vertex 157 39.3 7.6
    endloop
  endfacet
  facet normal -0.4539904997395478 -0.8910065241883672 -3.275545529235422e-19
    outer loop
      vertex 156.05954359633205 39.60557280900008 2.6
      vertex 156.50557280900009 39.37830957392775 2.6
      vertex 156.50557280900009 39.37830957392775 7.6
    endloop
  endfacet
  facet normal 0.15643446504023106 -0.9876883405951375 -4.06262893099002e-20
    outer loop
      vertex 157 39.3 2.6
      vertex 157.49442719099991 39.37830957392775 2.6
      vertex 157.49442719099991 39.37830957392775 7.6
    endloop
  endfacet
  facet normal 0.4539904997395478 -0.8910065241883672 3.275545529235422e-19
    outer loop
      vertex 157.49442719099991 39.37830957392775 2.6
      vertex 157.94045640366795 39.60557280900008 2.6
      vertex 157.94045640366795 39.60557280900008 7.6
    endloop
  endfacet
  facet normal 0.7071067811865333 -0.7071067811865617 0
    outer loop
      vertex 157.94045640366795 39.60557280900008 2.6
      vertex 158.29442719099993 39.95954359633204 2.6
      vertex 157.94045640366795 39.60557280900008 7.6
    endloop
  endfacet
  facet normal -0.8910065241883818 -0.45399049973951955 0
    outer loop
      vertex 155.47830957392776 40.405572809000084 2.6
      vertex 155.70557280900007 39.95954359633204 2.6
      vertex 155.47830957392776 40.405572809000084 7.6
    endloop
  endfacet
  facet normal -0.9876883405951375 -0.15643446504023106 4.06262893099002e-20
    outer loop
      vertex 155.47830957392776 40.405572809000084 2.6
      vertex 155.4 40.9 7.6
      vertex 155.4 40.9 2.6
    endloop
  endfacet
  facet normal -0.9876883405951375 0.15643446504023106 -4.06262893099002e-20
    outer loop
      vertex 155.4 40.9 2.6
      vertex 155.47830957392776 41.39442719099991 7.6
      vertex 155.47830957392776 41.39442719099991 2.6
    endloop
  endfacet
  facet normal -0.7071067811865333 -0.7071067811865617 -5.179351009298964e-18
    outer loop
      vertex 156.05954359633205 39.60557280900008 2.6
      vertex 155.70557280900007 39.95954359633204 7.6
      vertex 155.70557280900007 39.95954359633204 2.6
    endloop
  endfacet
  facet normal -0.8910065241883818 0.45399049973951955 -1.7524208554008487e-18
    outer loop
      vertex 155.47830957392776 41.39442719099991 2.6
      vertex 155.70557280900007 41.84045640366796 7.6
      vertex 155.70557280900007 41.84045640366796 2.6
    endloop
  endfacet
  facet normal -0.7071067811865333 0.7071067811865617 0
    outer loop
      vertex 155.70557280900007 41.84045640366796 2.6
      vertex 155.70557280900007 41.84045640366796 7.6
      vertex 156.05954359633205 42.19442719099992 2.6
    endloop
  endfacet
  facet normal -0.4539904997395478 0.8910065241883672 0
    outer loop
      vertex 156.05954359633205 42.19442719099992 2.6
      vertex 156.05954359633205 42.19442719099992 7.6
      vertex 156.50557280900009 42.421690426072246 2.6
    endloop
  endfacet
  facet normal -0.15643446504023106 0.9876883405951375 0
    outer loop
      vertex 156.50557280900009 42.421690426072246 2.6
      vertex 156.50557280900009 42.421690426072246 7.6
      vertex 157 42.5 2.6
    endloop
  endfacet
  facet normal 0.8910065241883818 -0.45399049973951955 0
    outer loop
      vertex 158.29442719099993 39.95954359633204 2.6
      vertex 158.52169042607224 40.405572809000084 2.6
      vertex 158.29442719099993 39.95954359633204 7.6
    endloop
  endfacet
  facet normal 0.9876883405951375 -0.15643446504023106 0
    outer loop
      vertex 158.52169042607224 40.405572809000084 2.6
      vertex 158.6 40.9 2.6
      vertex 158.52169042607224 40.405572809000084 7.6
    endloop
  endfacet
  facet normal 0.9876883405951375 0.15643446504023106 0
    outer loop
      vertex 158.6 40.9 2.6
      vertex 158.52169042607224 41.39442719099991 2.6
      vertex 158.6 40.9 7.6
    endloop
  endfacet
  facet normal 0.7071067811865333 0.7071067811865617 0
    outer loop
      vertex 157.94045640366795 42.19442719099992 2.6
      vertex 157.94045640366795 42.19442719099992 7.6
      vertex 158.29442719099993 41.84045640366796 2.6
    endloop
  endfacet
  facet normal 0.15643446504023106 0.9876883405951375 4.06262893099002e-20
    outer loop
      vertex 157.49442719099991 42.421690426072246 2.6
      vertex 157 42.5 2.6
      vertex 157 42.5 7.6
    endloop
  endfacet
  facet normal 0.4539904997395478 0.8910065241883672 0
    outer loop
      vertex 157.49442719099991 42.421690426072246 2.6
      vertex 157.49442719099991 42.421690426072246 7.6
      vertex 157.94045640366795 42.19442719099992 2.6
    endloop
  endfacet
  facet normal 0.8910065241883818 0.45399049973951955 0
    outer loop
      vertex 158.52169042607224 41.39442719099991 2.6
      vertex 158.29442719099993 41.84045640366796 2.6
      vertex 158.52169042607224 41.39442719099991 7.6
    endloop
  endfacet
  facet normal -0.4539904997395478 -0.8910065241883672 0
    outer loop
      vertex 156.05954359633205 39.60557280900008 2.6
      vertex 156.50557280900009 39.37830957392775 7.6
      vertex 156.05954359633205 39.60557280900008 7.6
    endloop
  endfacet
  facet normal -0.7071067811865333 -0.7071067811865617 0
    outer loop
      vertex 156.05954359633205 39.60557280900008 2.6
      vertex 156.05954359633205 39.60557280900008 7.6
      vertex 155.70557280900007 39.95954359633204 7.6
    endloop
  endfacet
  facet normal -0.15643446504023106 -0.9876883405951375 0
    outer loop
      vertex 156.50557280900009 39.37830957392775 2.6
      vertex 157 39.3 7.6
      vertex 156.50557280900009 39.37830957392775 7.6
    endloop
  endfacet
  facet normal 0.15643446504023106 -0.9876883405951375 0
    outer loop
      vertex 157 39.3 2.6
      vertex 157.49442719099991 39.37830957392775 7.6
      vertex 157 39.3 7.6
    endloop
  endfacet
  facet normal 0.4539904997395478 -0.8910065241883672 0
    outer loop
      vertex 157.49442719099991 39.37830957392775 2.6
      vertex 157.94045640366795 39.60557280900008 7.6
      vertex 157.49442719099991 39.37830957392775 7.6
    endloop
  endfacet
  facet normal -0.9876883405951375 -0.15643446504023106 0
    outer loop
      vertex 155.47830957392776 40.405572809000084 2.6
      vertex 155.47830957392776 40.405572809000084 7.6
      vertex 155.4 40.9 7.6
    endloop
  endfacet
  facet normal -0.9876883405951375 0.15643446504023106 0
    outer loop
      vertex 155.4 40.9 2.6
      vertex 155.4 40.9 7.6
      vertex 155.47830957392776 41.39442719099991 7.6
    endloop
  endfacet
  facet normal -0.8910065241883818 -0.45399049973951955 0
    outer loop
      vertex 155.70557280900007 39.95954359633204 2.6
      vertex 155.70557280900007 39.95954359633204 7.6
      vertex 155.47830957392776 40.405572809000084 7.6
    endloop
  endfacet
  facet normal -0.8910065241883818 0.45399049973951955 0
    outer loop
      vertex 155.47830957392776 41.39442719099991 2.6
      vertex 155.47830957392776 41.39442719099991 7.6
      vertex 155.70557280900007 41.84045640366796 7.6
    endloop
  endfacet
  facet normal -0.7071067811865333 0.7071067811865617 0
    outer loop
      vertex 156.05954359633205 42.19442719099992 2.6
      vertex 155.70557280900007 41.84045640366796 7.6
      vertex 156.05954359633205 42.19442719099992 7.6
    endloop
  endfacet
  facet normal -0.4539904997395478 0.8910065241883672 0
    outer loop
      vertex 156.50557280900009 42.421690426072246 2.6
      vertex 156.05954359633205 42.19442719099992 7.6
      vertex 156.50557280900009 42.421690426072246 7.6
    endloop
  endfacet
  facet normal -0.15643446504023106 0.9876883405951375 0
    outer loop
      vertex 157 42.5 2.6
      vertex 156.50557280900009 42.421690426072246 7.6
      vertex 157 42.5 7.6
    endloop
  endfacet
  facet normal 0.7071067811865333 -0.7071067811865617 0
    outer loop
      vertex 158.29442719099993 39.95954359633204 2.6
      vertex 158.29442719099993 39.95954359633204 7.6
      vertex 157.94045640366795 39.60557280900008 7.6
    endloop
  endfacet
  facet normal 0.8910065241883818 -0.45399049973951955 0
    outer loop
      vertex 158.52169042607224 40.405572809000084 2.6
      vertex 158.52169042607224 40.405572809000084 7.6
      vertex 158.29442719099993 39.95954359633204 7.6
    endloop
  endfacet
  facet normal 0.9876883405951375 -0.15643446504023106 0
    outer loop
      vertex 158.6 40.9 2.6
      vertex 158.6 40.9 7.6
      vertex 158.52169042607224 40.405572809000084 7.6
    endloop
  endfacet
  facet normal 0.9876883405951375 0.15643446504023106 0
    outer loop
      vertex 158.52169042607224 41.39442719099991 2.6
      vertex 158.52169042607224 41.39442719099991 7.6
      vertex 158.6 40.9 7.6
    endloop
  endfacet
  facet normal 0.7071067811865333 0.7071067811865617 0
    outer loop
      vertex 158.29442719099993 41.84045640366796 2.6
      vertex 157.94045640366795 42.19442719099992 7.6
      vertex 158.29442719099993 41.84045640366796 7.6
    endloop
  endfacet
  facet normal 0.15643446504023106 0.9876883405951375 0
    outer loop
      vertex 157.49442719099991 42.421690426072246 2.6
      vertex 157 42.5 7.6
      vertex 157.49442719099991 42.421690426072246 7.6
    endloop
  endfacet
  facet normal 0.4539904997395478 0.8910065241883672 0
    outer loop
      vertex 157.94045640366795 42.19442719099992 2.6
      vertex 157.49442719099991 42.421690426072246 7.6
      vertex 157.94045640366795 42.19442719099992 7.6
    endloop
  endfacet
  facet normal 0.8910065241883818 0.45399049973951955 0
    outer loop
      vertex 158.29442719099993 41.84045640366796 2.6
      vertex 158.29442719099993 41.84045640366796 7.6
      vertex 158.52169042607224 41.39442719099991 7.6
    endloop
  endfacet
  facet normal 0 0 1
    outer loop
      vertex 155.47830957392776 40.405572809000084 7.6
      vertex 155.70557280900007 39.95954359633204 7.6
      vertex 155.47830957392776 41.39442719099991 7.6
    endloop
  endfacet
  facet normal 0 0 1
    outer loop
      vertex 155.47830957392776 40.405572809000084 7.6
      vertex 155.47830957392776 41.39442719099991 7.6
      vertex 155.4 40.9 7.6
    endloop
  endfacet
  facet normal 0 0 1
    outer loop
      vertex 156.05954359633205 39.60557280900008 7.6
      vertex 155.70557280900007 41.84045640366796 7.6
      vertex 155.70557280900007 39.95954359633204 7.6
    endloop
  endfacet
  facet normal 0 0 1
    outer loop
      vertex 156.05954359633205 39.60557280900008 7.6
      vertex 156.50557280900009 39.37830957392775 7.6
      vertex 156.05954359633205 42.19442719099992 7.6
    endloop
  endfacet
  facet normal 0 0 1
    outer loop
      vertex 156.50557280900009 39.37830957392775 7.6
      vertex 157 39.3 7.6
      vertex 156.50557280900009 42.421690426072246 7.6
    endloop
  endfacet
  facet normal 0 0 1
    outer loop
      vertex 155.70557280900007 39.95954359633204 7.6
      vertex 155.70557280900007 41.84045640366796 7.6
      vertex 155.47830957392776 41.39442719099991 7.6
    endloop
  endfacet
  facet normal 0 0 1
    outer loop
      vertex 156.05954359633205 39.60557280900008 7.6
      vertex 156.05954359633205 42.19442719099992 7.6
      vertex 155.70557280900007 41.84045640366796 7.6
    endloop
  endfacet
  facet normal 0 0 1
    outer loop
      vertex 156.50557280900009 39.37830957392775 7.6
      vertex 156.50557280900009 42.421690426072246 7.6
      vertex 156.05954359633205 42.19442719099992 7.6
    endloop
  endfacet
  facet normal 0 0 1
    outer loop
      vertex 157 39.3 7.6
      vertex 157 42.5 7.6
      vertex 156.50557280900009 42.421690426072246 7.6
    endloop
  endfacet
  facet normal 0 0 1
    outer loop
      vertex 157 39.3 7.6
      vertex 157.49442719099991 39.37830957392775 7.6
      vertex 157 42.5 7.6
    endloop
  endfacet
  facet normal 0 0 1
    outer loop
      vertex 157.49442719099991 39.37830957392775 7.6
      vertex 157.94045640366795 39.60557280900008 7.6
      vertex 157.49442719099991 42.421690426072246 7.6
    endloop
  endfacet
  facet normal 0 0 1
    outer loop
      vertex 157.94045640366795 39.60557280900008 7.6
      vertex 158.29442719099993 39.95954359633204 7.6
      vertex 157.94045640366795 42.19442719099992 7.6
    endloop
  endfacet
  facet normal 0 0 1
    outer loop
      vertex 158.29442719099993 39.95954359633204 7.6
      vertex 158.52169042607224 40.405572809000084 7.6
      vertex 158.29442719099993 41.84045640366796 7.6
    endloop
  endfacet
  facet normal 0 0 1
    outer loop
      vertex 158.52169042607224 40.405572809000084 7.6
      vertex 158.6 40.9 7.6
      vertex 158.52169042607224 41.39442719099991 7.6
    endloop
  endfacet
  facet normal 0 0 1
    outer loop
      vertex 158.52169042607224 40.405572809000084 7.6
      vertex 158.52169042607224 41.39442719099991 7.6
      vertex 158.29442719099993 41.84045640366796 7.6
    endloop
  endfacet
  facet normal 0 0 1
    outer loop
      vertex 157.49442719099991 39.37830957392775 7.6
      vertex 157.49442719099991 42.421690426072246 7.6
      vertex 157 42.5 7.6
    endloop
  endfacet
  facet normal 0 0 1
    outer loop
      vertex 157.94045640366795 39.60557280900008 7.6
      vertex 157.94045640366795 42.19442719099992 7.6
      vertex 157.49442719099991 42.421690426072246 7.6
    endloop
  endfacet
  facet normal 0 0 1
    outer loop
      vertex 158.29442719099993 39.95954359633204 7.6
      vertex 158.29442719099993 41.84045640366796 7.6
      vertex 157.94045640366795 42.19442719099992 7.6
    endloop
  endfacet
  facet normal 0 0 -1
    outer loop
      vertex 167.25 3.149999998509884 0
      vertex 68.62519456651785 91.10663712081269 0
      vertex 69.65663712081269 90.58109088970792 0
    endloop
  endfacet
  facet normal 0 0 -1
    outer loop
      vertex 167.25 3.149999998509884 0
      vertex 69.65663712081269 90.58109088970792 0
      vertex 70.8 90.39999999999999 0
    endloop
  endfacet
  facet normal 0 0 -1
    outer loop
      vertex 167.25 3.149999998509884 0
      vertex 70.8 90.39999999999999 0
      vertex 71.9433628791873 90.58109088970792 0
    endloop
  endfacet
  facet normal 0 0 -1
    outer loop
      vertex 167.25 3.149999998509884 0
      vertex 71.9433628791873 90.58109088970792 0
      vertex 72.97480543348215 91.10663712081269 0
    endloop
  endfacet
  facet normal 0 0 -1
    outer loop
      vertex 167.25 3.149999998509884 0
      vertex 72.97480543348215 91.10663712081269 0
      vertex 73.7933628791873 91.92519456651785 0
    endloop
  endfacet
  facet normal 0 0 -1
    outer loop
      vertex 167.25 3.149999998509884 0
      vertex 73.7933628791873 91.92519456651785 0
      vertex 74.31890911029207 92.95663712081269 0
    endloop
  endfacet
  facet normal 0 0 -1
    outer loop
      vertex 167.25 3.149999998509884 0
      vertex 74.31890911029207 92.95663712081269 0
      vertex 74.5 94.1 0
    endloop
  endfacet
  facet normal 0 0 -1
    outer loop
      vertex 167.25 3.149999998509884 0
      vertex 74.5 94.1 0
      vertex 74.31890911029207 95.2433628791873 0
    endloop
  endfacet
  facet normal 0 0 -1
    outer loop
      vertex 74.31890911029207 95.2433628791873 0
      vertex 88 98.6 0
      vertex 161.48109088970793 9.856637120812694 0
    endloop
  endfacet
  facet normal 0 0 1
    outer loop
      vertex 88.60139065789008 75.2755321559063 1.6
      vertex 88.60139065789008 75.92446784409368 1.6
      vertex 88.55 75.6 1.6
    endloop
  endfacet
  facet normal 0 0 1
    outer loop
      vertex 88.9828254850929 74.7505321559063 1.6
      vertex 88.9828254850929 76.44946784409369 1.6
      vertex 88.7505321559063 74.9828254850929 1.6
    endloop
  endfacet
  facet normal 0 0 1
    outer loop
      vertex 88.60139065789008 75.2755321559063 1.6
      vertex 88.7505321559063 74.9828254850929 1.6
      vertex 88.7505321559063 76.21717451490709 1.6
    endloop
  endfacet
  facet normal 0 0 1
    outer loop
      vertex 88.9828254850929 74.7505321559063 1.6
      vertex 89.2755321559063 74.60139065789008 1.6
      vertex 89.2755321559063 76.59860934210991 1.6
    endloop
  endfacet
  facet normal 0 0 1
    outer loop
      vertex 88.60139065789008 75.2755321559063 1.6
      vertex 88.7505321559063 76.21717451490709 1.6
      vertex 88.60139065789008 75.92446784409368 1.6
    endloop
  endfacet
  facet normal 0 0 1
    outer loop
      vertex 88.7505321559063 74.9828254850929 1.6
      vertex 88.9828254850929 76.44946784409369 1.6
      vertex 88.7505321559063 76.21717451490709 1.6
    endloop
  endfacet
  facet normal 0 0 1
    outer loop
      vertex 88.9828254850929 74.7505321559063 1.6
      vertex 89.2755321559063 76.59860934210991 1.6
      vertex 88.9828254850929 76.44946784409369 1.6
    endloop
  endfacet
  facet normal 0 0 1
    outer loop
      vertex 89.2755321559063 74.60139065789008 1.6
      vertex 89.6 74.55 1.6
      vertex 89.6 76.64999999999999 1.6
    endloop
  endfacet
  facet normal 0 0 1
    outer loop
      vertex 89.6 74.55 1.6
      vertex 89.92446784409368 74.60139065789008 1.6
      vertex 89.92446784409368 76.59860934210991 1.6
    endloop
  endfacet
  facet normal 0 0 1
    outer loop
      vertex 89.92446784409368 74.60139065789008 1.6
      vertex 90.21717451490709 74.7505321559063 1.6
      vertex 90.21717451490709 76.44946784409369 1.6
    endloop
  endfacet
  facet normal 0 0 1
    outer loop
      vertex 90.21717451490709 74.7505321559063 1.6
      vertex 90.44946784409369 74.9828254850929 1.6
      vertex 90.44946784409369 76.21717451490709 1.6
    endloop
  endfacet
  facet normal 0 0 1
    outer loop
      vertex 90.44946784409369 74.9828254850929 1.6
      vertex 90.59860934210991 75.2755321559063 1.6
      vertex 90.59860934210991 75.92446784409368 1.6
    endloop
  endfacet
  facet normal 0 0 1
    outer loop
      vertex 89.2755321559063 74.60139065789008 1.6
      vertex 89.6 76.64999999999999 1.6
      vertex 89.2755321559063 76.59860934210991 1.6
    endloop
  endfacet
  facet normal 0 0 1
    outer loop
      vertex 89.6 74.55 1.6
      vertex 89.92446784409368 76.59860934210991 1.6
      vertex 89.6 76.64999999999999 1.6
    endloop
  endfacet
  facet normal 0 0 1
    outer loop
      vertex 89.92446784409368 74.60139065789008 1.6
      vertex 90.21717451490709 76.44946784409369 1.6
      vertex 89.92446784409368 76.59860934210991 1.6
    endloop
  endfacet
  facet normal 0 0 1
    outer loop
      vertex 90.21717451490709 74.7505321559063 1.6
      vertex 90.44946784409369 76.21717451490709 1.6
      vertex 90.21717451490709 76.44946784409369 1.6
    endloop
  endfacet
  facet normal 0 0 1
    outer loop
      vertex 90.44946784409369 74.9828254850929 1.6
      vertex 90.59860934210991 75.92446784409368 1.6
      vertex 90.44946784409369 76.21717451490709 1.6
    endloop
  endfacet
  facet normal 0 0 1
    outer loop
      vertex 90.59860934210991 75.2755321559063 1.6
      vertex 90.64999999999999 75.6 1.6
      vertex 90.59860934210991 75.92446784409368 1.6
    endloop
  endfacet
  facet normal 0 0 -1
    outer loop
      vertex 161.48109088970793 12.143362879187306 0
      vertex 88 98.6 0
      vertex 118 98.6 0
    endloop
  endfacet
  facet normal 0 0 1
    outer loop
      vertex 87.83664424312258 73.17294901687515 2.6
      vertex 51.07294901687516 91.14683045111454 2.6
      vertex 167.25 3.149999998509884 2.6
    endloop
  endfacet
  facet normal 0.4539904997395564 0.891006524188363 0
    outer loop
      vertex 88.9828254850929 74.7505321559063 1.6
      vertex 88.9828254850929 74.7505321559063 5.6
      vertex 89.2755321559063 74.60139065789008 1.6
    endloop
  endfacet
  facet normal 0.15643446504021208 0.9876883405951408 0
    outer loop
      vertex 89.2755321559063 74.60139065789008 1.6
      vertex 89.2755321559063 74.60139065789008 5.6
      vertex 89.6 74.55 1.6
    endloop
  endfacet
  facet normal -0.15643446504021208 0.9876883405951408 0
    outer loop
      vertex 89.6 74.55 1.6
      vertex 89.6 74.55 5.6
      vertex 89.92446784409368 74.60139065789008 1.6
    endloop
  endfacet
  facet normal -0.4539904997395564 0.891006524188363 0
    outer loop
      vertex 89.92446784409368 74.60139065789008 1.6
      vertex 89.92446784409368 74.60139065789008 5.6
      vertex 90.21717451490709 74.7505321559063 1.6
    endloop
  endfacet
  facet normal -0.7071067811865475 0.7071067811865475 0
    outer loop
      vertex 90.21717451490709 74.7505321559063 1.6
      vertex 90.21717451490709 74.7505321559063 5.6
      vertex 90.44946784409369 74.9828254850929 1.6
    endloop
  endfacet
  facet normal 0.9876883405951408 0.15643446504021208 1.3048624792571795e-18
    outer loop
      vertex 88.60139065789008 75.2755321559063 1.6
      vertex 88.55 75.6 1.6
      vertex 88.55 75.6 5.6
    endloop
  endfacet
  facet normal 0.7071067811865475 0.7071067811865475 -9.874132943854363e-19
    outer loop
      vertex 88.9828254850929 74.7505321559063 1.6
      vertex 88.7505321559063 74.9828254850929 1.6
      vertex 88.7505321559063 74.9828254850929 5.6
    endloop
  endfacet
  facet normal 0.891006524188363 0.4539904997395564 0
    outer loop
      vertex 88.60139065789008 75.2755321559063 1.6
      vertex 88.60139065789008 75.2755321559063 5.6
      vertex 88.7505321559063 74.9828254850929 1.6
    endloop
  endfacet
  facet normal 0.9876883405951408 -0.15643446504021208 -1.3048624792571795e-18
    outer loop
      vertex 88.55 75.6 1.6
      vertex 88.60139065789008 75.92446784409368 1.6
      vertex 88.60139065789008 75.92446784409368 5.6
    endloop
  endfacet
  facet normal 0.891006524188363 -0.4539904997395564 1.815171163433944e-18
    outer loop
      vertex 88.60139065789008 75.92446784409368 1.6
      vertex 88.7505321559063 76.21717451490709 1.6
      vertex 88.7505321559063 76.21717451490709 5.6
    endloop
  endfacet
  facet normal 0.7071067811865475 -0.7071067811865475 9.874132943854363e-19
    outer loop
      vertex 88.7505321559063 76.21717451490709 1.6
      vertex 88.9828254850929 76.44946784409369 1.6
      vertex 88.9828254850929 76.44946784409369 5.6
    endloop
  endfacet
  facet normal -0.891006524188363 0.4539904997395564 0
    outer loop
      vertex 90.44946784409369 74.9828254850929 1.6
      vertex 90.44946784409369 74.9828254850929 5.6
      vertex 90.59860934210991 75.2755321559063 1.6
    endloop
  endfacet
  facet normal -0.891006524188363 -0.4539904997395564 0
    outer loop
      vertex 90.59860934210991 75.92446784409368 1.6
      vertex 90.59860934210991 75.92446784409368 5.6
      vertex 90.44946784409369 76.21717451490709 1.6
    endloop
  endfacet
  facet normal -0.7071067811865475 -0.7071067811865475 0
    outer loop
      vertex 90.44946784409369 76.21717451490709 1.6
      vertex 90.44946784409369 76.21717451490709 5.6
      vertex 90.21717451490709 76.44946784409369 1.6
    endloop
  endfacet
  facet normal -0.9876883405951408 0.15643446504021208 0
    outer loop
      vertex 90.59860934210991 75.2755321559063 1.6
      vertex 90.59860934210991 75.2755321559063 5.6
      vertex 90.64999999999999 75.6 1.6
    endloop
  endfacet
  facet normal -0.9876883405951408 -0.15643446504021208 0
    outer loop
      vertex 90.64999999999999 75.6 1.6
      vertex 90.64999999999999 75.6 5.6
      vertex 90.59860934210991 75.92446784409368 1.6
    endloop
  endfacet
  facet normal -0.4539904997395478 -0.8910065241883673 -1.218845201774354e-18
    outer loop
      vertex 87.83664424312258 73.17294901687515 2.6
      vertex 88.67294901687515 72.74683045111453 2.6
      vertex 88.67294901687515 72.74683045111453 5.6
    endloop
  endfacet
  facet normal -0.15643446504023048 -0.9876883405951378 4.079764490821099e-18
    outer loop
      vertex 88.67294901687515 72.74683045111453 2.6
      vertex 89.6 72.6 2.6
      vertex 89.6 72.6 5.6
    endloop
  endfacet
  facet normal 0.15643446504023048 -0.9876883405951378 -4.079764490821099e-18
    outer loop
      vertex 89.6 72.6 2.6
      vertex 90.52705098312484 72.74683045111453 2.6
      vertex 90.52705098312484 72.74683045111453 5.6
    endloop
  endfacet
  facet normal 0.4539904997395478 -0.8910065241883673 1.218845201774354e-18
    outer loop
      vertex 90.52705098312484 72.74683045111453 2.6
      vertex 91.36335575687741 73.17294901687515 2.6
      vertex 91.36335575687741 73.17294901687515 5.6
    endloop
  endfacet
  facet normal 0.7071067811865475 -0.7071067811865475 0
    outer loop
      vertex 91.36335575687741 73.17294901687515 2.6
      vertex 92.02705098312484 73.83664424312258 2.6
      vertex 91.36335575687741 73.17294901687515 5.6
    endloop
  endfacet
  facet normal 0.8910065241883673 -0.4539904997395478 0
    outer loop
      vertex 92.02705098312484 73.83664424312258 2.6
      vertex 92.45316954888546 74.67294901687515 2.6
      vertex 92.02705098312484 73.83664424312258 5.6
    endloop
  endfacet
  facet normal 0.9876883405951378 -0.15643446504023048 0
    outer loop
      vertex 92.45316954888546 74.67294901687515 2.6
      vertex 92.6 75.6 2.6
      vertex 92.45316954888546 74.67294901687515 5.6
    endloop
  endfacet
  facet normal 0.9876883405951378 0.15643446504023048 0
    outer loop
      vertex 92.6 75.6 2.6
      vertex 92.45316954888546 76.52705098312484 2.6
      vertex 92.6 75.6 5.6
    endloop
  endfacet
  facet normal 0 0 1
    outer loop
      vertex 155.70557280900007 39.95954359633204 2.6
      vertex 90.52705098312484 72.74683045111453 2.6
      vertex 89.6 72.6 2.6
    endloop
  endfacet
  facet normal 0 0 1
    outer loop
      vertex 155.47830957392776 40.405572809000084 2.6
      vertex 91.36335575687741 73.17294901687515 2.6
      vertex 90.52705098312484 72.74683045111453 2.6
    endloop
  endfacet
  facet normal 0 0 1
    outer loop
      vertex 155.47830957392776 41.39442719099991 2.6
      vertex 92.02705098312484 73.83664424312258 2.6
      vertex 91.36335575687741 73.17294901687515 2.6
    endloop
  endfacet
  facet normal 0 0 1
    outer loop
      vertex 92.02705098312484 73.83664424312258 2.6
      vertex 163.17294901687515 73.83664424312258 2.6
      vertex 92.45316954888546 74.67294901687515 2.6
    endloop
  endfacet
  facet normal 0 0 1
    outer loop
      vertex 92.45316954888546 74.67294901687515 2.6
      vertex 162.74683045111453 74.67294901687515 2.6
      vertex 92.6 75.6 2.6
    endloop
  endfacet
  facet normal 0 0 1
    outer loop
      vertex 92.6 75.6 2.6
      vertex 162.6 75.6 2.6
      vertex 92.45316954888546 76.52705098312484 2.6
    endloop
  endfacet
  facet normal 1 0 0
    outer loop
      vertex 88 100.85000000149012 0
      vertex 88 98.6 2.6
      vertex 88 98.6 0
    endloop
  endfacet
  facet normal 0 1 0
    outer loop
      vertex 88 98.6 2.6
      vertex 118 98.6 0
      vertex 88 98.6 0
    endloop
  endfacet
  facet normal 0 0 1
    outer loop
      vertex 88.60139065789008 91.2755321559063 1.6
      vertex 88.60139065789008 91.92446784409368 1.6
      vertex 88.55 91.6 1.6
    endloop
  endfacet
  facet normal 0 0 1
    outer loop
      vertex 88.7505321559063 90.9828254850929 1.6
      vertex 88.7505321559063 92.21717451490709 1.6
      vertex 88.60139065789008 91.2755321559063 1.6
    endloop
  endfacet
  facet normal 0 0 1
    outer loop
      vertex 88.9828254850929 90.7505321559063 1.6
      vertex 88.9828254850929 92.44946784409369 1.6
      vertex 88.7505321559063 90.9828254850929 1.6
    endloop
  endfacet
  facet normal 0 0 1
    outer loop
      vertex 89.2755321559063 90.60139065789008 1.6
      vertex 89.2755321559063 92.59860934210991 1.6
      vertex 88.9828254850929 90.7505321559063 1.6
    endloop
  endfacet
  facet normal 0 0 1
    outer loop
      vertex 89.2755321559063 90.60139065789008 1.6
      vertex 89.6 90.55 1.6
      vertex 89.6 92.64999999999999 1.6
    endloop
  endfacet
  facet normal 0 0 1
    outer loop
      vertex 89.6 90.55 1.6
      vertex 89.92446784409368 90.60139065789008 1.6
      vertex 89.92446784409368 92.59860934210991 1.6
    endloop
  endfacet
  facet normal 0 0 1
    outer loop
      vertex 89.92446784409368 90.60139065789008 1.6
      vertex 90.21717451490709 90.7505321559063 1.6
      vertex 90.21717451490709 92.44946784409369 1.6
    endloop
  endfacet
  facet normal 0 0 1
    outer loop
      vertex 90.21717451490709 90.7505321559063 1.6
      vertex 90.44946784409369 90.9828254850929 1.6
      vertex 90.44946784409369 92.21717451490709 1.6
    endloop
  endfacet
  facet normal 0 0 1
    outer loop
      vertex 90.44946784409369 90.9828254850929 1.6
      vertex 90.59860934210991 91.2755321559063 1.6
      vertex 90.59860934210991 91.92446784409368 1.6
    endloop
  endfacet
  facet normal 0 0 1
    outer loop
      vertex 90.59860934210991 91.2755321559063 1.6
      vertex 90.64999999999999 91.6 1.6
      vertex 90.59860934210991 91.92446784409368 1.6
    endloop
  endfacet
  facet normal 0 0 1
    outer loop
      vertex 88.60139065789008 91.2755321559063 1.6
      vertex 88.7505321559063 92.21717451490709 1.6
      vertex 88.60139065789008 91.92446784409368 1.6
    endloop
  endfacet
  facet normal 0 0 1
    outer loop
      vertex 88.7505321559063 90.9828254850929 1.6
      vertex 88.9828254850929 92.44946784409369 1.6
      vertex 88.7505321559063 92.21717451490709 1.6
    endloop
  endfacet
  facet normal 0 0 1
    outer loop
      vertex 88.9828254850929 90.7505321559063 1.6
      vertex 89.2755321559063 92.59860934210991 1.6
      vertex 88.9828254850929 92.44946784409369 1.6
    endloop
  endfacet
  facet normal 0 0 1
    outer loop
      vertex 89.2755321559063 90.60139065789008 1.6
      vertex 89.6 92.64999999999999 1.6
      vertex 89.2755321559063 92.59860934210991 1.6
    endloop
  endfacet
  facet normal 0 0 1
    outer loop
      vertex 89.6 90.55 1.6
      vertex 89.92446784409368 92.59860934210991 1.6
      vertex 89.6 92.64999999999999 1.6
    endloop
  endfacet
  facet normal 0 0 1
    outer loop
      vertex 89.92446784409368 90.60139065789008 1.6
      vertex 90.21717451490709 92.44946784409369 1.6
      vertex 89.92446784409368 92.59860934210991 1.6
    endloop
  endfacet
  facet normal 0 0 1
    outer loop
      vertex 90.21717451490709 90.7505321559063 1.6
      vertex 90.44946784409369 92.21717451490709 1.6
      vertex 90.21717451490709 92.44946784409369 1.6
    endloop
  endfacet
  facet normal 0 0 1
    outer loop
      vertex 90.44946784409369 90.9828254850929 1.6
      vertex 90.59860934210991 91.92446784409368 1.6
      vertex 90.44946784409369 92.21717451490709 1.6
    endloop
  endfacet
  facet normal 1 0 0
    outer loop
      vertex 88 100.85000000149012 2.6
      vertex 88 98.6 2.6
      vertex 88 100.85000000149012 0
    endloop
  endfacet
  facet normal 0 1 0
    outer loop
      vertex 118 98.6 0
      vertex 88 98.6 2.6
      vertex 118 98.6 2.6
    endloop
  endfacet
  facet normal -1 0 0
    outer loop
      vertex 118 100.85000000149012 0
      vertex 118 98.6 0
      vertex 118 100.85000000149012 2.6
    endloop
  endfacet
  facet normal -1 0 0
    outer loop
      vertex 118 98.6 0
      vertex 118 98.6 2.6
      vertex 118 100.85000000149012 2.6
    endloop
  endfacet
  facet normal 0 0 1
    outer loop
      vertex 87.83664424312258 78.02705098312484 2.6
      vertex 88.67294901687515 78.45316954888546 2.6
      vertex 88.67294901687515 88.74683045111453 2.6
    endloop
  endfacet
  facet normal 0 0 1
    outer loop
      vertex 88.67294901687515 78.45316954888546 2.6
      vertex 89.6 78.6 2.6
      vertex 89.6 88.6 2.6
    endloop
  endfacet
  facet normal 0 0 1
    outer loop
      vertex 89.6 78.6 2.6
      vertex 90.52705098312484 78.45316954888546 2.6
      vertex 90.52705098312484 88.74683045111453 2.6
    endloop
  endfacet
  facet normal 0 0 1
    outer loop
      vertex 90.52705098312484 78.45316954888546 2.6
      vertex 91.36335575687741 78.02705098312484 2.6
      vertex 91.36335575687741 89.17294901687515 2.6
    endloop
  endfacet
  facet normal 0 0 1
    outer loop
      vertex 87.83664424312258 78.02705098312484 2.6
      vertex 88.67294901687515 88.74683045111453 2.6
      vertex 87.83664424312258 89.17294901687515 2.6
    endloop
  endfacet
  facet normal 0 0 1
    outer loop
      vertex 88.67294901687515 78.45316954888546 2.6
      vertex 89.6 88.6 2.6
      vertex 88.67294901687515 88.74683045111453 2.6
    endloop
  endfacet
  facet normal 0 0 1
    outer loop
      vertex 89.6 78.6 2.6
      vertex 90.52705098312484 88.74683045111453 2.6
      vertex 89.6 88.6 2.6
    endloop
  endfacet
  facet normal 0 0 1
    outer loop
      vertex 90.52705098312484 78.45316954888546 2.6
      vertex 91.36335575687741 89.17294901687515 2.6
      vertex 90.52705098312484 88.74683045111453 2.6
    endloop
  endfacet
  facet normal 0 0 1
    outer loop
      vertex 91.36335575687741 78.02705098312484 2.6
      vertex 92.02705098312484 89.83664424312258 2.6
      vertex 91.36335575687741 89.17294901687515 2.6
    endloop
  endfacet
  facet normal 0.4539904997395564 -0.891006524188363 1.815171163433944e-18
    outer loop
      vertex 88.9828254850929 76.44946784409369 1.6
      vertex 89.2755321559063 76.59860934210991 1.6
      vertex 89.2755321559063 76.59860934210991 5.6
    endloop
  endfacet
  facet normal 0.15643446504021208 -0.9876883405951408 -1.3048624792571795e-18
    outer loop
      vertex 89.2755321559063 76.59860934210991 1.6
      vertex 89.6 76.64999999999999 1.6
      vertex 89.6 76.64999999999999 5.6
    endloop
  endfacet
  facet normal -0.15643446504021208 -0.9876883405951408 1.3048624792571795e-18
    outer loop
      vertex 89.6 76.64999999999999 1.6
      vertex 89.92446784409368 76.59860934210991 1.6
      vertex 89.92446784409368 76.59860934210991 5.6
    endloop
  endfacet
  facet normal -0.4539904997395564 -0.891006524188363 -1.815171163433944e-18
    outer loop
      vertex 89.92446784409368 76.59860934210991 1.6
      vertex 90.21717451490709 76.44946784409369 1.6
      vertex 90.21717451490709 76.44946784409369 5.6
    endloop
  endfacet
  facet normal -0.4539904997395478 0.8910065241883673 0
    outer loop
      vertex 87.83664424312258 78.02705098312484 2.6
      vertex 87.83664424312258 78.02705098312484 5.6
      vertex 88.67294901687515 78.45316954888546 2.6
    endloop
  endfacet
  facet normal -0.15643446504023048 0.9876883405951378 0
    outer loop
      vertex 88.67294901687515 78.45316954888546 2.6
      vertex 88.67294901687515 78.45316954888546 5.6
      vertex 89.6 78.6 2.6
    endloop
  endfacet
  facet normal 0.15643446504023048 0.9876883405951378 0
    outer loop
      vertex 89.6 78.6 2.6
      vertex 89.6 78.6 5.6
      vertex 90.52705098312484 78.45316954888546 2.6
    endloop
  endfacet
  facet normal 0.7071067811865475 0.7071067811865475 0
    outer loop
      vertex 92.02705098312484 77.36335575687741 2.6
      vertex 91.36335575687741 78.02705098312484 2.6
      vertex 92.02705098312484 77.36335575687741 5.6
    endloop
  endfacet
  facet normal 0.8910065241883673 0.4539904997395478 0
    outer loop
      vertex 92.45316954888546 76.52705098312484 2.6
      vertex 92.02705098312484 77.36335575687741 2.6
      vertex 92.45316954888546 76.52705098312484 5.6
    endloop
  endfacet
  facet normal 0.4539904997395478 0.8910065241883673 0
    outer loop
      vertex 90.52705098312484 78.45316954888546 2.6
      vertex 90.52705098312484 78.45316954888546 5.6
      vertex 91.36335575687741 78.02705098312484 2.6
    endloop
  endfacet
  facet normal 0 0 1
    outer loop
      vertex 89.6 94.6 2.6
      vertex 118 98.6 2.6
      vertex 88 98.6 2.6
    endloop
  endfacet
  facet normal 0.7071067811865475 0.7071067811865475 -9.874132943854363e-19
    outer loop
      vertex 88.9828254850929 90.7505321559063 1.6
      vertex 88.7505321559063 90.9828254850929 1.6
      vertex 88.7505321559063 90.9828254850929 5.6
    endloop
  endfacet
  facet normal 0.4539904997395564 0.891006524188363 -1.815171163433944e-18
    outer loop
      vertex 89.2755321559063 90.60139065789008 1.6
      vertex 88.9828254850929 90.7505321559063 1.6
      vertex 88.9828254850929 90.7505321559063 5.6
    endloop
  endfacet
  facet normal 0.9876883405951408 0.15643446504021208 1.3048624792571795e-18
    outer loop
      vertex 88.60139065789008 91.2755321559063 1.6
      vertex 88.55 91.6 1.6
      vertex 88.55 91.6 5.6
    endloop
  endfacet
  facet normal 0.891006524188363 0.4539904997395564 -1.815171163433944e-18
    outer loop
      vertex 88.7505321559063 90.9828254850929 1.6
      vertex 88.60139065789008 91.2755321559063 1.6
      vertex 88.60139065789008 91.2755321559063 5.6
    endloop
  endfacet
  facet normal 0.15643446504021208 0.9876883405951408 0
    outer loop
      vertex 89.2755321559063 90.60139065789008 1.6
      vertex 89.2755321559063 90.60139065789008 5.6
      vertex 89.6 90.55 1.6
    endloop
  endfacet
  facet normal -0.15643446504021208 0.9876883405951408 0
    outer loop
      vertex 89.6 90.55 1.6
      vertex 89.6 90.55 5.6
      vertex 89.92446784409368 90.60139065789008 1.6
    endloop
  endfacet
  facet normal -0.4539904997395564 0.891006524188363 0
    outer loop
      vertex 89.92446784409368 90.60139065789008 1.6
      vertex 89.92446784409368 90.60139065789008 5.6
      vertex 90.21717451490709 90.7505321559063 1.6
    endloop
  endfacet
  facet normal -0.7071067811865475 0.7071067811865475 0
    outer loop
      vertex 90.21717451490709 90.7505321559063 1.6
      vertex 90.21717451490709 90.7505321559063 5.6
      vertex 90.44946784409369 90.9828254850929 1.6
    endloop
  endfacet
  facet normal -0.891006524188363 0.4539904997395564 0
    outer loop
      vertex 90.44946784409369 90.9828254850929 1.6
      vertex 90.44946784409369 90.9828254850929 5.6
      vertex 90.59860934210991 91.2755321559063 1.6
    endloop
  endfacet
  facet normal -0.9876883405951408 0.15643446504021208 0
    outer loop
      vertex 90.59860934210991 91.2755321559063 1.6
      vertex 90.59860934210991 91.2755321559063 5.6
      vertex 90.64999999999999 91.6 1.6
    endloop
  endfacet
  facet normal 0.9876883405951408 -0.15643446504021208 -1.3048624792571795e-18
    outer loop
      vertex 88.55 91.6 1.6
      vertex 88.60139065789008 91.92446784409368 1.6
      vertex 88.60139065789008 91.92446784409368 5.6
    endloop
  endfacet
  facet normal 0.891006524188363 -0.4539904997395564 1.815171163433944e-18
    outer loop
      vertex 88.60139065789008 91.92446784409368 1.6
      vertex 88.7505321559063 92.21717451490709 1.6
      vertex 88.7505321559063 92.21717451490709 5.6
    endloop
  endfacet
  facet normal 0.7071067811865475 -0.7071067811865475 9.874132943854363e-19
    outer loop
      vertex 88.7505321559063 92.21717451490709 1.6
      vertex 88.9828254850929 92.44946784409369 1.6
      vertex 88.9828254850929 92.44946784409369 5.6
    endloop
  endfacet
  facet normal 0.4539904997395564 -0.891006524188363 1.815171163433944e-18
    outer loop
      vertex 88.9828254850929 92.44946784409369 1.6
      vertex 89.2755321559063 92.59860934210991 1.6
      vertex 89.2755321559063 92.59860934210991 5.6
    endloop
  endfacet
  facet normal -0.891006524188363 -0.4539904997395564 0
    outer loop
      vertex 90.59860934210991 91.92446784409368 1.6
      vertex 90.59860934210991 91.92446784409368 5.6
      vertex 90.44946784409369 92.21717451490709 1.6
    endloop
  endfacet
  facet normal -0.7071067811865475 -0.7071067811865475 0
    outer loop
      vertex 90.44946784409369 92.21717451490709 1.6
      vertex 90.44946784409369 92.21717451490709 5.6
      vertex 90.21717451490709 92.44946784409369 1.6
    endloop
  endfacet
  facet normal 0.15643446504021208 -0.9876883405951408 -1.3048624792571795e-18
    outer loop
      vertex 89.2755321559063 92.59860934210991 1.6
      vertex 89.6 92.64999999999999 1.6
      vertex 89.6 92.64999999999999 5.6
    endloop
  endfacet
  facet normal -0.15643446504021208 -0.9876883405951408 0
    outer loop
      vertex 89.92446784409368 92.59860934210991 1.6
      vertex 89.92446784409368 92.59860934210991 5.6
      vertex 89.6 92.64999999999999 1.6
    endloop
  endfacet
  facet normal -0.4539904997395564 -0.891006524188363 -1.815171163433944e-18
    outer loop
      vertex 89.92446784409368 92.59860934210991 1.6
      vertex 90.21717451490709 92.44946784409369 1.6
      vertex 90.21717451490709 92.44946784409369 5.6
    endloop
  endfacet
  facet normal -0.9876883405951408 -0.15643446504021208 0
    outer loop
      vertex 90.64999999999999 91.6 1.6
      vertex 90.64999999999999 91.6 5.6
      vertex 90.59860934210991 91.92446784409368 1.6
    endloop
  endfacet
  facet normal -0.4539904997395478 -0.8910065241883673 -1.218845201774354e-18
    outer loop
      vertex 87.83664424312258 89.17294901687515 2.6
      vertex 88.67294901687515 88.74683045111453 2.6
      vertex 88.67294901687515 88.74683045111453 5.6
    endloop
  endfacet
  facet normal -0.15643446504023048 -0.9876883405951378 0
    outer loop
      vertex 89.6 88.6 2.6
      vertex 89.6 88.6 5.6
      vertex 88.67294901687515 88.74683045111453 2.6
    endloop
  endfacet
  facet normal 0.15643446504023048 -0.9876883405951378 -4.079764490821099e-18
    outer loop
      vertex 89.6 88.6 2.6
      vertex 90.52705098312484 88.74683045111453 2.6
      vertex 90.52705098312484 88.74683045111453 5.6
    endloop
  endfacet
  facet normal 0.4539904997395478 -0.8910065241883673 1.218845201774354e-18
    outer loop
      vertex 90.52705098312484 88.74683045111453 2.6
      vertex 91.36335575687741 89.17294901687515 2.6
      vertex 91.36335575687741 89.17294901687515 5.6
    endloop
  endfacet
  facet normal 0.7071067811865475 -0.7071067811865475 0
    outer loop
      vertex 91.36335575687741 89.17294901687515 2.6
      vertex 92.02705098312484 89.83664424312258 2.6
      vertex 91.36335575687741 89.17294901687515 5.6
    endloop
  endfacet
  facet normal 0.8910065241883673 -0.4539904997395478 0
    outer loop
      vertex 92.02705098312484 89.83664424312258 2.6
      vertex 92.45316954888546 90.67294901687515 2.6
      vertex 92.02705098312484 89.83664424312258 5.6
    endloop
  endfacet
  facet normal 0.9876883405951378 -0.15643446504023048 0
    outer loop
      vertex 92.45316954888546 90.67294901687515 2.6
      vertex 92.6 91.6 2.6
      vertex 92.45316954888546 90.67294901687515 5.6
    endloop
  endfacet
  facet normal -0.4539904997395478 0.8910065241883673 0
    outer loop
      vertex 87.83664424312258 94.02705098312484 2.6
      vertex 87.83664424312258 94.02705098312484 5.6
      vertex 88.67294901687515 94.45316954888546 2.6
    endloop
  endfacet
  facet normal -0.15643446504023048 0.9876883405951378 0
    outer loop
      vertex 88.67294901687515 94.45316954888546 2.6
      vertex 88.67294901687515 94.45316954888546 5.6
      vertex 89.6 94.6 2.6
    endloop
  endfacet
  facet normal 0.15643446504023048 0.9876883405951378 0
    outer loop
      vertex 89.6 94.6 2.6
      vertex 89.6 94.6 5.6
      vertex 90.52705098312484 94.45316954888546 2.6
    endloop
  endfacet
  facet normal 0.9876883405951378 0.15643446504023048 0
    outer loop
      vertex 92.6 91.6 2.6
      vertex 92.45316954888546 92.52705098312484 2.6
      vertex 92.6 91.6 5.6
    endloop
  endfacet
  facet normal 0.8910065241883673 0.4539904997395478 0
    outer loop
      vertex 92.45316954888546 92.52705098312484 2.6
      vertex 92.02705098312484 93.36335575687741 2.6
      vertex 92.45316954888546 92.52705098312484 5.6
    endloop
  endfacet
  facet normal 0.7071067811865475 0.7071067811865475 -9.953543024848234e-20
    outer loop
      vertex 91.36335575687741 94.02705098312484 2.6
      vertex 92.02705098312484 93.36335575687741 5.6
      vertex 92.02705098312484 93.36335575687741 2.6
    endloop
  endfacet
  facet normal 0.4539904997395478 0.8910065241883673 0
    outer loop
      vertex 90.52705098312484 94.45316954888546 2.6
      vertex 90.52705098312484 94.45316954888546 5.6
      vertex 91.36335575687741 94.02705098312484 2.6
    endloop
  endfacet
  facet normal 0 0 1
    outer loop
      vertex 92.45316954888546 76.52705098312484 2.6
      vertex 162.74683045111453 76.52705098312484 2.6
      vertex 92.02705098312484 77.36335575687741 2.6
    endloop
  endfacet
  facet normal 0 0 1
    outer loop
      vertex 92.02705098312484 77.36335575687741 2.6
      vertex 163.17294901687515 77.36335575687741 2.6
      vertex 91.36335575687741 78.02705098312484 2.6
    endloop
  endfacet
  facet normal 0 0 1
    outer loop
      vertex 91.36335575687741 78.02705098312484 2.6
      vertex 163.17294901687515 89.83664424312258 2.6
      vertex 92.02705098312484 89.83664424312258 2.6
    endloop
  endfacet
  facet normal 0 0 1
    outer loop
      vertex 92.02705098312484 89.83664424312258 2.6
      vertex 163.17294901687515 89.83664424312258 2.6
      vertex 92.45316954888546 90.67294901687515 2.6
    endloop
  endfacet
  facet normal 0 0 1
    outer loop
      vertex 92.45316954888546 90.67294901687515 2.6
      vertex 162.74683045111453 90.67294901687515 2.6
      vertex 92.6 91.6 2.6
    endloop
  endfacet
  facet normal 0 0 1
    outer loop
      vertex 92.45316954888546 92.52705098312484 2.6
      vertex 162.74683045111453 92.52705098312484 2.6
      vertex 92.02705098312484 93.36335575687741 2.6
    endloop
  endfacet
  facet normal 0 0 1
    outer loop
      vertex 92.6 91.6 2.6
      vertex 162.6 91.6 2.6
      vertex 92.45316954888546 92.52705098312484 2.6
    endloop
  endfacet
  facet normal 0 0 1
    outer loop
      vertex 91.36335575687741 94.02705098312484 2.6
      vertex 92.02705098312484 93.36335575687741 2.6
      vertex 163.17294901687515 93.36335575687741 2.6
    endloop
  endfacet
  facet normal 0 0 1
    outer loop
      vertex 89.6 94.6 2.6
      vertex 90.52705098312484 94.45316954888546 2.6
      vertex 167.25 100.85000000149012 2.6
    endloop
  endfacet
  facet normal 0 0 1
    outer loop
      vertex 90.52705098312484 94.45316954888546 2.6
      vertex 91.36335575687741 94.02705098312484 2.6
      vertex 167.25 100.85000000149012 2.6
    endloop
  endfacet
  facet normal 0 0 1
    outer loop
      vertex 89.6 94.6 2.6
      vertex 167.25 100.85000000149012 2.6
      vertex 118 98.6 2.6
    endloop
  endfacet
  facet normal 0 0 -1
    outer loop
      vertex 167.25 100.85000000149012 0
      vertex 165 14.7 0
      vertex 118 98.6 0
    endloop
  endfacet
  facet normal 0 0 -1
    outer loop
      vertex 172.85000000149012 8.75 0
      vertex 172.57591649144888 96.9804951697588 0
      vertex 172.85000000149012 95.25 0
    endloop
  endfacet
  facet normal 0 0 -1
    outer loop
      vertex 168.9804951697588 3.4240835085511208 0
      vertex 167.25 100.85000000149012 0
      vertex 168.9804951697588 100.57591649144888 0
    endloop
  endfacet
  facet normal 0 0 -1
    outer loop
      vertex 170.5415974110365 4.2195048332214355 0
      vertex 168.9804951697588 100.57591649144888 0
      vertex 170.5415974110365 99.78049516677856 0
    endloop
  endfacet
  facet normal 0 0 -1
    outer loop
      vertex 171.78049516677856 5.458402588963509 0
      vertex 170.5415974110365 99.78049516677856 0
      vertex 171.78049516677856 98.54159741103649 0
    endloop
  endfacet
  facet normal 0 0 -1
    outer loop
      vertex 172.57591649144888 7.019504830241203 0
      vertex 171.78049516677856 98.54159741103649 0
      vertex 172.57591649144888 96.9804951697588 0
    endloop
  endfacet
  facet normal 1 0 0
    outer loop
      vertex 172.85000000149012 8.75 2.6
      vertex 172.85000000149012 95.25 0
      vertex 172.85000000149012 95.25 2.6
    endloop
  endfacet
  facet normal 0 0 1
    outer loop
      vertex 164.7505321559063 74.9828254850929 1.6
      vertex 164.7505321559063 76.21717451490709 1.6
      vertex 164.60139065789008 75.2755321559063 1.6
    endloop
  endfacet
  facet normal 0 0 1
    outer loop
      vertex 164.60139065789008 75.2755321559063 1.6
      vertex 164.60139065789008 75.92446784409368 1.6
      vertex 164.54999999999998 75.6 1.6
    endloop
  endfacet
  facet normal 0 0 1
    outer loop
      vertex 164.60139065789008 75.2755321559063 1.6
      vertex 164.7505321559063 76.21717451490709 1.6
      vertex 164.60139065789008 75.92446784409368 1.6
    endloop
  endfacet
  facet normal 0 0 1
    outer loop
      vertex 164.7505321559063 74.9828254850929 1.6
      vertex 164.9828254850929 76.44946784409369 1.6
      vertex 164.7505321559063 76.21717451490709 1.6
    endloop
  endfacet
  facet normal 0 0 1
    outer loop
      vertex 165.2755321559063 74.60139065789008 1.6
      vertex 165.6 74.55 1.6
      vertex 165.6 76.64999999999999 1.6
    endloop
  endfacet
  facet normal 0 0 1
    outer loop
      vertex 164.7505321559063 74.9828254850929 1.6
      vertex 164.9828254850929 74.7505321559063 1.6
      vertex 164.9828254850929 76.44946784409369 1.6
    endloop
  endfacet
  facet normal 0 0 1
    outer loop
      vertex 164.9828254850929 74.7505321559063 1.6
      vertex 165.2755321559063 74.60139065789008 1.6
      vertex 165.2755321559063 76.59860934210991 1.6
    endloop
  endfacet
  facet normal 0 0 1
    outer loop
      vertex 165.6 74.55 1.6
      vertex 165.9244678440937 74.60139065789008 1.6
      vertex 165.9244678440937 76.59860934210991 1.6
    endloop
  endfacet
  facet normal 0 0 1
    outer loop
      vertex 165.9244678440937 74.60139065789008 1.6
      vertex 166.2171745149071 74.7505321559063 1.6
      vertex 166.2171745149071 76.44946784409369 1.6
    endloop
  endfacet
  facet normal 0 0 1
    outer loop
      vertex 164.9828254850929 74.7505321559063 1.6
      vertex 165.2755321559063 76.59860934210991 1.6
      vertex 164.9828254850929 76.44946784409369 1.6
    endloop
  endfacet
  facet normal 0 0 1
    outer loop
      vertex 165.2755321559063 74.60139065789008 1.6
      vertex 165.6 76.64999999999999 1.6
      vertex 165.2755321559063 76.59860934210991 1.6
    endloop
  endfacet
  facet normal 0 0 1
    outer loop
      vertex 165.6 74.55 1.6
      vertex 165.9244678440937 76.59860934210991 1.6
      vertex 165.6 76.64999999999999 1.6
    endloop
  endfacet
  facet normal 0 0 1
    outer loop
      vertex 165.9244678440937 74.60139065789008 1.6
      vertex 166.2171745149071 76.44946784409369 1.6
      vertex 165.9244678440937 76.59860934210991 1.6
    endloop
  endfacet
  facet normal 0 0 1
    outer loop
      vertex 166.2171745149071 74.7505321559063 1.6
      vertex 166.44946784409368 74.9828254850929 1.6
      vertex 166.44946784409368 76.21717451490709 1.6
    endloop
  endfacet
  facet normal 0 0 1
    outer loop
      vertex 166.44946784409368 74.9828254850929 1.6
      vertex 166.5986093421099 75.2755321559063 1.6
      vertex 166.5986093421099 75.92446784409368 1.6
    endloop
  endfacet
  facet normal 0 0 1
    outer loop
      vertex 166.5986093421099 75.2755321559063 1.6
      vertex 166.65 75.6 1.6
      vertex 166.5986093421099 75.92446784409368 1.6
    endloop
  endfacet
  facet normal 0 0 1
    outer loop
      vertex 166.2171745149071 74.7505321559063 1.6
      vertex 166.44946784409368 76.21717451490709 1.6
      vertex 166.2171745149071 76.44946784409369 1.6
    endloop
  endfacet
  facet normal 0 0 1
    outer loop
      vertex 166.44946784409368 74.9828254850929 1.6
      vertex 166.5986093421099 75.92446784409368 1.6
      vertex 166.44946784409368 76.21717451490709 1.6
    endloop
  endfacet
  facet normal 0 0 1
    outer loop
      vertex 155.47830957392776 41.39442719099991 2.6
      vertex 155.70557280900007 41.84045640366796 2.6
      vertex 92.02705098312484 73.83664424312258 2.6
    endloop
  endfacet
  facet normal 0 0 1
    outer loop
      vertex 155.70557280900007 41.84045640366796 2.6
      vertex 156.05954359633205 42.19442719099992 2.6
      vertex 92.02705098312484 73.83664424312258 2.6
    endloop
  endfacet
  facet normal 0 0 1
    outer loop
      vertex 156.05954359633205 42.19442719099992 2.6
      vertex 156.50557280900009 42.421690426072246 2.6
      vertex 92.02705098312484 73.83664424312258 2.6
    endloop
  endfacet
  facet normal 0 0 1
    outer loop
      vertex 156.50557280900009 42.421690426072246 2.6
      vertex 163.17294901687515 73.83664424312258 2.6
      vertex 92.02705098312484 73.83664424312258 2.6
    endloop
  endfacet
  facet normal 0 0 1
    outer loop
      vertex 92.45316954888546 74.67294901687515 2.6
      vertex 163.17294901687515 73.83664424312258 2.6
      vertex 162.74683045111453 74.67294901687515 2.6
    endloop
  endfacet
  facet normal 0 0 1
    outer loop
      vertex 92.6 75.6 2.6
      vertex 162.74683045111453 74.67294901687515 2.6
      vertex 162.6 75.6 2.6
    endloop
  endfacet
  facet normal 0 0 1
    outer loop
      vertex 92.45316954888546 76.52705098312484 2.6
      vertex 162.6 75.6 2.6
      vertex 162.74683045111453 76.52705098312484 2.6
    endloop
  endfacet
  facet normal 0 0 1
    outer loop
      vertex 156.50557280900009 42.421690426072246 2.6
      vertex 157 42.5 2.6
      vertex 163.83664424312258 73.17294901687515 2.6
    endloop
  endfacet
  facet normal 0 0 1
    outer loop
      vertex 157.49442719099991 42.421690426072246 2.6
      vertex 164.67294901687515 72.74683045111453 2.6
      vertex 157 42.5 2.6
    endloop
  endfacet
  facet normal 0 0 1
    outer loop
      vertex 157.94045640366795 42.19442719099992 2.6
      vertex 158.29442719099993 41.84045640366796 2.6
      vertex 165.6 72.6 2.6
    endloop
  endfacet
  facet normal 0 0 1
    outer loop
      vertex 157.49442719099991 42.421690426072246 2.6
      vertex 157.94045640366795 42.19442719099992 2.6
      vertex 165.6 72.6 2.6
    endloop
  endfacet
  facet normal 0 0 1
    outer loop
      vertex 156.50557280900009 42.421690426072246 2.6
      vertex 163.83664424312258 73.17294901687515 2.6
      vertex 163.17294901687515 73.83664424312258 2.6
    endloop
  endfacet
  facet normal 0 0 1
    outer loop
      vertex 157 42.5 2.6
      vertex 164.67294901687515 72.74683045111453 2.6
      vertex 163.83664424312258 73.17294901687515 2.6
    endloop
  endfacet
  facet normal 0 0 1
    outer loop
      vertex 168.9804951697588 3.4240835085511208 2.6
      vertex 168.6 91.6 2.6
      vertex 168.6 75.6 2.6
    endloop
  endfacet
  facet normal 0 0 1
    outer loop
      vertex 157.49442719099991 42.421690426072246 2.6
      vertex 165.6 72.6 2.6
      vertex 164.67294901687515 72.74683045111453 2.6
    endloop
  endfacet
  facet normal 0 0 1
    outer loop
      vertex 158.29442719099993 41.84045640366796 2.6
      vertex 166.52705098312484 72.74683045111453 2.6
      vertex 165.6 72.6 2.6
    endloop
  endfacet
  facet normal 0 0 1
    outer loop
      vertex 158.52169042607224 41.39442719099991 2.6
      vertex 167.3633557568774 73.17294901687515 2.6
      vertex 166.52705098312484 72.74683045111453 2.6
    endloop
  endfacet
  facet normal 0 0 1
    outer loop
      vertex 168.9804951697588 3.4240835085511208 2.6
      vertex 168.9804951697588 100.57591649144888 2.6
      vertex 168.6 91.6 2.6
    endloop
  endfacet
  facet normal 0 0 1
    outer loop
      vertex 172.85000000149012 8.75 2.6
      vertex 172.85000000149012 95.25 2.6
      vertex 172.57591649144888 96.9804951697588 2.6
    endloop
  endfacet
  facet normal 0 0 1
    outer loop
      vertex 170.5415974110365 4.2195048332214355 2.6
      vertex 170.5415974110365 99.78049516677856 2.6
      vertex 168.9804951697588 100.57591649144888 2.6
    endloop
  endfacet
  facet normal 0 0 1
    outer loop
      vertex 171.78049516677856 5.458402588963509 2.6
      vertex 171.78049516677856 98.54159741103649 2.6
      vertex 170.5415974110365 99.78049516677856 2.6
    endloop
  endfacet
  facet normal 0 0 1
    outer loop
      vertex 172.57591649144888 7.019504830241203 2.6
      vertex 172.57591649144888 96.9804951697588 2.6
      vertex 171.78049516677856 98.54159741103649 2.6
    endloop
  endfacet
  facet normal 0.7071067811865908 0.7071067811865043 0
    outer loop
      vertex 164.7505321559063 74.9828254850929 1.6
      vertex 164.7505321559063 74.9828254850929 5.6
      vertex 164.9828254850929 74.7505321559063 1.6
    endloop
  endfacet
  facet normal 0.8910065241883456 0.45399049973959077 1.0190974289273253e-18
    outer loop
      vertex 164.7505321559063 74.9828254850929 1.6
      vertex 164.60139065789008 75.2755321559063 1.6
      vertex 164.60139065789008 75.2755321559063 5.6
    endloop
  endfacet
  facet normal 0.9876883405951341 0.15643446504025427 1.2512929420802521e-18
    outer loop
      vertex 164.60139065789008 75.2755321559063 1.6
      vertex 164.54999999999998 75.6 1.6
      vertex 164.54999999999998 75.6 5.6
    endloop
  endfacet
  facet normal 0.9876883405951341 -0.15643446504025427 -1.2512929420802521e-18
    outer loop
      vertex 164.54999999999998 75.6 1.6
      vertex 164.60139065789008 75.92446784409368 1.6
      vertex 164.60139065789008 75.92446784409368 5.6
    endloop
  endfacet
  facet normal 0.8910065241883456 -0.45399049973959077 -1.0190974289273253e-18
    outer loop
      vertex 164.60139065789008 75.92446784409368 1.6
      vertex 164.7505321559063 76.21717451490709 1.6
      vertex 164.7505321559063 76.21717451490709 5.6
    endloop
  endfacet
  facet normal 0.4539904997395564 0.891006524188363 0
    outer loop
      vertex 164.9828254850929 74.7505321559063 1.6
      vertex 164.9828254850929 74.7505321559063 5.6
      vertex 165.2755321559063 74.60139065789008 1.6
    endloop
  endfacet
  facet normal 0.1564344650402054 0.9876883405951418 0
    outer loop
      vertex 165.2755321559063 74.60139065789008 1.6
      vertex 165.2755321559063 74.60139065789008 5.6
      vertex 165.6 74.55 1.6
    endloop
  endfacet
  facet normal -0.1564344650402054 0.9876883405951418 0
    outer loop
      vertex 165.6 74.55 1.6
      vertex 165.6 74.55 5.6
      vertex 165.9244678440937 74.60139065789008 1.6
    endloop
  endfacet
  facet normal -0.4539904997395564 0.891006524188363 0
    outer loop
      vertex 165.9244678440937 74.60139065789008 1.6
      vertex 165.9244678440937 74.60139065789008 5.6
      vertex 166.2171745149071 74.7505321559063 1.6
    endloop
  endfacet
  facet normal -0.7071067811865908 0.7071067811865043 0
    outer loop
      vertex 166.2171745149071 74.7505321559063 1.6
      vertex 166.2171745149071 74.7505321559063 5.6
      vertex 166.44946784409368 74.9828254850929 1.6
    endloop
  endfacet
  facet normal 0.7071067811865908 -0.7071067811865043 -1.5127985554832866e-18
    outer loop
      vertex 164.7505321559063 76.21717451490709 1.6
      vertex 164.9828254850929 76.44946784409369 1.6
      vertex 164.9828254850929 76.44946784409369 5.6
    endloop
  endfacet
  facet normal -0.8910065241883456 0.45399049973959077 0
    outer loop
      vertex 166.44946784409368 74.9828254850929 1.6
      vertex 166.44946784409368 74.9828254850929 5.6
      vertex 166.5986093421099 75.2755321559063 1.6
    endloop
  endfacet
  facet normal -0.9876883405951341 0.15643446504025427 0
    outer loop
      vertex 166.5986093421099 75.2755321559063 1.6
      vertex 166.5986093421099 75.2755321559063 5.6
      vertex 166.65 75.6 1.6
    endloop
  endfacet
  facet normal -0.9876883405951341 -0.15643446504025427 0
    outer loop
      vertex 166.65 75.6 1.6
      vertex 166.65 75.6 5.6
      vertex 166.5986093421099 75.92446784409368 1.6
    endloop
  endfacet
  facet normal -0.8910065241883456 -0.45399049973959077 0
    outer loop
      vertex 166.5986093421099 75.92446784409368 1.6
      vertex 166.5986093421099 75.92446784409368 5.6
      vertex 166.44946784409368 76.21717451490709 1.6
    endloop
  endfacet
  facet normal -0.7071067811865908 -0.7071067811865043 0
    outer loop
      vertex 166.44946784409368 76.21717451490709 1.6
      vertex 166.44946784409368 76.21717451490709 5.6
      vertex 166.2171745149071 76.44946784409369 1.6
    endloop
  endfacet
  facet normal -0.4539904997395478 -0.8910065241883673 -1.218845201774354e-18
    outer loop
      vertex 163.83664424312258 73.17294901687515 2.6
      vertex 164.67294901687515 72.74683045111453 2.6
      vertex 164.67294901687515 72.74683045111453 5.6
    endloop
  endfacet
  facet normal -0.15643446504023048 -0.9876883405951378 4.079764490821099e-18
    outer loop
      vertex 164.67294901687515 72.74683045111453 2.6
      vertex 165.6 72.6 2.6
      vertex 165.6 72.6 5.6
    endloop
  endfacet
  facet normal 0.15643446504023048 -0.9876883405951378 -4.079764490821099e-18
    outer loop
      vertex 165.6 72.6 2.6
      vertex 166.52705098312484 72.74683045111453 2.6
      vertex 166.52705098312484 72.74683045111453 5.6
    endloop
  endfacet
  facet normal 0.4539904997395478 -0.8910065241883673 1.218845201774354e-18
    outer loop
      vertex 166.52705098312484 72.74683045111453 2.6
      vertex 167.3633557568774 73.17294901687515 2.6
      vertex 167.3633557568774 73.17294901687515 5.6
    endloop
  endfacet
  facet normal -0.7071067811865475 -0.7071067811865475 -9.953543024848234e-20
    outer loop
      vertex 163.83664424312258 73.17294901687515 2.6
      vertex 163.17294901687515 73.83664424312258 5.6
      vertex 163.17294901687515 73.83664424312258 2.6
    endloop
  endfacet
  facet normal -0.8910065241883673 -0.4539904997395478 -1.218845201774354e-18
    outer loop
      vertex 163.17294901687515 73.83664424312258 2.6
      vertex 162.74683045111453 74.67294901687515 5.6
      vertex 162.74683045111453 74.67294901687515 2.6
    endloop
  endfacet
  facet normal -0.9876883405951378 -0.15643446504023048 4.079764490821099e-18
    outer loop
      vertex 162.74683045111453 74.67294901687515 2.6
      vertex 162.6 75.6 5.6
      vertex 162.6 75.6 2.6
    endloop
  endfacet
  facet normal -0.9876883405951378 0.15643446504023048 -4.079764490821099e-18
    outer loop
      vertex 162.6 75.6 2.6
      vertex 162.74683045111453 76.52705098312484 5.6
      vertex 162.74683045111453 76.52705098312484 2.6
    endloop
  endfacet
  facet normal 0.7071067811865475 -0.7071067811865475 0
    outer loop
      vertex 167.3633557568774 73.17294901687515 2.6
      vertex 168.02705098312484 73.83664424312258 2.6
      vertex 167.3633557568774 73.17294901687515 5.6
    endloop
  endfacet
  facet normal 0.8910065241883673 -0.4539904997395478 0
    outer loop
      vertex 168.02705098312484 73.83664424312258 2.6
      vertex 168.45316954888546 74.67294901687515 2.6
      vertex 168.02705098312484 73.83664424312258 5.6
    endloop
  endfacet
  facet normal 0.9876883405951378 -0.15643446504023048 0
    outer loop
      vertex 168.45316954888546 74.67294901687515 2.6
      vertex 168.6 75.6 2.6
      vertex 168.45316954888546 74.67294901687515 5.6
    endloop
  endfacet
  facet normal 0.9876883405951378 0.15643446504023048 0
    outer loop
      vertex 168.6 75.6 2.6
      vertex 168.45316954888546 76.52705098312484 2.6
      vertex 168.6 75.6 5.6
    endloop
  endfacet
  facet normal 0 0 -1
    outer loop
      vertex 167.25 100.85000000149012 0
      vertex 118 98.6 0
      vertex 118 100.85000000149012 0
    endloop
  endfacet
  facet normal 0 1 0
    outer loop
      vertex 167.25 100.85000000149012 0
      vertex 118 100.85000000149012 0
      vertex 118 100.85000000149012 2.6
    endloop
  endfacet
  facet normal 0 1 0
    outer loop
      vertex 167.25 100.85000000149012 0
      vertex 118 100.85000000149012 2.6
      vertex 167.25 100.85000000149012 2.6
    endloop
  endfacet
  facet normal 0.987688340498602 0.1564344656497329 0
    outer loop
      vertex 172.85000000149012 95.25 0
      vertex 172.57591649144888 96.9804951697588 0
      vertex 172.85000000149012 95.25 2.6
    endloop
  endfacet
  facet normal 0.8910065233857218 0.4539905013148283 0
    outer loop
      vertex 172.57591649144888 96.9804951697588 0
      vertex 171.78049516677856 98.54159741103649 0
      vertex 172.57591649144888 96.9804951697588 2.6
    endloop
  endfacet
  facet normal 0.1564344656497329 0.987688340498602 0
    outer loop
      vertex 167.25 100.85000000149012 0
      vertex 168.9804951697588 100.57591649144888 2.6
      vertex 168.9804951697588 100.57591649144888 0
    endloop
  endfacet
  facet normal 0.4539905013148283 0.8910065233857218 0
    outer loop
      vertex 168.9804951697588 100.57591649144888 0
      vertex 170.5415974110365 99.78049516677856 2.6
      vertex 170.5415974110365 99.78049516677856 0
    endloop
  endfacet
  facet normal 0.7071067811865476 0.7071067811865476 0
    outer loop
      vertex 171.78049516677856 98.54159741103649 0
      vertex 170.5415974110365 99.78049516677856 0
      vertex 171.78049516677856 98.54159741103649 2.6
    endloop
  endfacet
  facet normal 0 0 1
    outer loop
      vertex 164.7505321559063 90.9828254850929 1.6
      vertex 164.7505321559063 92.21717451490709 1.6
      vertex 164.60139065789008 91.2755321559063 1.6
    endloop
  endfacet
  facet normal 0 0 1
    outer loop
      vertex 164.60139065789008 91.2755321559063 1.6
      vertex 164.60139065789008 91.92446784409368 1.6
      vertex 164.54999999999998 91.6 1.6
    endloop
  endfacet
  facet normal 0 0 1
    outer loop
      vertex 165.2755321559063 90.60139065789008 1.6
      vertex 165.6 90.55 1.6
      vertex 165.6 92.64999999999999 1.6
    endloop
  endfacet
  facet normal 0 0 1
    outer loop
      vertex 164.7505321559063 90.9828254850929 1.6
      vertex 164.9828254850929 90.7505321559063 1.6
      vertex 164.9828254850929 92.44946784409369 1.6
    endloop
  endfacet
  facet normal 0 0 1
    outer loop
      vertex 165.2755321559063 90.60139065789008 1.6
      vertex 165.2755321559063 92.59860934210991 1.6
      vertex 164.9828254850929 90.7505321559063 1.6
    endloop
  endfacet
  facet normal 0 0 1
    outer loop
      vertex 165.6 90.55 1.6
      vertex 165.9244678440937 90.60139065789008 1.6
      vertex 165.9244678440937 92.59860934210991 1.6
    endloop
  endfacet
  facet normal 0 0 1
    outer loop
      vertex 165.9244678440937 90.60139065789008 1.6
      vertex 166.2171745149071 90.7505321559063 1.6
      vertex 166.2171745149071 92.44946784409369 1.6
    endloop
  endfacet
  facet normal 0 0 1
    outer loop
      vertex 166.2171745149071 90.7505321559063 1.6
      vertex 166.44946784409368 90.9828254850929 1.6
      vertex 166.44946784409368 92.21717451490709 1.6
    endloop
  endfacet
  facet normal 0 0 1
    outer loop
      vertex 166.44946784409368 90.9828254850929 1.6
      vertex 166.5986093421099 91.2755321559063 1.6
      vertex 166.5986093421099 91.92446784409368 1.6
    endloop
  endfacet
  facet normal 0 0 1
    outer loop
      vertex 166.5986093421099 91.2755321559063 1.6
      vertex 166.65 91.6 1.6
      vertex 166.5986093421099 91.92446784409368 1.6
    endloop
  endfacet
  facet normal 0 0 1
    outer loop
      vertex 164.60139065789008 91.2755321559063 1.6
      vertex 164.7505321559063 92.21717451490709 1.6
      vertex 164.60139065789008 91.92446784409368 1.6
    endloop
  endfacet
  facet normal 0 0 1
    outer loop
      vertex 164.7505321559063 90.9828254850929 1.6
      vertex 164.9828254850929 92.44946784409369 1.6
      vertex 164.7505321559063 92.21717451490709 1.6
    endloop
  endfacet
  facet normal 0 0 1
    outer loop
      vertex 164.9828254850929 90.7505321559063 1.6
      vertex 165.2755321559063 92.59860934210991 1.6
      vertex 164.9828254850929 92.44946784409369 1.6
    endloop
  endfacet
  facet normal 0 0 1
    outer loop
      vertex 165.2755321559063 90.60139065789008 1.6
      vertex 165.6 92.64999999999999 1.6
      vertex 165.2755321559063 92.59860934210991 1.6
    endloop
  endfacet
  facet normal 0 0 1
    outer loop
      vertex 165.6 90.55 1.6
      vertex 165.9244678440937 92.59860934210991 1.6
      vertex 165.6 92.64999999999999 1.6
    endloop
  endfacet
  facet normal 0 0 1
    outer loop
      vertex 165.9244678440937 90.60139065789008 1.6
      vertex 166.2171745149071 92.44946784409369 1.6
      vertex 165.9244678440937 92.59860934210991 1.6
    endloop
  endfacet
  facet normal 0 0 1
    outer loop
      vertex 166.2171745149071 90.7505321559063 1.6
      vertex 166.44946784409368 92.21717451490709 1.6
      vertex 166.2171745149071 92.44946784409369 1.6
    endloop
  endfacet
  facet normal 0 0 1
    outer loop
      vertex 166.44946784409368 90.9828254850929 1.6
      vertex 166.5986093421099 91.92446784409368 1.6
      vertex 166.44946784409368 92.21717451490709 1.6
    endloop
  endfacet
  facet normal 0.987688340498602 0.1564344656497329 0
    outer loop
      vertex 172.57591649144888 96.9804951697588 0
      vertex 172.57591649144888 96.9804951697588 2.6
      vertex 172.85000000149012 95.25 2.6
    endloop
  endfacet
  facet normal 0.1564344656497329 0.987688340498602 0
    outer loop
      vertex 167.25 100.85000000149012 0
      vertex 167.25 100.85000000149012 2.6
      vertex 168.9804951697588 100.57591649144888 2.6
    endloop
  endfacet
  facet normal 0.4539905013148283 0.8910065233857218 0
    outer loop
      vertex 168.9804951697588 100.57591649144888 0
      vertex 168.9804951697588 100.57591649144888 2.6
      vertex 170.5415974110365 99.78049516677856 2.6
    endloop
  endfacet
  facet normal 0.8910065233857218 0.4539905013148283 0
    outer loop
      vertex 171.78049516677856 98.54159741103649 0
      vertex 171.78049516677856 98.54159741103649 2.6
      vertex 172.57591649144888 96.9804951697588 2.6
    endloop
  endfacet
  facet normal 0.7071067811865476 0.7071067811865476 0
    outer loop
      vertex 170.5415974110365 99.78049516677856 0
      vertex 170.5415974110365 99.78049516677856 2.6
      vertex 171.78049516677856 98.54159741103649 2.6
    endloop
  endfacet
  facet normal 0 0 1
    outer loop
      vertex 92.02705098312484 77.36335575687741 2.6
      vertex 162.74683045111453 76.52705098312484 2.6
      vertex 163.17294901687515 77.36335575687741 2.6
    endloop
  endfacet
  facet normal 0 0 1
    outer loop
      vertex 91.36335575687741 78.02705098312484 2.6
      vertex 163.17294901687515 77.36335575687741 2.6
      vertex 163.83664424312258 78.02705098312484 2.6
    endloop
  endfacet
  facet normal 0 0 1
    outer loop
      vertex 91.36335575687741 78.02705098312484 2.6
      vertex 163.83664424312258 78.02705098312484 2.6
      vertex 163.83664424312258 89.17294901687515 2.6
    endloop
  endfacet
  facet normal 0 0 1
    outer loop
      vertex 91.36335575687741 78.02705098312484 2.6
      vertex 163.83664424312258 89.17294901687515 2.6
      vertex 163.17294901687515 89.83664424312258 2.6
    endloop
  endfacet
  facet normal 0 0 1
    outer loop
      vertex 92.45316954888546 90.67294901687515 2.6
      vertex 163.17294901687515 89.83664424312258 2.6
      vertex 162.74683045111453 90.67294901687515 2.6
    endloop
  endfacet
  facet normal 0 0 1
    outer loop
      vertex 92.6 91.6 2.6
      vertex 162.74683045111453 90.67294901687515 2.6
      vertex 162.6 91.6 2.6
    endloop
  endfacet
  facet normal 0 0 1
    outer loop
      vertex 92.45316954888546 92.52705098312484 2.6
      vertex 162.6 91.6 2.6
      vertex 162.74683045111453 92.52705098312484 2.6
    endloop
  endfacet
  facet normal 0 0 1
    outer loop
      vertex 92.02705098312484 93.36335575687741 2.6
      vertex 162.74683045111453 92.52705098312484 2.6
      vertex 163.17294901687515 93.36335575687741 2.6
    endloop
  endfacet
  facet normal 0 0 1
    outer loop
      vertex 91.36335575687741 94.02705098312484 2.6
      vertex 163.17294901687515 93.36335575687741 2.6
      vertex 163.83664424312258 94.02705098312484 2.6
    endloop
  endfacet
  facet normal 0 0 1
    outer loop
      vertex 167.25 100.85000000149012 2.6
      vertex 118 100.85000000149012 2.6
      vertex 118 98.6 2.6
    endloop
  endfacet
  facet normal 0 0 1
    outer loop
      vertex 91.36335575687741 94.02705098312484 2.6
      vertex 163.83664424312258 94.02705098312484 2.6
      vertex 167.25 100.85000000149012 2.6
    endloop
  endfacet
  facet normal 0 0 1
    outer loop
      vertex 163.83664424312258 78.02705098312484 2.6
      vertex 164.67294901687515 78.45316954888546 2.6
      vertex 164.67294901687515 88.74683045111453 2.6
    endloop
  endfacet
  facet normal 0 0 1
    outer loop
      vertex 164.67294901687515 78.45316954888546 2.6
      vertex 165.6 78.6 2.6
      vertex 165.6 88.6 2.6
    endloop
  endfacet
  facet normal 0 0 1
    outer loop
      vertex 165.6 78.6 2.6
      vertex 166.52705098312484 78.45316954888546 2.6
      vertex 166.52705098312484 88.74683045111453 2.6
    endloop
  endfacet
  facet normal 0 0 1
    outer loop
      vertex 166.52705098312484 78.45316954888546 2.6
      vertex 167.3633557568774 78.02705098312484 2.6
      vertex 167.3633557568774 89.17294901687515 2.6
    endloop
  endfacet
  facet normal 0 0 1
    outer loop
      vertex 167.3633557568774 78.02705098312484 2.6
      vertex 168.02705098312484 77.36335575687741 2.6
      vertex 168.02705098312484 89.83664424312258 2.6
    endloop
  endfacet
  facet normal 0 0 1
    outer loop
      vertex 168.6 75.6 2.6
      vertex 168.6 91.6 2.6
      vertex 168.45316954888546 76.52705098312484 2.6
    endloop
  endfacet
  facet normal 0 0 1
    outer loop
      vertex 168.45316954888546 76.52705098312484 2.6
      vertex 168.45316954888546 90.67294901687515 2.6
      vertex 168.02705098312484 77.36335575687741 2.6
    endloop
  endfacet
  facet normal 0 0 1
    outer loop
      vertex 163.83664424312258 78.02705098312484 2.6
      vertex 164.67294901687515 88.74683045111453 2.6
      vertex 163.83664424312258 89.17294901687515 2.6
    endloop
  endfacet
  facet normal 0 0 1
    outer loop
      vertex 164.67294901687515 78.45316954888546 2.6
      vertex 165.6 88.6 2.6
      vertex 164.67294901687515 88.74683045111453 2.6
    endloop
  endfacet
  facet normal 0 0 1
    outer loop
      vertex 165.6 78.6 2.6
      vertex 166.52705098312484 88.74683045111453 2.6
      vertex 165.6 88.6 2.6
    endloop
  endfacet
  facet normal 0 0 1
    outer loop
      vertex 166.52705098312484 78.45316954888546 2.6
      vertex 167.3633557568774 89.17294901687515 2.6
      vertex 166.52705098312484 88.74683045111453 2.6
    endloop
  endfacet
  facet normal 0 0 1
    outer loop
      vertex 167.3633557568774 78.02705098312484 2.6
      vertex 168.02705098312484 89.83664424312258 2.6
      vertex 167.3633557568774 89.17294901687515 2.6
    endloop
  endfacet
  facet normal 0 0 1
    outer loop
      vertex 168.02705098312484 77.36335575687741 2.6
      vertex 168.45316954888546 90.67294901687515 2.6
      vertex 168.02705098312484 89.83664424312258 2.6
    endloop
  endfacet
  facet normal 0 0 1
    outer loop
      vertex 168.45316954888546 76.52705098312484 2.6
      vertex 168.6 91.6 2.6
      vertex 168.45316954888546 90.67294901687515 2.6
    endloop
  endfacet
  facet normal 0.4539904997395564 -0.891006524188363 1.815171163433944e-18
    outer loop
      vertex 164.9828254850929 76.44946784409369 1.6
      vertex 165.2755321559063 76.59860934210991 1.6
      vertex 165.2755321559063 76.59860934210991 5.6
    endloop
  endfacet
  facet normal 0.1564344650402054 -0.9876883405951418 5.0676839806090605e-21
    outer loop
      vertex 165.2755321559063 76.59860934210991 1.6
      vertex 165.6 76.64999999999999 1.6
      vertex 165.6 76.64999999999999 5.6
    endloop
  endfacet
  facet normal -0.1564344650402054 -0.9876883405951418 -5.0676839806090605e-21
    outer loop
      vertex 165.6 76.64999999999999 1.6
      vertex 165.9244678440937 76.59860934210991 1.6
      vertex 165.9244678440937 76.59860934210991 5.6
    endloop
  endfacet
  facet normal -0.4539904997395564 -0.891006524188363 -1.815171163433944e-18
    outer loop
      vertex 165.9244678440937 76.59860934210991 1.6
      vertex 166.2171745149071 76.44946784409369 1.6
      vertex 166.2171745149071 76.44946784409369 5.6
    endloop
  endfacet
  facet normal -0.8910065241883673 0.4539904997395478 1.218845201774354e-18
    outer loop
      vertex 162.74683045111453 76.52705098312484 2.6
      vertex 163.17294901687515 77.36335575687741 5.6
      vertex 163.17294901687515 77.36335575687741 2.6
    endloop
  endfacet
  facet normal -0.7071067811865475 0.7071067811865475 9.953543024848234e-20
    outer loop
      vertex 163.17294901687515 77.36335575687741 2.6
      vertex 163.83664424312258 78.02705098312484 5.6
      vertex 163.83664424312258 78.02705098312484 2.6
    endloop
  endfacet
  facet normal -0.4539904997395478 0.8910065241883673 0
    outer loop
      vertex 163.83664424312258 78.02705098312484 2.6
      vertex 163.83664424312258 78.02705098312484 5.6
      vertex 164.67294901687515 78.45316954888546 2.6
    endloop
  endfacet
  facet normal -0.15643446504023048 0.9876883405951378 0
    outer loop
      vertex 164.67294901687515 78.45316954888546 2.6
      vertex 164.67294901687515 78.45316954888546 5.6
      vertex 165.6 78.6 2.6
    endloop
  endfacet
  facet normal 0.15643446504023048 0.9876883405951378 0
    outer loop
      vertex 165.6 78.6 2.6
      vertex 165.6 78.6 5.6
      vertex 166.52705098312484 78.45316954888546 2.6
    endloop
  endfacet
  facet normal 0.4539904997395478 0.8910065241883673 0
    outer loop
      vertex 166.52705098312484 78.45316954888546 2.6
      vertex 166.52705098312484 78.45316954888546 5.6
      vertex 167.3633557568774 78.02705098312484 2.6
    endloop
  endfacet
  facet normal 0.8910065241883673 0.4539904997395478 0
    outer loop
      vertex 168.45316954888546 76.52705098312484 2.6
      vertex 168.02705098312484 77.36335575687741 2.6
      vertex 168.45316954888546 76.52705098312484 5.6
    endloop
  endfacet
  facet normal 0.7071067811865475 0.7071067811865475 -9.953543024848234e-20
    outer loop
      vertex 167.3633557568774 78.02705098312484 2.6
      vertex 168.02705098312484 77.36335575687741 5.6
      vertex 168.02705098312484 77.36335575687741 2.6
    endloop
  endfacet
  facet normal 0 0 1
    outer loop
      vertex 163.83664424312258 94.02705098312484 2.6
      vertex 164.67294901687515 94.45316954888546 2.6
      vertex 167.25 100.85000000149012 2.6
    endloop
  endfacet
  facet normal 0 0 1
    outer loop
      vertex 164.67294901687515 94.45316954888546 2.6
      vertex 165.6 94.6 2.6
      vertex 167.25 100.85000000149012 2.6
    endloop
  endfacet
  facet normal 0 0 1
    outer loop
      vertex 165.6 94.6 2.6
      vertex 166.52705098312484 94.45316954888546 2.6
      vertex 167.25 100.85000000149012 2.6
    endloop
  endfacet
  facet normal 0 0 1
    outer loop
      vertex 166.52705098312484 94.45316954888546 2.6
      vertex 167.3633557568774 94.02705098312484 2.6
      vertex 167.25 100.85000000149012 2.6
    endloop
  endfacet
  facet normal 0 0 1
    outer loop
      vertex 168.6 91.6 2.6
      vertex 168.9804951697588 100.57591649144888 2.6
      vertex 168.45316954888546 92.52705098312484 2.6
    endloop
  endfacet
  facet normal 0 0 1
    outer loop
      vertex 168.45316954888546 92.52705098312484 2.6
      vertex 168.9804951697588 100.57591649144888 2.6
      vertex 168.02705098312484 93.36335575687741 2.6
    endloop
  endfacet
  facet normal 0 0 1
    outer loop
      vertex 167.3633557568774 94.02705098312484 2.6
      vertex 168.02705098312484 93.36335575687741 2.6
      vertex 168.9804951697588 100.57591649144888 2.6
    endloop
  endfacet
  facet normal 0 0 1
    outer loop
      vertex 167.3633557568774 94.02705098312484 2.6
      vertex 168.9804951697588 100.57591649144888 2.6
      vertex 167.25 100.85000000149012 2.6
    endloop
  endfacet
  facet normal 0.7071067811865908 0.7071067811865043 0
    outer loop
      vertex 164.7505321559063 90.9828254850929 1.6
      vertex 164.7505321559063 90.9828254850929 5.6
      vertex 164.9828254850929 90.7505321559063 1.6
    endloop
  endfacet
  facet normal 0.8910065241883456 0.45399049973959077 1.0190974289273253e-18
    outer loop
      vertex 164.7505321559063 90.9828254850929 1.6
      vertex 164.60139065789008 91.2755321559063 1.6
      vertex 164.60139065789008 91.2755321559063 5.6
    endloop
  endfacet
  facet normal 0.9876883405951341 0.15643446504025427 1.2512929420802521e-18
    outer loop
      vertex 164.60139065789008 91.2755321559063 1.6
      vertex 164.54999999999998 91.6 1.6
      vertex 164.54999999999998 91.6 5.6
    endloop
  endfacet
  facet normal 0.4539904997395564 0.891006524188363 -1.815171163433944e-18
    outer loop
      vertex 165.2755321559063 90.60139065789008 1.6
      vertex 164.9828254850929 90.7505321559063 1.6
      vertex 164.9828254850929 90.7505321559063 5.6
    endloop
  endfacet
  facet normal 0.1564344650402054 0.9876883405951418 0
    outer loop
      vertex 165.2755321559063 90.60139065789008 1.6
      vertex 165.2755321559063 90.60139065789008 5.6
      vertex 165.6 90.55 1.6
    endloop
  endfacet
  facet normal -0.1564344650402054 0.9876883405951418 0
    outer loop
      vertex 165.6 90.55 1.6
      vertex 165.6 90.55 5.6
      vertex 165.9244678440937 90.60139065789008 1.6
    endloop
  endfacet
  facet normal -0.4539904997395564 0.891006524188363 0
    outer loop
      vertex 165.9244678440937 90.60139065789008 1.6
      vertex 165.9244678440937 90.60139065789008 5.6
      vertex 166.2171745149071 90.7505321559063 1.6
    endloop
  endfacet
  facet normal -0.7071067811865908 0.7071067811865043 0
    outer loop
      vertex 166.2171745149071 90.7505321559063 1.6
      vertex 166.2171745149071 90.7505321559063 5.6
      vertex 166.44946784409368 90.9828254850929 1.6
    endloop
  endfacet
  facet normal -0.8910065241883456 0.45399049973959077 0
    outer loop
      vertex 166.44946784409368 90.9828254850929 1.6
      vertex 166.44946784409368 90.9828254850929 5.6
      vertex 166.5986093421099 91.2755321559063 1.6
    endloop
  endfacet
  facet normal -0.9876883405951341 0.15643446504025427 0
    outer loop
      vertex 166.5986093421099 91.2755321559063 1.6
      vertex 166.5986093421099 91.2755321559063 5.6
      vertex 166.65 91.6 1.6
    endloop
  endfacet
  facet normal 0.9876883405951341 -0.15643446504025427 -1.2512929420802521e-18
    outer loop
      vertex 164.54999999999998 91.6 1.6
      vertex 164.60139065789008 91.92446784409368 1.6
      vertex 164.60139065789008 91.92446784409368 5.6
    endloop
  endfacet
  facet normal 0.8910065241883456 -0.45399049973959077 -1.0190974289273253e-18
    outer loop
      vertex 164.60139065789008 91.92446784409368 1.6
      vertex 164.7505321559063 92.21717451490709 1.6
      vertex 164.7505321559063 92.21717451490709 5.6
    endloop
  endfacet
  facet normal 0.7071067811865908 -0.7071067811865043 -1.5127985554832866e-18
    outer loop
      vertex 164.7505321559063 92.21717451490709 1.6
      vertex 164.9828254850929 92.44946784409369 1.6
      vertex 164.9828254850929 92.44946784409369 5.6
    endloop
  endfacet
  facet normal 0.4539904997395564 -0.891006524188363 1.815171163433944e-18
    outer loop
      vertex 164.9828254850929 92.44946784409369 1.6
      vertex 165.2755321559063 92.59860934210991 1.6
      vertex 165.2755321559063 92.59860934210991 5.6
    endloop
  endfacet
  facet normal 0.1564344650402054 -0.9876883405951418 5.0676839806090605e-21
    outer loop
      vertex 165.2755321559063 92.59860934210991 1.6
      vertex 165.6 92.64999999999999 1.6
      vertex 165.6 92.64999999999999 5.6
    endloop
  endfacet
  facet normal -0.1564344650402054 -0.9876883405951418 0
    outer loop
      vertex 165.9244678440937 92.59860934210991 1.6
      vertex 165.9244678440937 92.59860934210991 5.6
      vertex 165.6 92.64999999999999 1.6
    endloop
  endfacet
  facet normal -0.4539904997395564 -0.891006524188363 -1.815171163433944e-18
    outer loop
      vertex 165.9244678440937 92.59860934210991 1.6
      vertex 166.2171745149071 92.44946784409369 1.6
      vertex 166.2171745149071 92.44946784409369 5.6
    endloop
  endfacet
  facet normal -0.9876883405951341 -0.15643446504025427 0
    outer loop
      vertex 166.65 91.6 1.6
      vertex 166.65 91.6 5.6
      vertex 166.5986093421099 91.92446784409368 1.6
    endloop
  endfacet
  facet normal -0.8910065241883456 -0.45399049973959077 1.0190974289273253e-18
    outer loop
      vertex 166.44946784409368 92.21717451490709 1.6
      vertex 166.5986093421099 91.92446784409368 1.6
      vertex 166.5986093421099 91.92446784409368 5.6
    endloop
  endfacet
  facet normal -0.7071067811865908 -0.7071067811865043 0
    outer loop
      vertex 166.44946784409368 92.21717451490709 1.6
      vertex 166.44946784409368 92.21717451490709 5.6
      vertex 166.2171745149071 92.44946784409369 1.6
    endloop
  endfacet
  facet normal -0.7071067811865475 -0.7071067811865475 0
    outer loop
      vertex 163.17294901687515 89.83664424312258 2.6
      vertex 163.83664424312258 89.17294901687515 2.6
      vertex 163.17294901687515 89.83664424312258 5.6
    endloop
  endfacet
  facet normal -0.4539904997395478 -0.8910065241883673 -1.218845201774354e-18
    outer loop
      vertex 163.83664424312258 89.17294901687515 2.6
      vertex 164.67294901687515 88.74683045111453 2.6
      vertex 164.67294901687515 88.74683045111453 5.6
    endloop
  endfacet
  facet normal -0.8910065241883673 -0.4539904997395478 -1.218845201774354e-18
    outer loop
      vertex 163.17294901687515 89.83664424312258 2.6
      vertex 162.74683045111453 90.67294901687515 5.6
      vertex 162.74683045111453 90.67294901687515 2.6
    endloop
  endfacet
  facet normal -0.9876883405951378 -0.15643446504023048 4.079764490821099e-18
    outer loop
      vertex 162.74683045111453 90.67294901687515 2.6
      vertex 162.6 91.6 5.6
      vertex 162.6 91.6 2.6
    endloop
  endfacet
  facet normal -0.15643446504023048 -0.9876883405951378 0
    outer loop
      vertex 165.6 88.6 2.6
      vertex 165.6 88.6 5.6
      vertex 164.67294901687515 88.74683045111453 2.6
    endloop
  endfacet
  facet normal 0.15643446504023048 -0.9876883405951378 -4.079764490821099e-18
    outer loop
      vertex 165.6 88.6 2.6
      vertex 166.52705098312484 88.74683045111453 2.6
      vertex 166.52705098312484 88.74683045111453 5.6
    endloop
  endfacet
  facet normal 0.4539904997395478 -0.8910065241883673 1.218845201774354e-18
    outer loop
      vertex 166.52705098312484 88.74683045111453 2.6
      vertex 167.3633557568774 89.17294901687515 2.6
      vertex 167.3633557568774 89.17294901687515 5.6
    endloop
  endfacet
  facet normal -0.9876883405951378 0.15643446504023048 -4.079764490821099e-18
    outer loop
      vertex 162.6 91.6 2.6
      vertex 162.74683045111453 92.52705098312484 5.6
      vertex 162.74683045111453 92.52705098312484 2.6
    endloop
  endfacet
  facet normal -0.8910065241883673 0.4539904997395478 1.218845201774354e-18
    outer loop
      vertex 162.74683045111453 92.52705098312484 2.6
      vertex 163.17294901687515 93.36335575687741 5.6
      vertex 163.17294901687515 93.36335575687741 2.6
    endloop
  endfacet
  facet normal -0.7071067811865475 0.7071067811865475 9.953543024848234e-20
    outer loop
      vertex 163.17294901687515 93.36335575687741 2.6
      vertex 163.83664424312258 94.02705098312484 5.6
      vertex 163.83664424312258 94.02705098312484 2.6
    endloop
  endfacet
  facet normal -0.4539904997395478 0.8910065241883673 0
    outer loop
      vertex 163.83664424312258 94.02705098312484 2.6
      vertex 163.83664424312258 94.02705098312484 5.6
      vertex 164.67294901687515 94.45316954888546 2.6
    endloop
  endfacet
  facet normal -0.15643446504023048 0.9876883405951378 0
    outer loop
      vertex 164.67294901687515 94.45316954888546 2.6
      vertex 164.67294901687515 94.45316954888546 5.6
      vertex 165.6 94.6 2.6
    endloop
  endfacet
  facet normal 0.15643446504023048 0.9876883405951378 0
    outer loop
      vertex 165.6 94.6 2.6
      vertex 165.6 94.6 5.6
      vertex 166.52705098312484 94.45316954888546 2.6
    endloop
  endfacet
  facet normal 0.4539904997395478 0.8910065241883673 0
    outer loop
      vertex 166.52705098312484 94.45316954888546 2.6
      vertex 166.52705098312484 94.45316954888546 5.6
      vertex 167.3633557568774 94.02705098312484 2.6
    endloop
  endfacet
  facet normal 0.7071067811865475 -0.7071067811865475 0
    outer loop
      vertex 167.3633557568774 89.17294901687515 2.6
      vertex 168.02705098312484 89.83664424312258 2.6
      vertex 167.3633557568774 89.17294901687515 5.6
    endloop
  endfacet
  facet normal 0.8910065241883673 -0.4539904997395478 0
    outer loop
      vertex 168.02705098312484 89.83664424312258 2.6
      vertex 168.45316954888546 90.67294901687515 2.6
      vertex 168.02705098312484 89.83664424312258 5.6
    endloop
  endfacet
  facet normal 0.9876883405951378 -0.15643446504023048 0
    outer loop
      vertex 168.45316954888546 90.67294901687515 2.6
      vertex 168.6 91.6 2.6
      vertex 168.45316954888546 90.67294901687515 5.6
    endloop
  endfacet
  facet normal 0.9876883405951378 0.15643446504023048 0
    outer loop
      vertex 168.6 91.6 2.6
      vertex 168.45316954888546 92.52705098312484 2.6
      vertex 168.6 91.6 5.6
    endloop
  endfacet
  facet normal 0.8910065241883673 0.4539904997395478 0
    outer loop
      vertex 168.45316954888546 92.52705098312484 2.6
      vertex 168.02705098312484 93.36335575687741 2.6
      vertex 168.45316954888546 92.52705098312484 5.6
    endloop
  endfacet
  facet normal 0.7071067811865475 0.7071067811865475 -9.953543024848234e-20
    outer loop
      vertex 167.3633557568774 94.02705098312484 2.6
      vertex 168.02705098312484 93.36335575687741 5.6
      vertex 168.02705098312484 93.36335575687741 2.6
    endloop
  endfacet
  facet normal 0.7071067811865475 0.7071067811865475 0
    outer loop
      vertex 88.9828254850929 74.7505321559063 1.6
      vertex 88.7505321559063 74.9828254850929 5.6
      vertex 88.9828254850929 74.7505321559063 5.6
    endloop
  endfacet
  facet normal 0.4539904997395564 0.891006524188363 0
    outer loop
      vertex 89.2755321559063 74.60139065789008 1.6
      vertex 88.9828254850929 74.7505321559063 5.6
      vertex 89.2755321559063 74.60139065789008 5.6
    endloop
  endfacet
  facet normal 0.15643446504021208 0.9876883405951408 0
    outer loop
      vertex 89.6 74.55 1.6
      vertex 89.2755321559063 74.60139065789008 5.6
      vertex 89.6 74.55 5.6
    endloop
  endfacet
  facet normal -0.15643446504021208 0.9876883405951408 0
    outer loop
      vertex 89.92446784409368 74.60139065789008 1.6
      vertex 89.6 74.55 5.6
      vertex 89.92446784409368 74.60139065789008 5.6
    endloop
  endfacet
  facet normal -0.4539904997395564 0.891006524188363 0
    outer loop
      vertex 90.21717451490709 74.7505321559063 1.6
      vertex 89.92446784409368 74.60139065789008 5.6
      vertex 90.21717451490709 74.7505321559063 5.6
    endloop
  endfacet
  facet normal 0.9876883405951408 0.15643446504021208 0
    outer loop
      vertex 88.60139065789008 75.2755321559063 1.6
      vertex 88.55 75.6 5.6
      vertex 88.60139065789008 75.2755321559063 5.6
    endloop
  endfacet
  facet normal 0.891006524188363 0.4539904997395564 0
    outer loop
      vertex 88.7505321559063 74.9828254850929 1.6
      vertex 88.60139065789008 75.2755321559063 5.6
      vertex 88.7505321559063 74.9828254850929 5.6
    endloop
  endfacet
  facet normal 0.9876883405951408 -0.15643446504021208 0
    outer loop
      vertex 88.55 75.6 1.6
      vertex 88.60139065789008 75.92446784409368 5.6
      vertex 88.55 75.6 5.6
    endloop
  endfacet
  facet normal 0.891006524188363 -0.4539904997395564 0
    outer loop
      vertex 88.60139065789008 75.92446784409368 1.6
      vertex 88.7505321559063 76.21717451490709 5.6
      vertex 88.60139065789008 75.92446784409368 5.6
    endloop
  endfacet
  facet normal 0.7071067811865475 -0.7071067811865475 0
    outer loop
      vertex 88.7505321559063 76.21717451490709 1.6
      vertex 88.9828254850929 76.44946784409369 5.6
      vertex 88.7505321559063 76.21717451490709 5.6
    endloop
  endfacet
  facet normal -0.7071067811865475 0.7071067811865475 0
    outer loop
      vertex 90.44946784409369 74.9828254850929 1.6
      vertex 90.21717451490709 74.7505321559063 5.6
      vertex 90.44946784409369 74.9828254850929 5.6
    endloop
  endfacet
  facet normal -0.891006524188363 0.4539904997395564 0
    outer loop
      vertex 90.59860934210991 75.2755321559063 1.6
      vertex 90.44946784409369 74.9828254850929 5.6
      vertex 90.59860934210991 75.2755321559063 5.6
    endloop
  endfacet
  facet normal -0.891006524188363 -0.4539904997395564 0
    outer loop
      vertex 90.44946784409369 76.21717451490709 1.6
      vertex 90.59860934210991 75.92446784409368 5.6
      vertex 90.44946784409369 76.21717451490709 5.6
    endloop
  endfacet
  facet normal -0.7071067811865475 -0.7071067811865475 0
    outer loop
      vertex 90.21717451490709 76.44946784409369 1.6
      vertex 90.44946784409369 76.21717451490709 5.6
      vertex 90.21717451490709 76.44946784409369 5.6
    endloop
  endfacet
  facet normal -0.9876883405951408 0.15643446504021208 0
    outer loop
      vertex 90.64999999999999 75.6 1.6
      vertex 90.59860934210991 75.2755321559063 5.6
      vertex 90.64999999999999 75.6 5.6
    endloop
  endfacet
  facet normal -0.9876883405951408 -0.15643446504021208 0
    outer loop
      vertex 90.59860934210991 75.92446784409368 1.6
      vertex 90.64999999999999 75.6 5.6
      vertex 90.59860934210991 75.92446784409368 5.6
    endloop
  endfacet
  facet normal -0.4539904997395478 -0.8910065241883673 0
    outer loop
      vertex 87.83664424312258 73.17294901687515 2.6
      vertex 88.67294901687515 72.74683045111453 5.6
      vertex 87.83664424312258 73.17294901687515 5.6
    endloop
  endfacet
  facet normal -0.15643446504023048 -0.9876883405951378 0
    outer loop
      vertex 88.67294901687515 72.74683045111453 2.6
      vertex 89.6 72.6 5.6
      vertex 88.67294901687515 72.74683045111453 5.6
    endloop
  endfacet
  facet normal 0.15643446504023048 -0.9876883405951378 0
    outer loop
      vertex 89.6 72.6 2.6
      vertex 90.52705098312484 72.74683045111453 5.6
      vertex 89.6 72.6 5.6
    endloop
  endfacet
  facet normal 0.4539904997395478 -0.8910065241883673 0
    outer loop
      vertex 90.52705098312484 72.74683045111453 2.6
      vertex 91.36335575687741 73.17294901687515 5.6
      vertex 90.52705098312484 72.74683045111453 5.6
    endloop
  endfacet
  facet normal 0.7071067811865475 -0.7071067811865475 0
    outer loop
      vertex 92.02705098312484 73.83664424312258 2.6
      vertex 92.02705098312484 73.83664424312258 5.6
      vertex 91.36335575687741 73.17294901687515 5.6
    endloop
  endfacet
  facet normal 0.8910065241883673 -0.4539904997395478 0
    outer loop
      vertex 92.45316954888546 74.67294901687515 2.6
      vertex 92.45316954888546 74.67294901687515 5.6
      vertex 92.02705098312484 73.83664424312258 5.6
    endloop
  endfacet
  facet normal 0.9876883405951378 -0.15643446504023048 0
    outer loop
      vertex 92.6 75.6 2.6
      vertex 92.6 75.6 5.6
      vertex 92.45316954888546 74.67294901687515 5.6
    endloop
  endfacet
  facet normal 0.9876883405951378 0.15643446504023048 0
    outer loop
      vertex 92.45316954888546 76.52705098312484 2.6
      vertex 92.45316954888546 76.52705098312484 5.6
      vertex 92.6 75.6 5.6
    endloop
  endfacet
  facet normal 0 0 1
    outer loop
      vertex 88.67294901687515 72.74683045111453 5.6
      vertex 89.6 72.6 5.6
      vertex 89.2755321559063 74.60139065789008 5.6
    endloop
  endfacet
  facet normal 0 0 1
    outer loop
      vertex 89.6 72.6 5.6
      vertex 90.52705098312484 72.74683045111453 5.6
      vertex 89.92446784409368 74.60139065789008 5.6
    endloop
  endfacet
  facet normal 0 0 1
    outer loop
      vertex 88.67294901687515 72.74683045111453 5.6
      vertex 89.2755321559063 74.60139065789008 5.6
      vertex 88.9828254850929 74.7505321559063 5.6
    endloop
  endfacet
  facet normal 0 0 1
    outer loop
      vertex 87.83664424312258 73.17294901687515 5.6
      vertex 88.67294901687515 72.74683045111453 5.6
      vertex 87.83664424312258 78.02705098312484 5.6
    endloop
  endfacet
  facet normal 0 0 1
    outer loop
      vertex 88.67294901687515 72.74683045111453 5.6
      vertex 88.9828254850929 74.7505321559063 5.6
      vertex 88.7505321559063 74.9828254850929 5.6
    endloop
  endfacet
  facet normal 0 0 1
    outer loop
      vertex 88.67294901687515 72.74683045111453 5.6
      vertex 88.7505321559063 74.9828254850929 5.6
      vertex 88.60139065789008 75.2755321559063 5.6
    endloop
  endfacet
  facet normal 0 0 1
    outer loop
      vertex 88.67294901687515 72.74683045111453 5.6
      vertex 88.60139065789008 75.2755321559063 5.6
      vertex 88.55 75.6 5.6
    endloop
  endfacet
  facet normal 0 0 1
    outer loop
      vertex 89.6 72.6 5.6
      vertex 89.6 74.55 5.6
      vertex 89.2755321559063 74.60139065789008 5.6
    endloop
  endfacet
  facet normal 0 0 1
    outer loop
      vertex 89.6 72.6 5.6
      vertex 89.92446784409368 74.60139065789008 5.6
      vertex 89.6 74.55 5.6
    endloop
  endfacet
  facet normal 0 0 1
    outer loop
      vertex 90.52705098312484 72.74683045111453 5.6
      vertex 90.21717451490709 74.7505321559063 5.6
      vertex 89.92446784409368 74.60139065789008 5.6
    endloop
  endfacet
  facet normal 0 0 1
    outer loop
      vertex 90.52705098312484 72.74683045111453 5.6
      vertex 90.44946784409369 74.9828254850929 5.6
      vertex 90.21717451490709 74.7505321559063 5.6
    endloop
  endfacet
  facet normal 0 0 1
    outer loop
      vertex 87.83664424312258 78.02705098312484 5.6
      vertex 88.67294901687515 72.74683045111453 5.6
      vertex 88.55 75.6 5.6
    endloop
  endfacet
  facet normal 0 0 1
    outer loop
      vertex 90.52705098312484 72.74683045111453 5.6
      vertex 91.36335575687741 73.17294901687515 5.6
      vertex 90.44946784409369 74.9828254850929 5.6
    endloop
  endfacet
  facet normal 0 0 1
    outer loop
      vertex 91.36335575687741 73.17294901687515 5.6
      vertex 90.59860934210991 75.2755321559063 5.6
      vertex 90.44946784409369 74.9828254850929 5.6
    endloop
  endfacet
  facet normal 0 0 1
    outer loop
      vertex 91.36335575687741 73.17294901687515 5.6
      vertex 90.64999999999999 75.6 5.6
      vertex 90.59860934210991 75.2755321559063 5.6
    endloop
  endfacet
  facet normal 0 0 1
    outer loop
      vertex 91.36335575687741 73.17294901687515 5.6
      vertex 92.02705098312484 73.83664424312258 5.6
      vertex 91.36335575687741 78.02705098312484 5.6
    endloop
  endfacet
  facet normal 0 0 1
    outer loop
      vertex 91.36335575687741 73.17294901687515 5.6
      vertex 90.52705098312484 78.45316954888546 5.6
      vertex 90.64999999999999 75.6 5.6
    endloop
  endfacet
  facet normal 0 0 1
    outer loop
      vertex 92.02705098312484 73.83664424312258 5.6
      vertex 92.02705098312484 77.36335575687741 5.6
      vertex 91.36335575687741 78.02705098312484 5.6
    endloop
  endfacet
  facet normal 0 0 1
    outer loop
      vertex 92.02705098312484 73.83664424312258 5.6
      vertex 92.45316954888546 74.67294901687515 5.6
      vertex 92.02705098312484 77.36335575687741 5.6
    endloop
  endfacet
  facet normal 0 0 1
    outer loop
      vertex 92.45316954888546 74.67294901687515 5.6
      vertex 92.6 75.6 5.6
      vertex 92.45316954888546 76.52705098312484 5.6
    endloop
  endfacet
  facet normal 0 0 1
    outer loop
      vertex 92.45316954888546 74.67294901687515 5.6
      vertex 92.45316954888546 76.52705098312484 5.6
      vertex 92.02705098312484 77.36335575687741 5.6
    endloop
  endfacet
  facet normal 0.4539904997395564 -0.891006524188363 0
    outer loop
      vertex 88.9828254850929 76.44946784409369 1.6
      vertex 89.2755321559063 76.59860934210991 5.6
      vertex 88.9828254850929 76.44946784409369 5.6
    endloop
  endfacet
  facet normal 0.15643446504021208 -0.9876883405951408 0
    outer loop
      vertex 89.2755321559063 76.59860934210991 1.6
      vertex 89.6 76.64999999999999 5.6
      vertex 89.2755321559063 76.59860934210991 5.6
    endloop
  endfacet
  facet normal -0.15643446504021208 -0.9876883405951408 0
    outer loop
      vertex 89.6 76.64999999999999 1.6
      vertex 89.92446784409368 76.59860934210991 5.6
      vertex 89.6 76.64999999999999 5.6
    endloop
  endfacet
  facet normal -0.4539904997395564 -0.891006524188363 0
    outer loop
      vertex 89.92446784409368 76.59860934210991 1.6
      vertex 90.21717451490709 76.44946784409369 5.6
      vertex 89.92446784409368 76.59860934210991 5.6
    endloop
  endfacet
  facet normal -0.4539904997395478 0.8910065241883673 1.218845201774354e-18
    outer loop
      vertex 87.83664424312258 78.02705098312484 5.6
      vertex 88.67294901687515 78.45316954888546 5.6
      vertex 88.67294901687515 78.45316954888546 2.6
    endloop
  endfacet
  facet normal -0.15643446504023048 0.9876883405951378 0
    outer loop
      vertex 89.6 78.6 2.6
      vertex 88.67294901687515 78.45316954888546 5.6
      vertex 89.6 78.6 5.6
    endloop
  endfacet
  facet normal 0.15643446504023048 0.9876883405951378 0
    outer loop
      vertex 90.52705098312484 78.45316954888546 2.6
      vertex 89.6 78.6 5.6
      vertex 90.52705098312484 78.45316954888546 5.6
    endloop
  endfacet
  facet normal 0.7071067811865475 0.7071067811865475 0
    outer loop
      vertex 91.36335575687741 78.02705098312484 2.6
      vertex 91.36335575687741 78.02705098312484 5.6
      vertex 92.02705098312484 77.36335575687741 5.6
    endloop
  endfacet
  facet normal 0.8910065241883673 0.4539904997395478 0
    outer loop
      vertex 92.02705098312484 77.36335575687741 2.6
      vertex 92.02705098312484 77.36335575687741 5.6
      vertex 92.45316954888546 76.52705098312484 5.6
    endloop
  endfacet
  facet normal 0.4539904997395478 0.8910065241883673 0
    outer loop
      vertex 91.36335575687741 78.02705098312484 2.6
      vertex 90.52705098312484 78.45316954888546 5.6
      vertex 91.36335575687741 78.02705098312484 5.6
    endloop
  endfacet
  facet normal 0 0 1
    outer loop
      vertex 87.83664424312258 78.02705098312484 5.6
      vertex 88.55 75.6 5.6
      vertex 88.60139065789008 75.92446784409368 5.6
    endloop
  endfacet
  facet normal 0 0 1
    outer loop
      vertex 87.83664424312258 78.02705098312484 5.6
      vertex 88.60139065789008 75.92446784409368 5.6
      vertex 88.7505321559063 76.21717451490709 5.6
    endloop
  endfacet
  facet normal 0 0 1
    outer loop
      vertex 88.67294901687515 78.45316954888546 5.6
      vertex 88.7505321559063 76.21717451490709 5.6
      vertex 88.9828254850929 76.44946784409369 5.6
    endloop
  endfacet
  facet normal 0 0 1
    outer loop
      vertex 88.67294901687515 78.45316954888546 5.6
      vertex 88.9828254850929 76.44946784409369 5.6
      vertex 89.2755321559063 76.59860934210991 5.6
    endloop
  endfacet
  facet normal 0 0 1
    outer loop
      vertex 87.83664424312258 78.02705098312484 5.6
      vertex 88.7505321559063 76.21717451490709 5.6
      vertex 88.67294901687515 78.45316954888546 5.6
    endloop
  endfacet
  facet normal 0 0 1
    outer loop
      vertex 88.67294901687515 78.45316954888546 5.6
      vertex 89.2755321559063 76.59860934210991 5.6
      vertex 89.6 78.6 5.6
    endloop
  endfacet
  facet normal 0 0 1
    outer loop
      vertex 90.52705098312484 78.45316954888546 5.6
      vertex 89.92446784409368 76.59860934210991 5.6
      vertex 90.21717451490709 76.44946784409369 5.6
    endloop
  endfacet
  facet normal 0 0 1
    outer loop
      vertex 90.52705098312484 78.45316954888546 5.6
      vertex 90.44946784409369 76.21717451490709 5.6
      vertex 90.59860934210991 75.92446784409368 5.6
    endloop
  endfacet
  facet normal 0 0 1
    outer loop
      vertex 90.52705098312484 78.45316954888546 5.6
      vertex 90.21717451490709 76.44946784409369 5.6
      vertex 90.44946784409369 76.21717451490709 5.6
    endloop
  endfacet
  facet normal 0 0 1
    outer loop
      vertex 89.6 78.6 5.6
      vertex 89.2755321559063 76.59860934210991 5.6
      vertex 89.6 76.64999999999999 5.6
    endloop
  endfacet
  facet normal 0 0 1
    outer loop
      vertex 89.6 78.6 5.6
      vertex 89.6 76.64999999999999 5.6
      vertex 89.92446784409368 76.59860934210991 5.6
    endloop
  endfacet
  facet normal 0 0 1
    outer loop
      vertex 89.6 78.6 5.6
      vertex 89.92446784409368 76.59860934210991 5.6
      vertex 90.52705098312484 78.45316954888546 5.6
    endloop
  endfacet
  facet normal 0 0 1
    outer loop
      vertex 90.52705098312484 78.45316954888546 5.6
      vertex 90.59860934210991 75.92446784409368 5.6
      vertex 90.64999999999999 75.6 5.6
    endloop
  endfacet
  facet normal 0 0 1
    outer loop
      vertex 91.36335575687741 73.17294901687515 5.6
      vertex 91.36335575687741 78.02705098312484 5.6
      vertex 90.52705098312484 78.45316954888546 5.6
    endloop
  endfacet
  facet normal 0.7071067811865475 0.7071067811865475 0
    outer loop
      vertex 88.9828254850929 90.7505321559063 1.6
      vertex 88.7505321559063 90.9828254850929 5.6
      vertex 88.9828254850929 90.7505321559063 5.6
    endloop
  endfacet
  facet normal 0.4539904997395564 0.891006524188363 0
    outer loop
      vertex 89.2755321559063 90.60139065789008 1.6
      vertex 88.9828254850929 90.7505321559063 5.6
      vertex 89.2755321559063 90.60139065789008 5.6
    endloop
  endfacet
  facet normal 0.9876883405951408 0.15643446504021208 0
    outer loop
      vertex 88.60139065789008 91.2755321559063 1.6
      vertex 88.55 91.6 5.6
      vertex 88.60139065789008 91.2755321559063 5.6
    endloop
  endfacet
  facet normal 0.891006524188363 0.4539904997395564 0
    outer loop
      vertex 88.7505321559063 90.9828254850929 1.6
      vertex 88.60139065789008 91.2755321559063 5.6
      vertex 88.7505321559063 90.9828254850929 5.6
    endloop
  endfacet
  facet normal 0.15643446504021208 0.9876883405951408 0
    outer loop
      vertex 89.6 90.55 1.6
      vertex 89.2755321559063 90.60139065789008 5.6
      vertex 89.6 90.55 5.6
    endloop
  endfacet
  facet normal -0.15643446504021208 0.9876883405951408 0
    outer loop
      vertex 89.92446784409368 90.60139065789008 1.6
      vertex 89.6 90.55 5.6
      vertex 89.92446784409368 90.60139065789008 5.6
    endloop
  endfacet
  facet normal -0.4539904997395564 0.891006524188363 0
    outer loop
      vertex 90.21717451490709 90.7505321559063 1.6
      vertex 89.92446784409368 90.60139065789008 5.6
      vertex 90.21717451490709 90.7505321559063 5.6
    endloop
  endfacet
  facet normal -0.7071067811865475 0.7071067811865475 0
    outer loop
      vertex 90.44946784409369 90.9828254850929 1.6
      vertex 90.21717451490709 90.7505321559063 5.6
      vertex 90.44946784409369 90.9828254850929 5.6
    endloop
  endfacet
  facet normal -0.891006524188363 0.4539904997395564 0
    outer loop
      vertex 90.59860934210991 91.2755321559063 1.6
      vertex 90.44946784409369 90.9828254850929 5.6
      vertex 90.59860934210991 91.2755321559063 5.6
    endloop
  endfacet
  facet normal -0.9876883405951408 0.15643446504021208 0
    outer loop
      vertex 90.64999999999999 91.6 1.6
      vertex 90.59860934210991 91.2755321559063 5.6
      vertex 90.64999999999999 91.6 5.6
    endloop
  endfacet
  facet normal 0.9876883405951408 -0.15643446504021208 0
    outer loop
      vertex 88.55 91.6 1.6
      vertex 88.60139065789008 91.92446784409368 5.6
      vertex 88.55 91.6 5.6
    endloop
  endfacet
  facet normal 0.891006524188363 -0.4539904997395564 0
    outer loop
      vertex 88.60139065789008 91.92446784409368 1.6
      vertex 88.7505321559063 92.21717451490709 5.6
      vertex 88.60139065789008 91.92446784409368 5.6
    endloop
  endfacet
  facet normal 0.7071067811865475 -0.7071067811865475 0
    outer loop
      vertex 88.7505321559063 92.21717451490709 1.6
      vertex 88.9828254850929 92.44946784409369 5.6
      vertex 88.7505321559063 92.21717451490709 5.6
    endloop
  endfacet
  facet normal 0.4539904997395564 -0.891006524188363 0
    outer loop
      vertex 88.9828254850929 92.44946784409369 1.6
      vertex 89.2755321559063 92.59860934210991 5.6
      vertex 88.9828254850929 92.44946784409369 5.6
    endloop
  endfacet
  facet normal -0.891006524188363 -0.4539904997395564 0
    outer loop
      vertex 90.44946784409369 92.21717451490709 1.6
      vertex 90.59860934210991 91.92446784409368 5.6
      vertex 90.44946784409369 92.21717451490709 5.6
    endloop
  endfacet
  facet normal -0.7071067811865475 -0.7071067811865475 0
    outer loop
      vertex 90.21717451490709 92.44946784409369 1.6
      vertex 90.44946784409369 92.21717451490709 5.6
      vertex 90.21717451490709 92.44946784409369 5.6
    endloop
  endfacet
  facet normal 0.15643446504021208 -0.9876883405951408 0
    outer loop
      vertex 89.2755321559063 92.59860934210991 1.6
      vertex 89.6 92.64999999999999 5.6
      vertex 89.2755321559063 92.59860934210991 5.6
    endloop
  endfacet
  facet normal -0.15643446504021208 -0.9876883405951408 0
    outer loop
      vertex 89.6 92.64999999999999 1.6
      vertex 89.92446784409368 92.59860934210991 5.6
      vertex 89.6 92.64999999999999 5.6
    endloop
  endfacet
  facet normal -0.4539904997395564 -0.891006524188363 0
    outer loop
      vertex 89.92446784409368 92.59860934210991 1.6
      vertex 90.21717451490709 92.44946784409369 5.6
      vertex 89.92446784409368 92.59860934210991 5.6
    endloop
  endfacet
  facet normal -0.9876883405951408 -0.15643446504021208 0
    outer loop
      vertex 90.59860934210991 91.92446784409368 1.6
      vertex 90.64999999999999 91.6 5.6
      vertex 90.59860934210991 91.92446784409368 5.6
    endloop
  endfacet
  facet normal -0.4539904997395478 -0.8910065241883673 0
    outer loop
      vertex 87.83664424312258 89.17294901687515 2.6
      vertex 88.67294901687515 88.74683045111453 5.6
      vertex 87.83664424312258 89.17294901687515 5.6
    endloop
  endfacet
  facet normal -0.15643446504023048 -0.9876883405951378 0
    outer loop
      vertex 88.67294901687515 88.74683045111453 2.6
      vertex 89.6 88.6 5.6
      vertex 88.67294901687515 88.74683045111453 5.6
    endloop
  endfacet
  facet normal 0.15643446504023048 -0.9876883405951378 0
    outer loop
      vertex 89.6 88.6 2.6
      vertex 90.52705098312484 88.74683045111453 5.6
      vertex 89.6 88.6 5.6
    endloop
  endfacet
  facet normal 0.4539904997395478 -0.8910065241883673 0
    outer loop
      vertex 90.52705098312484 88.74683045111453 2.6
      vertex 91.36335575687741 89.17294901687515 5.6
      vertex 90.52705098312484 88.74683045111453 5.6
    endloop
  endfacet
  facet normal 0.7071067811865475 -0.7071067811865475 0
    outer loop
      vertex 92.02705098312484 89.83664424312258 2.6
      vertex 92.02705098312484 89.83664424312258 5.6
      vertex 91.36335575687741 89.17294901687515 5.6
    endloop
  endfacet
  facet normal 0.8910065241883673 -0.4539904997395478 0
    outer loop
      vertex 92.45316954888546 90.67294901687515 2.6
      vertex 92.45316954888546 90.67294901687515 5.6
      vertex 92.02705098312484 89.83664424312258 5.6
    endloop
  endfacet
  facet normal 0.9876883405951378 -0.15643446504023048 0
    outer loop
      vertex 92.6 91.6 2.6
      vertex 92.6 91.6 5.6
      vertex 92.45316954888546 90.67294901687515 5.6
    endloop
  endfacet
  facet normal -0.4539904997395478 0.8910065241883673 1.218845201774354e-18
    outer loop
      vertex 87.83664424312258 94.02705098312484 5.6
      vertex 88.67294901687515 94.45316954888546 5.6
      vertex 88.67294901687515 94.45316954888546 2.6
    endloop
  endfacet
  facet normal -0.15643446504023048 0.9876883405951378 0
    outer loop
      vertex 89.6 94.6 2.6
      vertex 88.67294901687515 94.45316954888546 5.6
      vertex 89.6 94.6 5.6
    endloop
  endfacet
  facet normal 0.15643446504023048 0.9876883405951378 0
    outer loop
      vertex 90.52705098312484 94.45316954888546 2.6
      vertex 89.6 94.6 5.6
      vertex 90.52705098312484 94.45316954888546 5.6
    endloop
  endfacet
  facet normal 0.9876883405951378 0.15643446504023048 0
    outer loop
      vertex 92.45316954888546 92.52705098312484 2.6
      vertex 92.45316954888546 92.52705098312484 5.6
      vertex 92.6 91.6 5.6
    endloop
  endfacet
  facet normal 0.8910065241883673 0.4539904997395478 0
    outer loop
      vertex 92.02705098312484 93.36335575687741 2.6
      vertex 92.02705098312484 93.36335575687741 5.6
      vertex 92.45316954888546 92.52705098312484 5.6
    endloop
  endfacet
  facet normal 0.7071067811865475 0.7071067811865475 0
    outer loop
      vertex 91.36335575687741 94.02705098312484 2.6
      vertex 91.36335575687741 94.02705098312484 5.6
      vertex 92.02705098312484 93.36335575687741 5.6
    endloop
  endfacet
  facet normal 0.4539904997395478 0.8910065241883673 0
    outer loop
      vertex 91.36335575687741 94.02705098312484 2.6
      vertex 90.52705098312484 94.45316954888546 5.6
      vertex 91.36335575687741 94.02705098312484 5.6
    endloop
  endfacet
  facet normal 0 0 1
    outer loop
      vertex 89.6 88.6 5.6
      vertex 89.2755321559063 90.60139065789008 5.6
      vertex 88.67294901687515 88.74683045111453 5.6
    endloop
  endfacet
  facet normal 0 0 1
    outer loop
      vertex 88.67294901687515 88.74683045111453 5.6
      vertex 88.9828254850929 90.7505321559063 5.6
      vertex 88.7505321559063 90.9828254850929 5.6
    endloop
  endfacet
  facet normal 0 0 1
    outer loop
      vertex 88.67294901687515 88.74683045111453 5.6
      vertex 89.2755321559063 90.60139065789008 5.6
      vertex 88.9828254850929 90.7505321559063 5.6
    endloop
  endfacet
  facet normal 0 0 1
    outer loop
      vertex 89.6 88.6 5.6
      vertex 90.52705098312484 88.74683045111453 5.6
      vertex 89.92446784409368 90.60139065789008 5.6
    endloop
  endfacet
  facet normal 0 0 1
    outer loop
      vertex 89.6 88.6 5.6
      vertex 89.6 90.55 5.6
      vertex 89.2755321559063 90.60139065789008 5.6
    endloop
  endfacet
  facet normal 0 0 1
    outer loop
      vertex 89.6 88.6 5.6
      vertex 89.92446784409368 90.60139065789008 5.6
      vertex 89.6 90.55 5.6
    endloop
  endfacet
  facet normal 0 0 1
    outer loop
      vertex 90.52705098312484 88.74683045111453 5.6
      vertex 90.21717451490709 90.7505321559063 5.6
      vertex 89.92446784409368 90.60139065789008 5.6
    endloop
  endfacet
  facet normal 0 0 1
    outer loop
      vertex 90.52705098312484 88.74683045111453 5.6
      vertex 90.44946784409369 90.9828254850929 5.6
      vertex 90.21717451490709 90.7505321559063 5.6
    endloop
  endfacet
  facet normal 0 0 1
    outer loop
      vertex 87.83664424312258 89.17294901687515 5.6
      vertex 88.67294901687515 88.74683045111453 5.6
      vertex 87.83664424312258 94.02705098312484 5.6
    endloop
  endfacet
  facet normal 0 0 1
    outer loop
      vertex 88.67294901687515 88.74683045111453 5.6
      vertex 88.7505321559063 90.9828254850929 5.6
      vertex 88.60139065789008 91.2755321559063 5.6
    endloop
  endfacet
  facet normal 0 0 1
    outer loop
      vertex 88.67294901687515 88.74683045111453 5.6
      vertex 88.60139065789008 91.2755321559063 5.6
      vertex 88.55 91.6 5.6
    endloop
  endfacet
  facet normal 0 0 1
    outer loop
      vertex 87.83664424312258 94.02705098312484 5.6
      vertex 88.67294901687515 88.74683045111453 5.6
      vertex 88.55 91.6 5.6
    endloop
  endfacet
  facet normal 0 0 1
    outer loop
      vertex 90.52705098312484 88.74683045111453 5.6
      vertex 91.36335575687741 89.17294901687515 5.6
      vertex 90.44946784409369 90.9828254850929 5.6
    endloop
  endfacet
  facet normal 0 0 1
    outer loop
      vertex 91.36335575687741 89.17294901687515 5.6
      vertex 90.59860934210991 91.2755321559063 5.6
      vertex 90.44946784409369 90.9828254850929 5.6
    endloop
  endfacet
  facet normal 0 0 1
    outer loop
      vertex 91.36335575687741 89.17294901687515 5.6
      vertex 90.64999999999999 91.6 5.6
      vertex 90.59860934210991 91.2755321559063 5.6
    endloop
  endfacet
  facet normal 0 0 1
    outer loop
      vertex 91.36335575687741 89.17294901687515 5.6
      vertex 92.02705098312484 89.83664424312258 5.6
      vertex 91.36335575687741 94.02705098312484 5.6
    endloop
  endfacet
  facet normal 0 0 1
    outer loop
      vertex 92.02705098312484 89.83664424312258 5.6
      vertex 92.45316954888546 90.67294901687515 5.6
      vertex 92.02705098312484 93.36335575687741 5.6
    endloop
  endfacet
  facet normal 0 0 1
    outer loop
      vertex 92.45316954888546 90.67294901687515 5.6
      vertex 92.6 91.6 5.6
      vertex 92.45316954888546 92.52705098312484 5.6
    endloop
  endfacet
  facet normal 0 0 1
    outer loop
      vertex 87.83664424312258 94.02705098312484 5.6
      vertex 88.55 91.6 5.6
      vertex 88.60139065789008 91.92446784409368 5.6
    endloop
  endfacet
  facet normal 0 0 1
    outer loop
      vertex 87.83664424312258 94.02705098312484 5.6
      vertex 88.60139065789008 91.92446784409368 5.6
      vertex 88.7505321559063 92.21717451490709 5.6
    endloop
  endfacet
  facet normal 0 0 1
    outer loop
      vertex 88.67294901687515 94.45316954888546 5.6
      vertex 88.7505321559063 92.21717451490709 5.6
      vertex 88.9828254850929 92.44946784409369 5.6
    endloop
  endfacet
  facet normal 0 0 1
    outer loop
      vertex 88.67294901687515 94.45316954888546 5.6
      vertex 88.9828254850929 92.44946784409369 5.6
      vertex 89.2755321559063 92.59860934210991 5.6
    endloop
  endfacet
  facet normal 0 0 1
    outer loop
      vertex 90.52705098312484 94.45316954888546 5.6
      vertex 89.92446784409368 92.59860934210991 5.6
      vertex 90.21717451490709 92.44946784409369 5.6
    endloop
  endfacet
  facet normal 0 0 1
    outer loop
      vertex 90.52705098312484 94.45316954888546 5.6
      vertex 90.44946784409369 92.21717451490709 5.6
      vertex 90.59860934210991 91.92446784409368 5.6
    endloop
  endfacet
  facet normal 0 0 1
    outer loop
      vertex 90.52705098312484 94.45316954888546 5.6
      vertex 90.21717451490709 92.44946784409369 5.6
      vertex 90.44946784409369 92.21717451490709 5.6
    endloop
  endfacet
  facet normal 0 0 1
    outer loop
      vertex 87.83664424312258 94.02705098312484 5.6
      vertex 88.7505321559063 92.21717451490709 5.6
      vertex 88.67294901687515 94.45316954888546 5.6
    endloop
  endfacet
  facet normal 0 0 1
    outer loop
      vertex 88.67294901687515 94.45316954888546 5.6
      vertex 89.2755321559063 92.59860934210991 5.6
      vertex 89.6 94.6 5.6
    endloop
  endfacet
  facet normal 0 0 1
    outer loop
      vertex 89.6 94.6 5.6
      vertex 89.2755321559063 92.59860934210991 5.6
      vertex 89.6 92.64999999999999 5.6
    endloop
  endfacet
  facet normal 0 0 1
    outer loop
      vertex 89.6 94.6 5.6
      vertex 89.6 92.64999999999999 5.6
      vertex 89.92446784409368 92.59860934210991 5.6
    endloop
  endfacet
  facet normal 0 0 1
    outer loop
      vertex 89.6 94.6 5.6
      vertex 89.92446784409368 92.59860934210991 5.6
      vertex 90.52705098312484 94.45316954888546 5.6
    endloop
  endfacet
  facet normal 0 0 1
    outer loop
      vertex 91.36335575687741 89.17294901687515 5.6
      vertex 90.52705098312484 94.45316954888546 5.6
      vertex 90.64999999999999 91.6 5.6
    endloop
  endfacet
  facet normal 0 0 1
    outer loop
      vertex 92.02705098312484 89.83664424312258 5.6
      vertex 92.02705098312484 93.36335575687741 5.6
      vertex 91.36335575687741 94.02705098312484 5.6
    endloop
  endfacet
  facet normal 0 0 1
    outer loop
      vertex 90.52705098312484 94.45316954888546 5.6
      vertex 90.59860934210991 91.92446784409368 5.6
      vertex 90.64999999999999 91.6 5.6
    endloop
  endfacet
  facet normal 0 0 1
    outer loop
      vertex 91.36335575687741 89.17294901687515 5.6
      vertex 91.36335575687741 94.02705098312484 5.6
      vertex 90.52705098312484 94.45316954888546 5.6
    endloop
  endfacet
  facet normal 0 0 1
    outer loop
      vertex 92.45316954888546 90.67294901687515 5.6
      vertex 92.45316954888546 92.52705098312484 5.6
      vertex 92.02705098312484 93.36335575687741 5.6
    endloop
  endfacet
  facet normal 0.8910065241883456 0.45399049973959077 0
    outer loop
      vertex 164.7505321559063 74.9828254850929 1.6
      vertex 164.60139065789008 75.2755321559063 5.6
      vertex 164.7505321559063 74.9828254850929 5.6
    endloop
  endfacet
  facet normal 0.9876883405951341 0.15643446504025427 0
    outer loop
      vertex 164.60139065789008 75.2755321559063 1.6
      vertex 164.54999999999998 75.6 5.6
      vertex 164.60139065789008 75.2755321559063 5.6
    endloop
  endfacet
  facet normal 0.9876883405951341 -0.15643446504025427 0
    outer loop
      vertex 164.54999999999998 75.6 1.6
      vertex 164.60139065789008 75.92446784409368 5.6
      vertex 164.54999999999998 75.6 5.6
    endloop
  endfacet
  facet normal 0.8910065241883456 -0.45399049973959077 0
    outer loop
      vertex 164.60139065789008 75.92446784409368 1.6
      vertex 164.7505321559063 76.21717451490709 5.6
      vertex 164.60139065789008 75.92446784409368 5.6
    endloop
  endfacet
  facet normal 0.7071067811865908 -0.7071067811865043 0
    outer loop
      vertex 164.7505321559063 76.21717451490709 1.6
      vertex 164.9828254850929 76.44946784409369 5.6
      vertex 164.7505321559063 76.21717451490709 5.6
    endloop
  endfacet
  facet normal 0.4539904997395564 0.891006524188363 0
    outer loop
      vertex 165.2755321559063 74.60139065789008 1.6
      vertex 164.9828254850929 74.7505321559063 5.6
      vertex 165.2755321559063 74.60139065789008 5.6
    endloop
  endfacet
  facet normal 0.7071067811865908 0.7071067811865043 0
    outer loop
      vertex 164.9828254850929 74.7505321559063 1.6
      vertex 164.7505321559063 74.9828254850929 5.6
      vertex 164.9828254850929 74.7505321559063 5.6
    endloop
  endfacet
  facet normal 0.1564344650402054 0.9876883405951418 0
    outer loop
      vertex 165.6 74.55 1.6
      vertex 165.2755321559063 74.60139065789008 5.6
      vertex 165.6 74.55 5.6
    endloop
  endfacet
  facet normal -0.1564344650402054 0.9876883405951418 0
    outer loop
      vertex 165.9244678440937 74.60139065789008 1.6
      vertex 165.6 74.55 5.6
      vertex 165.9244678440937 74.60139065789008 5.6
    endloop
  endfacet
  facet normal -0.4539904997395564 0.891006524188363 0
    outer loop
      vertex 166.2171745149071 74.7505321559063 1.6
      vertex 165.9244678440937 74.60139065789008 5.6
      vertex 166.2171745149071 74.7505321559063 5.6
    endloop
  endfacet
  facet normal -0.7071067811865908 0.7071067811865043 0
    outer loop
      vertex 166.44946784409368 74.9828254850929 1.6
      vertex 166.2171745149071 74.7505321559063 5.6
      vertex 166.44946784409368 74.9828254850929 5.6
    endloop
  endfacet
  facet normal -0.8910065241883456 0.45399049973959077 0
    outer loop
      vertex 166.5986093421099 75.2755321559063 1.6
      vertex 166.44946784409368 74.9828254850929 5.6
      vertex 166.5986093421099 75.2755321559063 5.6
    endloop
  endfacet
  facet normal -0.9876883405951341 0.15643446504025427 0
    outer loop
      vertex 166.65 75.6 1.6
      vertex 166.5986093421099 75.2755321559063 5.6
      vertex 166.65 75.6 5.6
    endloop
  endfacet
  facet normal -0.9876883405951341 -0.15643446504025427 0
    outer loop
      vertex 166.5986093421099 75.92446784409368 1.6
      vertex 166.65 75.6 5.6
      vertex 166.5986093421099 75.92446784409368 5.6
    endloop
  endfacet
  facet normal -0.8910065241883456 -0.45399049973959077 0
    outer loop
      vertex 166.44946784409368 76.21717451490709 1.6
      vertex 166.5986093421099 75.92446784409368 5.6
      vertex 166.44946784409368 76.21717451490709 5.6
    endloop
  endfacet
  facet normal -0.7071067811865908 -0.7071067811865043 0
    outer loop
      vertex 166.2171745149071 76.44946784409369 1.6
      vertex 166.44946784409368 76.21717451490709 5.6
      vertex 166.2171745149071 76.44946784409369 5.6
    endloop
  endfacet
  facet normal -0.4539904997395478 -0.8910065241883673 0
    outer loop
      vertex 163.83664424312258 73.17294901687515 2.6
      vertex 164.67294901687515 72.74683045111453 5.6
      vertex 163.83664424312258 73.17294901687515 5.6
    endloop
  endfacet
  facet normal -0.15643446504023048 -0.9876883405951378 0
    outer loop
      vertex 164.67294901687515 72.74683045111453 2.6
      vertex 165.6 72.6 5.6
      vertex 164.67294901687515 72.74683045111453 5.6
    endloop
  endfacet
  facet normal 0.15643446504023048 -0.9876883405951378 0
    outer loop
      vertex 165.6 72.6 2.6
      vertex 166.52705098312484 72.74683045111453 5.6
      vertex 165.6 72.6 5.6
    endloop
  endfacet
  facet normal 0.4539904997395478 -0.8910065241883673 0
    outer loop
      vertex 166.52705098312484 72.74683045111453 2.6
      vertex 167.3633557568774 73.17294901687515 5.6
      vertex 166.52705098312484 72.74683045111453 5.6
    endloop
  endfacet
  facet normal -0.8910065241883673 -0.4539904997395478 0
    outer loop
      vertex 163.17294901687515 73.83664424312258 2.6
      vertex 163.17294901687515 73.83664424312258 5.6
      vertex 162.74683045111453 74.67294901687515 5.6
    endloop
  endfacet
  facet normal -0.7071067811865475 -0.7071067811865475 0
    outer loop
      vertex 163.83664424312258 73.17294901687515 2.6
      vertex 163.83664424312258 73.17294901687515 5.6
      vertex 163.17294901687515 73.83664424312258 5.6
    endloop
  endfacet
  facet normal -0.9876883405951378 -0.15643446504023048 0
    outer loop
      vertex 162.74683045111453 74.67294901687515 2.6
      vertex 162.74683045111453 74.67294901687515 5.6
      vertex 162.6 75.6 5.6
    endloop
  endfacet
  facet normal -0.9876883405951378 0.15643446504023048 0
    outer loop
      vertex 162.6 75.6 2.6
      vertex 162.6 75.6 5.6
      vertex 162.74683045111453 76.52705098312484 5.6
    endloop
  endfacet
  facet normal 0.7071067811865475 -0.7071067811865475 0
    outer loop
      vertex 168.02705098312484 73.83664424312258 2.6
      vertex 168.02705098312484 73.83664424312258 5.6
      vertex 167.3633557568774 73.17294901687515 5.6
    endloop
  endfacet
  facet normal 0.8910065241883673 -0.4539904997395478 0
    outer loop
      vertex 168.45316954888546 74.67294901687515 2.6
      vertex 168.45316954888546 74.67294901687515 5.6
      vertex 168.02705098312484 73.83664424312258 5.6
    endloop
  endfacet
  facet normal 0.9876883405951378 -0.15643446504023048 0
    outer loop
      vertex 168.6 75.6 2.6
      vertex 168.6 75.6 5.6
      vertex 168.45316954888546 74.67294901687515 5.6
    endloop
  endfacet
  facet normal 0.9876883405951378 0.15643446504023048 0
    outer loop
      vertex 168.45316954888546 76.52705098312484 2.6
      vertex 168.45316954888546 76.52705098312484 5.6
      vertex 168.6 75.6 5.6
    endloop
  endfacet
  facet normal 0 0 1
    outer loop
      vertex 164.67294901687515 72.74683045111453 5.6
      vertex 165.6 72.6 5.6
      vertex 165.2755321559063 74.60139065789008 5.6
    endloop
  endfacet
  facet normal 0 0 1
    outer loop
      vertex 165.6 72.6 5.6
      vertex 166.52705098312484 72.74683045111453 5.6
      vertex 165.9244678440937 74.60139065789008 5.6
    endloop
  endfacet
  facet normal 0 0 1
    outer loop
      vertex 163.83664424312258 73.17294901687515 5.6
      vertex 163.17294901687515 77.36335575687741 5.6
      vertex 163.17294901687515 73.83664424312258 5.6
    endloop
  endfacet
  facet normal 0 0 1
    outer loop
      vertex 163.83664424312258 73.17294901687515 5.6
      vertex 164.67294901687515 72.74683045111453 5.6
      vertex 163.83664424312258 78.02705098312484 5.6
    endloop
  endfacet
  facet normal 0 0 1
    outer loop
      vertex 164.67294901687515 72.74683045111453 5.6
      vertex 164.9828254850929 74.7505321559063 5.6
      vertex 164.7505321559063 74.9828254850929 5.6
    endloop
  endfacet
  facet normal 0 0 1
    outer loop
      vertex 164.67294901687515 72.74683045111453 5.6
      vertex 164.7505321559063 74.9828254850929 5.6
      vertex 164.60139065789008 75.2755321559063 5.6
    endloop
  endfacet
  facet normal 0 0 1
    outer loop
      vertex 164.67294901687515 72.74683045111453 5.6
      vertex 164.60139065789008 75.2755321559063 5.6
      vertex 164.54999999999998 75.6 5.6
    endloop
  endfacet
  facet normal 0 0 1
    outer loop
      vertex 163.17294901687515 73.83664424312258 5.6
      vertex 162.74683045111453 76.52705098312484 5.6
      vertex 162.74683045111453 74.67294901687515 5.6
    endloop
  endfacet
  facet normal 0 0 1
    outer loop
      vertex 162.74683045111453 74.67294901687515 5.6
      vertex 162.74683045111453 76.52705098312484 5.6
      vertex 162.6 75.6 5.6
    endloop
  endfacet
  facet normal 0 0 1
    outer loop
      vertex 163.17294901687515 73.83664424312258 5.6
      vertex 163.17294901687515 77.36335575687741 5.6
      vertex 162.74683045111453 76.52705098312484 5.6
    endloop
  endfacet
  facet normal 0 0 1
    outer loop
      vertex 164.67294901687515 72.74683045111453 5.6
      vertex 164.54999999999998 75.6 5.6
      vertex 163.83664424312258 78.02705098312484 5.6
    endloop
  endfacet
  facet normal 0 0 1
    outer loop
      vertex 163.83664424312258 73.17294901687515 5.6
      vertex 163.83664424312258 78.02705098312484 5.6
      vertex 163.17294901687515 77.36335575687741 5.6
    endloop
  endfacet
  facet normal 0 0 1
    outer loop
      vertex 164.67294901687515 72.74683045111453 5.6
      vertex 165.2755321559063 74.60139065789008 5.6
      vertex 164.9828254850929 74.7505321559063 5.6
    endloop
  endfacet
  facet normal 0 0 1
    outer loop
      vertex 165.6 72.6 5.6
      vertex 165.6 74.55 5.6
      vertex 165.2755321559063 74.60139065789008 5.6
    endloop
  endfacet
  facet normal 0 0 1
    outer loop
      vertex 165.6 72.6 5.6
      vertex 165.9244678440937 74.60139065789008 5.6
      vertex 165.6 74.55 5.6
    endloop
  endfacet
  facet normal 0 0 1
    outer loop
      vertex 166.52705098312484 72.74683045111453 5.6
      vertex 167.3633557568774 73.17294901687515 5.6
      vertex 166.44946784409368 74.9828254850929 5.6
    endloop
  endfacet
  facet normal 0 0 1
    outer loop
      vertex 166.52705098312484 72.74683045111453 5.6
      vertex 166.2171745149071 74.7505321559063 5.6
      vertex 165.9244678440937 74.60139065789008 5.6
    endloop
  endfacet
  facet normal 0 0 1
    outer loop
      vertex 166.52705098312484 72.74683045111453 5.6
      vertex 166.44946784409368 74.9828254850929 5.6
      vertex 166.2171745149071 74.7505321559063 5.6
    endloop
  endfacet
  facet normal 0 0 1
    outer loop
      vertex 167.3633557568774 73.17294901687515 5.6
      vertex 166.5986093421099 75.2755321559063 5.6
      vertex 166.44946784409368 74.9828254850929 5.6
    endloop
  endfacet
  facet normal 0 0 1
    outer loop
      vertex 167.3633557568774 73.17294901687515 5.6
      vertex 166.65 75.6 5.6
      vertex 166.5986093421099 75.2755321559063 5.6
    endloop
  endfacet
  facet normal 0 0 1
    outer loop
      vertex 167.3633557568774 73.17294901687515 5.6
      vertex 166.52705098312484 78.45316954888546 5.6
      vertex 166.65 75.6 5.6
    endloop
  endfacet
  facet normal 0 0 1
    outer loop
      vertex 167.3633557568774 73.17294901687515 5.6
      vertex 168.02705098312484 73.83664424312258 5.6
      vertex 167.3633557568774 78.02705098312484 5.6
    endloop
  endfacet
  facet normal 0 0 1
    outer loop
      vertex 168.02705098312484 73.83664424312258 5.6
      vertex 168.45316954888546 74.67294901687515 5.6
      vertex 168.02705098312484 77.36335575687741 5.6
    endloop
  endfacet
  facet normal 0 0 1
    outer loop
      vertex 168.45316954888546 74.67294901687515 5.6
      vertex 168.6 75.6 5.6
      vertex 168.45316954888546 76.52705098312484 5.6
    endloop
  endfacet
  facet normal 0 0 1
    outer loop
      vertex 168.02705098312484 73.83664424312258 5.6
      vertex 168.02705098312484 77.36335575687741 5.6
      vertex 167.3633557568774 78.02705098312484 5.6
    endloop
  endfacet
  facet normal 0 0 1
    outer loop
      vertex 168.45316954888546 74.67294901687515 5.6
      vertex 168.45316954888546 76.52705098312484 5.6
      vertex 168.02705098312484 77.36335575687741 5.6
    endloop
  endfacet
  facet normal 0.4539904997395564 -0.891006524188363 0
    outer loop
      vertex 164.9828254850929 76.44946784409369 1.6
      vertex 165.2755321559063 76.59860934210991 5.6
      vertex 164.9828254850929 76.44946784409369 5.6
    endloop
  endfacet
  facet normal 0.1564344650402054 -0.9876883405951418 0
    outer loop
      vertex 165.2755321559063 76.59860934210991 1.6
      vertex 165.6 76.64999999999999 5.6
      vertex 165.2755321559063 76.59860934210991 5.6
    endloop
  endfacet
  facet normal -0.1564344650402054 -0.9876883405951418 0
    outer loop
      vertex 165.6 76.64999999999999 1.6
      vertex 165.9244678440937 76.59860934210991 5.6
      vertex 165.6 76.64999999999999 5.6
    endloop
  endfacet
  facet normal -0.4539904997395564 -0.891006524188363 0
    outer loop
      vertex 165.9244678440937 76.59860934210991 1.6
      vertex 166.2171745149071 76.44946784409369 5.6
      vertex 165.9244678440937 76.59860934210991 5.6
    endloop
  endfacet
  facet normal -0.8910065241883673 0.4539904997395478 0
    outer loop
      vertex 162.74683045111453 76.52705098312484 2.6
      vertex 162.74683045111453 76.52705098312484 5.6
      vertex 163.17294901687515 77.36335575687741 5.6
    endloop
  endfacet
  facet normal -0.7071067811865475 0.7071067811865475 0
    outer loop
      vertex 163.17294901687515 77.36335575687741 2.6
      vertex 163.17294901687515 77.36335575687741 5.6
      vertex 163.83664424312258 78.02705098312484 5.6
    endloop
  endfacet
  facet normal -0.4539904997395478 0.8910065241883673 0
    outer loop
      vertex 164.67294901687515 78.45316954888546 2.6
      vertex 163.83664424312258 78.02705098312484 5.6
      vertex 164.67294901687515 78.45316954888546 5.6
    endloop
  endfacet
  facet normal -0.15643446504023048 0.9876883405951378 0
    outer loop
      vertex 165.6 78.6 2.6
      vertex 164.67294901687515 78.45316954888546 5.6
      vertex 165.6 78.6 5.6
    endloop
  endfacet
  facet normal 0.15643446504023048 0.9876883405951378 0
    outer loop
      vertex 166.52705098312484 78.45316954888546 2.6
      vertex 165.6 78.6 5.6
      vertex 166.52705098312484 78.45316954888546 5.6
    endloop
  endfacet
  facet normal 0.4539904997395478 0.8910065241883673 0
    outer loop
      vertex 167.3633557568774 78.02705098312484 2.6
      vertex 166.52705098312484 78.45316954888546 5.6
      vertex 167.3633557568774 78.02705098312484 5.6
    endloop
  endfacet
  facet normal 0.8910065241883673 0.4539904997395478 0
    outer loop
      vertex 168.02705098312484 77.36335575687741 2.6
      vertex 168.02705098312484 77.36335575687741 5.6
      vertex 168.45316954888546 76.52705098312484 5.6
    endloop
  endfacet
  facet normal 0.7071067811865475 0.7071067811865475 0
    outer loop
      vertex 167.3633557568774 78.02705098312484 2.6
      vertex 167.3633557568774 78.02705098312484 5.6
      vertex 168.02705098312484 77.36335575687741 5.6
    endloop
  endfacet
  facet normal 0 0 1
    outer loop
      vertex 163.83664424312258 78.02705098312484 5.6
      vertex 164.54999999999998 75.6 5.6
      vertex 164.60139065789008 75.92446784409368 5.6
    endloop
  endfacet
  facet normal 0 0 1
    outer loop
      vertex 163.83664424312258 78.02705098312484 5.6
      vertex 164.60139065789008 75.92446784409368 5.6
      vertex 164.7505321559063 76.21717451490709 5.6
    endloop
  endfacet
  facet normal 0 0 1
    outer loop
      vertex 164.67294901687515 78.45316954888546 5.6
      vertex 164.7505321559063 76.21717451490709 5.6
      vertex 164.9828254850929 76.44946784409369 5.6
    endloop
  endfacet
  facet normal 0 0 1
    outer loop
      vertex 163.83664424312258 78.02705098312484 5.6
      vertex 164.7505321559063 76.21717451490709 5.6
      vertex 164.67294901687515 78.45316954888546 5.6
    endloop
  endfacet
  facet normal 0 0 1
    outer loop
      vertex 164.67294901687515 78.45316954888546 5.6
      vertex 164.9828254850929 76.44946784409369 5.6
      vertex 165.2755321559063 76.59860934210991 5.6
    endloop
  endfacet
  facet normal 0 0 1
    outer loop
      vertex 165.6 78.6 5.6
      vertex 165.2755321559063 76.59860934210991 5.6
      vertex 165.6 76.64999999999999 5.6
    endloop
  endfacet
  facet normal 0 0 1
    outer loop
      vertex 164.67294901687515 78.45316954888546 5.6
      vertex 165.2755321559063 76.59860934210991 5.6
      vertex 165.6 78.6 5.6
    endloop
  endfacet
  facet normal 0 0 1
    outer loop
      vertex 165.6 78.6 5.6
      vertex 165.6 76.64999999999999 5.6
      vertex 165.9244678440937 76.59860934210991 5.6
    endloop
  endfacet
  facet normal 0 0 1
    outer loop
      vertex 165.6 78.6 5.6
      vertex 165.9244678440937 76.59860934210991 5.6
      vertex 166.52705098312484 78.45316954888546 5.6
    endloop
  endfacet
  facet normal 0 0 1
    outer loop
      vertex 166.52705098312484 78.45316954888546 5.6
      vertex 166.5986093421099 75.92446784409368 5.6
      vertex 166.65 75.6 5.6
    endloop
  endfacet
  facet normal 0 0 1
    outer loop
      vertex 166.52705098312484 78.45316954888546 5.6
      vertex 166.44946784409368 76.21717451490709 5.6
      vertex 166.5986093421099 75.92446784409368 5.6
    endloop
  endfacet
  facet normal 0 0 1
    outer loop
      vertex 166.52705098312484 78.45316954888546 5.6
      vertex 165.9244678440937 76.59860934210991 5.6
      vertex 166.2171745149071 76.44946784409369 5.6
    endloop
  endfacet
  facet normal 0 0 1
    outer loop
      vertex 166.52705098312484 78.45316954888546 5.6
      vertex 166.2171745149071 76.44946784409369 5.6
      vertex 166.44946784409368 76.21717451490709 5.6
    endloop
  endfacet
  facet normal 0 0 1
    outer loop
      vertex 167.3633557568774 73.17294901687515 5.6
      vertex 167.3633557568774 78.02705098312484 5.6
      vertex 166.52705098312484 78.45316954888546 5.6
    endloop
  endfacet
  facet normal 0.8910065241883456 0.45399049973959077 0
    outer loop
      vertex 164.7505321559063 90.9828254850929 1.6
      vertex 164.60139065789008 91.2755321559063 5.6
      vertex 164.7505321559063 90.9828254850929 5.6
    endloop
  endfacet
  facet normal 0.9876883405951341 0.15643446504025427 0
    outer loop
      vertex 164.60139065789008 91.2755321559063 1.6
      vertex 164.54999999999998 91.6 5.6
      vertex 164.60139065789008 91.2755321559063 5.6
    endloop
  endfacet
  facet normal 0.4539904997395564 0.891006524188363 0
    outer loop
      vertex 165.2755321559063 90.60139065789008 1.6
      vertex 164.9828254850929 90.7505321559063 5.6
      vertex 165.2755321559063 90.60139065789008 5.6
    endloop
  endfacet
  facet normal 0.7071067811865908 0.7071067811865043 0
    outer loop
      vertex 164.9828254850929 90.7505321559063 1.6
      vertex 164.7505321559063 90.9828254850929 5.6
      vertex 164.9828254850929 90.7505321559063 5.6
    endloop
  endfacet
  facet normal 0.1564344650402054 0.9876883405951418 0
    outer loop
      vertex 165.6 90.55 1.6
      vertex 165.2755321559063 90.60139065789008 5.6
      vertex 165.6 90.55 5.6
    endloop
  endfacet
  facet normal -0.1564344650402054 0.9876883405951418 0
    outer loop
      vertex 165.9244678440937 90.60139065789008 1.6
      vertex 165.6 90.55 5.6
      vertex 165.9244678440937 90.60139065789008 5.6
    endloop
  endfacet
  facet normal -0.4539904997395564 0.891006524188363 0
    outer loop
      vertex 166.2171745149071 90.7505321559063 1.6
      vertex 165.9244678440937 90.60139065789008 5.6
      vertex 166.2171745149071 90.7505321559063 5.6
    endloop
  endfacet
  facet normal -0.7071067811865908 0.7071067811865043 0
    outer loop
      vertex 166.44946784409368 90.9828254850929 1.6
      vertex 166.2171745149071 90.7505321559063 5.6
      vertex 166.44946784409368 90.9828254850929 5.6
    endloop
  endfacet
  facet normal -0.8910065241883456 0.45399049973959077 0
    outer loop
      vertex 166.5986093421099 91.2755321559063 1.6
      vertex 166.44946784409368 90.9828254850929 5.6
      vertex 166.5986093421099 91.2755321559063 5.6
    endloop
  endfacet
  facet normal -0.9876883405951341 0.15643446504025427 0
    outer loop
      vertex 166.65 91.6 1.6
      vertex 166.5986093421099 91.2755321559063 5.6
      vertex 166.65 91.6 5.6
    endloop
  endfacet
  facet normal 0.9876883405951341 -0.15643446504025427 0
    outer loop
      vertex 164.54999999999998 91.6 1.6
      vertex 164.60139065789008 91.92446784409368 5.6
      vertex 164.54999999999998 91.6 5.6
    endloop
  endfacet
  facet normal 0.8910065241883456 -0.45399049973959077 0
    outer loop
      vertex 164.60139065789008 91.92446784409368 1.6
      vertex 164.7505321559063 92.21717451490709 5.6
      vertex 164.60139065789008 91.92446784409368 5.6
    endloop
  endfacet
  facet normal 0.7071067811865908 -0.7071067811865043 0
    outer loop
      vertex 164.7505321559063 92.21717451490709 1.6
      vertex 164.9828254850929 92.44946784409369 5.6
      vertex 164.7505321559063 92.21717451490709 5.6
    endloop
  endfacet
  facet normal 0.4539904997395564 -0.891006524188363 0
    outer loop
      vertex 164.9828254850929 92.44946784409369 1.6
      vertex 165.2755321559063 92.59860934210991 5.6
      vertex 164.9828254850929 92.44946784409369 5.6
    endloop
  endfacet
  facet normal 0.1564344650402054 -0.9876883405951418 0
    outer loop
      vertex 165.2755321559063 92.59860934210991 1.6
      vertex 165.6 92.64999999999999 5.6
      vertex 165.2755321559063 92.59860934210991 5.6
    endloop
  endfacet
  facet normal -0.1564344650402054 -0.9876883405951418 0
    outer loop
      vertex 165.6 92.64999999999999 1.6
      vertex 165.9244678440937 92.59860934210991 5.6
      vertex 165.6 92.64999999999999 5.6
    endloop
  endfacet
  facet normal -0.4539904997395564 -0.891006524188363 0
    outer loop
      vertex 165.9244678440937 92.59860934210991 1.6
      vertex 166.2171745149071 92.44946784409369 5.6
      vertex 165.9244678440937 92.59860934210991 5.6
    endloop
  endfacet
  facet normal -0.9876883405951341 -0.15643446504025427 0
    outer loop
      vertex 166.5986093421099 91.92446784409368 1.6
      vertex 166.65 91.6 5.6
      vertex 166.5986093421099 91.92446784409368 5.6
    endloop
  endfacet
  facet normal -0.8910065241883456 -0.45399049973959077 0
    outer loop
      vertex 166.44946784409368 92.21717451490709 1.6
      vertex 166.5986093421099 91.92446784409368 5.6
      vertex 166.44946784409368 92.21717451490709 5.6
    endloop
  endfacet
  facet normal -0.7071067811865908 -0.7071067811865043 0
    outer loop
      vertex 166.2171745149071 92.44946784409369 1.6
      vertex 166.44946784409368 92.21717451490709 5.6
      vertex 166.2171745149071 92.44946784409369 5.6
    endloop
  endfacet
  facet normal -0.8910065241883673 -0.4539904997395478 0
    outer loop
      vertex 163.17294901687515 89.83664424312258 2.6
      vertex 163.17294901687515 89.83664424312258 5.6
      vertex 162.74683045111453 90.67294901687515 5.6
    endloop
  endfacet
  facet normal -0.7071067811865475 -0.7071067811865475 0
    outer loop
      vertex 163.83664424312258 89.17294901687515 2.6
      vertex 163.83664424312258 89.17294901687515 5.6
      vertex 163.17294901687515 89.83664424312258 5.6
    endloop
  endfacet
  facet normal -0.4539904997395478 -0.8910065241883673 0
    outer loop
      vertex 163.83664424312258 89.17294901687515 2.6
      vertex 164.67294901687515 88.74683045111453 5.6
      vertex 163.83664424312258 89.17294901687515 5.6
    endloop
  endfacet
  facet normal -0.9876883405951378 -0.15643446504023048 0
    outer loop
      vertex 162.74683045111453 90.67294901687515 2.6
      vertex 162.74683045111453 90.67294901687515 5.6
      vertex 162.6 91.6 5.6
    endloop
  endfacet
  facet normal -0.15643446504023048 -0.9876883405951378 0
    outer loop
      vertex 164.67294901687515 88.74683045111453 2.6
      vertex 165.6 88.6 5.6
      vertex 164.67294901687515 88.74683045111453 5.6
    endloop
  endfacet
  facet normal 0.15643446504023048 -0.9876883405951378 0
    outer loop
      vertex 165.6 88.6 2.6
      vertex 166.52705098312484 88.74683045111453 5.6
      vertex 165.6 88.6 5.6
    endloop
  endfacet
  facet normal 0.4539904997395478 -0.8910065241883673 0
    outer loop
      vertex 166.52705098312484 88.74683045111453 2.6
      vertex 167.3633557568774 89.17294901687515 5.6
      vertex 166.52705098312484 88.74683045111453 5.6
    endloop
  endfacet
  facet normal -0.9876883405951378 0.15643446504023048 0
    outer loop
      vertex 162.6 91.6 2.6
      vertex 162.6 91.6 5.6
      vertex 162.74683045111453 92.52705098312484 5.6
    endloop
  endfacet
  facet normal -0.8910065241883673 0.4539904997395478 0
    outer loop
      vertex 162.74683045111453 92.52705098312484 2.6
      vertex 162.74683045111453 92.52705098312484 5.6
      vertex 163.17294901687515 93.36335575687741 5.6
    endloop
  endfacet
  facet normal -0.7071067811865475 0.7071067811865475 0
    outer loop
      vertex 163.17294901687515 93.36335575687741 2.6
      vertex 163.17294901687515 93.36335575687741 5.6
      vertex 163.83664424312258 94.02705098312484 5.6
    endloop
  endfacet
  facet normal -0.4539904997395478 0.8910065241883673 0
    outer loop
      vertex 164.67294901687515 94.45316954888546 2.6
      vertex 163.83664424312258 94.02705098312484 5.6
      vertex 164.67294901687515 94.45316954888546 5.6
    endloop
  endfacet
  facet normal -0.15643446504023048 0.9876883405951378 0
    outer loop
      vertex 165.6 94.6 2.6
      vertex 164.67294901687515 94.45316954888546 5.6
      vertex 165.6 94.6 5.6
    endloop
  endfacet
  facet normal 0.15643446504023048 0.9876883405951378 0
    outer loop
      vertex 166.52705098312484 94.45316954888546 2.6
      vertex 165.6 94.6 5.6
      vertex 166.52705098312484 94.45316954888546 5.6
    endloop
  endfacet
  facet normal 0.4539904997395478 0.8910065241883673 0
    outer loop
      vertex 167.3633557568774 94.02705098312484 2.6
      vertex 166.52705098312484 94.45316954888546 5.6
      vertex 167.3633557568774 94.02705098312484 5.6
    endloop
  endfacet
  facet normal 0.7071067811865475 -0.7071067811865475 0
    outer loop
      vertex 168.02705098312484 89.83664424312258 2.6
      vertex 168.02705098312484 89.83664424312258 5.6
      vertex 167.3633557568774 89.17294901687515 5.6
    endloop
  endfacet
  facet normal 0.8910065241883673 -0.4539904997395478 0
    outer loop
      vertex 168.45316954888546 90.67294901687515 2.6
      vertex 168.45316954888546 90.67294901687515 5.6
      vertex 168.02705098312484 89.83664424312258 5.6
    endloop
  endfacet
  facet normal 0.9876883405951378 -0.15643446504023048 0
    outer loop
      vertex 168.6 91.6 2.6
      vertex 168.6 91.6 5.6
      vertex 168.45316954888546 90.67294901687515 5.6
    endloop
  endfacet
  facet normal 0.9876883405951378 0.15643446504023048 0
    outer loop
      vertex 168.45316954888546 92.52705098312484 2.6
      vertex 168.45316954888546 92.52705098312484 5.6
      vertex 168.6 91.6 5.6
    endloop
  endfacet
  facet normal 0.8910065241883673 0.4539904997395478 0
    outer loop
      vertex 168.02705098312484 93.36335575687741 2.6
      vertex 168.02705098312484 93.36335575687741 5.6
      vertex 168.45316954888546 92.52705098312484 5.6
    endloop
  endfacet
  facet normal 0.7071067811865475 0.7071067811865475 0
    outer loop
      vertex 167.3633557568774 94.02705098312484 2.6
      vertex 167.3633557568774 94.02705098312484 5.6
      vertex 168.02705098312484 93.36335575687741 5.6
    endloop
  endfacet
  facet normal 0 0 1
    outer loop
      vertex 164.67294901687515 88.74683045111453 5.6
      vertex 164.9828254850929 90.7505321559063 5.6
      vertex 164.7505321559063 90.9828254850929 5.6
    endloop
  endfacet
  facet normal 0 0 1
    outer loop
      vertex 163.17294901687515 89.83664424312258 5.6
      vertex 163.83664424312258 89.17294901687515 5.6
      vertex 163.17294901687515 93.36335575687741 5.6
    endloop
  endfacet
  facet normal 0 0 1
    outer loop
      vertex 163.17294901687515 89.83664424312258 5.6
      vertex 162.74683045111453 92.52705098312484 5.6
      vertex 162.74683045111453 90.67294901687515 5.6
    endloop
  endfacet
  facet normal 0 0 1
    outer loop
      vertex 162.74683045111453 90.67294901687515 5.6
      vertex 162.74683045111453 92.52705098312484 5.6
      vertex 162.6 91.6 5.6
    endloop
  endfacet
  facet normal 0 0 1
    outer loop
      vertex 163.83664424312258 89.17294901687515 5.6
      vertex 164.67294901687515 88.74683045111453 5.6
      vertex 163.83664424312258 94.02705098312484 5.6
    endloop
  endfacet
  facet normal 0 0 1
    outer loop
      vertex 164.67294901687515 88.74683045111453 5.6
      vertex 164.7505321559063 90.9828254850929 5.6
      vertex 164.60139065789008 91.2755321559063 5.6
    endloop
  endfacet
  facet normal 0 0 1
    outer loop
      vertex 164.67294901687515 88.74683045111453 5.6
      vertex 164.60139065789008 91.2755321559063 5.6
      vertex 164.54999999999998 91.6 5.6
    endloop
  endfacet
  facet normal 0 0 1
    outer loop
      vertex 164.67294901687515 88.74683045111453 5.6
      vertex 164.54999999999998 91.6 5.6
      vertex 163.83664424312258 94.02705098312484 5.6
    endloop
  endfacet
  facet normal 0 0 1
    outer loop
      vertex 165.6 88.6 5.6
      vertex 165.2755321559063 90.60139065789008 5.6
      vertex 164.67294901687515 88.74683045111453 5.6
    endloop
  endfacet
  facet normal 0 0 1
    outer loop
      vertex 165.6 88.6 5.6
      vertex 166.52705098312484 88.74683045111453 5.6
      vertex 165.9244678440937 90.60139065789008 5.6
    endloop
  endfacet
  facet normal 0 0 1
    outer loop
      vertex 164.67294901687515 88.74683045111453 5.6
      vertex 165.2755321559063 90.60139065789008 5.6
      vertex 164.9828254850929 90.7505321559063 5.6
    endloop
  endfacet
  facet normal 0 0 1
    outer loop
      vertex 165.6 88.6 5.6
      vertex 165.6 90.55 5.6
      vertex 165.2755321559063 90.60139065789008 5.6
    endloop
  endfacet
  facet normal 0 0 1
    outer loop
      vertex 165.6 88.6 5.6
      vertex 165.9244678440937 90.60139065789008 5.6
      vertex 165.6 90.55 5.6
    endloop
  endfacet
  facet normal 0 0 1
    outer loop
      vertex 166.52705098312484 88.74683045111453 5.6
      vertex 167.3633557568774 89.17294901687515 5.6
      vertex 166.44946784409368 90.9828254850929 5.6
    endloop
  endfacet
  facet normal 0 0 1
    outer loop
      vertex 166.52705098312484 88.74683045111453 5.6
      vertex 166.2171745149071 90.7505321559063 5.6
      vertex 165.9244678440937 90.60139065789008 5.6
    endloop
  endfacet
  facet normal 0 0 1
    outer loop
      vertex 166.52705098312484 88.74683045111453 5.6
      vertex 166.44946784409368 90.9828254850929 5.6
      vertex 166.2171745149071 90.7505321559063 5.6
    endloop
  endfacet
  facet normal 0 0 1
    outer loop
      vertex 167.3633557568774 89.17294901687515 5.6
      vertex 166.5986093421099 91.2755321559063 5.6
      vertex 166.44946784409368 90.9828254850929 5.6
    endloop
  endfacet
  facet normal 0 0 1
    outer loop
      vertex 167.3633557568774 89.17294901687515 5.6
      vertex 166.65 91.6 5.6
      vertex 166.5986093421099 91.2755321559063 5.6
    endloop
  endfacet
  facet normal 0 0 1
    outer loop
      vertex 163.17294901687515 89.83664424312258 5.6
      vertex 163.17294901687515 93.36335575687741 5.6
      vertex 162.74683045111453 92.52705098312484 5.6
    endloop
  endfacet
  facet normal 0 0 1
    outer loop
      vertex 163.83664424312258 89.17294901687515 5.6
      vertex 163.83664424312258 94.02705098312484 5.6
      vertex 163.17294901687515 93.36335575687741 5.6
    endloop
  endfacet
  facet normal 0 0 1
    outer loop
      vertex 163.83664424312258 94.02705098312484 5.6
      vertex 164.54999999999998 91.6 5.6
      vertex 164.60139065789008 91.92446784409368 5.6
    endloop
  endfacet
  facet normal 0 0 1
    outer loop
      vertex 163.83664424312258 94.02705098312484 5.6
      vertex 164.60139065789008 91.92446784409368 5.6
      vertex 164.7505321559063 92.21717451490709 5.6
    endloop
  endfacet
  facet normal 0 0 1
    outer loop
      vertex 164.67294901687515 94.45316954888546 5.6
      vertex 164.7505321559063 92.21717451490709 5.6
      vertex 164.9828254850929 92.44946784409369 5.6
    endloop
  endfacet
  facet normal 0 0 1
    outer loop
      vertex 163.83664424312258 94.02705098312484 5.6
      vertex 164.7505321559063 92.21717451490709 5.6
      vertex 164.67294901687515 94.45316954888546 5.6
    endloop
  endfacet
  facet normal 0 0 1
    outer loop
      vertex 164.67294901687515 94.45316954888546 5.6
      vertex 164.9828254850929 92.44946784409369 5.6
      vertex 165.2755321559063 92.59860934210991 5.6
    endloop
  endfacet
  facet normal 0 0 1
    outer loop
      vertex 167.3633557568774 89.17294901687515 5.6
      vertex 166.52705098312484 94.45316954888546 5.6
      vertex 166.65 91.6 5.6
    endloop
  endfacet
  facet normal 0 0 1
    outer loop
      vertex 166.52705098312484 94.45316954888546 5.6
      vertex 166.5986093421099 91.92446784409368 5.6
      vertex 166.65 91.6 5.6
    endloop
  endfacet
  facet normal 0 0 1
    outer loop
      vertex 166.52705098312484 94.45316954888546 5.6
      vertex 166.44946784409368 92.21717451490709 5.6
      vertex 166.5986093421099 91.92446784409368 5.6
    endloop
  endfacet
  facet normal 0 0 1
    outer loop
      vertex 166.52705098312484 94.45316954888546 5.6
      vertex 165.9244678440937 92.59860934210991 5.6
      vertex 166.2171745149071 92.44946784409369 5.6
    endloop
  endfacet
  facet normal 0 0 1
    outer loop
      vertex 166.52705098312484 94.45316954888546 5.6
      vertex 166.2171745149071 92.44946784409369 5.6
      vertex 166.44946784409368 92.21717451490709 5.6
    endloop
  endfacet
  facet normal 0 0 1
    outer loop
      vertex 167.3633557568774 89.17294901687515 5.6
      vertex 167.3633557568774 94.02705098312484 5.6
      vertex 166.52705098312484 94.45316954888546 5.6
    endloop
  endfacet
  facet normal 0 0 1
    outer loop
      vertex 165.6 94.6 5.6
      vertex 165.2755321559063 92.59860934210991 5.6
      vertex 165.6 92.64999999999999 5.6
    endloop
  endfacet
  facet normal 0 0 1
    outer loop
      vertex 164.67294901687515 94.45316954888546 5.6
      vertex 165.2755321559063 92.59860934210991 5.6
      vertex 165.6 94.6 5.6
    endloop
  endfacet
  facet normal 0 0 1
    outer loop
      vertex 165.6 94.6 5.6
      vertex 165.6 92.64999999999999 5.6
      vertex 165.9244678440937 92.59860934210991 5.6
    endloop
  endfacet
  facet normal 0 0 1
    outer loop
      vertex 165.6 94.6 5.6
      vertex 165.9244678440937 92.59860934210991 5.6
      vertex 166.52705098312484 94.45316954888546 5.6
    endloop
  endfacet
  facet normal 0 0 1
    outer loop
      vertex 167.3633557568774 89.17294901687515 5.6
      vertex 168.02705098312484 89.83664424312258 5.6
      vertex 167.3633557568774 94.02705098312484 5.6
    endloop
  endfacet
  facet normal 0 0 1
    outer loop
      vertex 168.02705098312484 89.83664424312258 5.6
      vertex 168.45316954888546 90.67294901687515 5.6
      vertex 168.02705098312484 93.36335575687741 5.6
    endloop
  endfacet
  facet normal 0 0 1
    outer loop
      vertex 168.45316954888546 90.67294901687515 5.6
      vertex 168.6 91.6 5.6
      vertex 168.45316954888546 92.52705098312484 5.6
    endloop
  endfacet
  facet normal 0 0 1
    outer loop
      vertex 167.3633557568774 94.02705098312484 5.6
      vertex 168.02705098312484 89.83664424312258 5.6
      vertex 168.02705098312484 93.36335575687741 5.6
    endloop
  endfacet
  facet normal 0 0 1
    outer loop
      vertex 168.45316954888546 90.67294901687515 5.6
      vertex 168.45316954888546 92.52705098312484 5.6
      vertex 168.02705098312484 93.36335575687741 5.6
    endloop
  endfacet
endsolid OpenSCAD_Model
