solid OpenSCAD_Model
  facet normal -0.4539904997395467 -0.8910065241883679 4.772609493443767e-18
    outer loop
      vertex 3.297717981660215 1.5278640450004204 0
      vertex 5.52786404500042 0.39154786963877175 0
      vertex 3.504802973256091 1.4223489715739817 2.6
    endloop
  endfacet
  facet normal -0.4539904997395467 -0.891006524188368 1.3681095697347589e-17
    outer loop
      vertex 3.504802973256091 1.4223489715739817 2.6
      vertex 5.52786404500042 0.39154786963877175 0
      vertex 5.52786404500042 0.39154786963877175 2.6
    endloop
  endfacet
  facet normal 0 0 -1
    outer loop
      vertex 3.297717981660215 1.5278640450004204 0
      vertex 3.469504831500295 4.70840258716215 0
      vertex 4.70840258716215 3.469504831500295 0
    endloop
  endfacet
  facet normal 0 0 -1
    outer loop
      vertex 3.297717981660215 1.5278640450004204 0
      vertex 4.70840258716215 3.469504831500295 0
      vertex 6.269504831500295 2.674083508747141 0
    endloop
  endfacet
  facet normal 0.45399049973954664 0.8910065241883681 0
    outer loop
      vertex 4.70840258716215 3.469504831500295 0
      vertex 4.70840258716215 3.469504831500295 2.6
      vertex 6.269504831500295 2.674083508747141 0
    endloop
  endfacet
  facet normal 0 0 -1
    outer loop
      vertex 3.297717981660215 1.5278640450004204 0
      vertex 1.5278640450004204 3.297717981660215 0
      vertex 0 8 0
    endloop
  endfacet
  facet normal 0 0 -1
    outer loop
      vertex 1.5278640450004204 3.297717981660215 0
      vertex 0.39154786963877175 5.52786404500042 0
      vertex 0 8 0
    endloop
  endfacet
  facet normal 0 0 -1
    outer loop
      vertex 3.297717981660215 1.5278640450004204 0
      vertex 0 8 0
      vertex 2.674083508747141 6.269504831500295 0
    endloop
  endfacet
  facet normal 0 0 -1
    outer loop
      vertex 3.297717981660215 1.5278640450004204 0
      vertex 2.674083508747141 6.269504831500295 0
      vertex 3.469504831500295 4.70840258716215 0
    endloop
  endfacet
  facet normal 0.7071067811865476 0.7071067811865476 0
    outer loop
      vertex 3.469504831500295 4.70840258716215 0
      vertex 3.469504831500295 4.70840258716215 2.6
      vertex 4.70840258716215 3.469504831500295 0
    endloop
  endfacet
  facet normal 0.7071067811865476 0.7071067811865476 0
    outer loop
      vertex 4.70840258716215 3.469504831500295 0
      vertex 3.469504831500295 4.70840258716215 2.6
      vertex 4.70840258716215 3.469504831500295 2.6
    endloop
  endfacet
  facet normal 0.8910065241883681 0.45399049973954664 0
    outer loop
      vertex 2.674083508747141 6.269504831500295 0
      vertex 2.674083508747141 6.269504831500295 2.6
      vertex 3.469504831500295 4.70840258716215 0
    endloop
  endfacet
  facet normal 0.8910065241883681 0.45399049973954664 0
    outer loop
      vertex 3.469504831500295 4.70840258716215 0
      vertex 2.674083508747141 6.269504831500295 2.6
      vertex 3.469504831500295 4.70840258716215 2.6
    endloop
  endfacet
  facet normal 0 0 -1
    outer loop
      vertex 3.297717981660215 1.5278640450004204 0
      vertex 8 0 0
      vertex 5.52786404500042 0.39154786963877175 0
    endloop
  endfacet
  facet normal -0.156434465040231 -0.9876883405951377 0
    outer loop
      vertex 5.52786404500042 0.39154786963877175 0
      vertex 8 0 0
      vertex 5.52786404500042 0.39154786963877175 2.6
    endloop
  endfacet
  facet normal 0 0 -1
    outer loop
      vertex 3.297717981660215 1.5278640450004204 0
      vertex 6.269504831500295 2.674083508747141 0
      vertex 8 2.4000000000000004 0
    endloop
  endfacet
  facet normal 0.15643446504023115 0.9876883405951375 0
    outer loop
      vertex 6.269504831500295 2.674083508747141 0
      vertex 6.269504831500295 2.674083508747141 2.6
      vertex 8 2.4000000000000004 0
    endloop
  endfacet
  facet normal 0.45399049973954664 0.8910065241883681 2.044836688169777e-17
    outer loop
      vertex 4.70840258716215 3.469504831500295 2.6
      vertex 6.269504831500295 2.674083508747141 2.6
      vertex 6.269504831500295 2.674083508747141 0
    endloop
  endfacet
  facet normal 0.15643446504023115 0.9876883405951375 0
    outer loop
      vertex 8 2.4000000000000004 0
      vertex 6.269504831500295 2.674083508747141 2.6
      vertex 8 2.4000000000000004 2.6
    endloop
  endfacet
  facet normal 0 0 -1
    outer loop
      vertex 3.469504831500295 4.70840258716215 2.6
      vertex 9.589315394498065 9.058359213500125 2.6
      vertex 4.70840258716215 3.469504831500295 2.6
    endloop
  endfacet
  facet normal 0 0 -1
    outer loop
      vertex 4.70840258716215 3.469504831500295 2.6
      vertex 10.258359213500126 8.717464360891633 2.6
      vertex 6.269504831500295 2.674083508747141 2.6
    endloop
  endfacet
  facet normal 0 0 -1
    outer loop
      vertex 6.269504831500295 2.674083508747141 2.6
      vertex 11 8.6 2.6
      vertex 8 2.4000000000000004 2.6
    endloop
  endfacet
  facet normal -0.45399049973954664 -0.891006524188368 3.557084881310373e-18
    outer loop
      vertex 3.504802973256091 1.4223489715739817 2.6
      vertex 5.52786404500042 0.39154786963877175 2.6
      vertex 5.52786404500042 0.39154786963877175 12.6
    endloop
  endfacet
  facet normal -0.15643446504023095 -0.9876883405951377 1.3827990529821756e-18
    outer loop
      vertex 8 0 0
      vertex 5.52786404500042 0.39154786963877175 12.6
      vertex 5.52786404500042 0.39154786963877175 2.6
    endloop
  endfacet
  facet normal 0 0 -1
    outer loop
      vertex 2.674083508747141 6.269504831500295 0
      vertex 0 8 0
      vertex 2.4000000000000004 8 0
    endloop
  endfacet
  facet normal 0.9876883405951375 0.15643446504023115 -3.614788559724969e-19
    outer loop
      vertex 2.674083508747141 6.269504831500295 0
      vertex 2.4000000000000004 8 0
      vertex 2.4000000000000004 8 2.6
    endloop
  endfacet
  facet normal 0.9876883405951375 0.15643446504023115 0
    outer loop
      vertex 2.674083508747141 6.269504831500295 0
      vertex 2.4000000000000004 8 2.6
      vertex 2.674083508747141 6.269504831500295 2.6
    endloop
  endfacet
  facet normal 0 0 -1
    outer loop
      vertex 2.674083508747141 6.269504831500295 2.6
      vertex 9.058359213500125 9.589315394498065 2.6
      vertex 3.469504831500295 4.70840258716215 2.6
    endloop
  endfacet
  facet normal 0 0 -1
    outer loop
      vertex 2.674083508747141 6.269504831500295 2.6
      vertex 2.4000000000000004 8 2.6
      vertex 8.717464360891633 10.258359213500126 2.6
    endloop
  endfacet
  facet normal 1 0 0
    outer loop
      vertex 2.4000000000000004 8 0
      vertex 2.4000000000000004 16 2.6
      vertex 2.4000000000000004 8 2.6
    endloop
  endfacet
  facet normal 0 0 -1
    outer loop
      vertex 2.4000000000000004 8 2.6
      vertex 2.4000000000000004 16 2.6
      vertex 8.6 11 2.6
    endloop
  endfacet
  facet normal 0 0 -1
    outer loop
      vertex 4.70840258716215 3.469504831500295 2.6
      vertex 9.589315394498065 9.058359213500125 2.6
      vertex 10.258359213500126 8.717464360891633 2.6
    endloop
  endfacet
  facet normal 0 0 -1
    outer loop
      vertex 3.469504831500295 4.70840258716215 2.6
      vertex 9.058359213500125 9.589315394498065 2.6
      vertex 9.589315394498065 9.058359213500125 2.6
    endloop
  endfacet
  facet normal 0 0 -1
    outer loop
      vertex 2.674083508747141 6.269504831500295 2.6
      vertex 8.717464360891633 10.258359213500126 2.6
      vertex 9.058359213500125 9.589315394498065 2.6
    endloop
  endfacet
  facet normal 0 0 -1
    outer loop
      vertex 6.269504831500295 2.674083508747141 2.6
      vertex 10.258359213500126 8.717464360891633 2.6
      vertex 11 8.6 2.6
    endloop
  endfacet
  facet normal 0 0 -1
    outer loop
      vertex 8 2.4000000000000004 2.6
      vertex 11 8.6 2.6
      vertex 11.741640786499874 8.717464360891633 2.6
    endloop
  endfacet
  facet normal 0 0 -1
    outer loop
      vertex 2.4000000000000004 8 2.6
      vertex 8.6 11 2.6
      vertex 8.717464360891633 10.258359213500126 2.6
    endloop
  endfacet
  facet normal 0 0 -1
    outer loop
      vertex 2.4000000000000004 16 2.6
      vertex 8.717464360891633 11.741640786499874 2.6
      vertex 8.6 11 2.6
    endloop
  endfacet
  facet normal 0.7071067811865476 0.7071067811865476 0
    outer loop
      vertex 9.058359213500125 9.589315394498065 9.2
      vertex 9.589315394498065 9.058359213500125 2.6
      vertex 9.058359213500125 9.589315394498065 2.6
    endloop
  endfacet
  facet normal 0.156434465040233 0.9876883405951374 0
    outer loop
      vertex 10.258359213500126 8.717464360891633 9.2
      vertex 11 8.6 2.6
      vertex 10.258359213500126 8.717464360891633 2.6
    endloop
  endfacet
  facet normal 0.453990499739545 0.8910065241883688 0
    outer loop
      vertex 9.589315394498065 9.058359213500125 9.2
      vertex 10.258359213500126 8.717464360891633 2.6
      vertex 9.589315394498065 9.058359213500125 2.6
    endloop
  endfacet
  facet normal 0.7071067811865476 0.7071067811865476 0
    outer loop
      vertex 9.589315394498065 9.058359213500125 9.2
      vertex 9.589315394498065 9.058359213500125 2.6
      vertex 9.058359213500125 9.589315394498065 9.2
    endloop
  endfacet
  facet normal 0.453990499739545 0.8910065241883688 1.297804876719319e-18
    outer loop
      vertex 9.589315394498065 9.058359213500125 9.2
      vertex 10.258359213500126 8.717464360891633 9.2
      vertex 10.258359213500126 8.717464360891633 2.6
    endloop
  endfacet
  facet normal 0.156434465040233 0.9876883405951374 8.429632307018026e-19
    outer loop
      vertex 10.258359213500126 8.717464360891633 9.2
      vertex 11 8.6 9.2
      vertex 11 8.6 2.6
    endloop
  endfacet
  facet normal 0.8910065241883688 0.453990499739545 0
    outer loop
      vertex 8.717464360891633 10.258359213500126 9.2
      vertex 9.058359213500125 9.589315394498065 2.6
      vertex 8.717464360891633 10.258359213500126 2.6
    endloop
  endfacet
  facet normal 0.9876883405951374 0.156434465040233 0
    outer loop
      vertex 8.6 11 9.2
      vertex 8.717464360891633 10.258359213500126 2.6
      vertex 8.6 11 2.6
    endloop
  endfacet
  facet normal 0.9876883405951374 -0.156434465040233 0
    outer loop
      vertex 8.717464360891633 11.741640786499874 9.2
      vertex 8.6 11 2.6
      vertex 8.717464360891633 11.741640786499874 2.6
    endloop
  endfacet
  facet normal 0.8910065241883688 -0.453990499739545 0
    outer loop
      vertex 9.058359213500125 12.410684605501935 9.2
      vertex 8.717464360891633 11.741640786499874 2.6
      vertex 9.058359213500125 12.410684605501935 2.6
    endloop
  endfacet
  facet normal 0.7071067811865476 -0.7071067811865476 0
    outer loop
      vertex 9.589315394498065 12.941640786499875 9.2
      vertex 9.058359213500125 12.410684605501935 2.6
      vertex 9.589315394498065 12.941640786499875 2.6
    endloop
  endfacet
  facet normal 0.9876883405951374 0.156434465040233 8.429632307018026e-19
    outer loop
      vertex 8.6 11 9.2
      vertex 8.717464360891633 10.258359213500126 9.2
      vertex 8.717464360891633 10.258359213500126 2.6
    endloop
  endfacet
  facet normal 0.8910065241883688 0.453990499739545 0
    outer loop
      vertex 9.058359213500125 9.589315394498065 9.2
      vertex 9.058359213500125 9.589315394498065 2.6
      vertex 8.717464360891633 10.258359213500126 9.2
    endloop
  endfacet
  facet normal 0.9876883405951374 -0.156434465040233 0
    outer loop
      vertex 8.6 11 9.2
      vertex 8.6 11 2.6
      vertex 8.717464360891633 11.741640786499874 9.2
    endloop
  endfacet
  facet normal 0.8910065241883688 -0.453990499739545 0
    outer loop
      vertex 8.717464360891633 11.741640786499874 9.2
      vertex 8.717464360891633 11.741640786499874 2.6
      vertex 9.058359213500125 12.410684605501935 9.2
    endloop
  endfacet
  facet normal 0.7071067811865476 -0.7071067811865476 0
    outer loop
      vertex 9.058359213500125 12.410684605501935 9.2
      vertex 9.058359213500125 12.410684605501935 2.6
      vertex 9.589315394498065 12.941640786499875 9.2
    endloop
  endfacet
  facet normal 0 0 -1
    outer loop
      vertex 8 2.4000000000000004 2.6
      vertex 11.741640786499874 8.717464360891633 2.6
      vertex 16 2.4000000000000004 2.6
    endloop
  endfacet
  facet normal 0 0 -1
    outer loop
      vertex 16 2.4000000000000004 2.6
      vertex 11.741640786499874 8.717464360891633 2.6
      vertex 12.410684605501935 9.058359213500125 2.6
    endloop
  endfacet
  facet normal 0 0 -1
    outer loop
      vertex 16 2.4000000000000004 2.6
      vertex 12.410684605501935 9.058359213500125 2.6
      vertex 12.941640786499875 9.589315394498065 2.6
    endloop
  endfacet
  facet normal 0 0 -1
    outer loop
      vertex 16 2.4000000000000004 2.6
      vertex 12.941640786499875 9.589315394498065 2.6
      vertex 13.282535639108367 10.258359213500126 2.6
    endloop
  endfacet
  facet normal 0 0 -1
    outer loop
      vertex 16 2.4000000000000004 2.6
      vertex 13.282535639108367 10.258359213500126 2.6
      vertex 13.4 11 2.6
    endloop
  endfacet
  facet normal 0 0 -1
    outer loop
      vertex 16 2.4000000000000004 2.6
      vertex 13.4 11 2.6
      vertex 13.282535639108367 11.741640786499874 2.6
    endloop
  endfacet
  facet normal 0 0 -1
    outer loop
      vertex 16 2.4000000000000004 2.6
      vertex 13.282535639108367 11.741640786499874 2.6
      vertex 16 16 2.6
    endloop
  endfacet
  facet normal -0.156434465040233 0.9876883405951374 0
    outer loop
      vertex 11 8.6 9.2
      vertex 11.741640786499874 8.717464360891633 2.6
      vertex 11 8.6 2.6
    endloop
  endfacet
  facet normal -0.453990499739545 0.8910065241883688 0
    outer loop
      vertex 11.741640786499874 8.717464360891633 9.2
      vertex 12.410684605501935 9.058359213500125 2.6
      vertex 11.741640786499874 8.717464360891633 2.6
    endloop
  endfacet
  facet normal -0.7071067811865476 0.7071067811865476 0
    outer loop
      vertex 12.410684605501935 9.058359213500125 9.2
      vertex 12.941640786499875 9.589315394498065 2.6
      vertex 12.410684605501935 9.058359213500125 2.6
    endloop
  endfacet
  facet normal -0.156434465040233 0.9876883405951374 -8.429632307018026e-19
    outer loop
      vertex 11 8.6 9.2
      vertex 11.741640786499874 8.717464360891633 9.2
      vertex 11.741640786499874 8.717464360891633 2.6
    endloop
  endfacet
  facet normal -0.453990499739545 0.8910065241883688 -1.297804876719319e-18
    outer loop
      vertex 11.741640786499874 8.717464360891633 9.2
      vertex 12.410684605501935 9.058359213500125 9.2
      vertex 12.410684605501935 9.058359213500125 2.6
    endloop
  endfacet
  facet normal -0.7071067811865476 0.7071067811865476 1.5488375940315497e-18
    outer loop
      vertex 12.410684605501935 9.058359213500125 9.2
      vertex 12.941640786499875 9.589315394498065 9.2
      vertex 12.941640786499875 9.589315394498065 2.6
    endloop
  endfacet
  facet normal -0.8910065241883688 0.453990499739545 0
    outer loop
      vertex 12.941640786499875 9.589315394498065 9.2
      vertex 13.282535639108367 10.258359213500126 2.6
      vertex 12.941640786499875 9.589315394498065 2.6
    endloop
  endfacet
  facet normal -0.9876883405951374 0.156434465040233 0
    outer loop
      vertex 13.282535639108367 10.258359213500126 9.2
      vertex 13.4 11 2.6
      vertex 13.282535639108367 10.258359213500126 2.6
    endloop
  endfacet
  facet normal -0.9876883405951374 -0.156434465040233 0
    outer loop
      vertex 13.4 11 9.2
      vertex 13.282535639108367 11.741640786499874 2.6
      vertex 13.4 11 2.6
    endloop
  endfacet
  facet normal -0.8910065241883688 -0.453990499739545 0
    outer loop
      vertex 13.282535639108367 11.741640786499874 9.2
      vertex 12.941640786499875 12.410684605501935 2.6
      vertex 13.282535639108367 11.741640786499874 2.6
    endloop
  endfacet
  facet normal -0.7071067811865476 -0.7071067811865476 0
    outer loop
      vertex 12.941640786499875 12.410684605501935 9.2
      vertex 12.410684605501935 12.941640786499875 2.6
      vertex 12.941640786499875 12.410684605501935 2.6
    endloop
  endfacet
  facet normal -0.8910065241883688 0.453990499739545 -1.297804876719319e-18
    outer loop
      vertex 12.941640786499875 9.589315394498065 9.2
      vertex 13.282535639108367 10.258359213500126 9.2
      vertex 13.282535639108367 10.258359213500126 2.6
    endloop
  endfacet
  facet normal -0.9876883405951374 0.156434465040233 -8.429632307018026e-19
    outer loop
      vertex 13.282535639108367 10.258359213500126 9.2
      vertex 13.4 11 9.2
      vertex 13.4 11 2.6
    endloop
  endfacet
  facet normal -0.9876883405951374 -0.156434465040233 8.429632307018026e-19
    outer loop
      vertex 13.4 11 9.2
      vertex 13.282535639108367 11.741640786499874 9.2
      vertex 13.282535639108367 11.741640786499874 2.6
    endloop
  endfacet
  facet normal -0.8910065241883688 -0.453990499739545 1.297804876719319e-18
    outer loop
      vertex 13.282535639108367 11.741640786499874 9.2
      vertex 12.941640786499875 12.410684605501935 9.2
      vertex 12.941640786499875 12.410684605501935 2.6
    endloop
  endfacet
  facet normal -0.7071067811865476 -0.7071067811865476 0
    outer loop
      vertex 12.410684605501935 12.941640786499875 9.2
      vertex 12.410684605501935 12.941640786499875 2.6
      vertex 12.941640786499875 12.410684605501935 9.2
    endloop
  endfacet
  facet normal 1 0 0
    outer loop
      vertex 16 2.4000000000000004 2.6
      vertex 16 16 2.6
      vertex 16 16 12.6
    endloop
  endfacet
  facet normal -0.7071067811865475 -0.7071067811865475 -2.069962390643781e-18
    outer loop
      vertex 3.297717981660215 1.5278640450004204 0
      vertex 1.5278640450004204 3.297717981660215 28
      vertex 1.5278640450004204 3.297717981660215 0
    endloop
  endfacet
  facet normal -0.4539904997395468 -0.8910065241883679 2.2338405578808182e-17
    outer loop
      vertex 3.504802973256091 1.4223489715739817 2.6
      vertex 5.52786404500042 0.39154786963877175 12.6
      vertex 4.3012837101633075 1.0165217660876786 12.6
    endloop
  endfacet
  facet normal -0.4539904997395466 -0.891006524188368 0
    outer loop
      vertex 3.297717981660215 1.5278640450004204 0
      vertex 3.504802973256091 1.4223489715739817 2.6
      vertex 3.297717981660215 1.5278640450004204 28
    endloop
  endfacet
  facet normal -0.8910065241883679 -0.4539904997395466 2.6701997596378364e-18
    outer loop
      vertex 1.5278640450004204 3.297717981660215 0
      vertex 0.39154786963877175 5.52786404500042 28
      vertex 0.39154786963877175 5.52786404500042 0
    endloop
  endfacet
  facet normal -0.45399049973954647 -0.891006524188368 5.967881114506331e-19
    outer loop
      vertex 3.504802973256091 1.4223489715739817 2.6
      vertex 4.3012837101633075 1.0165217660876786 12.6
      vertex 3.297717981660215 1.5278640450004204 28
    endloop
  endfacet
  facet normal -0.15643446504023098 -0.9876883405951378 8.979214629754385e-19
    outer loop
      vertex 8 0 0
      vertex 5.52786404500042 0.39154786963877175 28
      vertex 5.52786404500042 0.39154786963877175 12.6
    endloop
  endfacet
  facet normal -0.9876883405951377 -0.15643446504023098 4.938568046364912e-19
    outer loop
      vertex 0.39154786963877175 5.52786404500042 0
      vertex 0 8 28
      vertex 0 8 0
    endloop
  endfacet
  facet normal 0 0 -1
    outer loop
      vertex 9.058359213500125 9.589315394498065 9.2
      vertex 8.717464360891633 10.258359213500126 9.2
      vertex 8.717464360891633 11.741640786499874 9.2
    endloop
  endfacet
  facet normal 0 0 -1
    outer loop
      vertex 9.589315394498065 9.058359213500125 9.2
      vertex 9.058359213500125 9.589315394498065 9.2
      vertex 9.058359213500125 12.410684605501935 9.2
    endloop
  endfacet
  facet normal 0 0 -1
    outer loop
      vertex 8.6 11 9.2
      vertex 8.717464360891633 11.741640786499874 9.2
      vertex 8.717464360891633 10.258359213500126 9.2
    endloop
  endfacet
  facet normal 0 0 -1
    outer loop
      vertex 9.058359213500125 9.589315394498065 9.2
      vertex 8.717464360891633 11.741640786499874 9.2
      vertex 9.058359213500125 12.410684605501935 9.2
    endloop
  endfacet
  facet normal 0 0 -1
    outer loop
      vertex 9.589315394498065 9.058359213500125 9.2
      vertex 9.589315394498065 12.941640786499875 9.2
      vertex 10.258359213500126 8.717464360891633 9.2
    endloop
  endfacet
  facet normal 0 0 -1
    outer loop
      vertex 10.258359213500126 8.717464360891633 9.2
      vertex 10.258359213500126 13.282535639108367 9.2
      vertex 11 8.6 9.2
    endloop
  endfacet
  facet normal 0 0 -1
    outer loop
      vertex 9.589315394498065 9.058359213500125 9.2
      vertex 9.058359213500125 12.410684605501935 9.2
      vertex 9.589315394498065 12.941640786499875 9.2
    endloop
  endfacet
  facet normal 0 0 -1
    outer loop
      vertex 10.258359213500126 8.717464360891633 9.2
      vertex 9.589315394498065 12.941640786499875 9.2
      vertex 10.258359213500126 13.282535639108367 9.2
    endloop
  endfacet
  facet normal 0 0 -1
    outer loop
      vertex 11 8.6 9.2
      vertex 10.258359213500126 13.282535639108367 9.2
      vertex 11 13.4 9.2
    endloop
  endfacet
  facet normal 0 0 1
    outer loop
      vertex 3.469504831500295 4.70840258716215 12.6
      vertex 4.70840258716215 3.469504831500295 12.6
      vertex 16 16 12.6
    endloop
  endfacet
  facet normal 0 0 1
    outer loop
      vertex 2.674083508747141 6.269504831500295 12.6
      vertex 3.469504831500295 4.70840258716215 12.6
      vertex 16 16 12.6
    endloop
  endfacet
  facet normal 0 0 1
    outer loop
      vertex 4.70840258716215 3.469504831500295 12.6
      vertex 6.269504831500295 2.674083508747141 12.6
      vertex 16 16 12.6
    endloop
  endfacet
  facet normal 0 0 1
    outer loop
      vertex 6.269504831500295 2.674083508747141 12.6
      vertex 8 2.4000000000000004 12.6
      vertex 16 16 12.6
    endloop
  endfacet
  facet normal 0 0 1
    outer loop
      vertex 2.674083508747141 6.269504831500295 12.6
      vertex 16 16 12.6
      vertex 2.4000000000000004 8 12.6
    endloop
  endfacet
  facet normal 1 0 0
    outer loop
      vertex 16 2.4000000000000004 2.6
      vertex 16 16 12.6
      vertex 16 2.4000000000000004 12.6
    endloop
  endfacet
  facet normal 0 0 -1
    outer loop
      vertex 11 8.6 9.2
      vertex 11 13.4 9.2
      vertex 11.741640786499874 8.717464360891633 9.2
    endloop
  endfacet
  facet normal 0 0 -1
    outer loop
      vertex 11.741640786499874 8.717464360891633 9.2
      vertex 11.741640786499874 13.282535639108367 9.2
      vertex 12.410684605501935 9.058359213500125 9.2
    endloop
  endfacet
  facet normal 0 0 -1
    outer loop
      vertex 12.410684605501935 9.058359213500125 9.2
      vertex 12.410684605501935 12.941640786499875 9.2
      vertex 12.941640786499875 9.589315394498065 9.2
    endloop
  endfacet
  facet normal 0 0 -1
    outer loop
      vertex 12.941640786499875 9.589315394498065 9.2
      vertex 12.941640786499875 12.410684605501935 9.2
      vertex 13.282535639108367 10.258359213500126 9.2
    endloop
  endfacet
  facet normal 0 0 -1
    outer loop
      vertex 13.282535639108367 10.258359213500126 9.2
      vertex 13.282535639108367 11.741640786499874 9.2
      vertex 13.4 11 9.2
    endloop
  endfacet
  facet normal 0 0 -1
    outer loop
      vertex 11.741640786499874 8.717464360891633 9.2
      vertex 11 13.4 9.2
      vertex 11.741640786499874 13.282535639108367 9.2
    endloop
  endfacet
  facet normal 0 0 -1
    outer loop
      vertex 12.410684605501935 9.058359213500125 9.2
      vertex 11.741640786499874 13.282535639108367 9.2
      vertex 12.410684605501935 12.941640786499875 9.2
    endloop
  endfacet
  facet normal 0 0 -1
    outer loop
      vertex 12.941640786499875 9.589315394498065 9.2
      vertex 12.410684605501935 12.941640786499875 9.2
      vertex 12.941640786499875 12.410684605501935 9.2
    endloop
  endfacet
  facet normal 0 0 -1
    outer loop
      vertex 13.282535639108367 10.258359213500126 9.2
      vertex 12.941640786499875 12.410684605501935 9.2
      vertex 13.282535639108367 11.741640786499874 9.2
    endloop
  endfacet
  facet normal 0 0 1
    outer loop
      vertex 8 2.4000000000000004 12.6
      vertex 16 2.4000000000000004 12.6
      vertex 16 16 12.6
    endloop
  endfacet
  facet normal 0 0 -1
    outer loop
      vertex 2.4000000000000004 16 2.6
      vertex 9.058359213500125 12.410684605501935 2.6
      vertex 8.717464360891633 11.741640786499874 2.6
    endloop
  endfacet
  facet normal 0 0 -1
    outer loop
      vertex 2.4000000000000004 16 2.6
      vertex 9.589315394498065 12.941640786499875 2.6
      vertex 9.058359213500125 12.410684605501935 2.6
    endloop
  endfacet
  facet normal 0 0 -1
    outer loop
      vertex 2.4000000000000004 16 2.6
      vertex 10.258359213500126 13.282535639108367 2.6
      vertex 9.589315394498065 12.941640786499875 2.6
    endloop
  endfacet
  facet normal 0 0 -1
    outer loop
      vertex 2.4000000000000004 16 2.6
      vertex 11 13.4 2.6
      vertex 10.258359213500126 13.282535639108367 2.6
    endloop
  endfacet
  facet normal 0 0 -1
    outer loop
      vertex 2.4000000000000004 16 2.6
      vertex 16 16 2.6
      vertex 11 13.4 2.6
    endloop
  endfacet
  facet normal 0.453990499739545 -0.8910065241883688 0
    outer loop
      vertex 10.258359213500126 13.282535639108367 9.2
      vertex 9.589315394498065 12.941640786499875 2.6
      vertex 10.258359213500126 13.282535639108367 2.6
    endloop
  endfacet
  facet normal 0.156434465040233 -0.9876883405951374 0
    outer loop
      vertex 11 13.4 9.2
      vertex 10.258359213500126 13.282535639108367 2.6
      vertex 11 13.4 2.6
    endloop
  endfacet
  facet normal 0 1 0
    outer loop
      vertex 2.4000000000000004 16 2.6
      vertex 2.4000000000000004 16 12.6
      vertex 16 16 2.6
    endloop
  endfacet
  facet normal 0.453990499739545 -0.8910065241883688 0
    outer loop
      vertex 9.589315394498065 12.941640786499875 9.2
      vertex 9.589315394498065 12.941640786499875 2.6
      vertex 10.258359213500126 13.282535639108367 9.2
    endloop
  endfacet
  facet normal 0.156434465040233 -0.9876883405951374 0
    outer loop
      vertex 10.258359213500126 13.282535639108367 9.2
      vertex 10.258359213500126 13.282535639108367 2.6
      vertex 11 13.4 9.2
    endloop
  endfacet
  facet normal 0 0 -1
    outer loop
      vertex 16 16 2.6
      vertex 11.741640786499874 13.282535639108367 2.6
      vertex 11 13.4 2.6
    endloop
  endfacet
  facet normal 0 0 -1
    outer loop
      vertex 16 16 2.6
      vertex 12.410684605501935 12.941640786499875 2.6
      vertex 11.741640786499874 13.282535639108367 2.6
    endloop
  endfacet
  facet normal 0 0 -1
    outer loop
      vertex 16 16 2.6
      vertex 13.282535639108367 11.741640786499874 2.6
      vertex 12.941640786499875 12.410684605501935 2.6
    endloop
  endfacet
  facet normal 0 0 -1
    outer loop
      vertex 16 16 2.6
      vertex 12.941640786499875 12.410684605501935 2.6
      vertex 12.410684605501935 12.941640786499875 2.6
    endloop
  endfacet
  facet normal -0.156434465040233 -0.9876883405951374 0
    outer loop
      vertex 11.741640786499874 13.282535639108367 9.2
      vertex 11 13.4 2.6
      vertex 11.741640786499874 13.282535639108367 2.6
    endloop
  endfacet
  facet normal -0.453990499739545 -0.8910065241883688 0
    outer loop
      vertex 12.410684605501935 12.941640786499875 9.2
      vertex 11.741640786499874 13.282535639108367 2.6
      vertex 12.410684605501935 12.941640786499875 2.6
    endloop
  endfacet
  facet normal -0.156434465040233 -0.9876883405951374 0
    outer loop
      vertex 11 13.4 9.2
      vertex 11 13.4 2.6
      vertex 11.741640786499874 13.282535639108367 9.2
    endloop
  endfacet
  facet normal -0.453990499739545 -0.8910065241883688 1.297804876719319e-18
    outer loop
      vertex 12.410684605501935 12.941640786499875 9.2
      vertex 11.741640786499874 13.282535639108367 9.2
      vertex 11.741640786499874 13.282535639108367 2.6
    endloop
  endfacet
  facet normal 0 0 1
    outer loop
      vertex 2.4000000000000004 8 12.6
      vertex 16 16 12.6
      vertex 2.4000000000000004 16 12.6
    endloop
  endfacet
  facet normal 0 1 0
    outer loop
      vertex 16 16 2.6
      vertex 2.4000000000000004 16 12.6
      vertex 16 16 12.6
    endloop
  endfacet
  facet normal 0.45399049973954664 0.891006524188368 0
    outer loop
      vertex 4.70840258716215 3.469504831500295 12.6
      vertex 4.70840258716215 3.469504831500295 25.4
      vertex 6.269504831500295 2.674083508747141 12.6
    endloop
  endfacet
  facet normal -0.7071067811865475 -0.7071067811865475 0
    outer loop
      vertex 3.297717981660215 1.5278640450004204 0
      vertex 3.297717981660215 1.5278640450004204 28
      vertex 1.5278640450004204 3.297717981660215 28
    endloop
  endfacet
  facet normal -0.4539904997395467 -0.8910065241883678 -6.914577542491212e-19
    outer loop
      vertex 4.3012837101633075 1.0165217660876786 12.6
      vertex 5.52786404500042 0.39154786963877175 12.6
      vertex 5.52786404500042 0.39154786963877175 28
    endloop
  endfacet
  facet normal 0.7071067811865475 0.7071067811865475 0
    outer loop
      vertex 3.469504831500295 4.70840258716215 12.6
      vertex 3.469504831500295 4.70840258716215 25.4
      vertex 4.70840258716215 3.469504831500295 12.6
    endloop
  endfacet
  facet normal 0.891006524188368 0.45399049973954664 0
    outer loop
      vertex 2.674083508747141 6.269504831500295 12.6
      vertex 2.674083508747141 6.269504831500295 25.4
      vertex 3.469504831500295 4.70840258716215 12.6
    endloop
  endfacet
  facet normal -0.8910065241883679 -0.4539904997395466 0
    outer loop
      vertex 1.5278640450004204 3.297717981660215 0
      vertex 1.5278640450004204 3.297717981660215 28
      vertex 0.39154786963877175 5.52786404500042 28
    endloop
  endfacet
  facet normal -0.9876883405951377 -0.15643446504023098 0
    outer loop
      vertex 0.39154786963877175 5.52786404500042 0
      vertex 0.39154786963877175 5.52786404500042 28
      vertex 0 8 28
    endloop
  endfacet
  facet normal 0.15643446504023117 0.9876883405951378 0
    outer loop
      vertex 6.269504831500295 2.674083508747141 12.6
      vertex 6.269504831500295 2.674083508747141 25.4
      vertex 8 2.4000000000000004 12.6
    endloop
  endfacet
  facet normal 0 1 0
    outer loop
      vertex 8 2.4000000000000004 12.6
      vertex 8 2.4000000000000004 25.4
      vertex 16 2.4000000000000004 12.6
    endloop
  endfacet
  facet normal -0.15643446504023098 -0.9876883405951377 0
    outer loop
      vertex 8 0 0
      vertex 8 0 28
      vertex 5.52786404500042 0.39154786963877175 28
    endloop
  endfacet
  facet normal -0.45399049973954664 -0.8910065241883679 -1.0277316067671989e-17
    outer loop
      vertex 4.3012837101633075 1.0165217660876786 12.6
      vertex 5.52786404500042 0.39154786963877175 28
      vertex 3.297717981660215 1.5278640450004204 28
    endloop
  endfacet
  facet normal 0.7071067811865475 0.7071067811865475 0
    outer loop
      vertex 4.70840258716215 3.469504831500295 12.6
      vertex 3.469504831500295 4.70840258716215 25.4
      vertex 4.70840258716215 3.469504831500295 25.4
    endloop
  endfacet
  facet normal 0.891006524188368 0.45399049973954664 0
    outer loop
      vertex 3.469504831500295 4.70840258716215 12.6
      vertex 2.674083508747141 6.269504831500295 25.4
      vertex 3.469504831500295 4.70840258716215 25.4
    endloop
  endfacet
  facet normal 0.45399049973954664 0.891006524188368 0
    outer loop
      vertex 6.269504831500295 2.674083508747141 12.6
      vertex 4.70840258716215 3.469504831500295 25.4
      vertex 6.269504831500295 2.674083508747141 25.4
    endloop
  endfacet
  facet normal 0.15643446504023117 0.9876883405951378 0
    outer loop
      vertex 8 2.4000000000000004 12.6
      vertex 6.269504831500295 2.674083508747141 25.4
      vertex 8 2.4000000000000004 25.4
    endloop
  endfacet
  facet normal 0.9876883405951378 0.15643446504023117 -7.342539261941346e-20
    outer loop
      vertex 2.674083508747141 6.269504831500295 12.6
      vertex 2.4000000000000004 8 12.6
      vertex 2.4000000000000004 8 25.4
    endloop
  endfacet
  facet normal 1 0 0
    outer loop
      vertex 2.4000000000000004 8 12.6
      vertex 2.4000000000000004 16 12.6
      vertex 2.4000000000000004 8 25.4
    endloop
  endfacet
  facet normal 0.9876883405951378 0.15643446504023117 0
    outer loop
      vertex 2.674083508747141 6.269504831500295 12.6
      vertex 2.4000000000000004 8 25.4
      vertex 2.674083508747141 6.269504831500295 25.4
    endloop
  endfacet
  facet normal 0.1806126392645496 0.3544722632476173 -0.9174576225232451
    outer loop
      vertex 4.70840258716215 3.469504831500295 25.4
      vertex 5.38435562729849 10.23463483185335 28.146869766100362
      vertex 6.269504831500295 2.674083508747141 25.4
    endloop
  endfacet
  facet normal 0.3390519798317717 0.3390519798317717 -0.877546300741056
    outer loop
      vertex 3.469504831500295 4.70840258716215 25.4
      vertex 4.399874375031487 11.23776639642499 28.282169704488602
      vertex 4.70840258716215 3.469504831500295 25.4
    endloop
  endfacet
  facet normal 0.05698886983594101 0.3598135632462907 -0.9312821636962827
    outer loop
      vertex 6.269504831500295 2.674083508747141 25.4
      vertex 6.624874375031482 9.579144799323169 28.08961106923232
      vertex 8 2.4000000000000004 25.4
    endloop
  endfacet
  facet normal -0.8910065241883682 -0.4234814911949133 -0.16361784887076208
    outer loop
      vertex 4.399874375031487 12.359734209612338 25.37825301153311
      vertex 3.7677985024865706 12.477018813675368 28.51676064221571
      vertex 3.7677985024865706 13.516887783192837 25.825335074052852
    endloop
  endfacet
  facet normal -0.7071067811865499 -0.6595878863163557 -0.2548407742585924
    outer loop
      vertex 5.38435562729849 11.441411934140385 25.02344667782804
      vertex 4.70840258716215 10.909897854252273 28.27469730424508
      vertex 4.399874375031487 12.359734209612338 25.37825301153311
    endloop
  endfacet
  facet normal -1.7259114862082162e-15 0.3603992792021626 -0.9327981344055967
    outer loop
      vertex 6.624874375031482 10.851812739427698 24.795646988961774
      vertex 8 12.560886878163368 25.455971088018735
      vertex 8 10.648650702631896 24.717152565654303
    endloop
  endfacet
  facet normal -8.979225787127032e-16 0.3603992792021622 -0.9327981344055969
    outer loop
      vertex 5.38435562729849 11.441411934140385 25.02344667782804
      vertex 7.258359213500128 12.670457414862229 25.498305159016024
      vertex 6.624874375031482 10.851812739427698 24.795646988961774
    endloop
  endfacet
  facet normal 1.7448471815914857e-15 0.36039927920216247 -0.9327981344055968
    outer loop
      vertex 8 10.648650702631896 24.717152565654303
      vertex 8.741640786499872 12.670457414862229 25.498305159016024
      vertex 9.375125624968518 10.851812739427698 24.795646988961774
    endloop
  endfacet
  facet normal -0.4539904997395451 -0.8311292235061255 -0.32111810908191235
    outer loop
      vertex 5.38435562729849 11.441411934140385 25.02344667782804
      vertex 6.624874375031482 10.851812739427698 24.795646988961774
      vertex 6.269504831500295 9.755357122246165 28.13594662339735
    endloop
  endfacet
  facet normal -0.15643446504023176 -0.9213138414813039 -0.3559621660268677
    outer loop
      vertex 6.624874375031482 10.851812739427698 24.795646988961774
      vertex 8 10.648650702631896 24.717152565654303
      vertex 6.624874375031482 9.579144799323169 28.08961106923232
    endloop
  endfacet
  facet normal -0.4539904997395449 -0.8311292235061256 -0.32111810908191246
    outer loop
      vertex 5.38435562729849 11.441411934140385 25.02344667782804
      vertex 6.269504831500295 9.755357122246165 28.13594662339735
      vertex 5.38435562729849 10.23463483185335 28.146869766100362
    endloop
  endfacet
  facet normal -0.453990499739545 -0.8311292235061256 -0.32111810908191235
    outer loop
      vertex 6.624874375031482 10.851812739427698 24.795646988961774
      vertex 6.624874375031482 9.579144799323169 28.08961106923232
      vertex 6.269504831500295 9.755357122246165 28.13594662339735
    endloop
  endfacet
  facet normal -0.15643446504023034 -0.9213138414813044 -0.35596216602686725
    outer loop
      vertex 8 10.648650702631896 24.717152565654303
      vertex 8 9.347693428945965 28.084336097547304
      vertex 6.624874375031482 9.579144799323169 28.08961106923232
    endloop
  endfacet
  facet normal -1.0697860666484982e-16 0.36039927920216286 -0.9327981344055967
    outer loop
      vertex 5.38435562729849 11.441411934140385 25.02344667782804
      vertex 6.058359213500125 13.483718432489901 25.812519643099446
      vertex 6.589315394498058 12.988443497403901 25.621163418179854
    endloop
  endfacet
  facet normal -2.6267553397402843e-15 0.36039927920216447 -0.932798134405596
    outer loop
      vertex 5.38435562729849 11.441411934140385 25.02344667782804
      vertex 6.589315394498058 12.988443497403901 25.621163418179854
      vertex 7.258359213500128 12.670457414862229 25.498305159016024
    endloop
  endfacet
  facet normal -1.41874209762918e-15 0.36039927920216236 -0.9327981344055968
    outer loop
      vertex 6.624874375031482 10.851812739427698 24.795646988961774
      vertex 7.258359213500128 12.670457414862229 25.498305159016024
      vertex 8 12.560886878163368 25.455971088018735
    endloop
  endfacet
  facet normal 1.4061519129091735e-15 0.3603992792021626 -0.9327981344055967
    outer loop
      vertex 8 10.648650702631896 24.717152565654303
      vertex 8 12.560886878163368 25.455971088018735
      vertex 8.741640786499872 12.670457414862229 25.498305159016024
    endloop
  endfacet
  facet normal 0.15643446504023398 0.9213138414813037 0.3559621660268672
    outer loop
      vertex 7.258359213500128 10.94054087469185 29.97573620416289
      vertex 8 12.560886878163368 25.455971088018735
      vertex 7.258359213500128 12.670457414862229 25.498305159016024
    endloop
  endfacet
  facet normal -0.15643446504023384 0.9213138414813037 0.3559621660268672
    outer loop
      vertex 8 10.830970337992989 29.9334021331656
      vertex 8.741640786499872 12.670457414862229 25.498305159016024
      vertex 8 12.560886878163368 25.455971088018735
    endloop
  endfacet
  facet normal 0.4539904997395409 0.8311292235061276 0.3211181090819128
    outer loop
      vertex 7.258359213500128 10.94054087469185 29.97573620416289
      vertex 7.258359213500128 12.670457414862229 25.498305159016024
      vertex 6.589315394498058 12.988443497403901 25.621163418179854
    endloop
  endfacet
  facet normal 0.15643446504023176 -0.9213138414813041 -0.35596216602686714
    outer loop
      vertex 8 10.648650702631896 24.717152565654303
      vertex 9.375125624968518 10.851812739427698 24.795646988961774
      vertex 8 9.347693428945965 28.084336097547304
    endloop
  endfacet
  facet normal 0.45399049973954503 -0.8311292235061256 -0.3211181090819122
    outer loop
      vertex 9.375125624968518 10.851812739427698 24.795646988961774
      vertex 10.61564437270151 11.441411934140385 25.02344667782804
      vertex 9.375125624968518 9.550855465741767 28.162830520854772
    endloop
  endfacet
  facet normal 0.1564344650402309 -0.9213138414813041 -0.35596216602686753
    outer loop
      vertex 9.375125624968518 10.851812739427698 24.795646988961774
      vertex 9.375125624968518 9.550855465741767 28.162830520854772
      vertex 8 9.347693428945965 28.084336097547304
    endloop
  endfacet
  facet normal 0.7071067811865499 -0.6595878863163558 -0.25484077425859203
    outer loop
      vertex 10.61564437270151 11.441411934140385 25.02344667782804
      vertex 11.600125624968513 12.359734209612338 25.37825301153311
      vertex 10.61564437270151 10.140454660454454 28.39063020972104
    endloop
  endfacet
  facet normal 3.5247383075967866e-15 0.36039927920216297 -0.9327981344055964
    outer loop
      vertex 9.375125624968518 10.851812739427698 24.795646988961774
      vertex 8.741640786499872 12.670457414862229 25.498305159016024
      vertex 9.410684605501942 12.988443497403901 25.621163418179854
    endloop
  endfacet
  facet normal 1.43200800489708e-17 0.360399279202163 -0.9327981344055966
    outer loop
      vertex 9.375125624968518 10.851812739427698 24.795646988961774
      vertex 9.410684605501942 12.988443497403901 25.621163418179854
      vertex 9.941640786499875 13.483718432489901 25.812519643099446
    endloop
  endfacet
  facet normal 4.909119421696585e-16 0.3603992792021629 -0.9327981344055966
    outer loop
      vertex 9.375125624968518 10.851812739427698 24.795646988961774
      vertex 9.941640786499875 13.483718432489901 25.812519643099446
      vertex 10.61564437270151 11.441411934140385 25.02344667782804
    endloop
  endfacet
  facet normal -0.4539904997395407 0.8311292235061277 0.32111810908191285
    outer loop
      vertex 8.741640786499872 10.94054087469185 29.97573620416289
      vertex 9.410684605501942 12.988443497403901 25.621163418179854
      vertex 8.741640786499872 12.670457414862229 25.498305159016024
    endloop
  endfacet
  facet normal 0.33905197983177277 0.3390519798317714 -0.8775463007410557
    outer loop
      vertex 3.469504831500295 4.70840258716215 25.4
      vertex 3.7677985024865706 12.477018813675368 28.51676064221571
      vertex 4.399874375031487 11.23776639642499 28.282169704488602
    endloop
  endfacet
  facet normal 0.3390519798317677 0.339051979831772 -0.8775463007410572
    outer loop
      vertex 4.70840258716215 3.469504831500295 25.4
      vertex 4.399874375031487 11.23776639642499 28.282169704488602
      vertex 4.70840258716215 10.909897854252273 28.27469730424508
    endloop
  endfacet
  facet normal 0.18061263926454954 0.3544722632476174 -0.9174576225232453
    outer loop
      vertex 4.70840258716215 3.469504831500295 25.4
      vertex 4.70840258716215 10.909897854252273 28.27469730424508
      vertex 5.38435562729849 10.23463483185335 28.146869766100362
    endloop
  endfacet
  facet normal 0.33905197983177154 0.3390519798317716 -0.877546300741056
    outer loop
      vertex 3.469504831500295 4.70840258716215 25.4
      vertex 3.549999999999997 13.788022764800733 28.939135474644335
      vertex 3.7677985024865706 12.477018813675368 28.51676064221571
    endloop
  endfacet
  facet normal -0.7071067811865496 -0.6595878863163561 -0.25484077425859236
    outer loop
      vertex 5.38435562729849 11.441411934140385 25.02344667782804
      vertex 5.38435562729849 10.23463483185335 28.146869766100362
      vertex 4.70840258716215 10.909897854252273 28.27469730424508
    endloop
  endfacet
  facet normal -0.7071067811865527 -0.6595878863163533 -0.254840774258591
    outer loop
      vertex 4.399874375031487 12.359734209612338 25.37825301153311
      vertex 4.70840258716215 10.909897854252273 28.27469730424508
      vertex 4.399874375031487 11.23776639642499 28.282169704488602
    endloop
  endfacet
  facet normal -0.891006524188368 -0.42348149119491363 -0.163617848870762
    outer loop
      vertex 4.399874375031487 12.359734209612338 25.37825301153311
      vertex 4.399874375031487 11.23776639642499 28.282169704488602
      vertex 3.7677985024865706 12.477018813675368 28.51676064221571
    endloop
  endfacet
  facet normal 0.18061263926454968 0.3544722632476174 -0.9174576225232451
    outer loop
      vertex 6.269504831500295 2.674083508747141 25.4
      vertex 5.38435562729849 10.23463483185335 28.146869766100362
      vertex 6.269504831500295 9.755357122246165 28.13594662339735
    endloop
  endfacet
  facet normal 0.05698886983593564 0.35981356324629105 -0.9312821636962828
    outer loop
      vertex 6.269504831500295 2.674083508747141 25.4
      vertex 6.269504831500295 9.755357122246165 28.13594662339735
      vertex 6.624874375031482 9.579144799323169 28.08961106923232
    endloop
  endfacet
  facet normal 0.05698886983594338 0.359813563246291 -0.9312821636962823
    outer loop
      vertex 8 2.4000000000000004 25.4
      vertex 6.624874375031482 9.579144799323169 28.08961106923232
      vertex 8 9.347693428945965 28.084336097547304
    endloop
  endfacet
  facet normal -7.948016519119129e-16 0.36039927920216247 -0.9327981344055967
    outer loop
      vertex 8 2.4000000000000004 25.4
      vertex 8 9.347693428945965 28.084336097547304
      vertex 9.375125624968518 9.550855465741767 28.162830520854772
    endloop
  endfacet
  facet normal 1.036592428625298e-15 0.3603992792021623 -0.9327981344055969
    outer loop
      vertex 8 2.4000000000000004 25.4
      vertex 9.375125624968518 9.550855465741767 28.162830520854772
      vertex 10.61564437270151 10.140454660454454 28.39063020972104
    endloop
  endfacet
  facet normal 0.7071067811865532 0.6595878863163528 0.2548407742585909
    outer loop
      vertex 6.058359213500125 11.753801892319522 30.289950688246307
      vertex 6.589315394498058 12.988443497403901 25.621163418179854
      vertex 6.058359213500125 13.483718432489901 25.812519643099446
    endloop
  endfacet
  facet normal 0.4539904997395394 0.8311292235061283 0.3211181090819133
    outer loop
      vertex 6.589315394498058 11.258526957233522 30.098594463326716
      vertex 7.258359213500128 10.94054087469185 29.97573620416289
      vertex 6.589315394498058 12.988443497403901 25.621163418179854
    endloop
  endfacet
  facet normal 0.7071067811865532 0.6595878863163527 0.25484077425859086
    outer loop
      vertex 6.589315394498058 11.258526957233522 30.098594463326716
      vertex 6.589315394498058 12.988443497403901 25.621163418179854
      vertex 6.058359213500125 11.753801892319522 30.289950688246307
    endloop
  endfacet
  facet normal 0.8910065241883648 0.4234814911949195 0.16361784887076442
    outer loop
      vertex 6.058359213500125 11.753801892319522 30.289950688246307
      vertex 6.058359213500125 13.483718432489901 25.812519643099446
      vertex 5.717464360891626 12.37788471852024 30.53107359836931
    endloop
  endfacet
  facet normal 0.15643446504023398 0.9213138414813037 0.3559621660268672
    outer loop
      vertex 7.258359213500128 10.94054087469185 29.97573620416289
      vertex 8 10.830970337992989 29.9334021331656
      vertex 8 12.560886878163368 25.455971088018735
    endloop
  endfacet
  facet normal 0.45399049973954514 -0.8311292235061256 -0.3211181090819122
    outer loop
      vertex 10.61564437270151 11.441411934140385 25.02344667782804
      vertex 10.61564437270151 10.140454660454454 28.39063020972104
      vertex 9.375125624968518 9.550855465741767 28.162830520854772
    endloop
  endfacet
  facet normal -0.7071067811865531 0.6595878863163528 0.254840774258591
    outer loop
      vertex 9.410684605501942 11.258526957233522 30.098594463326716
      vertex 9.941640786499875 13.483718432489901 25.812519643099446
      vertex 9.410684605501942 12.988443497403901 25.621163418179854
    endloop
  endfacet
  facet normal -0.15643446504023398 0.9213138414813037 0.3559621660268672
    outer loop
      vertex 8 10.830970337992989 29.9334021331656
      vertex 8.741640786499872 10.94054087469185 29.97573620416289
      vertex 8.741640786499872 12.670457414862229 25.498305159016024
    endloop
  endfacet
  facet normal -0.4539904997395394 0.8311292235061283 0.3211181090819133
    outer loop
      vertex 8.741640786499872 10.94054087469185 29.97573620416289
      vertex 9.410684605501942 11.258526957233522 30.098594463326716
      vertex 9.410684605501942 12.988443497403901 25.621163418179854
    endloop
  endfacet
  facet normal -0.7071067811865532 0.6595878863163528 0.254840774258591
    outer loop
      vertex 9.410684605501942 11.258526957233522 30.098594463326716
      vertex 9.941640786499875 11.753801892319522 30.289950688246307
      vertex 9.941640786499875 13.483718432489901 25.812519643099446
    endloop
  endfacet
  facet normal -0.8910065241883648 0.42348149119491946 0.16361784887076442
    outer loop
      vertex 9.941640786499875 11.753801892319522 30.289950688246307
      vertex 10.282535639108374 12.37788471852024 30.53107359836931
      vertex 10.282535639108374 14.10780125869062 26.05364255322245
    endloop
  endfacet
  facet normal 2.933047843883271e-15 0.36039927920216214 -0.9327981344055968
    outer loop
      vertex 6.058359213500125 11.753801892319522 30.289950688246307
      vertex 5.717464360891626 12.37788471852024 30.53107359836931
      vertex 5.717464360891626 13.761487002612604 31.06564720813227
    endloop
  endfacet
  facet normal -3.765707318633378e-16 0.3603992792021626 -0.9327981344055967
    outer loop
      vertex 6.589315394498058 11.258526957233522 30.098594463326716
      vertex 6.058359213500125 11.753801892319522 30.289950688246307
      vertex 6.058359213500125 14.385569828813322 31.306770118255276
    endloop
  endfacet
  facet normal 1.3797705756538466e-15 0.36039927920216286 -0.9327981344055966
    outer loop
      vertex 6.589315394498058 11.258526957233522 30.098594463326716
      vertex 6.589315394498058 14.88084476389932 31.498126343174867
      vertex 7.258359213500128 10.94054087469185 29.97573620416289
    endloop
  endfacet
  facet normal -1.4070910954073273e-15 0.36039927920216247 -0.9327981344055968
    outer loop
      vertex 7.258359213500128 10.94054087469185 29.97573620416289
      vertex 7.258359213500128 15.198830846440993 31.620984602338694
      vertex 8 10.830970337992989 29.9334021331656
    endloop
  endfacet
  facet normal 1.4478306005267384e-15 0.36039927920216225 -0.9327981344055968
    outer loop
      vertex 8 10.830970337992989 29.9334021331656
      vertex 8 15.308401383139854 31.66331867333598
      vertex 8.741640786499872 10.94054087469185 29.97573620416289
    endloop
  endfacet
  facet normal -1.1653324446382068e-15 0.3603992792021625 -0.9327981344055968
    outer loop
      vertex 8.741640786499872 10.94054087469185 29.97573620416289
      vertex 8.741640786499872 15.198830846440993 31.620984602338694
      vertex 9.410684605501942 11.258526957233522 30.098594463326716
    endloop
  endfacet
  facet normal 1.151591969100964e-16 0.3603992792021629 -0.9327981344055968
    outer loop
      vertex 9.410684605501942 11.258526957233522 30.098594463326716
      vertex 9.410684605501942 14.88084476389932 31.498126343174867
      vertex 9.941640786499875 11.753801892319522 30.289950688246307
    endloop
  endfacet
  facet normal -3.8567426935754804e-15 0.3603992792021626 -0.9327981344055967
    outer loop
      vertex 9.941640786499875 11.753801892319522 30.289950688246307
      vertex 9.941640786499875 14.385569828813322 31.306770118255276
      vertex 10.282535639108374 12.37788471852024 30.53107359836931
    endloop
  endfacet
  facet normal 0.891006524188368 -0.42348149119491313 -0.16361784887076214
    outer loop
      vertex 11.600125624968513 12.359734209612338 25.37825301153311
      vertex 12.23220149751343 13.516887783192837 25.825335074052852
      vertex 11.600125624968513 11.058776935926405 28.74543654342611
    endloop
  endfacet
  facet normal 0.7071067811865493 -0.6595878863163562 -0.25484077425859253
    outer loop
      vertex 10.61564437270151 10.140454660454454 28.39063020972104
      vertex 11.600125624968513 12.359734209612338 25.37825301153311
      vertex 11.600125624968513 11.058776935926405 28.74543654342611
    endloop
  endfacet
  facet normal 0.8910065241883683 -0.42348149119491274 -0.16361784887076178
    outer loop
      vertex 11.600125624968513 11.058776935926405 28.74543654342611
      vertex 12.23220149751343 13.516887783192837 25.825335074052852
      vertex 12.23220149751343 12.215930509506906 29.19251860594585
    endloop
  endfacet
  facet normal -2.8278414143977066e-15 0.36039927920216247 -0.9327981344055968
    outer loop
      vertex 4.399874375031487 12.359734209612338 25.37825301153311
      vertex 3.7677985024865706 13.516887783192837 25.825335074052852
      vertex 4.399874375031487 17.239470591861263 27.26360570467474
    endloop
  endfacet
  facet normal 1.739196166961145e-15 0.36039927920216225 -0.9327981344055968
    outer loop
      vertex 5.38435562729849 11.441411934140385 25.02344667782804
      vertex 4.399874375031487 12.359734209612338 25.37825301153311
      vertex 5.38435562729849 18.157792867333217 27.618412038379816
    endloop
  endfacet
  facet normal -0.987688340595137 -0.1459217771462694 -0.05637886844287682
    outer loop
      vertex 3.7677985024865706 13.516887783192837 25.825335074052852
      vertex 3.549999999999997 13.788022764800733 28.939135474644335
      vertex 3.549999999999997 14.7996024007368 26.320929358103925
    endloop
  endfacet
  facet normal 1.3880448962375492e-14 0.3603992792021621 -0.932798134405597
    outer loop
      vertex 3.7677985024865706 13.516887783192837 25.825335074052852
      vertex 3.549999999999997 14.7996024007368 26.320929358103925
      vertex 3.7677985024865706 16.082317018280765 26.816523642155005
    endloop
  endfacet
  facet normal -8.058214390538275e-16 0.3603992792021621 -0.9327981344055969
    outer loop
      vertex 3.7677985024865706 13.516887783192837 25.825335074052852
      vertex 3.7677985024865706 16.082317018280765 26.816523642155005
      vertex 4.399874375031487 17.239470591861263 27.26360570467474
    endloop
  endfacet
  facet normal 1.5471106251207276e-15 0.3603992792021623 -0.9327981344055969
    outer loop
      vertex 5.38435562729849 11.441411934140385 25.02344667782804
      vertex 5.38435562729849 18.157792867333217 27.618412038379816
      vertex 5.599999999999994 14.7996024007368 26.32092935810393
    endloop
  endfacet
  facet normal 6.513689237912014e-16 0.3603992792021624 -0.9327981344055967
    outer loop
      vertex 4.399874375031487 12.359734209612338 25.37825301153311
      vertex 4.399874375031487 17.239470591861263 27.26360570467474
      vertex 5.38435562729849 18.157792867333217 27.618412038379816
    endloop
  endfacet
  facet normal 2.7675293691426734e-15 0.360399279202162 -0.9327981344055969
    outer loop
      vertex 5.38435562729849 11.441411934140385 25.02344667782804
      vertex 5.717464360891626 14.10780125869062 26.05364255322245
      vertex 6.058359213500125 13.483718432489901 25.812519643099446
    endloop
  endfacet
  facet normal -1.0442428478679076e-15 0.36039927920216236 -0.9327981344055968
    outer loop
      vertex 5.38435562729849 11.441411934140385 25.02344667782804
      vertex 5.599999999999994 14.7996024007368 26.32092935810393
      vertex 5.717464360891626 14.10780125869062 26.05364255322245
    endloop
  endfacet
  facet normal -2.3038234465933624e-15 0.3603992792021621 -0.9327981344055969
    outer loop
      vertex 5.38435562729849 18.157792867333217 27.618412038379816
      vertex 5.717464360891626 15.491403542782983 26.588216162985407
      vertex 5.599999999999994 14.7996024007368 26.32092935810393
    endloop
  endfacet
  facet normal -2.4896875544958154e-15 0.3603992792021621 -0.9327981344055969
    outer loop
      vertex 10.61564437270151 11.441411934140385 25.02344667782804
      vertex 9.941640786499875 13.483718432489901 25.812519643099446
      vertex 10.282535639108374 14.10780125869062 26.05364255322245
    endloop
  endfacet
  facet normal 7.440569004702864e-16 0.3603992792021624 -0.9327981344055968
    outer loop
      vertex 10.61564437270151 11.441411934140385 25.02344667782804
      vertex 10.282535639108374 14.10780125869062 26.05364255322245
      vertex 10.400000000000006 14.7996024007368 26.32092935810393
    endloop
  endfacet
  facet normal -1.081320962454761e-15 0.3603992792021623 -0.9327981344055969
    outer loop
      vertex 10.61564437270151 11.441411934140385 25.02344667782804
      vertex 10.400000000000006 14.7996024007368 26.32092935810393
      vertex 10.61564437270151 18.157792867333217 27.618412038379816
    endloop
  endfacet
  facet normal -1.034223373689199e-15 0.36039927920216225 -0.9327981344055968
    outer loop
      vertex 10.61564437270151 11.441411934140385 25.02344667782804
      vertex 10.61564437270151 18.157792867333217 27.618412038379816
      vertex 11.600125624968513 17.239470591861263 27.26360570467474
    endloop
  endfacet
  facet normal 2.0956709143727414e-15 0.3603992792021621 -0.9327981344055969
    outer loop
      vertex 10.61564437270151 18.157792867333217 27.618412038379816
      vertex 10.400000000000006 14.7996024007368 26.32092935810393
      vertex 10.282535639108374 15.491403542782983 26.588216162985407
    endloop
  endfacet
  facet normal -4.0181137022583355e-15 0.36039927920216186 -0.9327981344055969
    outer loop
      vertex 5.38435562729849 18.157792867333217 27.618412038379816
      vertex 6.058359213500125 16.115486368983703 26.82933907310841
      vertex 5.717464360891626 15.491403542782983 26.588216162985407
    endloop
  endfacet
  facet normal 4.251156108744368e-15 0.3603992792021618 -0.9327981344055969
    outer loop
      vertex 10.61564437270151 18.157792867333217 27.618412038379816
      vertex 10.282535639108374 15.491403542782983 26.588216162985407
      vertex 9.941640786499875 16.115486368983703 26.82933907310841
    endloop
  endfacet
  facet normal -0.9876883405951371 -0.14592177714626933 -0.05637886844287683
    outer loop
      vertex 3.7677985024865706 12.477018813675368 28.51676064221571
      vertex 3.549999999999997 13.788022764800733 28.939135474644335
      vertex 3.7677985024865706 13.516887783192837 25.825335074052852
    endloop
  endfacet
  facet normal -0.987688340595137 0.14592177714626917 0.056378868442876734
    outer loop
      vertex 3.549999999999997 14.7996024007368 26.320929358103925
      vertex 3.549999999999997 13.788022764800733 28.939135474644335
      vertex 3.7677985024865706 15.042448048763294 29.507949210317864
    endloop
  endfacet
  facet normal -0.987688340595137 0.1459217771462689 0.05637886844287675
    outer loop
      vertex 3.549999999999997 14.7996024007368 26.320929358103925
      vertex 3.7677985024865706 15.042448048763294 29.507949210317864
      vertex 3.7677985024865706 16.082317018280765 26.816523642155005
    endloop
  endfacet
  facet normal -0.8910065241883679 0.4234814911949136 0.16361784887076247
    outer loop
      vertex 3.7677985024865706 16.082317018280765 26.816523642155005
      vertex 3.7677985024865706 15.042448048763294 29.507949210317864
      vertex 4.399874375031487 16.117502778673913 30.167522397630233
    endloop
  endfacet
  facet normal 0.3390519798317544 0.33905197983177393 -0.8775463007410617
    outer loop
      vertex 3.469504831500295 4.70840258716215 25.4
      vertex 3.5400000000000063 28.452908314061208 34.60125034594952
      vertex 3.549999999999997 13.788022764800733 28.939135474644335
    endloop
  endfacet
  facet normal -0.8910065241883678 0.423481491194914 0.16361784887076242
    outer loop
      vertex 3.7677985024865706 16.082317018280765 26.816523642155005
      vertex 4.399874375031487 16.117502778673913 30.167522397630233
      vertex 4.399874375031487 17.239470591861263 27.26360570467474
    endloop
  endfacet
  facet normal -0.707106781186551 0.6595878863163548 0.25484077425859186
    outer loop
      vertex 4.399874375031487 17.239470591861263 27.26360570467474
      vertex 5.38435562729849 16.951015765046183 30.741835126652138
      vertex 5.38435562729849 18.157792867333217 27.618412038379816
    endloop
  endfacet
  facet normal -0.7071067811865502 0.6595878863163555 0.2548407742585922
    outer loop
      vertex 4.399874375031487 16.117502778673913 30.167522397630233
      vertex 4.70840258716215 16.365223317875156 30.38243668791756
      vertex 4.399874375031487 17.239470591861263 27.26360570467474
    endloop
  endfacet
  facet normal -0.7071067811865516 0.6595878863163541 0.2548407742585919
    outer loop
      vertex 4.399874375031487 17.239470591861263 27.26360570467474
      vertex 4.70840258716215 16.365223317875156 30.38243668791756
      vertex 5.38435562729849 16.951015765046183 30.741835126652138
    endloop
  endfacet
  facet normal 0.8910065241883648 0.4234814911949195 0.16361784887076442
    outer loop
      vertex 5.717464360891626 12.37788471852024 30.53107359836931
      vertex 6.058359213500125 13.483718432489901 25.812519643099446
      vertex 5.717464360891626 14.10780125869062 26.05364255322245
    endloop
  endfacet
  facet normal 0.9876883405951377 0.1459217771462649 0.05637886844287508
    outer loop
      vertex 5.599999999999994 13.069685860566421 30.79836040325079
      vertex 5.717464360891626 14.10780125869062 26.05364255322245
      vertex 5.599999999999994 14.7996024007368 26.32092935810393
    endloop
  endfacet
  facet normal 0.9876883405951379 -0.1459217771462646 -0.056378868442874965
    outer loop
      vertex 5.717464360891626 13.761487002612604 31.06564720813227
      vertex 5.599999999999994 14.7996024007368 26.32092935810393
      vertex 5.717464360891626 15.491403542782983 26.588216162985407
    endloop
  endfacet
  facet normal 0.8910065241883652 -0.4234814911949187 -0.1636178488707641
    outer loop
      vertex 6.058359213500125 14.385569828813322 31.306770118255276
      vertex 5.717464360891626 15.491403542782983 26.588216162985407
      vertex 6.058359213500125 16.115486368983703 26.82933907310841
    endloop
  endfacet
  facet normal 0.7071067811865511 -0.6595878863163547 -0.25484077425859153
    outer loop
      vertex 6.589315394498058 14.88084476389932 31.498126343174867
      vertex 6.058359213500125 16.115486368983703 26.82933907310841
      vertex 6.589315394498058 16.6107613040697 27.020695298028
    endloop
  endfacet
  facet normal 0.4539904997395373 -0.8311292235061294 -0.3211181090819132
    outer loop
      vertex 7.258359213500128 15.198830846440993 31.620984602338694
      vertex 6.589315394498058 16.6107613040697 27.020695298028
      vertex 7.258359213500128 16.92874738661137 27.14355355719183
    endloop
  endfacet
  facet normal -0.8910065241883647 0.4234814911949195 0.16361784887076442
    outer loop
      vertex 9.941640786499875 11.753801892319522 30.289950688246307
      vertex 10.282535639108374 14.10780125869062 26.05364255322245
      vertex 9.941640786499875 13.483718432489901 25.812519643099446
    endloop
  endfacet
  facet normal -0.9876883405951377 0.14592177714626486 0.056378868442875076
    outer loop
      vertex 10.282535639108374 12.37788471852024 30.53107359836931
      vertex 10.400000000000006 14.7996024007368 26.32092935810393
      vertex 10.282535639108374 14.10780125869062 26.05364255322245
    endloop
  endfacet
  facet normal -0.9876883405951379 -0.14592177714626456 -0.05637886844287496
    outer loop
      vertex 10.400000000000006 13.069685860566421 30.79836040325079
      vertex 10.282535639108374 15.491403542782983 26.588216162985407
      vertex 10.400000000000006 14.7996024007368 26.32092935810393
    endloop
  endfacet
  facet normal -0.45399049973953726 -0.8311292235061293 -0.32111810908191357
    outer loop
      vertex 9.410684605501942 14.88084476389932 31.498126343174867
      vertex 8.741640786499872 16.92874738661137 27.14355355719183
      vertex 9.410684605501942 16.6107613040697 27.020695298028
    endloop
  endfacet
  facet normal -0.8910065241883652 -0.42348149119491874 -0.1636178488707641
    outer loop
      vertex 10.282535639108374 13.761487002612604 31.06564720813227
      vertex 9.941640786499875 16.115486368983703 26.82933907310841
      vertex 10.282535639108374 15.491403542782983 26.588216162985407
    endloop
  endfacet
  facet normal -0.7071067811865512 -0.6595878863163546 -0.2548407742585917
    outer loop
      vertex 9.941640786499875 14.385569828813322 31.306770118255276
      vertex 9.410684605501942 16.6107613040697 27.020695298028
      vertex 9.941640786499875 16.115486368983703 26.82933907310841
    endloop
  endfacet
  facet normal 0.9876883405951377 0.14592177714626484 0.05637886844287507
    outer loop
      vertex 5.717464360891626 12.37788471852024 30.53107359836931
      vertex 5.717464360891626 14.10780125869062 26.05364255322245
      vertex 5.599999999999994 13.069685860566421 30.79836040325079
    endloop
  endfacet
  facet normal 0.9876883405951378 -0.14592177714626453 -0.056378868442874944
    outer loop
      vertex 5.599999999999994 13.069685860566421 30.79836040325079
      vertex 5.599999999999994 14.7996024007368 26.32092935810393
      vertex 5.717464360891626 13.761487002612604 31.06564720813227
    endloop
  endfacet
  facet normal 0.8910065241883651 -0.4234814911949188 -0.16361784887076414
    outer loop
      vertex 5.717464360891626 13.761487002612604 31.06564720813227
      vertex 5.717464360891626 15.491403542782983 26.588216162985407
      vertex 6.058359213500125 14.385569828813322 31.306770118255276
    endloop
  endfacet
  facet normal -2.7286690139487356e-15 0.3603992792021622 -0.9327981344055968
    outer loop
      vertex 5.717464360891626 12.37788471852024 30.53107359836931
      vertex 5.599999999999994 13.069685860566421 30.79836040325079
      vertex 5.717464360891626 13.761487002612604 31.06564720813227
    endloop
  endfacet
  facet normal 5.704189285269498e-15 0.3603992792021626 -0.9327981344055967
    outer loop
      vertex 6.058359213500125 11.753801892319522 30.289950688246307
      vertex 5.717464360891626 13.761487002612604 31.06564720813227
      vertex 6.058359213500125 14.385569828813322 31.306770118255276
    endloop
  endfacet
  facet normal 1.2739452878923437e-15 0.3603992792021629 -0.9327981344055968
    outer loop
      vertex 6.589315394498058 11.258526957233522 30.098594463326716
      vertex 6.058359213500125 14.385569828813322 31.306770118255276
      vertex 6.589315394498058 14.88084476389932 31.498126343174867
    endloop
  endfacet
  facet normal 0.7071067811865521 -0.6595878863163538 -0.25484077425859136
    outer loop
      vertex 6.058359213500125 14.385569828813322 31.306770118255276
      vertex 6.058359213500125 16.115486368983703 26.82933907310841
      vertex 6.589315394498058 14.88084476389932 31.498126343174867
    endloop
  endfacet
  facet normal 0.45399049973953937 -0.8311292235061283 -0.32111810908191313
    outer loop
      vertex 6.589315394498058 14.88084476389932 31.498126343174867
      vertex 6.589315394498058 16.6107613040697 27.020695298028
      vertex 7.258359213500128 15.198830846440993 31.620984602338694
    endloop
  endfacet
  facet normal 0.1564344650402323 -0.921313841481304 -0.355962166026867
    outer loop
      vertex 7.258359213500128 15.198830846440993 31.620984602338694
      vertex 7.258359213500128 16.92874738661137 27.14355355719183
      vertex 8 15.308401383139854 31.66331867333598
    endloop
  endfacet
  facet normal -0.15643446504023228 -0.921313841481304 -0.3559621660268672
    outer loop
      vertex 8 15.308401383139854 31.66331867333598
      vertex 8 17.03831792331023 27.185887628189118
      vertex 8.741640786499872 15.198830846440993 31.620984602338694
    endloop
  endfacet
  facet normal -0.9876883405951377 0.14592177714626486 0.056378868442875076
    outer loop
      vertex 10.282535639108374 12.37788471852024 30.53107359836931
      vertex 10.400000000000006 13.069685860566421 30.79836040325079
      vertex 10.400000000000006 14.7996024007368 26.32092935810393
    endloop
  endfacet
  facet normal -0.9876883405951379 -0.14592177714626456 -0.05637886844287496
    outer loop
      vertex 10.400000000000006 13.069685860566421 30.79836040325079
      vertex 10.282535639108374 13.761487002612604 31.06564720813227
      vertex 10.282535639108374 15.491403542782983 26.588216162985407
    endloop
  endfacet
  facet normal -6.902732577539078e-15 0.36039927920216214 -0.9327981344055968
    outer loop
      vertex 10.282535639108374 12.37788471852024 30.53107359836931
      vertex 9.941640786499875 14.385569828813322 31.306770118255276
      vertex 10.282535639108374 13.761487002612604 31.06564720813227
    endloop
  endfacet
  facet normal 2.863834471380176e-15 0.3603992792021622 -0.9327981344055968
    outer loop
      vertex 10.282535639108374 12.37788471852024 30.53107359836931
      vertex 10.282535639108374 13.761487002612604 31.06564720813227
      vertex 10.400000000000006 13.069685860566421 30.79836040325079
    endloop
  endfacet
  facet normal -0.7071067811865521 -0.6595878863163539 -0.2548407742585912
    outer loop
      vertex 9.941640786499875 14.385569828813322 31.306770118255276
      vertex 9.410684605501942 14.88084476389932 31.498126343174867
      vertex 9.410684605501942 16.6107613040697 27.020695298028
    endloop
  endfacet
  facet normal -0.8910065241883651 -0.4234814911949188 -0.16361784887076417
    outer loop
      vertex 9.941640786499875 14.385569828813322 31.306770118255276
      vertex 9.941640786499875 16.115486368983703 26.82933907310841
      vertex 10.282535639108374 13.761487002612604 31.06564720813227
    endloop
  endfacet
  facet normal -0.45399049973953937 -0.8311292235061284 -0.3211181090819128
    outer loop
      vertex 9.410684605501942 14.88084476389932 31.498126343174867
      vertex 8.741640786499872 15.198830846440993 31.620984602338694
      vertex 8.741640786499872 16.92874738661137 27.14355355719183
    endloop
  endfacet
  facet normal -2.842834261990417e-15 0.3603992792021622 -0.9327981344055968
    outer loop
      vertex 5.38435562729849 18.157792867333217 27.618412038379816
      vertex 6.624874375031482 18.747392062045908 27.84621172724608
      vertex 6.058359213500125 16.115486368983703 26.82933907310841
    endloop
  endfacet
  facet normal -4.421006104133494e-15 0.3603992792021626 -0.9327981344055967
    outer loop
      vertex 6.624874375031482 18.747392062045908 27.84621172724608
      vertex 6.589315394498058 16.6107613040697 27.020695298028
      vertex 6.058359213500125 16.115486368983703 26.82933907310841
    endloop
  endfacet
  facet normal 5.7762762544341224e-15 0.3603992792021624 -0.9327981344055968
    outer loop
      vertex 6.624874375031482 18.747392062045908 27.84621172724608
      vertex 7.258359213500128 16.92874738661137 27.14355355719183
      vertex 6.589315394498058 16.6107613040697 27.020695298028
    endloop
  endfacet
  facet normal 1.4789478175658639e-15 0.36039927920216197 -0.932798134405597
    outer loop
      vertex 8 18.950554098841707 27.92470615055355
      vertex 8 17.03831792331023 27.185887628189118
      vertex 7.258359213500128 16.92874738661137 27.14355355719183
    endloop
  endfacet
  facet normal 0.15643446504023395 -0.9213138414813038 -0.35596216602686714
    outer loop
      vertex 8 15.308401383139854 31.66331867333598
      vertex 7.258359213500128 16.92874738661137 27.14355355719183
      vertex 8 17.03831792331023 27.185887628189118
    endloop
  endfacet
  facet normal 2.821922475348533e-15 0.3603992792021616 -0.9327981344055971
    outer loop
      vertex 6.624874375031482 18.747392062045908 27.84621172724608
      vertex 8 18.950554098841707 27.92470615055355
      vertex 7.258359213500128 16.92874738661137 27.14355355719183
    endloop
  endfacet
  facet normal -0.4539904997395461 0.831129223506125 0.3211181090819121
    outer loop
      vertex 5.38435562729849 18.157792867333217 27.618412038379816
      vertex 6.269504831500295 17.313133252330115 31.055996491838872
      vertex 6.624874375031482 18.747392062045908 27.84621172724608
    endloop
  endfacet
  facet normal -0.1564344650402294 0.9213138414813042 0.35596216602686764
    outer loop
      vertex 6.624874375031482 18.747392062045908 27.84621172724608
      vertex 8 17.649596825155776 31.29188968244655
      vertex 8 18.950554098841707 27.92470615055355
    endloop
  endfacet
  facet normal -1.6917958537095223e-15 0.3603992792021612 -0.9327981344055973
    outer loop
      vertex 9.375125624968518 18.747392062045908 27.84621172724608
      vertex 8.741640786499872 16.92874738661137 27.14355355719183
      vertex 8 17.03831792331023 27.185887628189118
    endloop
  endfacet
  facet normal -3.320112928938392e-15 0.3603992792021668 -0.9327981344055951
    outer loop
      vertex 10.61564437270151 18.157792867333217 27.618412038379816
      vertex 9.410684605501942 16.6107613040697 27.020695298028
      vertex 8.741640786499872 16.92874738661137 27.14355355719183
    endloop
  endfacet
  facet normal 3.967028402599552e-15 0.3603992792021619 -0.932798134405597
    outer loop
      vertex 10.61564437270151 18.157792867333217 27.618412038379816
      vertex 9.941640786499875 16.115486368983703 26.82933907310841
      vertex 9.410684605501942 16.6107613040697 27.020695298028
    endloop
  endfacet
  facet normal -0.15643446504023387 -0.9213138414813038 -0.35596216602686687
    outer loop
      vertex 8.741640786499872 15.198830846440993 31.620984602338694
      vertex 8 17.03831792331023 27.185887628189118
      vertex 8.741640786499872 16.92874738661137 27.14355355719183
    endloop
  endfacet
  facet normal 1.7035210053516761e-15 0.3603992792021602 -0.9327981344055977
    outer loop
      vertex 9.375125624968518 18.747392062045908 27.84621172724608
      vertex 10.61564437270151 18.157792867333217 27.618412038379816
      vertex 8.741640786499872 16.92874738661137 27.14355355719183
    endloop
  endfacet
  facet normal -2.7512234543337142e-15 0.360399279202162 -0.932798134405597
    outer loop
      vertex 8 18.950554098841707 27.92470615055355
      vertex 9.375125624968518 18.747392062045908 27.84621172724608
      vertex 8 17.03831792331023 27.185887628189118
    endloop
  endfacet
  facet normal 0.15643446504022943 0.9213138414813041 0.35596216602686814
    outer loop
      vertex 8 18.950554098841707 27.92470615055355
      vertex 9.375125624968518 17.446434788359973 31.21339525913908
      vertex 9.375125624968518 18.747392062045908 27.84621172724608
    endloop
  endfacet
  facet normal 0.4539904997395462 0.8311292235061252 0.32111810908191196
    outer loop
      vertex 9.375125624968518 18.747392062045908 27.84621172724608
      vertex 10.61564437270151 16.856835593647286 30.985595570272814
      vertex 10.61564437270151 18.157792867333217 27.618412038379816
    endloop
  endfacet
  facet normal -0.4539904997395467 0.8311292235061247 0.32111810908191213
    outer loop
      vertex 5.38435562729849 18.157792867333217 27.618412038379816
      vertex 5.38435562729849 16.951015765046183 30.741835126652138
      vertex 6.269504831500295 17.313133252330115 31.055996491838872
    endloop
  endfacet
  facet normal -0.4539904997395418 0.8311292235061268 0.3211181090819134
    outer loop
      vertex 6.624874375031482 18.747392062045908 27.84621172724608
      vertex 6.269504831500295 17.313133252330115 31.055996491838872
      vertex 6.624874375031482 17.474724121941374 31.140175807516627
    endloop
  endfacet
  facet normal -0.1564344650402314 0.9213138414813039 0.35596216602686825
    outer loop
      vertex 6.624874375031482 18.747392062045908 27.84621172724608
      vertex 6.624874375031482 17.474724121941374 31.140175807516627
      vertex 8 17.649596825155776 31.29188968244655
    endloop
  endfacet
  facet normal 0.7071067811865516 0.6595878863163542 0.2548407742585914
    outer loop
      vertex 10.61564437270151 18.157792867333217 27.618412038379816
      vertex 10.61564437270151 16.856835593647286 30.985595570272814
      vertex 11.600125624968513 15.93851331817533 30.63078923656774
    endloop
  endfacet
  facet normal 0.4539904997395451 0.8311292235061254 0.3211181090819127
    outer loop
      vertex 9.375125624968518 18.747392062045908 27.84621172724608
      vertex 9.375125624968518 17.446434788359973 31.21339525913908
      vertex 10.61564437270151 16.856835593647286 30.985595570272814
    endloop
  endfacet
  facet normal 0.1564344650402309 0.9213138414813041 0.35596216602686753
    outer loop
      vertex 8 18.950554098841707 27.92470615055355
      vertex 8 17.649596825155776 31.29188968244655
      vertex 9.375125624968518 17.446434788359973 31.21339525913908
    endloop
  endfacet
  facet normal -1.916903098518603e-15 0.3603992792021624 -0.9327981344055967
    outer loop
      vertex 10.61564437270151 11.441411934140385 25.02344667782804
      vertex 11.600125624968513 17.239470591861263 27.26360570467474
      vertex 11.600125624968513 12.359734209612338 25.37825301153311
    endloop
  endfacet
  facet normal 3.423005923019949e-15 0.3603992792021621 -0.932798134405597
    outer loop
      vertex 11.600125624968513 12.359734209612338 25.37825301153311
      vertex 12.23220149751343 16.082317018280765 26.816523642155005
      vertex 12.23220149751343 13.516887783192837 25.825335074052852
    endloop
  endfacet
  facet normal 0.9876883405951371 -0.1459217771462694 -0.05637886844287681
    outer loop
      vertex 12.23220149751343 12.215930509506906 29.19251860594585
      vertex 12.23220149751343 13.516887783192837 25.825335074052852
      vertex 12.450000000000003 14.7996024007368 26.320929358103925
    endloop
  endfacet
  facet normal -1.3581182161399224e-14 0.3603992792021621 -0.932798134405597
    outer loop
      vertex 12.23220149751343 13.516887783192837 25.825335074052852
      vertex 12.23220149751343 16.082317018280765 26.816523642155005
      vertex 12.450000000000003 14.7996024007368 26.320929358103925
    endloop
  endfacet
  facet normal 1.4962310962371087e-15 0.36039927920216247 -0.9327981344055968
    outer loop
      vertex 11.600125624968513 12.359734209612338 25.37825301153311
      vertex 11.600125624968513 17.239470591861263 27.26360570467474
      vertex 12.23220149751343 16.082317018280765 26.816523642155005
    endloop
  endfacet
  facet normal 0.987688340595137 -0.14592177714626925 -0.05637886844287671
    outer loop
      vertex 12.23220149751343 12.215930509506906 29.19251860594585
      vertex 12.450000000000003 14.7996024007368 26.320929358103925
      vertex 12.450000000000003 13.49864512705087 29.688112889996926
    endloop
  endfacet
  facet normal 0.8910065241883677 0.42348149119491396 0.16361784887076244
    outer loop
      vertex 12.23220149751343 16.082317018280765 26.816523642155005
      vertex 11.600125624968513 17.239470591861263 27.26360570467474
      vertex 12.23220149751343 14.781359744594832 30.183707174048003
    endloop
  endfacet
  facet normal 0.987688340595137 0.14592177714626894 0.05637886844287658
    outer loop
      vertex 12.23220149751343 16.082317018280765 26.816523642155005
      vertex 12.450000000000003 13.49864512705087 29.688112889996926
      vertex 12.450000000000003 14.7996024007368 26.320929358103925
    endloop
  endfacet
  facet normal 0.9876883405951371 0.14592177714626922 0.05637886844287683
    outer loop
      vertex 12.23220149751343 16.082317018280765 26.816523642155005
      vertex 12.23220149751343 14.781359744594832 30.183707174048003
      vertex 12.450000000000003 13.49864512705087 29.688112889996926
    endloop
  endfacet
  facet normal 0.8910065241883677 0.42348149119491396 0.16361784887076244
    outer loop
      vertex 12.23220149751343 14.781359744594832 30.183707174048003
      vertex 11.600125624968513 17.239470591861263 27.26360570467474
      vertex 11.600125624968513 15.93851331817533 30.63078923656774
    endloop
  endfacet
  facet normal 0.707106781186551 0.6595878863163547 0.254840774258592
    outer loop
      vertex 10.61564437270151 18.157792867333217 27.618412038379816
      vertex 11.600125624968513 15.93851331817533 30.63078923656774
      vertex 11.600125624968513 17.239470591861263 27.26360570467474
    endloop
  endfacet
  facet normal 0 0 -1
    outer loop
      vertex 0 8 0
      vertex 0 96 0
      vertex 2.4000000000000004 8 0
    endloop
  endfacet
  facet normal -1 0 0
    outer loop
      vertex 0 8 0
      vertex 0 8 28
      vertex 0 96 0
    endloop
  endfacet
  facet normal 1 0 0
    outer loop
      vertex 2.4000000000000004 8 0
      vertex 2.4000000000000004 96 0
      vertex 2.4000000000000004 16 2.6
    endloop
  endfacet
  facet normal 1 0 0
    outer loop
      vertex 2.4000000000000004 16 2.6
      vertex 2.4000000000000004 96 0
      vertex 2.4000000000000004 16 12.6
    endloop
  endfacet
  facet normal 0 0 -1
    outer loop
      vertex 3.297717981660215 1.5278640450004204 0
      vertex 168 0 0
      vertex 8 0 0
    endloop
  endfacet
  facet normal 0 0 -1
    outer loop
      vertex 3.297717981660215 1.5278640450004204 0
      vertex 8 2.4000000000000004 0
      vertex 168 2.4000000000000004 0
    endloop
  endfacet
  facet normal 0 1 0
    outer loop
      vertex 8 2.4000000000000004 0
      vertex 8 2.4000000000000004 2.6
      vertex 168 2.4000000000000004 0
    endloop
  endfacet
  facet normal 0 1 0
    outer loop
      vertex 8 2.4000000000000004 2.6
      vertex 16 2.4000000000000004 2.6
      vertex 168 2.4000000000000004 0
    endloop
  endfacet
  facet normal 0 1 0
    outer loop
      vertex 16 2.4000000000000004 12.6
      vertex 8 2.4000000000000004 25.4
      vertex 168 2.4000000000000004 0
    endloop
  endfacet
  facet normal 0 1 0
    outer loop
      vertex 16 2.4000000000000004 2.6
      vertex 16 2.4000000000000004 12.6
      vertex 168 2.4000000000000004 0
    endloop
  endfacet
  facet normal 0 -1 0
    outer loop
      vertex 8 0 0
      vertex 168 0 28
      vertex 8 0 28
    endloop
  endfacet
  facet normal -1.7310567169231094e-16 -0.3603992792021632 0.9327981344055966
    outer loop
      vertex 8 0 28
      vertex 69.6872022524476 5.411229910342296 30.090702465359524
      vertex 68.81145724654198 5.411229910342296 30.090702465359524
    endloop
  endfacet
  facet normal 1.6554612273975845e-17 -0.3603992792021625 0.9327981344055967
    outer loop
      vertex 8 0 28
      vertex 68.81145724654198 5.411229910342296 30.090702465359524
      vertex 66.87952724844217 10.868098998005014 32.19903824922921
    endloop
  endfacet
  facet normal -2.8704966963366105e-17 -0.3603992792021625 0.9327981344055968
    outer loop
      vertex 8 0 28
      vertex 74.96839375048876 5.411229910342296 30.090702465359524
      vertex 69.6872022524476 5.411229910342296 30.090702465359524
    endloop
  endfacet
  facet normal 1.924103878202289e-16 -0.3603992792021673 0.9327981344055949
    outer loop
      vertex 8 0 28
      vertex 75.8441387489438 5.411229910342297 30.090702465359524
      vertex 74.96839375048876 5.411229910342296 30.090702465359524
    endloop
  endfacet
  facet normal -1.2161045379451644e-16 -0.360399279202162 0.9327981344055968
    outer loop
      vertex 8 0 28
      vertex 79.60868524760008 5.411229910342296 30.090702465359524
      vertex 75.8441387489438 5.411229910342297 30.090702465359524
    endloop
  endfacet
  facet normal -4.473107171056299e-16 -0.3603992792021601 0.9327981344055978
    outer loop
      vertex 8 0 28
      vertex 66.87952724844217 10.868098998005014 32.19903824922921
      vertex 66.95629224926233 11.558635466514701 32.465836430244316
    endloop
  endfacet
  facet normal -1.713505778609896e-16 -0.360399279202162 0.9327981344055969
    outer loop
      vertex 8 0 28
      vertex 80.4934002533555 5.411229910342296 30.090702465359524
      vertex 79.60868524760008 5.411229910342296 30.090702465359524
    endloop
  endfacet
  facet normal -2.2893255864074195e-17 -0.3603992792021625 0.9327981344055968
    outer loop
      vertex 8 0 28
      vertex 87.11528175324202 5.411229910342296 30.090702465359524
      vertex 80.4934002533555 5.411229910342296 30.090702465359524
    endloop
  endfacet
  facet normal -1.253158208760881e-16 -0.36039927920216425 0.932798134405596
    outer loop
      vertex 8 0 28
      vertex 88.32499674707651 5.411229910342296 30.090702465359524
      vertex 87.11528175324202 5.411229910342296 30.090702465359524
    endloop
  endfacet
  facet normal -4.1876118459938574e-17 -0.3603992792021624 0.9327981344055969
    outer loop
      vertex 8 0 28
      vertex 91.9451132491231 5.411229910342296 30.090702465359524
      vertex 88.32499674707651 5.411229910342296 30.090702465359524
    endloop
  endfacet
  facet normal -3.833798092300926e-17 -0.3603992792021625 0.9327981344055967
    outer loop
      vertex 8 0 28
      vertex 95.8993232473731 5.411229910342296 30.090702465359524
      vertex 91.9451132491231 5.411229910342296 30.090702465359524
    endloop
  endfacet
  facet normal -1.2815791451154033e-17 0.3603992792021625 -0.9327981344055968
    outer loop
      vertex 8 2.4000000000000004 25.4
      vertex 10.61564437270151 10.140454660454454 28.39063020972104
      vertex 160.45999999999998 18.162635799078853 31.490109286007737
    endloop
  endfacet
  facet normal 6.596316938550325e-17 0.3603992792021612 -0.9327981344055973
    outer loop
      vertex 10.61564437270151 10.140454660454454 28.39063020972104
      vertex 11.600125624968513 11.058776935926405 28.74543654342611
      vertex 160.45999999999998 18.162635799078853 31.490109286007737
    endloop
  endfacet
  facet normal -4.927134440438667e-17 0.3603992792021633 -0.9327981344055964
    outer loop
      vertex 11.600125624968513 11.058776935926405 28.74543654342611
      vertex 12.23220149751343 12.215930509506906 29.19251860594585
      vertex 160.45999999999998 18.162635799078853 31.490109286007737
    endloop
  endfacet
  facet normal -4.716752419185253e-18 0.3603992792021623 -0.9327981344055969
    outer loop
      vertex 12.23220149751343 12.215930509506906 29.19251860594585
      vertex 12.450000000000003 13.49864512705087 29.688112889996926
      vertex 160.45999999999998 18.162635799078853 31.490109286007737
    endloop
  endfacet
  facet normal -4.365264851994822e-18 0.36039927920216225 -0.9327981344055968
    outer loop
      vertex 12.450000000000003 13.49864512705087 29.688112889996926
      vertex 12.23220149751343 14.781359744594832 30.183707174048003
      vertex 160.45999999999998 18.162635799078853 31.490109286007737
    endloop
  endfacet
  facet normal 9.730566024584116e-18 0.3603992792021618 -0.9327981344055971
    outer loop
      vertex 12.23220149751343 14.781359744594832 30.183707174048003
      vertex 11.600125624968513 15.93851331817533 30.63078923656774
      vertex 160.45999999999998 18.162635799078853 31.490109286007737
    endloop
  endfacet
  facet normal -7.026106225549763e-17 -0.36039927920216314 0.9327981344055964
    outer loop
      vertex 8 0 28
      vertex 98.0569397509098 5.411229910342296 30.090702465359524
      vertex 95.8993232473731 5.411229910342296 30.090702465359524
    endloop
  endfacet
  facet normal -1.8452826442648723e-16 -0.3603992792021597 0.9327981344055978
    outer loop
      vertex 8 0 28
      vertex 98.87847474962473 5.411229910342296 30.090702465359524
      vertex 98.0569397509098 5.411229910342296 30.090702465359524
    endloop
  endfacet
  facet normal -7.058431860904846e-16 -0.36039927920215215 0.9327981344056009
    outer loop
      vertex 8 0 28
      vertex 101.27079974859953 5.4154135133799945 30.092318857442272
      vertex 98.87847474962473 5.411229910342296 30.090702465359524
    endloop
  endfacet
  facet normal -9.251646701444451e-17 -0.3603992792021628 0.9327981344055966
    outer loop
      vertex 8 0 28
      vertex 102.01108475029469 5.4154135133799945 30.092318857442272
      vertex 101.27079974859953 5.4154135133799945 30.092318857442272
    endloop
  endfacet
  facet normal 6.554087060120485e-16 -0.3603992792021719 0.9327981344055932
    outer loop
      vertex 8 0 28
      vertex 104.213876247406 5.411229910342296 30.090702465359524
      vertex 102.01108475029469 5.4154135133799945 30.092318857442272
    endloop
  endfacet
  facet normal 0 0.9327981344055968 0.36039927920216264
    outer loop
      vertex 68.81145724654198 5.699549333704026 29.344463957835046
      vertex 68.81145724654198 5.411229910342296 30.090702465359524
      vertex 69.6872022524476 5.699549333704026 29.344463957835046
    endloop
  endfacet
  facet normal 5.6987370693128975e-18 0.9327981344055968 0.36039927920216264
    outer loop
      vertex 69.6872022524476 5.699549333704026 29.344463957835046
      vertex 68.81145724654198 5.411229910342296 30.090702465359524
      vertex 69.6872022524476 5.411229910342296 30.090702465359524
    endloop
  endfacet
  facet normal 1.934152906394378e-16 -0.36039927920217163 0.9327981344055931
    outer loop
      vertex 8 0 28
      vertex 105.08507125079632 5.411229910342297 30.090702465359524
      vertex 104.213876247406 5.411229910342296 30.090702465359524
    endloop
  endfacet
  facet normal -2.0698866195432887e-16 -0.36039927920216114 0.9327981344055973
    outer loop
      vertex 8 0 28
      vertex 107.29682625085115 5.411229910342296 30.090702465359524
      vertex 105.08507125079632 5.411229910342297 30.090702465359524
    endloop
  endfacet
  facet normal 0 -0.36039927920216314 0.9327981344055964
    outer loop
      vertex 69.6872022524476 5.411229910342296 30.090702465359524
      vertex 74.96839375048876 5.411229910342296 30.090702465359524
      vertex 74.96839375048876 7.8154657982578515 31.019611785690536
    endloop
  endfacet
  facet normal -1.7400975463014198e-16 -0.36039927920216147 0.9327981344055971
    outer loop
      vertex 8 0 28
      vertex 108.16802124679089 5.411229910342296 30.090702465359524
      vertex 107.29682625085115 5.411229910342296 30.090702465359524
    endloop
  endfacet
  facet normal 0 0.9327981344055967 0.3603992792021626
    outer loop
      vertex 74.96839375048876 5.699549333704026 29.344463957835046
      vertex 74.96839375048876 5.411229910342296 30.090702465359524
      vertex 75.8441387489438 5.699549333704026 29.344463957835046
    endloop
  endfacet
  facet normal -9.451114529921378e-16 0.9327981344055971 0.36039927920216164
    outer loop
      vertex 75.8441387489438 5.699549333704026 29.344463957835046
      vertex 74.96839375048876 5.411229910342296 30.090702465359524
      vertex 75.8441387489438 5.411229910342297 30.090702465359524
    endloop
  endfacet
  facet normal -1 0 0
    outer loop
      vertex 75.8441387489438 5.699549333704026 29.344463957835046
      vertex 75.8441387489438 5.411229910342297 30.090702465359524
      vertex 75.8441387489438 8.103785221619582 30.273373278166055
    endloop
  endfacet
  facet normal 1 0 0
    outer loop
      vertex 74.96839375048876 5.699549333704026 29.344463957835046
      vertex 74.96839375048876 7.8154657982578515 31.019611785690536
      vertex 74.96839375048876 5.411229910342296 30.090702465359524
    endloop
  endfacet
  facet normal 0 -0.3603992792021625 0.9327981344055967
    outer loop
      vertex 68.81145724654198 5.699549333704026 29.344463957835046
      vertex 69.6872022524476 5.699549333704026 29.344463957835046
      vertex 68.81145724654198 11.156418421366745 31.452799741704734
    endloop
  endfacet
  facet normal -1 0 0
    outer loop
      vertex 69.6872022524476 5.699549333704026 29.344463957835046
      vertex 69.6872022524476 5.411229910342296 30.090702465359524
      vertex 69.6872022524476 11.156418421366745 31.452799741704734
    endloop
  endfacet
  facet normal 1 0 0
    outer loop
      vertex 68.81145724654198 5.699549333704026 29.344463957835046
      vertex 68.81145724654198 10.868098998005014 32.19903824922921
      vertex 68.81145724654198 5.411229910342296 30.090702465359524
    endloop
  endfacet
  facet normal -1.2548957174878728e-16 -0.3603992792021625 0.9327981344055967
    outer loop
      vertex 69.6872022524476 5.699549333704026 29.344463957835046
      vertex 69.6872022524476 11.156418421366745 31.452799741704734
      vertex 68.81145724654198 11.156418421366745 31.452799741704734
    endloop
  endfacet
  facet normal 1 0 0
    outer loop
      vertex 68.81145724654198 5.699549333704026 29.344463957835046
      vertex 68.81145724654198 11.156418421366745 31.452799741704734
      vertex 68.81145724654198 10.868098998005014 32.19903824922921
    endloop
  endfacet
  facet normal -5.109540076473712e-16 -0.3603992792021623 0.9327981344055968
    outer loop
      vertex 69.6872022524476 5.411229910342296 30.090702465359524
      vertex 74.96839375048876 7.8154657982578515 31.019611785690536
      vertex 73.33442375063896 10.009127171373166 31.867162770757815
    endloop
  endfacet
  facet normal 0 -0.360399279202162 0.9327981344055969
    outer loop
      vertex 74.96839375048876 5.699549333704026 29.344463957835046
      vertex 75.8441387489438 5.699549333704026 29.344463957835046
      vertex 74.96839375048876 8.103785221619582 30.273373278166055
    endloop
  endfacet
  facet normal 0 -0.360399279202162 0.9327981344055969
    outer loop
      vertex 74.96839375048876 8.103785221619582 30.273373278166055
      vertex 75.8441387489438 5.699549333704026 29.344463957835046
      vertex 75.8441387489438 8.103785221619582 30.273373278166055
    endloop
  endfacet
  facet normal 1 0 0
    outer loop
      vertex 74.96839375048876 5.699549333704026 29.344463957835046
      vertex 74.96839375048876 8.103785221619582 30.273373278166055
      vertex 74.96839375048876 7.8154657982578515 31.019611785690536
    endloop
  endfacet
  facet normal -1 0 0
    outer loop
      vertex 75.8441387489438 8.103785221619582 30.273373278166055
      vertex 75.8441387489438 5.411229910342297 30.090702465359524
      vertex 75.8441387489438 7.815465798257852 31.019611785690532
    endloop
  endfacet
  facet normal 0 -0.3603992792021659 0.9327981344055954
    outer loop
      vertex 74.96839375048876 8.103785221619582 30.273373278166055
      vertex 75.8441387489438 8.103785221619582 30.273373278166055
      vertex 75.41526874899864 8.861683705824127 30.566197692517814
    endloop
  endfacet
  facet normal -2.1301387611441593e-15 -0.36039927920216486 0.9327981344055959
    outer loop
      vertex 74.96839375048876 8.103785221619582 30.273373278166055
      vertex 75.41526874899864 8.861683705824127 30.566197692517814
      vertex 73.33442375063896 10.297446594734895 31.120924263233338
    endloop
  endfacet
  facet normal -0.8212210585286761 0.5322641077063717 0.2056474961592794
    outer loop
      vertex 75.8441387489438 8.103785221619582 30.273373278166055
      vertex 75.8441387489438 7.815465798257852 31.019611785690532
      vertex 77.47817374765873 10.297446594734895 31.120924263233338
    endloop
  endfacet
  facet normal 2.152856230169848e-15 -0.36039927920216475 0.9327981344055958
    outer loop
      vertex 75.41526874899864 8.861683705824127 30.566197692517814
      vertex 75.8441387489438 8.103785221619582 30.273373278166055
      vertex 77.47817374765873 10.297446594734895 31.120924263233338
    endloop
  endfacet
  facet normal -3.0983985296556095e-16 -0.3603992792021624 0.9327981344055967
    outer loop
      vertex 75.41526874899864 8.861683705824127 30.566197692517814
      vertex 74.2191387489438 10.520632542518472 31.207155197604266
      vertex 73.33442375063896 10.297446594734895 31.120924263233338
    endloop
  endfacet
  facet normal 7.698997337734256e-17 -0.3603992792021622 0.9327981344055969
    outer loop
      vertex 75.41526874899864 8.861683705824127 30.566197692517814
      vertex 77.47817374765873 10.297446594734895 31.120924263233338
      vertex 76.606978751719 10.508021109535136 31.202282598497067
    endloop
  endfacet
  facet normal -8.502986013776091e-17 -0.36039927920216197 0.9327981344055969
    outer loop
      vertex 75.8441387489438 5.411229910342297 30.090702465359524
      vertex 79.60868524760008 5.411229910342296 30.090702465359524
      vertex 75.8441387489438 7.815465798257852 31.019611785690532
    endloop
  endfacet
  facet normal 0 0.9327981344055968 0.36039927920216264
    outer loop
      vertex 79.60868524760008 5.699549333704026 29.344463957835046
      vertex 79.60868524760008 5.411229910342296 30.090702465359524
      vertex 80.4934002533555 5.699549333704026 29.344463957835046
    endloop
  endfacet
  facet normal 5.640958383156086e-18 0.9327981344055968 0.36039927920216264
    outer loop
      vertex 80.4934002533555 5.699549333704026 29.344463957835046
      vertex 79.60868524760008 5.411229910342296 30.090702465359524
      vertex 80.4934002533555 5.411229910342296 30.090702465359524
    endloop
  endfacet
  facet normal 0 -0.36039927920216197 0.9327981344055969
    outer loop
      vertex 79.60868524760008 5.699549333704026 29.344463957835046
      vertex 80.4934002533555 5.699549333704026 29.344463957835046
      vertex 80.4934002533555 7.969061190229858 30.221320811492753
    endloop
  endfacet
  facet normal -1 0 0
    outer loop
      vertex 80.4934002533555 5.699549333704026 29.344463957835046
      vertex 80.4934002533555 5.411229910342296 30.090702465359524
      vertex 80.4934002533555 7.969061190229858 30.221320811492753
    endloop
  endfacet
  facet normal 0 -0.3603992792021624 0.9327981344055968
    outer loop
      vertex 80.4934002533555 5.411229910342296 30.090702465359524
      vertex 87.11528175324202 5.411229910342296 30.090702465359524
      vertex 85.42255175113678 7.6680697030646625 30.962663294365893
    endloop
  endfacet
  facet normal 0 0.9327981344055967 0.3603992792021626
    outer loop
      vertex 87.11528175324202 5.699549333704026 29.344463957835046
      vertex 87.11528175324202 5.411229910342296 30.090702465359524
      vertex 88.32499674707651 5.699549333704026 29.344463957835046
    endloop
  endfacet
  facet normal 4.125468026647299e-18 0.9327981344055967 0.3603992792021626
    outer loop
      vertex 88.32499674707651 5.699549333704026 29.344463957835046
      vertex 87.11528175324202 5.411229910342296 30.090702465359524
      vertex 88.32499674707651 5.411229910342296 30.090702465359524
    endloop
  endfacet
  facet normal 0 -0.3603992792021607 0.9327981344055974
    outer loop
      vertex 87.11528175324202 5.699549333704026 29.344463957835046
      vertex 88.32499674707651 5.699549333704026 29.344463957835046
      vertex 87.5080117508769 6.444836391875126 29.632415775764787
    endloop
  endfacet
  facet normal 0 -0.36039927920216075 0.9327981344055976
    outer loop
      vertex 87.5080117508769 6.444836391875126 29.632415775764787
      vertex 88.32499674707651 5.699549333704026 29.344463957835046
      vertex 87.92778175324202 6.444836391875126 29.632415775764787
    endloop
  endfacet
  facet normal 0 -0.9327981344055973 -0.3603992792021611
    outer loop
      vertex 87.5080117508769 6.444836391875126 29.632415775764787
      vertex 87.92778175324202 6.444836391875126 29.632415775764787
      vertex 87.92778175324202 6.156516968513396 30.37865428328927
    endloop
  endfacet
  facet normal 0.8193704754713655 0.5347399234786749 0.20660406134403358
    outer loop
      vertex 87.11528175324202 5.699549333704026 29.344463957835046
      vertex 85.42255175113678 7.6680697030646625 30.962663294365893
      vertex 87.11528175324202 5.411229910342296 30.090702465359524
    endloop
  endfacet
  facet normal 1.975025288415468e-17 -0.9327981344055973 -0.3603992792021611
    outer loop
      vertex 87.5080117508769 6.444836391875126 29.632415775764787
      vertex 87.92778175324202 6.156516968513396 30.37865428328927
      vertex 87.5080117508769 6.156516968513396 30.37865428328927
    endloop
  endfacet
  facet normal 1 0 0
    outer loop
      vertex 79.60868524760008 5.699549333704026 29.344463957835046
      vertex 79.60868524760008 11.558635466514701 32.465836430244316
      vertex 79.60868524760008 5.411229910342296 30.090702465359524
    endloop
  endfacet
  facet normal -1 0 0
    outer loop
      vertex 80.4934002533555 7.969061190229858 30.221320811492753
      vertex 80.4934002533555 5.411229910342296 30.090702465359524
      vertex 80.4934002533555 7.6807417668681275 30.967559319017234
    endloop
  endfacet
  facet normal 1.5123454773371328e-17 -0.3603992792021633 0.9327981344055964
    outer loop
      vertex 80.4934002533555 5.411229910342296 30.090702465359524
      vertex 82.38022024929523 7.6807417668681275 30.967559319017234
      vertex 80.4934002533555 7.6807417668681275 30.967559319017234
    endloop
  endfacet
  facet normal 0 0.9327981344055972 0.360399279202161
    outer loop
      vertex 80.4934002533555 7.969061190229858 30.221320811492753
      vertex 80.4934002533555 7.6807417668681275 30.967559319017234
      vertex 82.38022024929523 7.969061190229858 30.221320811492753
    endloop
  endfacet
  facet normal 4.393934618953439e-18 0.9327981344055972 0.360399279202161
    outer loop
      vertex 82.38022024929523 7.969061190229858 30.221320811492753
      vertex 80.4934002533555 7.6807417668681275 30.967559319017234
      vertex 82.38022024929523 7.6807417668681275 30.967559319017234
    endloop
  endfacet
  facet normal 1.1824021662472055e-15 -0.36039927920216236 0.9327981344055968
    outer loop
      vertex 79.60868524760008 5.699549333704026 29.344463957835046
      vertex 80.4934002533555 7.969061190229858 30.221320811492753
      vertex 79.60868524760008 11.84695488987643 31.71959792271984
    endloop
  endfacet
  facet normal 2.0427894199227177e-18 -0.3603992792021656 0.9327981344055956
    outer loop
      vertex 80.4934002533555 7.969061190229858 30.221320811492753
      vertex 81.96948525309563 8.587991409186854 30.46045294154432
      vertex 80.4934002533555 8.587991409186854 30.46045294154432
    endloop
  endfacet
  facet normal 5.518279606419073e-19 -0.9327981344055971 -0.3603992792021616
    outer loop
      vertex 80.4934002533555 8.587991409186854 30.46045294154432
      vertex 81.96948525309563 8.299671985825125 31.2066914490688
      vertex 80.4934002533555 8.299671985825125 31.2066914490688
    endloop
  endfacet
  facet normal -1.5024781283619457e-14 -0.3603992792021656 0.9327981344055956
    outer loop
      vertex 80.4934002533555 7.969061190229858 30.221320811492753
      vertex 80.4934002533555 8.587991409186854 30.46045294154432
      vertex 79.60868524760008 11.84695488987643 31.71959792271984
    endloop
  endfacet
  facet normal 0 -0.36039927920216563 0.9327981344055956
    outer loop
      vertex 80.4934002533555 7.969061190229858 30.221320811492753
      vertex 82.38022024929523 7.969061190229858 30.221320811492753
      vertex 81.96948525309563 8.587991409186854 30.46045294154432
    endloop
  endfacet
  facet normal 2.087554227328954e-15 -0.36039927920216436 0.9327981344055961
    outer loop
      vertex 82.38022024929523 7.969061190229858 30.221320811492753
      vertex 82.93545024842024 9.59854293404959 30.850893303423106
      vertex 81.96948525309563 8.587991409186854 30.46045294154432
    endloop
  endfacet
  facet normal 0 -0.9327981344055971 -0.3603992792021616
    outer loop
      vertex 80.4934002533555 8.587991409186854 30.46045294154432
      vertex 81.96948525309563 8.587991409186854 30.46045294154432
      vertex 81.96948525309563 8.299671985825125 31.2066914490688
    endloop
  endfacet
  facet normal 6.896975885743711e-16 -0.3603992792021638 0.9327981344055962
    outer loop
      vertex 80.4934002533555 5.411229910342296 30.090702465359524
      vertex 85.42255175113678 7.6680697030646625 30.962663294365893
      vertex 82.38022024929523 7.6807417668681275 30.967559319017234
    endloop
  endfacet
  facet normal -0.726468416274514 0.6410187423301565 0.24766633226392304
    outer loop
      vertex 82.38022024929523 7.969061190229858 30.221320811492753
      vertex 82.38022024929523 7.6807417668681275 30.967559319017234
      vertex 83.80209524929523 9.371173383228316 30.76304597696943
    endloop
  endfacet
  facet normal 1.9831711542580633e-15 -0.3603992792021643 0.9327981344055961
    outer loop
      vertex 82.38022024929523 7.969061190229858 30.221320811492753
      vertex 83.80209524929523 9.371173383228316 30.76304597696943
      vertex 82.93545024842024 9.59854293404959 30.850893303423106
    endloop
  endfacet
  facet normal 0.7463880186209583 -0.6207874434311543 -0.23984969405294534
    outer loop
      vertex 81.96948525309563 8.587991409186854 30.46045294154432
      vertex 82.93545024842024 9.59854293404959 30.850893303423106
      vertex 82.93545024842024 9.31022351068786 31.597131810947584
    endloop
  endfacet
  facet normal 1.6144701335769923e-15 -0.36039927920216147 0.9327981344055972
    outer loop
      vertex 85.42255175113678 7.956389126426393 30.216424786841415
      vertex 87.11528175324202 5.699549333704026 29.344463957835046
      vertex 87.5080117508769 6.444836391875126 29.632415775764787
    endloop
  endfacet
  facet normal 0.8193704754713657 0.534739923478675 0.2066040613440336
    outer loop
      vertex 85.42255175113678 7.956389126426393 30.216424786841415
      vertex 85.42255175113678 7.6680697030646625 30.962663294365893
      vertex 87.11528175324202 5.699549333704026 29.344463957835046
    endloop
  endfacet
  facet normal 6.001195275021871e-16 -0.3603992792021626 0.9327981344055967
    outer loop
      vertex 85.42255175113678 7.956389126426393 30.216424786841415
      vertex 87.5080117508769 6.444836391875126 29.632415775764787
      vertex 86.2892617508769 8.200614337138942 30.31078452734399
    endloop
  endfacet
  facet normal -0.8394052462610392 -0.5069814347666772 -0.19587919070530627
    outer loop
      vertex 87.5080117508769 6.444836391875126 29.632415775764787
      vertex 87.5080117508769 6.156516968513396 30.37865428328927
      vertex 86.2892617508769 8.200614337138942 30.31078452734399
    endloop
  endfacet
  facet normal -0.8394052462610389 -0.506981434766677 -0.19587919070530774
    outer loop
      vertex 86.2892617508769 8.200614337138942 30.31078452734399
      vertex 87.5080117508769 6.156516968513396 30.37865428328927
      vertex 86.2892617508769 7.912294913777211 31.057023034868468
    endloop
  endfacet
  facet normal 1.3001215118601985e-16 -0.3603992792021614 0.9327981344055971
    outer loop
      vertex 87.5080117508769 6.156516968513396 30.37865428328927
      vertex 89.15108174830675 7.912294913777212 31.057023034868468
      vertex 86.2892617508769 7.912294913777211 31.057023034868468
    endloop
  endfacet
  facet normal 8.819778060788066e-16 -0.3603992792021636 0.9327981344055964
    outer loop
      vertex 85.42255175113678 7.956389126426393 30.216424786841415
      vertex 86.2892617508769 8.200614337138942 30.31078452734399
      vertex 86.2892617508769 9.375356986266013 30.76466236905218
    endloop
  endfacet
  facet normal 1 0 0
    outer loop
      vertex 85.42255175113678 7.956389126426393 30.216424786841415
      vertex 85.42255175113678 9.331262766666946 31.605260614394048
      vertex 85.42255175113678 7.6680697030646625 30.962663294365893
    endloop
  endfacet
  facet normal -1 0 0
    outer loop
      vertex 86.2892617508769 8.200614337138942 30.31078452734399
      vertex 86.2892617508769 7.912294913777211 31.057023034868468
      vertex 86.2892617508769 9.375356986266013 30.76466236905218
    endloop
  endfacet
  facet normal -3.819067379606778e-16 -0.3603992792021628 0.9327981344055967
    outer loop
      vertex 85.42255175113678 7.956389126426393 30.216424786841415
      vertex 86.2892617508769 9.375356986266013 30.76466236905218
      vertex 85.42255175113678 9.619582190028675 30.85902210686957
    endloop
  endfacet
  facet normal 1 0 0
    outer loop
      vertex 85.42255175113678 7.956389126426393 30.216424786841415
      vertex 85.42255175113678 9.619582190028675 30.85902210686957
      vertex 85.42255175113678 9.331262766666946 31.605260614394048
    endloop
  endfacet
  facet normal 2.441618187457209e-15 -0.36039927920216286 0.9327981344055968
    outer loop
      vertex 82.93545024842024 9.59854293404959 30.850893303423106
      vertex 83.80209524929523 9.371173383228316 30.76304597696943
      vertex 83.80209524929523 10.651172977820385 31.257591274880003
    endloop
  endfacet
  facet normal 0.3390519798317719 0.3390519798317718 -0.8775463007410559
    outer loop
      vertex 3.549999999999997 13.788022764800733 28.939135474644335
      vertex 4.70840258716215 28.3011472589197 34.994043665139316
      vertex 3.7677985024865706 15.042448048763294 29.507949210317864
    endloop
  endfacet
  facet normal -1.2127611758883613e-15 0.3603992792021625 -0.9327981344055968
    outer loop
      vertex 7.258359213500128 10.94054087469185 29.97573620416289
      vertex 6.589315394498058 14.88084476389932 31.498126343174867
      vertex 7.258359213500128 15.198830846440993 31.620984602338694
    endloop
  endfacet
  facet normal -2.9541140085330298e-15 0.36039927920216225 -0.9327981344055968
    outer loop
      vertex 8 10.830970337992989 29.9334021331656
      vertex 7.258359213500128 15.198830846440993 31.620984602338694
      vertex 8 15.308401383139854 31.66331867333598
    endloop
  endfacet
  facet normal 1.2385500565099592e-15 0.36039927920216286 -0.9327981344055966
    outer loop
      vertex 9.410684605501942 11.258526957233522 30.098594463326716
      vertex 8.741640786499872 15.198830846440993 31.620984602338694
      vertex 9.410684605501942 14.88084476389932 31.498126343174867
    endloop
  endfacet
  facet normal 2.982960653220182e-15 0.36039927920216247 -0.9327981344055968
    outer loop
      vertex 8.741640786499872 10.94054087469185 29.97573620416289
      vertex 8 15.308401383139854 31.66331867333598
      vertex 8.741640786499872 15.198830846440993 31.620984602338694
    endloop
  endfacet
  facet normal -1.745394552154599e-15 0.3603992792021626 -0.9327981344055967
    outer loop
      vertex 9.941640786499875 11.753801892319522 30.289950688246307
      vertex 9.410684605501942 14.88084476389932 31.498126343174867
      vertex 9.941640786499875 14.385569828813322 31.306770118255276
    endloop
  endfacet
  facet normal 4.724402779572688e-16 0.3603992792021613 -0.9327981344055972
    outer loop
      vertex 8 17.649596825155776 31.29188968244655
      vertex 8.540000000000006 18.162635799078853 31.490109286007737
      vertex 9.375125624968518 17.446434788359973 31.21339525913908
    endloop
  endfacet
  facet normal 0.3390519798317745 0.3390519798317712 -0.8775463007410551
    outer loop
      vertex 3.7677985024865706 15.042448048763294 29.507949210317864
      vertex 4.70840258716215 28.3011472589197 34.994043665139316
      vertex 4.399874375031487 16.117502778673913 30.167522397630233
    endloop
  endfacet
  facet normal 0.33905197983177493 0.3390519798317711 -0.8775463007410548
    outer loop
      vertex 4.399874375031487 16.117502778673913 30.167522397630233
      vertex 4.70840258716215 28.3011472589197 34.994043665139316
      vertex 4.70840258716215 16.365223317875156 30.38243668791756
    endloop
  endfacet
  facet normal 0.18061263926454393 0.35447226324761777 -0.9174576225232463
    outer loop
      vertex 4.70840258716215 16.365223317875156 30.38243668791756
      vertex 4.70840258716215 28.3011472589197 34.994043665139316
      vertex 5.38435562729849 16.951015765046183 30.741835126652138
    endloop
  endfacet
  facet normal 0.3390519798317723 0.33905197983177165 -0.8775463007410558
    outer loop
      vertex 3.549999999999997 13.788022764800733 28.939135474644335
      vertex 3.5400000000000063 28.452908314061208 34.60125034594952
      vertex 4.70840258716215 28.3011472589197 34.994043665139316
    endloop
  endfacet
  facet normal 0.18061263926454688 0.3544722632476178 -0.9174576225232457
    outer loop
      vertex 5.38435562729849 16.951015765046183 30.741835126652138
      vertex 4.70840258716215 28.3011472589197 34.994043665139316
      vertex 6.269504831500295 28.19783186014412 35.2614482266761
    endloop
  endfacet
  facet normal 0.18061263926454857 0.3544722632476175 -0.9174576225232454
    outer loop
      vertex 5.38435562729849 16.951015765046183 30.741835126652138
      vertex 6.269504831500295 28.19783186014412 35.2614482266761
      vertex 6.269504831500295 17.313133252330115 31.055996491838872
    endloop
  endfacet
  facet normal 0.05698886983594425 0.35981356324629094 -0.9312821636962824
    outer loop
      vertex 6.269504831500295 17.313133252330115 31.055996491838872
      vertex 6.269504831500295 28.19783186014412 35.2614482266761
      vertex 6.624874375031482 17.474724121941374 31.140175807516627
    endloop
  endfacet
  facet normal 0.05698886983594225 0.3598135632462908 -0.9312821636962825
    outer loop
      vertex 6.624874375031482 17.474724121941374 31.140175807516627
      vertex 8 28.162231799906852 35.35358955905492
      vertex 8 17.649596825155776 31.29188968244655
    endloop
  endfacet
  facet normal -5.906965657907212e-16 0.36039927920216225 -0.9327981344055968
    outer loop
      vertex 8 17.649596825155776 31.29188968244655
      vertex 8 28.162231799906852 35.35358955905492
      vertex 8.540000000000006 18.162635799078853 31.490109286007737
    endloop
  endfacet
  facet normal 1 0 0
    outer loop
      vertex 8.540000000000006 17.841796316355055 32.320517358939924
      vertex 8.540000000000006 18.162635799078853 31.490109286007737
      vertex 8.540000000000006 27.84139231718305 36.18399763198711
    endloop
  endfacet
  facet normal 0.056988869835941924 0.3598135632462908 -0.9312821636962825
    outer loop
      vertex 6.624874375031482 17.474724121941374 31.140175807516627
      vertex 6.269504831500295 28.19783186014412 35.2614482266761
      vertex 8 28.162231799906852 35.35358955905492
    endloop
  endfacet
  facet normal 1 0 0
    outer loop
      vertex 8.540000000000006 27.84139231718305 36.18399763198711
      vertex 8.540000000000006 18.162635799078853 31.490109286007737
      vertex 8.540000000000006 28.162231799906852 35.35358955905492
    endloop
  endfacet
  facet normal 0 0.3603992792021623 -0.9327981344055968
    outer loop
      vertex 8 28.162231799906852 35.35358955905492
      vertex 8.540000000000006 28.162231799906852 35.35358955905492
      vertex 8.540000000000006 18.162635799078853 31.490109286007737
    endloop
  endfacet
  facet normal -7.799777733748449e-17 0.36039927920216297 -0.9327981344055964
    outer loop
      vertex 8.540000000000006 17.841796316355055 32.320517358939924
      vertex 8.540000000000006 27.84139231718305 36.18399763198711
      vertex 17.25 21.8994682010194 33.88825422346933
    endloop
  endfacet
  facet normal -1.8800113981171355e-17 -0.36039927920216225 0.9327981344055968
    outer loop
      vertex 8 0 28
      vertex 66.95629224926233 11.558635466514701 32.465836430244316
      vertex 17.25 21.03450993093421 36.12696974604276
    endloop
  endfacet
  facet normal -5.257356567471433e-16 0.9327981344055971 0.36039927920216175
    outer loop
      vertex 3.5400000000000063 27.84139231718305 36.18399763198711
      vertex 4.70840258716215 28.3011472589197 34.994043665139316
      vertex 3.5400000000000063 28.452908314061208 34.60125034594952
    endloop
  endfacet
  facet normal 9.368390617851359e-16 0.9327981344055964 0.360399279202163
    outer loop
      vertex 3.5400000000000063 27.84139231718305 36.18399763198711
      vertex 6.269504831500295 28.19783186014412 35.2614482266761
      vertex 4.70840258716215 28.3011472589197 34.994043665139316
    endloop
  endfacet
  facet normal 0.33905197983180635 0.33905197983176705 -0.8775463007410443
    outer loop
      vertex 3.469504831500295 4.70840258716215 25.4
      vertex 3.5400000000000063 62.5000402198655 47.75582403682845
      vertex 3.5400000000000063 28.452908314061208 34.60125034594952
    endloop
  endfacet
  facet normal -6.41035575365292e-16 0.9327981344055981 0.36039927920215886
    outer loop
      vertex 3.5400000000000063 27.84139231718305 36.18399763198711
      vertex 8 28.162231799906852 35.35358955905492
      vertex 6.269504831500295 28.19783186014412 35.2614482266761
    endloop
  endfacet
  facet normal 0 0.9327981344055969 0.36039927920216186
    outer loop
      vertex 3.5400000000000063 27.84139231718305 36.18399763198711
      vertex 8.540000000000006 27.84139231718305 36.18399763198711
      vertex 8 28.162231799906852 35.35358955905492
    endloop
  endfacet
  facet normal 4.532712797060176e-17 0.932798134405597 0.36039927920216197
    outer loop
      vertex 8.540000000000006 27.84139231718305 36.18399763198711
      vertex 8.540000000000006 28.162231799906852 35.35358955905492
      vertex 8 28.162231799906852 35.35358955905492
    endloop
  endfacet
  facet normal 0.5774681697558639 0.2942347287635815 -0.7615487097410344
    outer loop
      vertex 2.674083508747141 6.269504831500295 25.4
      vertex 3.469504831500295 92.70840258716215 59.4
      vertex 3.469504831500295 4.70840258716215 25.4
    endloop
  endfacet
  facet normal 0.9154940231085256 0.1450000084705022 -0.3752941395707116
    outer loop
      vertex 2.674083508747141 6.269504831500295 25.4
      vertex 2.4000000000000004 8 25.4
      vertex 2.674083508747141 94.2695048315003 59.4
    endloop
  endfacet
  facet normal -0.3390519798317716 -0.3390519798317716 0.8775463007410559
    outer loop
      vertex 3.297717981660215 1.5278640450004204 28
      vertex 1.5278640450004204 91.29771798166021 62
      vertex 1.5278640450004204 3.297717981660215 28
    endloop
  endfacet
  facet normal -0.18061263926454973 -0.3544722632476175 0.9174576225232451
    outer loop
      vertex 3.297717981660215 1.5278640450004204 28
      vertex 5.52786404500042 0.39154786963877175 28
      vertex 5.52786404500042 88.39154786963877 62
    endloop
  endfacet
  facet normal -0.056988869835940974 -0.35981356324629094 0.9312821636962825
    outer loop
      vertex 5.52786404500042 0.39154786963877175 28
      vertex 8 0 28
      vertex 8 88 62
    endloop
  endfacet
  facet normal -0.5774681697558638 -0.29423472876358153 0.7615487097410344
    outer loop
      vertex 1.5278640450004204 3.297717981660215 28
      vertex 1.5278640450004204 91.29771798166021 62
      vertex 0.39154786963877175 5.52786404500042 28
    endloop
  endfacet
  facet normal -0.9154940231085258 -0.14500000847050207 0.3752941395707112
    outer loop
      vertex 0.39154786963877175 5.52786404500042 28
      vertex 0 96 62
      vertex 0 8 28
    endloop
  endfacet
  facet normal -5.969826684938414e-16 0.36039927920216236 -0.9327981344055969
    outer loop
      vertex 8.540000000000006 27.84139231718305 36.18399763198711
      vertex 8.540000000000006 61.888524222987336 49.33857132286604
      vertex 17.25 21.8994682010194 33.88825422346933
    endloop
  endfacet
  facet normal 2.0356048474584473e-16 -0.3603992792021624 0.9327981344055969
    outer loop
      vertex 8 0 28
      vertex 17.25 21.03450993093421 36.12696974604276
      vertex 8 88 62
    endloop
  endfacet
  facet normal 1 0 0
    outer loop
      vertex 17.25 21.8994682010194 33.88825422346933
      vertex 17.25 66.9654900690658 53.87303025395724
      vertex 17.25 21.03450993093421 36.12696974604276
    endloop
  endfacet
  facet normal 1 0 0
    outer loop
      vertex 2.4000000000000004 16 12.6
      vertex 2.4000000000000004 96 59.4
      vertex 2.4000000000000004 8 25.4
    endloop
  endfacet
  facet normal 1 0 0
    outer loop
      vertex 3.5400000000000063 27.84139231718305 36.18399763198711
      vertex 3.5400000000000063 28.452908314061208 34.60125034594952
      vertex 3.5400000000000063 61.888524222987336 49.33857132286604
    endloop
  endfacet
  facet normal 0 0.3603992792021623 -0.9327981344055968
    outer loop
      vertex 3.5400000000000063 27.84139231718305 36.18399763198711
      vertex 8.540000000000006 61.888524222987336 49.33857132286604
      vertex 8.540000000000006 27.84139231718305 36.18399763198711
    endloop
  endfacet
  facet normal 0.3390519798311692 0.33905197983185026 -0.8775463007412583
    outer loop
      vertex 3.469504831500295 4.70840258716215 25.4
      vertex 3.549999999999997 77.16232801631698 53.42466250363925
      vertex 3.5400000000000063 62.5000402198655 47.75582403682845
    endloop
  endfacet
  facet normal 1 0 0
    outer loop
      vertex 3.5400000000000063 61.888524222987336 49.33857132286604
      vertex 3.5400000000000063 28.452908314061208 34.60125034594952
      vertex 3.5400000000000063 62.5000402198655 47.75582403682845
    endloop
  endfacet
  facet normal 7.398624563892594e-17 0.3603992792021623 -0.9327981344055968
    outer loop
      vertex 3.5400000000000063 27.84139231718305 36.18399763198711
      vertex 3.5400000000000063 61.888524222987336 49.33857132286604
      vertex 8.540000000000006 61.888524222987336 49.33857132286604
    endloop
  endfacet
  facet normal 5.37604696133992e-16 0.3603992792021625 -0.9327981344055968
    outer loop
      vertex 17.25 21.8994682010194 33.88825422346933
      vertex 8.540000000000006 61.888524222987336 49.33857132286604
      vertex 17.25 67.83044833915098 51.63431473138381
    endloop
  endfacet
  facet normal 0 -0.36039927920216225 0.9327981344055968
    outer loop
      vertex 66.95629224926233 11.558635466514701 32.465836430244316
      vertex 71.54236724972725 11.558635466514701 32.465836430244316
      vertex 17.25 21.03450993093421 36.12696974604276
    endloop
  endfacet
  facet normal 0 -0.36039927920216225 0.9327981344055969
    outer loop
      vertex 73.33442375063896 11.558635466514701 32.465836430244316
      vertex 17.25 21.03450993093421 36.12696974604276
      vertex 71.54236724972725 11.558635466514701 32.465836430244316
    endloop
  endfacet
  facet normal 0 -0.3603992792021622 0.9327981344055968
    outer loop
      vertex 73.33442375063896 11.558635466514701 32.465836430244316
      vertex 74.2191387489438 11.558635466514701 32.465836430244316
      vertex 17.25 21.03450993093421 36.12696974604276
    endloop
  endfacet
  facet normal 0 -0.3603992792021623 0.9327981344055969
    outer loop
      vertex 74.2191387489438 11.558635466514701 32.465836430244316
      vertex 76.606978751719 11.558635466514701 32.465836430244316
      vertex 17.25 21.03450993093421 36.12696974604276
    endloop
  endfacet
  facet normal 0 -0.36039927920216225 0.9327981344055968
    outer loop
      vertex 76.606978751719 11.558635466514701 32.465836430244316
      vertex 77.47817374765873 11.558635466514701 32.465836430244316
      vertex 17.25 21.03450993093421 36.12696974604276
    endloop
  endfacet
  facet normal 0 -0.36039927920216225 0.9327981344055968
    outer loop
      vertex 79.60868524760008 11.558635466514701 32.465836430244316
      vertex 17.25 21.03450993093421 36.12696974604276
      vertex 77.47817374765873 11.558635466514701 32.465836430244316
    endloop
  endfacet
  facet normal 0 -0.36039927920216225 0.9327981344055969
    outer loop
      vertex 79.60868524760008 11.558635466514701 32.465836430244316
      vertex 82.38925524801016 11.558635466514701 32.465836430244316
      vertex 17.25 21.03450993093421 36.12696974604276
    endloop
  endfacet
  facet normal -1.6330837677297433e-17 0.3603992792021638 -0.9327981344055962
    outer loop
      vertex 10.61564437270151 16.856835593647286 30.985595570272814
      vertex 9.375125624968518 17.446434788359973 31.21339525913908
      vertex 160.45999999999998 18.162635799078853 31.490109286007737
    endloop
  endfacet
  facet normal 7.85944491988133e-21 0.3603992792021608 -0.9327981344055973
    outer loop
      vertex 9.375125624968518 17.446434788359973 31.21339525913908
      vertex 8.540000000000006 18.162635799078853 31.490109286007737
      vertex 160.45999999999998 18.162635799078853 31.490109286007737
    endloop
  endfacet
  facet normal -1.6167546130668756e-19 0.9327981344055973 0.36039927920216114
    outer loop
      vertex 8.540000000000006 17.841796316355055 32.320517358939924
      vertex 160.45999999999998 18.162635799078853 31.490109286007737
      vertex 8.540000000000006 18.162635799078853 31.490109286007737
    endloop
  endfacet
  facet normal 0 -0.36039927920216225 0.9327981344055969
    outer loop
      vertex 82.38925524801016 11.558635466514701 32.465836430244316
      vertex 87.11528175324202 11.558635466514701 32.465836430244316
      vertex 17.25 21.03450993093421 36.12696974604276
    endloop
  endfacet
  facet normal 0 -0.36039927920216225 0.9327981344055968
    outer loop
      vertex 87.11528175324202 11.558635466514701 32.465836430244316
      vertex 88.38369175046682 11.558635466514701 32.465836430244316
      vertex 17.25 21.03450993093421 36.12696974604276
    endloop
  endfacet
  facet normal 0 -0.36039927920216225 0.9327981344055968
    outer loop
      vertex 91.9451132491231 11.558635466514701 32.465836430244316
      vertex 17.25 21.03450993093421 36.12696974604276
      vertex 88.38369175046682 11.558635466514701 32.465836430244316
    endloop
  endfacet
  facet normal -3.620186487743812e-18 0.3603992792021626 -0.9327981344055967
    outer loop
      vertex 10.61564437270151 16.856835593647286 30.985595570272814
      vertex 160.45999999999998 18.162635799078853 31.490109286007737
      vertex 11.600125624968513 15.93851331817533 30.63078923656774
    endloop
  endfacet
  facet normal -3.9834379826647726e-19 0.3603992792021628 -0.9327981344055964
    outer loop
      vertex 8.540000000000006 17.841796316355055 32.320517358939924
      vertex 17.25 21.8994682010194 33.88825422346933
      vertex 158.75 21.8994682010194 33.88825422346933
    endloop
  endfacet
  facet normal 0 0.9327981344055967 0.3603992792021627
    outer loop
      vertex 17.25 21.8994682010194 33.88825422346933
      vertex 17.25 21.03450993093421 36.12696974604276
      vertex 158.75 21.8994682010194 33.88825422346933
    endloop
  endfacet
  facet normal -6.539832521823908e-17 -0.3603992792021626 0.9327981344055968
    outer loop
      vertex 68.81145724654198 5.411229910342296 30.090702465359524
      vertex 68.81145724654198 10.868098998005014 32.19903824922921
      vertex 66.87952724844217 10.868098998005014 32.19903824922921
    endloop
  endfacet
  facet normal -1 0 0
    outer loop
      vertex 69.6872022524476 11.156418421366745 31.452799741704734
      vertex 69.6872022524476 5.411229910342296 30.090702465359524
      vertex 69.6872022524476 10.868098998005014 32.19903824922921
    endloop
  endfacet
  facet normal -6.539832521823908e-17 -0.3603992792021626 0.9327981344055968
    outer loop
      vertex 69.6872022524476 5.411229910342296 30.090702465359524
      vertex 71.61913225054741 10.868098998005014 32.19903824922921
      vertex 69.6872022524476 10.868098998005014 32.19903824922921
    endloop
  endfacet
  facet normal 0 0.9327981344055962 0.36039927920216347
    outer loop
      vertex 66.87952724844217 11.156418421366745 31.452799741704734
      vertex 66.87952724844217 10.868098998005014 32.19903824922921
      vertex 68.81145724654198 11.156418421366745 31.452799741704734
    endloop
  endfacet
  facet normal 4.744859332747846e-18 0.9327981344055962 0.36039927920216347
    outer loop
      vertex 68.81145724654198 11.156418421366745 31.452799741704734
      vertex 66.87952724844217 10.868098998005014 32.19903824922921
      vertex 68.81145724654198 10.868098998005014 32.19903824922921
    endloop
  endfacet
  facet normal 0.9946664877445995 -0.09621204884610941 -0.03717283705417877
    outer loop
      vertex 66.87952724844217 11.156418421366745 31.452799741704734
      vertex 66.95629224926233 11.558635466514701 32.465836430244316
      vertex 66.87952724844217 10.868098998005014 32.19903824922921
    endloop
  endfacet
  facet normal 0.9946664877445993 -0.09621204884610972 -0.037172837054178655
    outer loop
      vertex 66.87952724844217 11.156418421366745 31.452799741704734
      vertex 66.95629224926233 11.84695488987643 31.71959792271984
      vertex 66.95629224926233 11.558635466514701 32.465836430244316
    endloop
  endfacet
  facet normal 0 -0.360399279202161 0.9327981344055973
    outer loop
      vertex 66.87952724844217 11.156418421366745 31.452799741704734
      vertex 68.81145724654198 11.156418421366745 31.452799741704734
      vertex 66.95629224926233 11.84695488987643 31.71959792271984
    endloop
  endfacet
  facet normal 0 -0.36039927920216097 0.9327981344055973
    outer loop
      vertex 68.81145724654198 11.156418421366745 31.452799741704734
      vertex 69.6872022524476 11.156418421366745 31.452799741704734
      vertex 66.95629224926233 11.84695488987643 31.71959792271984
    endloop
  endfacet
  facet normal 1.7761265898576187e-19 -0.9327981344055971 -0.36039927920216164
    outer loop
      vertex 66.95629224926233 11.84695488987643 31.71959792271984
      vertex 71.54236724972725 11.558635466514701 32.465836430244316
      vertex 66.95629224926233 11.558635466514701 32.465836430244316
    endloop
  endfacet
  facet normal 0 0.9327981344055962 0.36039927920216347
    outer loop
      vertex 69.6872022524476 11.156418421366745 31.452799741704734
      vertex 69.6872022524476 10.868098998005014 32.19903824922921
      vertex 71.61913225054741 11.156418421366745 31.452799741704734
    endloop
  endfacet
  facet normal 4.744859332747846e-18 0.9327981344055962 0.36039927920216347
    outer loop
      vertex 71.61913225054741 11.156418421366745 31.452799741704734
      vertex 69.6872022524476 10.868098998005014 32.19903824922921
      vertex 71.61913225054741 10.868098998005014 32.19903824922921
    endloop
  endfacet
  facet normal 1.2621922197769028e-18 -0.360399279202161 0.9327981344055973
    outer loop
      vertex 69.6872022524476 11.156418421366745 31.452799741704734
      vertex 71.54236724972725 11.84695488987643 31.71959792271984
      vertex 66.95629224926233 11.84695488987643 31.71959792271984
    endloop
  endfacet
  facet normal 0 -0.9327981344055971 -0.36039927920216164
    outer loop
      vertex 66.95629224926233 11.84695488987643 31.71959792271984
      vertex 71.54236724972725 11.84695488987643 31.71959792271984
      vertex 71.54236724972725 11.558635466514701 32.465836430244316
    endloop
  endfacet
  facet normal 0 -0.360399279202161 0.9327981344055973
    outer loop
      vertex 69.6872022524476 11.156418421366745 31.452799741704734
      vertex 71.61913225054741 11.156418421366745 31.452799741704734
      vertex 71.54236724972725 11.84695488987643 31.71959792271984
    endloop
  endfacet
  facet normal 6.957576798726673e-17 -0.36039927920216264 0.9327981344055968
    outer loop
      vertex 69.6872022524476 5.411229910342296 30.090702465359524
      vertex 73.33442375063896 10.009127171373166 31.867162770757815
      vertex 71.61913225054741 10.868098998005014 32.19903824922921
    endloop
  endfacet
  facet normal 0.8212316946509501 0.5322498286274805 0.20564197924243524
    outer loop
      vertex 74.96839375048876 8.103785221619582 30.273373278166055
      vertex 73.33442375063896 10.297446594734895 31.120924263233338
      vertex 73.33442375063896 10.009127171373166 31.867162770757815
    endloop
  endfacet
  facet normal 0.82123169465095 0.5322498286274807 0.20564197924243488
    outer loop
      vertex 74.96839375048876 8.103785221619582 30.273373278166055
      vertex 73.33442375063896 10.009127171373166 31.867162770757815
      vertex 74.96839375048876 7.8154657982578515 31.019611785690536
    endloop
  endfacet
  facet normal -0.8297851824829483 -0.5205787110790225 -0.20113268382598545
    outer loop
      vertex 75.41526874899864 8.861683705824127 30.566197692517814
      vertex 75.41526874899864 8.573364282462398 31.312436200042292
      vertex 74.2191387489438 10.520632542518472 31.207155197604266
    endloop
  endfacet
  facet normal -1.7487496572022733e-16 -0.3603992792021624 0.9327981344055969
    outer loop
      vertex 75.41526874899864 8.573364282462398 31.312436200042292
      vertex 76.606978751719 10.219701686173405 31.948521106021545
      vertex 74.2191387489438 10.232313119156743 31.953393705128743
    endloop
  endfacet
  facet normal 0.828767635058898 -0.5219872076028257 -0.20167687566472764
    outer loop
      vertex 75.41526874899864 8.861683705824127 30.566197692517814
      vertex 76.606978751719 10.219701686173405 31.948521106021545
      vertex 75.41526874899864 8.573364282462398 31.312436200042292
    endloop
  endfacet
  facet normal -0.8212210585286761 0.5322641077063717 0.2056474961592794
    outer loop
      vertex 77.47817374765873 10.297446594734895 31.120924263233338
      vertex 75.8441387489438 7.815465798257852 31.019611785690532
      vertex 77.47817374765873 10.009127171373166 31.867162770757815
    endloop
  endfacet
  facet normal -0.9946664877445993 -0.09621204884610961 -0.03717283705417885
    outer loop
      vertex 71.61913225054741 11.156418421366745 31.452799741704734
      vertex 71.61913225054741 10.868098998005014 32.19903824922921
      vertex 71.54236724972725 11.84695488987643 31.71959792271984
    endloop
  endfacet
  facet normal -5.830858007793601e-16 -0.3603992792021616 0.9327981344055971
    outer loop
      vertex 73.33442375063896 10.297446594734895 31.120924263233338
      vertex 74.2191387489438 10.520632542518472 31.207155197604266
      vertex 73.33442375063896 11.84695488987643 31.71959792271984
    endloop
  endfacet
  facet normal 1 0 0
    outer loop
      vertex 73.33442375063896 10.297446594734895 31.120924263233338
      vertex 73.33442375063896 11.558635466514701 32.465836430244316
      vertex 73.33442375063896 10.009127171373166 31.867162770757815
    endloop
  endfacet
  facet normal 1 0 0
    outer loop
      vertex 73.33442375063896 10.297446594734895 31.120924263233338
      vertex 73.33442375063896 11.84695488987643 31.71959792271984
      vertex 73.33442375063896 11.558635466514701 32.465836430244316
    endloop
  endfacet
  facet normal -1 0 0
    outer loop
      vertex 74.2191387489438 10.520632542518472 31.207155197604266
      vertex 74.2191387489438 10.232313119156743 31.953393705128743
      vertex 74.2191387489438 11.84695488987643 31.71959792271984
    endloop
  endfacet
  facet normal 4.800978170175415e-18 -0.3603992792021602 0.9327981344055977
    outer loop
      vertex 71.61913225054741 10.868098998005014 32.19903824922921
      vertex 73.33442375063896 11.558635466514701 32.465836430244316
      vertex 71.54236724972725 11.558635466514701 32.465836430244316
    endloop
  endfacet
  facet normal 6.141381594530574e-16 -0.36039927920216147 0.932798134405597
    outer loop
      vertex 71.61913225054741 10.868098998005014 32.19903824922921
      vertex 73.33442375063896 10.009127171373166 31.867162770757815
      vertex 73.33442375063896 11.558635466514701 32.465836430244316
    endloop
  endfacet
  facet normal -1 0 0
    outer loop
      vertex 74.2191387489438 11.84695488987643 31.71959792271984
      vertex 74.2191387489438 10.232313119156743 31.953393705128743
      vertex 74.2191387489438 11.558635466514701 32.465836430244316
    endloop
  endfacet
  facet normal 1.4626471442775132e-17 -0.3603992792021612 0.9327981344055973
    outer loop
      vertex 74.2191387489438 10.520632542518472 31.207155197604266
      vertex 74.2191387489438 11.84695488987643 31.71959792271984
      vertex 73.33442375063896 11.84695488987643 31.71959792271984
    endloop
  endfacet
  facet normal 0 -0.9327981344055971 -0.36039927920216164
    outer loop
      vertex 73.33442375063896 11.84695488987643 31.71959792271984
      vertex 74.2191387489438 11.84695488987643 31.71959792271984
      vertex 74.2191387489438 11.558635466514701 32.465836430244316
    endloop
  endfacet
  facet normal -0.9946664877445995 -0.09621204884610951 -0.03717283705417858
    outer loop
      vertex 71.54236724972725 11.84695488987643 31.71959792271984
      vertex 71.61913225054741 10.868098998005014 32.19903824922921
      vertex 71.54236724972725 11.558635466514701 32.465836430244316
    endloop
  endfacet
  facet normal 9.206862963795233e-19 -0.9327981344055971 -0.36039927920216164
    outer loop
      vertex 73.33442375063896 11.84695488987643 31.71959792271984
      vertex 74.2191387489438 11.558635466514701 32.465836430244316
      vertex 73.33442375063896 11.558635466514701 32.465836430244316
    endloop
  endfacet
  facet normal -0.8297851824829483 -0.5205787110790225 -0.20113268382598545
    outer loop
      vertex 74.2191387489438 10.520632542518472 31.207155197604266
      vertex 75.41526874899864 8.573364282462398 31.312436200042292
      vertex 74.2191387489438 10.232313119156743 31.953393705128743
    endloop
  endfacet
  facet normal 0.8287676350588981 -0.521987207602825 -0.20167687566472853
    outer loop
      vertex 75.41526874899864 8.861683705824127 30.566197692517814
      vertex 76.606978751719 10.508021109535136 31.202282598497067
      vertex 76.606978751719 10.219701686173405 31.948521106021545
    endloop
  endfacet
  facet normal 1 0 0
    outer loop
      vertex 76.606978751719 10.508021109535136 31.202282598497067
      vertex 76.606978751719 11.558635466514701 32.465836430244316
      vertex 76.606978751719 10.219701686173405 31.948521106021545
    endloop
  endfacet
  facet normal 1 0 0
    outer loop
      vertex 76.606978751719 10.508021109535136 31.202282598497067
      vertex 76.606978751719 11.84695488987643 31.71959792271984
      vertex 76.606978751719 11.558635466514701 32.465836430244316
    endloop
  endfacet
  facet normal 5.41923187594698e-18 -0.36039927920216114 0.9327981344055971
    outer loop
      vertex 74.2191387489438 10.232313119156743 31.953393705128743
      vertex 76.606978751719 11.558635466514701 32.465836430244316
      vertex 74.2191387489438 11.558635466514701 32.465836430244316
    endloop
  endfacet
  facet normal -1.4913609914096889e-16 -0.3603992792021609 0.9327981344055973
    outer loop
      vertex 74.2191387489438 10.232313119156743 31.953393705128743
      vertex 76.606978751719 10.219701686173405 31.948521106021545
      vertex 76.606978751719 11.558635466514701 32.465836430244316
    endloop
  endfacet
  facet normal -8.68633546616919e-18 -0.36039927920216136 0.9327981344055971
    outer loop
      vertex 76.606978751719 10.508021109535136 31.202282598497067
      vertex 77.47817374765873 11.84695488987643 31.71959792271984
      vertex 76.606978751719 11.84695488987643 31.71959792271984
    endloop
  endfacet
  facet normal 9.349743501018138e-19 -0.932798134405597 -0.3603992792021615
    outer loop
      vertex 76.606978751719 11.84695488987643 31.71959792271984
      vertex 77.47817374765873 11.558635466514701 32.465836430244316
      vertex 76.606978751719 11.558635466514701 32.465836430244316
    endloop
  endfacet
  facet normal -3.1395929025907327e-16 -0.3603992792021623 0.9327981344055968
    outer loop
      vertex 79.60868524760008 5.411229910342296 30.090702465359524
      vertex 79.60868524760008 11.558635466514701 32.465836430244316
      vertex 75.8441387489438 7.815465798257852 31.019611785690532
    endloop
  endfacet
  facet normal 1 0 0
    outer loop
      vertex 79.60868524760008 5.699549333704026 29.344463957835046
      vertex 79.60868524760008 11.84695488987643 31.71959792271984
      vertex 79.60868524760008 11.558635466514701 32.465836430244316
    endloop
  endfacet
  facet normal -1 0 0
    outer loop
      vertex 80.4934002533555 8.587991409186854 30.46045294154432
      vertex 80.4934002533555 8.299671985825125 31.2066914490688
      vertex 80.4934002533555 11.143806995333296 31.44792714528272
    endloop
  endfacet
  facet normal 0 -0.36039927920216264 0.9327981344055968
    outer loop
      vertex 81.96948525309563 8.299671985825125 31.2066914490688
      vertex 82.93545024842024 9.31022351068786 31.597131810947584
      vertex 80.4934002533555 8.299671985825125 31.2066914490688
    endloop
  endfacet
  facet normal 0.7463880186209583 -0.6207874434311542 -0.2398496940529454
    outer loop
      vertex 81.96948525309563 8.587991409186854 30.46045294154432
      vertex 82.93545024842024 9.31022351068786 31.597131810947584
      vertex 81.96948525309563 8.299671985825125 31.2066914490688
    endloop
  endfacet
  facet normal -3.003346246381701e-16 -0.36039927920216314 0.9327981344055966
    outer loop
      vertex 80.4934002533555 8.299671985825125 31.2066914490688
      vertex 82.93545024842024 10.076549824838043 31.893212432323793
      vertex 82.00107525289059 10.855487571971567 32.1941656528072
    endloop
  endfacet
  facet normal 9.70926924497014e-16 -0.3603992792021647 0.9327981344055959
    outer loop
      vertex 82.93545024842024 9.31022351068786 31.597131810947584
      vertex 82.93545024842024 10.076549824838043 31.893212432323793
      vertex 80.4934002533555 8.299671985825125 31.2066914490688
    endloop
  endfacet
  facet normal 3.3192618836301958e-15 -0.3603992792021655 0.9327981344055957
    outer loop
      vertex 75.8441387489438 7.815465798257852 31.019611785690532
      vertex 79.60868524760008 11.558635466514701 32.465836430244316
      vertex 77.47817374765873 10.009127171373166 31.867162770757815
    endloop
  endfacet
  facet normal 2.7378646048858603e-16 -0.3603992792021615 0.9327981344055971
    outer loop
      vertex 76.606978751719 10.508021109535136 31.202282598497067
      vertex 77.47817374765873 10.297446594734895 31.120924263233338
      vertex 77.47817374765873 11.84695488987643 31.71959792271984
    endloop
  endfacet
  facet normal -1 0 0
    outer loop
      vertex 77.47817374765873 10.297446594734895 31.120924263233338
      vertex 77.47817374765873 10.009127171373166 31.867162770757815
      vertex 77.47817374765873 11.84695488987643 31.71959792271984
    endloop
  endfacet
  facet normal -1 0 0
    outer loop
      vertex 77.47817374765873 11.84695488987643 31.71959792271984
      vertex 77.47817374765873 10.009127171373166 31.867162770757815
      vertex 77.47817374765873 11.558635466514701 32.465836430244316
    endloop
  endfacet
  facet normal 0 -0.3603992792021615 0.9327981344055971
    outer loop
      vertex 79.60868524760008 11.558635466514701 32.465836430244316
      vertex 77.47817374765873 11.558635466514701 32.465836430244316
      vertex 77.47817374765873 10.009127171373166 31.867162770757815
    endloop
  endfacet
  facet normal 0 -0.932798134405597 -0.3603992792021615
    outer loop
      vertex 76.606978751719 11.84695488987643 31.71959792271984
      vertex 77.47817374765873 11.84695488987643 31.71959792271984
      vertex 77.47817374765873 11.558635466514701 32.465836430244316
    endloop
  endfacet
  facet normal -3.805066356480226e-16 -0.36039927920216214 0.9327981344055969
    outer loop
      vertex 80.4934002533555 8.587991409186854 30.46045294154432
      vertex 80.4934002533555 11.143806995333296 31.44792714528272
      vertex 79.60868524760008 11.84695488987643 31.71959792271984
    endloop
  endfacet
  facet normal -1 0 0
    outer loop
      vertex 80.4934002533555 11.143806995333296 31.44792714528272
      vertex 80.4934002533555 8.299671985825125 31.2066914490688
      vertex 80.4934002533555 10.855487571971567 32.1941656528072
    endloop
  endfacet
  facet normal 4.596768389388431e-17 -0.3603992792021633 0.9327981344055964
    outer loop
      vertex 80.4934002533555 8.299671985825125 31.2066914490688
      vertex 82.00107525289059 10.855487571971567 32.1941656528072
      vertex 80.4934002533555 10.855487571971567 32.1941656528072
    endloop
  endfacet
  facet normal 0 0.9327981344055977 0.36039927920216014
    outer loop
      vertex 80.4934002533555 11.143806995333296 31.44792714528272
      vertex 80.4934002533555 10.855487571971567 32.1941656528072
      vertex 82.00107525289059 11.143806995333296 31.44792714528272
    endloop
  endfacet
  facet normal 1.2020943072187569e-15 -0.36039927920216225 0.9327981344055969
    outer loop
      vertex 82.93545024842024 10.364869248199774 31.146973924799312
      vertex 82.38925524801016 11.84695488987643 31.71959792271984
      vertex 82.00107525289059 11.143806995333296 31.44792714528272
    endloop
  endfacet
  facet normal 2.7290153036208465e-18 0.9327981344055977 0.36039927920216014
    outer loop
      vertex 82.00107525289059 11.143806995333296 31.44792714528272
      vertex 80.4934002533555 10.855487571971567 32.1941656528072
      vertex 82.00107525289059 10.855487571971567 32.1941656528072
    endloop
  endfacet
  facet normal 0.6663671878816806 0.6955164394347186 0.2687222606906848
    outer loop
      vertex 82.93545024842024 10.364869248199774 31.146973924799312
      vertex 82.00107525289059 11.143806995333296 31.44792714528272
      vertex 82.00107525289059 10.855487571971567 32.1941656528072
    endloop
  endfacet
  facet normal -4.3155661887423155e-18 -0.36039927920216175 0.9327981344055971
    outer loop
      vertex 80.4934002533555 11.143806995333296 31.44792714528272
      vertex 82.38925524801016 11.84695488987643 31.71959792271984
      vertex 79.60868524760008 11.84695488987643 31.71959792271984
    endloop
  endfacet
  facet normal 0 -0.36039927920216175 0.9327981344055971
    outer loop
      vertex 80.4934002533555 11.143806995333296 31.44792714528272
      vertex 82.00107525289059 11.143806995333296 31.44792714528272
      vertex 82.38925524801016 11.84695488987643 31.71959792271984
    endloop
  endfacet
  facet normal 0 -0.9327981344055971 -0.36039927920216164
    outer loop
      vertex 79.60868524760008 11.84695488987643 31.71959792271984
      vertex 82.38925524801016 11.84695488987643 31.71959792271984
      vertex 82.38925524801016 11.558635466514701 32.465836430244316
    endloop
  endfacet
  facet normal 2.9294172598444687e-19 -0.9327981344055971 -0.36039927920216164
    outer loop
      vertex 79.60868524760008 11.84695488987643 31.71959792271984
      vertex 82.38925524801016 11.558635466514701 32.465836430244316
      vertex 79.60868524760008 11.558635466514701 32.465836430244316
    endloop
  endfacet
  facet normal 6.919313252679144e-16 -0.3603992792021613 0.9327981344055971
    outer loop
      vertex 85.42255175113678 7.6680697030646625 30.962663294365893
      vertex 83.80209524929523 9.082853959866585 31.509284484493907
      vertex 82.38022024929523 7.6807417668681275 30.967559319017234
    endloop
  endfacet
  facet normal -0.7264684162745135 0.6410187423301563 0.24766633226392495
    outer loop
      vertex 83.80209524929523 9.371173383228316 30.76304597696943
      vertex 82.38022024929523 7.6807417668681275 30.967559319017234
      vertex 83.80209524929523 9.082853959866585 31.509284484493907
    endloop
  endfacet
  facet normal 1 0 0
    outer loop
      vertex 82.93545024842024 9.59854293404959 30.850893303423106
      vertex 82.93545024842024 10.076549824838043 31.893212432323793
      vertex 82.93545024842024 9.31022351068786 31.597131810947584
    endloop
  endfacet
  facet normal -1 0 0
    outer loop
      vertex 83.80209524929523 9.371173383228316 30.76304597696943
      vertex 83.80209524929523 9.082853959866585 31.509284484493907
      vertex 83.80209524929523 10.651172977820385 31.257591274880003
    endloop
  endfacet
  facet normal -6.437663746141193e-16 -0.36039927920216264 0.9327981344055967
    outer loop
      vertex 85.42255175113678 7.6680697030646625 30.962663294365893
      vertex 85.42255175113678 9.331262766666946 31.605260614394048
      vertex 83.80209524929523 9.082853959866585 31.509284484493907
    endloop
  endfacet
  facet normal -6.804173768625901e-16 -0.36039927920216236 0.9327981344055968
    outer loop
      vertex 83.80209524929523 9.082853959866585 31.509284484493907
      vertex 85.42255175113678 9.331262766666946 31.605260614394048
      vertex 83.80209524929523 10.362853554458656 32.00382978240448
    endloop
  endfacet
  facet normal -1 0 0
    outer loop
      vertex 86.2892617508769 9.375356986266013 30.76466236905218
      vertex 86.2892617508769 7.912294913777211 31.057023034868468
      vertex 86.2892617508769 9.087037562904284 31.510900876576656
    endloop
  endfacet
  facet normal 2.8698459084326124e-18 -0.36039927920216297 0.9327981344055966
    outer loop
      vertex 86.2892617508769 7.912294913777211 31.057023034868468
      vertex 89.15108174830675 9.087037562904284 31.510900876576656
      vertex 86.2892617508769 9.087037562904284 31.510900876576656
    endloop
  endfacet
  facet normal 0 -0.3603992792021607 0.9327981344055974
    outer loop
      vertex 86.2892617508769 9.087037562904284 31.510900876576656
      vertex 89.15108174830675 9.087037562904284 31.510900876576656
      vertex 87.95488674938679 10.81334841529349 32.177884614999755
    endloop
  endfacet
  facet normal 1 0 0
    outer loop
      vertex 82.93545024842024 9.59854293404959 30.850893303423106
      vertex 82.93545024842024 10.364869248199774 31.146973924799312
      vertex 82.93545024842024 10.076549824838043 31.893212432323793
    endloop
  endfacet
  facet normal -1.2257751414929177e-15 -0.36039927920216014 0.9327981344055976
    outer loop
      vertex 82.93545024842024 9.59854293404959 30.850893303423106
      vertex 83.80209524929523 10.651172977820385 31.257591274880003
      vertex 82.93545024842024 10.364869248199774 31.146973924799312
    endloop
  endfacet
  facet normal 0.6663671878816814 0.6955164394347174 0.268722260690686
    outer loop
      vertex 82.93545024842024 10.364869248199774 31.146973924799312
      vertex 82.00107525289059 10.855487571971567 32.1941656528072
      vertex 82.93545024842024 10.076549824838043 31.893212432323793
    endloop
  endfacet
  facet normal -1 0 0
    outer loop
      vertex 83.80209524929523 10.651172977820385 31.257591274880003
      vertex 83.80209524929523 9.082853959866585 31.509284484493907
      vertex 83.80209524929523 10.362853554458656 32.00382978240448
    endloop
  endfacet
  facet normal -2.7425196478473515e-16 -0.36039927920216275 0.9327981344055966
    outer loop
      vertex 82.93545024842024 10.364869248199774 31.146973924799312
      vertex 83.80209524929523 10.651172977820385 31.257591274880003
      vertex 82.38925524801016 11.84695488987643 31.71959792271984
    endloop
  endfacet
  facet normal -0.6719636068630596 -0.690815531010838 -0.2669060006178231
    outer loop
      vertex 83.80209524929523 10.651172977820385 31.257591274880003
      vertex 83.80209524929523 10.362853554458656 32.00382978240448
      vertex 82.38925524801016 11.84695488987643 31.71959792271984
    endloop
  endfacet
  facet normal -0.6719636068630596 -0.690815531010838 -0.2669060006178231
    outer loop
      vertex 82.38925524801016 11.84695488987643 31.71959792271984
      vertex 83.80209524929523 10.362853554458656 32.00382978240448
      vertex 82.38925524801016 11.558635466514701 32.465836430244316
    endloop
  endfacet
  facet normal -8.712958755337248e-18 -0.3603992792021624 0.9327981344055968
    outer loop
      vertex 83.80209524929523 10.362853554458656 32.00382978240448
      vertex 87.11528175324202 11.558635466514701 32.465836430244316
      vertex 82.38925524801016 11.558635466514701 32.465836430244316
    endloop
  endfacet
  facet normal -1.7395343158099062e-16 -0.3603992792021623 0.9327981344055969
    outer loop
      vertex 85.42255175113678 9.619582190028675 30.85902210686957
      vertex 86.2892617508769 9.375356986266013 30.76466236905218
      vertex 87.53056675195694 11.101667838655219 31.43164610747528
    endloop
  endfacet
  facet normal 0.8158079474514683 -0.5394585352773791 -0.20842716135716863
    outer loop
      vertex 85.42255175113678 9.619582190028675 30.85902210686957
      vertex 87.11528175324202 11.558635466514701 32.465836430244316
      vertex 85.42255175113678 9.331262766666946 31.605260614394048
    endloop
  endfacet
  facet normal 0.8158079474514683 -0.539458535277379 -0.2084271613571686
    outer loop
      vertex 85.42255175113678 9.619582190028675 30.85902210686957
      vertex 87.11528175324202 11.84695488987643 31.71959792271984
      vertex 87.11528175324202 11.558635466514701 32.465836430244316
    endloop
  endfacet
  facet normal -0.830489858546396 0.5196000396297366 0.2007545607660341
    outer loop
      vertex 86.2892617508769 9.375356986266013 30.76466236905218
      vertex 86.2892617508769 9.087037562904284 31.510900876576656
      vertex 87.53056675195694 11.101667838655219 31.43164610747528
    endloop
  endfacet
  facet normal -0.8304898585463958 0.5196000396297364 0.20075456076603504
    outer loop
      vertex 87.53056675195694 11.101667838655219 31.43164610747528
      vertex 86.2892617508769 9.087037562904284 31.510900876576656
      vertex 87.53056675195694 10.81334841529349 32.177884614999755
    endloop
  endfacet
  facet normal -4.6528197668914095e-17 -0.3603992792021607 0.9327981344055973
    outer loop
      vertex 86.2892617508769 9.087037562904284 31.510900876576656
      vertex 87.95488674938679 10.81334841529349 32.177884614999755
      vertex 87.53056675195694 10.81334841529349 32.177884614999755
    endloop
  endfacet
  facet normal -8.867142177882423e-16 -0.36039927920216147 0.9327981344055971
    outer loop
      vertex 85.42255175113678 9.619582190028675 30.85902210686957
      vertex 87.53056675195694 11.101667838655219 31.43164610747528
      vertex 87.11528175324202 11.84695488987643 31.71959792271984
    endloop
  endfacet
  facet normal -5.857320445396454e-18 0.9327981344055966 0.36039927920216314
    outer loop
      vertex 87.95488674938679 11.101667838655219 31.43164610747528
      vertex 87.53056675195694 10.81334841529349 32.177884614999755
      vertex 87.95488674938679 10.81334841529349 32.177884614999755
    endloop
  endfacet
  facet normal 0 -0.36039927920216097 0.9327981344055973
    outer loop
      vertex 87.53056675195694 11.101667838655219 31.43164610747528
      vertex 87.95488674938679 11.101667838655219 31.43164610747528
      vertex 87.11528175324202 11.84695488987643 31.71959792271984
    endloop
  endfacet
  facet normal 0 0.9327981344055966 0.36039927920216314
    outer loop
      vertex 87.53056675195694 11.101667838655219 31.43164610747528
      vertex 87.53056675195694 10.81334841529349 32.177884614999755
      vertex 87.95488674938679 11.101667838655219 31.43164610747528
    endloop
  endfacet
  facet normal -2.6271474670546863e-16 -0.3603992792021618 0.932798134405597
    outer loop
      vertex 83.80209524929523 10.362853554458656 32.00382978240448
      vertex 85.42255175113678 9.331262766666946 31.605260614394048
      vertex 87.11528175324202 11.558635466514701 32.465836430244316
    endloop
  endfacet
  facet normal -1.871836553236124e-19 -0.360399279202161 0.9327981344055974
    outer loop
      vertex 87.95488674938679 11.101667838655219 31.43164610747528
      vertex 88.38369175046682 11.84695488987643 31.71959792271984
      vertex 87.11528175324202 11.84695488987643 31.71959792271984
    endloop
  endfacet
  facet normal 0 -0.932798134405597 -0.3603992792021616
    outer loop
      vertex 87.11528175324202 11.84695488987643 31.71959792271984
      vertex 88.38369175046682 11.84695488987643 31.71959792271984
      vertex 88.38369175046682 11.558635466514701 32.465836430244316
    endloop
  endfacet
  facet normal 6.421779841871873e-19 -0.932798134405597 -0.3603992792021616
    outer loop
      vertex 87.11528175324202 11.84695488987643 31.71959792271984
      vertex 88.38369175046682 11.558635466514701 32.465836430244316
      vertex 87.11528175324202 11.558635466514701 32.465836430244316
    endloop
  endfacet
  facet normal 0 -0.36039927920216225 0.9327981344055969
    outer loop
      vertex 91.9451132491231 11.558635466514701 32.465836430244316
      vertex 95.73227325081825 11.558635466514701 32.465836430244316
      vertex 17.25 21.03450993093421 36.12696974604276
    endloop
  endfacet
  facet normal 0 -0.3603992792021623 0.9327981344055969
    outer loop
      vertex 95.73227325081825 11.558635466514701 32.465836430244316
      vertex 98.0569397509098 11.558635466514701 32.465836430244316
      vertex 17.25 21.03450993093421 36.12696974604276
    endloop
  endfacet
  facet normal 0 -0.36039927920216225 0.9327981344055969
    outer loop
      vertex 98.0569397509098 11.558635466514701 32.465836430244316
      vertex 98.84233474731445 11.558635466514701 32.465836430244316
      vertex 17.25 21.03450993093421 36.12696974604276
    endloop
  endfacet
  facet normal 5.843886590954187e-16 -0.3603992792021579 0.9327981344055986
    outer loop
      vertex 101.18954975157976 11.562819069552399 32.46745282232706
      vertex 17.25 21.03450993093421 36.12696974604276
      vertex 98.84233474731445 11.558635466514701 32.465836430244316
    endloop
  endfacet
  facet normal 0 0 -1
    outer loop
      vertex 2.4000000000000004 8 0
      vertex 0 96 0
      vertex 2.4000000000000004 96 0
    endloop
  endfacet
  facet normal 1 0 0
    outer loop
      vertex 2.4000000000000004 16 12.6
      vertex 2.4000000000000004 96 0
      vertex 2.4000000000000004 96 59.4
    endloop
  endfacet
  facet normal -1 0 0
    outer loop
      vertex 0 8 28
      vertex 0 96 62
      vertex 0 96 0
    endloop
  endfacet
  facet normal 0 0 -1
    outer loop
      vertex 0 96 0
      vertex 2.674083508747141 97.7304951684997 0
      vertex 2.4000000000000004 96 0
    endloop
  endfacet
  facet normal 0 0 -1
    outer loop
      vertex 0 96 0
      vertex 0.39154786963877175 98.47213595499957 0
      vertex 1.5278640450004204 100.70228201833979 0
    endloop
  endfacet
  facet normal 0 0 -1
    outer loop
      vertex 0 96 0
      vertex 3.469504831500295 99.29159741283785 0
      vertex 2.674083508747141 97.7304951684997 0
    endloop
  endfacet
  facet normal 0 0 -1
    outer loop
      vertex 0 96 0
      vertex 4.70840258716215 100.5304951684997 0
      vertex 3.469504831500295 99.29159741283785 0
    endloop
  endfacet
  facet normal 0 0 -1
    outer loop
      vertex 0 96 0
      vertex 1.5278640450004204 100.70228201833979 0
      vertex 3.297717981660215 102.47213595499957 0
    endloop
  endfacet
  facet normal 0 0 -1
    outer loop
      vertex 0 96 0
      vertex 8 104 0
      vertex 4.70840258716215 100.5304951684997 0
    endloop
  endfacet
  facet normal 0 0 -1
    outer loop
      vertex 0 96 0
      vertex 3.297717981660215 102.47213595499957 0
      vertex 8 104 0
    endloop
  endfacet
  facet normal 0 0 -1
    outer loop
      vertex 4.70840258716215 100.5304951684997 0
      vertex 8 104 0
      vertex 6.269504831500295 101.32591649125285 0
    endloop
  endfacet
  facet normal 0 0 -1
    outer loop
      vertex 6.269504831500295 101.32591649125285 0
      vertex 8 104 0
      vertex 8 101.6 0
    endloop
  endfacet
  facet normal 0 0 -1
    outer loop
      vertex 3.297717981660215 102.47213595499957 0
      vertex 5.52786404500042 103.60845213036123 0
      vertex 8 104 0
    endloop
  endfacet
  facet normal 0.9876883405951375 -0.15643446504023156 5.492994932835144e-20
    outer loop
      vertex 2.4000000000000004 96 0
      vertex 2.674083508747141 97.7304951684997 0
      vertex 2.674083508747141 97.7304951684997 59.4
    endloop
  endfacet
  facet normal -0.9876883405951375 0.15643446504023142 -2.6528791703957308e-19
    outer loop
      vertex 0 96 0
      vertex 0.39154786963877175 98.47213595499957 62
      vertex 0.39154786963877175 98.47213595499957 0
    endloop
  endfacet
  facet normal -0.8910065241883687 0.4539904997395452 0
    outer loop
      vertex 0.39154786963877175 98.47213595499957 0
      vertex 0.39154786963877175 98.47213595499957 62
      vertex 1.5278640450004204 100.70228201833979 0
    endloop
  endfacet
  facet normal 0.891006524188368 -0.4539904997395466 -8.95046361825155e-19
    outer loop
      vertex 2.674083508747141 97.7304951684997 0
      vertex 3.469504831500295 99.29159741283785 0
      vertex 3.469504831500295 99.29159741283785 59.4
    endloop
  endfacet
  facet normal 0.7071067811865467 -0.7071067811865482 -2.0393975168748128e-19
    outer loop
      vertex 3.469504831500295 99.29159741283785 0
      vertex 4.70840258716215 100.5304951684997 0
      vertex 4.70840258716215 100.5304951684997 59.4
    endloop
  endfacet
  facet normal -0.7071067811865458 0.7071067811865493 -2.0150372971641024e-19
    outer loop
      vertex 1.5278640450004204 100.70228201833979 0
      vertex 3.297717981660215 102.47213595499957 62
      vertex 3.297717981660215 102.47213595499957 0
    endloop
  endfacet
  facet normal -0.45399049973954914 0.8910065241883666 0
    outer loop
      vertex 3.297717981660215 102.47213595499957 0
      vertex 3.297717981660215 102.47213595499957 62
      vertex 5.52786404500042 103.60845213036123 0
    endloop
  endfacet
  facet normal 0.45399049973954775 -0.8910065241883672 6.693317291686996e-19
    outer loop
      vertex 4.70840258716215 100.5304951684997 0
      vertex 6.269504831500295 101.32591649125285 0
      vertex 6.269504831500295 101.32591649125285 59.4
    endloop
  endfacet
  facet normal 0.15643446504023067 -0.9876883405951377 1.8228062816536554e-19
    outer loop
      vertex 6.269504831500295 101.32591649125285 0
      vertex 8 101.6 0
      vertex 8 101.6 59.4
    endloop
  endfacet
  facet normal -0.15643446504023062 0.9876883405951378 -6.355429423109366e-20
    outer loop
      vertex 5.52786404500042 103.60845213036123 0
      vertex 8 104 62
      vertex 8 104 0
    endloop
  endfacet
  facet normal 0 -1 0
    outer loop
      vertex 8 101.6 0
      vertex 75.8 101.6 2.6
      vertex 65.8 101.6 2.6
    endloop
  endfacet
  facet normal 0 -1 0
    outer loop
      vertex 8 101.6 0
      vertex 65.8 101.6 2.6
      vertex 65.8 101.6 12.6
    endloop
  endfacet
  facet normal -1 0 0
    outer loop
      vertex 65.8 101.6 2.6
      vertex 65.8 91.4389128858727 2.6
      vertex 65.8 89.1 8.653656881082298
    endloop
  endfacet
  facet normal 0 0 -1
    outer loop
      vertex 8 101.6 0
      vertex 8 104 0
      vertex 172.7022820183398 102.47213595499957 0
    endloop
  endfacet
  facet normal 0 1 0
    outer loop
      vertex 8 104 0
      vertex 94.32977180033922 104 10.752786409854888
      vertex 94.55278640836477 104 10.639154788851737
    endloop
  endfacet
  facet normal 0 1 0
    outer loop
      vertex 8 104 0
      vertex 94.15278640985488 104 10.929771800339221
      vertex 94.32977180033922 104 10.752786409854888
    endloop
  endfacet
  facet normal 0 1 0
    outer loop
      vertex 8 104 0
      vertex 94.55278640836477 104 10.639154788851737
      vertex 94.80000000298023 104 10.600000005960464
    endloop
  endfacet
  facet normal 0 1 0
    outer loop
      vertex 8 104 0
      vertex 94.03915478885173 104 11.152786408364772
      vertex 94.15278640985488 104 10.929771800339221
    endloop
  endfacet
  facet normal 0 1 0
    outer loop
      vertex 8 104 0
      vertex 94.00000000596046 104 11.400000002980232
      vertex 94.03915478885173 104 11.152786408364772
    endloop
  endfacet
  facet normal -1 0 0
    outer loop
      vertex 65.8 89.1 12.6
      vertex 65.8 101.6 2.6
      vertex 65.8 89.1 8.653656881082298
    endloop
  endfacet
  facet normal -1 0 0
    outer loop
      vertex 65.8 89.1 12.6
      vertex 65.8 101.6 12.6
      vertex 65.8 101.6 2.6
    endloop
  endfacet
  facet normal 0 1 0
    outer loop
      vertex 8 104 0
      vertex 94.00000000596046 104 13.999999997019767
      vertex 94.00000000596046 104 11.400000002980232
    endloop
  endfacet
  facet normal 0 1 0
    outer loop
      vertex 8 104 0
      vertex 94.03915478885173 104 14.247213591635226
      vertex 94.00000000596046 104 13.999999997019767
    endloop
  endfacet
  facet normal 0 1 0
    outer loop
      vertex 8 104 0
      vertex 94.15278640985488 104 14.470228199660777
      vertex 94.03915478885173 104 14.247213591635226
    endloop
  endfacet
  facet normal 0 1 0
    outer loop
      vertex 8 104 0
      vertex 94.32977180033922 104 14.64721359014511
      vertex 94.15278640985488 104 14.470228199660777
    endloop
  endfacet
  facet normal 0 1 0
    outer loop
      vertex 8 104 0
      vertex 94.55278640836477 104 14.760845211148261
      vertex 94.32977180033922 104 14.64721359014511
    endloop
  endfacet
  facet normal 6.401977245256806e-17 -0.9327981344055969 -0.3603992792021618
    outer loop
      vertex 75.8 89.1 8.6536568810823
      vertex 65.8 89.1 8.653656881082298
      vertex 65.8 91.4389128858727 2.6
    endloop
  endfacet
  facet normal -8.981798946852919e-18 -0.932798134405597 -0.3603992792021617
    outer loop
      vertex 75.8 89.1 8.6536568810823
      vertex 65.8 91.4389128858727 2.6
      vertex 75.8 91.4389128858727 2.6
    endloop
  endfacet
  facet normal 0 -1 0
    outer loop
      vertex 65.8 89.1 12.6
      vertex 65.8 89.1 8.653656881082298
      vertex 75.8 89.1 8.6536568810823
    endloop
  endfacet
  facet normal 1 0 0
    outer loop
      vertex 75.8 89.1 12.6
      vertex 75.8 89.1 8.6536568810823
      vertex 75.8 91.4389128858727 2.6
    endloop
  endfacet
  facet normal 0 -1 0
    outer loop
      vertex 65.8 89.1 12.6
      vertex 75.8 89.1 8.6536568810823
      vertex 75.8 89.1 12.6
    endloop
  endfacet
  facet normal 0 0 -1
    outer loop
      vertex 70.05835921350013 91.81746436089162 2.6
      vertex 65.8 91.4389128858727 2.6
      vertex 69.38931539449806 92.15835921350012 2.6
    endloop
  endfacet
  facet normal 0 0 -1
    outer loop
      vertex 69.38931539449806 92.15835921350012 2.6
      vertex 65.8 91.4389128858727 2.6
      vertex 68.85835921350012 92.68931539449805 2.6
    endloop
  endfacet
  facet normal 0 0 -1
    outer loop
      vertex 68.85835921350012 92.68931539449805 2.6
      vertex 65.8 91.4389128858727 2.6
      vertex 68.51746436089162 93.35835921350012 2.6
    endloop
  endfacet
  facet normal 0 0 -1
    outer loop
      vertex 65.8 91.4389128858727 2.6
      vertex 68.39999999999999 94.1 2.6
      vertex 68.51746436089162 93.35835921350012 2.6
    endloop
  endfacet
  facet normal 0 0 -1
    outer loop
      vertex 70.05835921350013 91.81746436089162 2.6
      vertex 70.8 91.69999999999999 2.6
      vertex 65.8 91.4389128858727 2.6
    endloop
  endfacet
  facet normal 0 0 -1
    outer loop
      vertex 75.8 91.4389128858727 2.6
      vertex 65.8 91.4389128858727 2.6
      vertex 70.8 91.69999999999999 2.6
    endloop
  endfacet
  facet normal 0 0 -1
    outer loop
      vertex 65.8 101.6 2.6
      vertex 68.39999999999999 94.1 2.6
      vertex 65.8 91.4389128858727 2.6
    endloop
  endfacet
  facet normal 0 0 -1
    outer loop
      vertex 65.8 101.6 2.6
      vertex 68.51746436089162 94.84164078649987 2.6
      vertex 68.39999999999999 94.1 2.6
    endloop
  endfacet
  facet normal 0 0 -1
    outer loop
      vertex 65.8 101.6 2.6
      vertex 68.85835921350012 95.51068460550194 2.6
      vertex 68.51746436089162 94.84164078649987 2.6
    endloop
  endfacet
  facet normal 0 0 -1
    outer loop
      vertex 75.8 91.4389128858727 2.6
      vertex 70.8 91.69999999999999 2.6
      vertex 71.54164078649987 91.81746436089162 2.6
    endloop
  endfacet
  facet normal 0 0 -1
    outer loop
      vertex 75.8 91.4389128858727 2.6
      vertex 71.54164078649987 91.81746436089162 2.6
      vertex 72.21068460550194 92.15835921350012 2.6
    endloop
  endfacet
  facet normal 0 0 -1
    outer loop
      vertex 75.8 91.4389128858727 2.6
      vertex 72.21068460550194 92.15835921350012 2.6
      vertex 72.74164078649987 92.68931539449805 2.6
    endloop
  endfacet
  facet normal 0 0 -1
    outer loop
      vertex 75.8 91.4389128858727 2.6
      vertex 72.74164078649987 92.68931539449805 2.6
      vertex 73.08253563910837 93.35835921350012 2.6
    endloop
  endfacet
  facet normal 0 0 -1
    outer loop
      vertex 75.8 91.4389128858727 2.6
      vertex 73.08253563910837 93.35835921350012 2.6
      vertex 73.2 94.1 2.6
    endloop
  endfacet
  facet normal 0 0 -1
    outer loop
      vertex 75.8 91.4389128858727 2.6
      vertex 73.2 94.1 2.6
      vertex 73.08253563910837 94.84164078649987 2.6
    endloop
  endfacet
  facet normal 0 0 -1
    outer loop
      vertex 75.8 101.6 2.6
      vertex 73.08253563910837 94.84164078649987 2.6
      vertex 72.74164078649987 95.51068460550194 2.6
    endloop
  endfacet
  facet normal 0 0 -1
    outer loop
      vertex 75.8 101.6 2.6
      vertex 75.8 91.4389128858727 2.6
      vertex 73.08253563910837 94.84164078649987 2.6
    endloop
  endfacet
  facet normal 0.8910065241883673 0.4539904997395477 0
    outer loop
      vertex 68.51746436089162 93.35835921350012 9.2
      vertex 68.85835921350012 92.68931539449805 2.6
      vertex 68.51746436089162 93.35835921350012 2.6
    endloop
  endfacet
  facet normal 0.9876883405951377 0.1564344650402311 0
    outer loop
      vertex 68.39999999999999 94.1 9.2
      vertex 68.51746436089162 93.35835921350012 2.6
      vertex 68.39999999999999 94.1 2.6
    endloop
  endfacet
  facet normal 0.7071067811865476 0.7071067811865476 0
    outer loop
      vertex 68.85835921350012 92.68931539449805 9.2
      vertex 69.38931539449806 92.15835921350012 2.6
      vertex 68.85835921350012 92.68931539449805 2.6
    endloop
  endfacet
  facet normal 0.4539904997395477 0.8910065241883673 0
    outer loop
      vertex 69.38931539449806 92.15835921350012 9.2
      vertex 70.05835921350013 91.81746436089162 2.6
      vertex 69.38931539449806 92.15835921350012 2.6
    endloop
  endfacet
  facet normal 0.1564344650402311 0.9876883405951377 0
    outer loop
      vertex 70.05835921350013 91.81746436089162 9.2
      vertex 70.8 91.69999999999999 2.6
      vertex 70.05835921350013 91.81746436089162 2.6
    endloop
  endfacet
  facet normal -0.1564344650402311 0.9876883405951377 0
    outer loop
      vertex 70.8 91.69999999999999 9.2
      vertex 71.54164078649987 91.81746436089162 2.6
      vertex 70.8 91.69999999999999 2.6
    endloop
  endfacet
  facet normal 0.8910065241883673 0.4539904997395477 0
    outer loop
      vertex 68.85835921350012 92.68931539449805 9.2
      vertex 68.85835921350012 92.68931539449805 2.6
      vertex 68.51746436089162 93.35835921350012 9.2
    endloop
  endfacet
  facet normal 0.9876883405951377 0.1564344650402311 0
    outer loop
      vertex 68.51746436089162 93.35835921350012 9.2
      vertex 68.51746436089162 93.35835921350012 2.6
      vertex 68.39999999999999 94.1 9.2
    endloop
  endfacet
  facet normal 0.7071067811865476 0.7071067811865476 0
    outer loop
      vertex 69.38931539449806 92.15835921350012 9.2
      vertex 69.38931539449806 92.15835921350012 2.6
      vertex 68.85835921350012 92.68931539449805 9.2
    endloop
  endfacet
  facet normal 0.4539904997395477 0.8910065241883673 -7.271978535899268e-19
    outer loop
      vertex 69.38931539449806 92.15835921350012 9.2
      vertex 70.05835921350013 91.81746436089162 9.2
      vertex 70.05835921350013 91.81746436089162 2.6
    endloop
  endfacet
  facet normal 0.1564344650402311 0.9876883405951377 7.462381237372012e-19
    outer loop
      vertex 70.05835921350013 91.81746436089162 9.2
      vertex 70.8 91.69999999999999 9.2
      vertex 70.8 91.69999999999999 2.6
    endloop
  endfacet
  facet normal -0.1564344650402311 0.9876883405951377 -7.462381237372012e-19
    outer loop
      vertex 70.8 91.69999999999999 9.2
      vertex 71.54164078649987 91.81746436089162 9.2
      vertex 71.54164078649987 91.81746436089162 2.6
    endloop
  endfacet
  facet normal 0.9876883405951377 -0.1564344650402311 0
    outer loop
      vertex 68.51746436089162 94.84164078649987 9.2
      vertex 68.39999999999999 94.1 2.6
      vertex 68.51746436089162 94.84164078649987 2.6
    endloop
  endfacet
  facet normal 0.8910065241883673 -0.4539904997395477 0
    outer loop
      vertex 68.85835921350012 95.51068460550194 9.2
      vertex 68.51746436089162 94.84164078649987 2.6
      vertex 68.85835921350012 95.51068460550194 2.6
    endloop
  endfacet
  facet normal 0.7071067811865476 -0.7071067811865476 0
    outer loop
      vertex 69.38931539449806 96.04164078649987 9.2
      vertex 68.85835921350012 95.51068460550194 2.6
      vertex 69.38931539449806 96.04164078649987 2.6
    endloop
  endfacet
  facet normal 0.4539904997395477 -0.8910065241883673 0
    outer loop
      vertex 70.05835921350013 96.38253563910837 9.2
      vertex 69.38931539449806 96.04164078649987 2.6
      vertex 70.05835921350013 96.38253563910837 2.6
    endloop
  endfacet
  facet normal 0.1564344650402311 -0.9876883405951377 0
    outer loop
      vertex 70.8 96.5 9.2
      vertex 70.05835921350013 96.38253563910837 2.6
      vertex 70.8 96.5 2.6
    endloop
  endfacet
  facet normal -0.1564344650402311 -0.9876883405951377 0
    outer loop
      vertex 71.54164078649987 96.38253563910837 9.2
      vertex 70.8 96.5 2.6
      vertex 71.54164078649987 96.38253563910837 2.6
    endloop
  endfacet
  facet normal 0.9876883405951377 -0.1564344650402311 0
    outer loop
      vertex 68.39999999999999 94.1 9.2
      vertex 68.39999999999999 94.1 2.6
      vertex 68.51746436089162 94.84164078649987 9.2
    endloop
  endfacet
  facet normal 0.8910065241883673 -0.4539904997395477 0
    outer loop
      vertex 68.51746436089162 94.84164078649987 9.2
      vertex 68.51746436089162 94.84164078649987 2.6
      vertex 68.85835921350012 95.51068460550194 9.2
    endloop
  endfacet
  facet normal 0.7071067811865476 -0.7071067811865476 0
    outer loop
      vertex 68.85835921350012 95.51068460550194 9.2
      vertex 68.85835921350012 95.51068460550194 2.6
      vertex 69.38931539449806 96.04164078649987 9.2
    endloop
  endfacet
  facet normal 0.4539904997395477 -0.8910065241883673 0
    outer loop
      vertex 69.38931539449806 96.04164078649987 9.2
      vertex 69.38931539449806 96.04164078649987 2.6
      vertex 70.05835921350013 96.38253563910837 9.2
    endloop
  endfacet
  facet normal 0.1564344650402311 -0.9876883405951377 0
    outer loop
      vertex 70.05835921350013 96.38253563910837 9.2
      vertex 70.05835921350013 96.38253563910837 2.6
      vertex 70.8 96.5 9.2
    endloop
  endfacet
  facet normal -0.1564344650402311 -0.9876883405951377 7.462381237372012e-19
    outer loop
      vertex 71.54164078649987 96.38253563910837 9.2
      vertex 70.8 96.5 9.2
      vertex 70.8 96.5 2.6
    endloop
  endfacet
  facet normal -0.4539904997395477 0.8910065241883673 0
    outer loop
      vertex 71.54164078649987 91.81746436089162 9.2
      vertex 72.21068460550194 92.15835921350012 2.6
      vertex 71.54164078649987 91.81746436089162 2.6
    endloop
  endfacet
  facet normal -0.7071067811865476 0.7071067811865476 0
    outer loop
      vertex 72.21068460550194 92.15835921350012 9.2
      vertex 72.74164078649987 92.68931539449805 2.6
      vertex 72.21068460550194 92.15835921350012 2.6
    endloop
  endfacet
  facet normal -0.8910065241883673 0.4539904997395477 0
    outer loop
      vertex 72.74164078649987 92.68931539449805 9.2
      vertex 73.08253563910837 93.35835921350012 2.6
      vertex 72.74164078649987 92.68931539449805 2.6
    endloop
  endfacet
  facet normal -0.9876883405951377 0.1564344650402311 0
    outer loop
      vertex 73.08253563910837 93.35835921350012 9.2
      vertex 73.2 94.1 2.6
      vertex 73.08253563910837 93.35835921350012 2.6
    endloop
  endfacet
  facet normal -0.4539904997395477 0.8910065241883673 7.271978535899268e-19
    outer loop
      vertex 71.54164078649987 91.81746436089162 9.2
      vertex 72.21068460550194 92.15835921350012 9.2
      vertex 72.21068460550194 92.15835921350012 2.6
    endloop
  endfacet
  facet normal -0.7071067811865476 0.7071067811865476 2.391361950162497e-18
    outer loop
      vertex 72.21068460550194 92.15835921350012 9.2
      vertex 72.74164078649987 92.68931539449805 9.2
      vertex 72.74164078649987 92.68931539449805 2.6
    endloop
  endfacet
  facet normal -0.8910065241883673 0.4539904997395477 7.271978535899268e-19
    outer loop
      vertex 72.74164078649987 92.68931539449805 9.2
      vertex 73.08253563910837 93.35835921350012 9.2
      vertex 73.08253563910837 93.35835921350012 2.6
    endloop
  endfacet
  facet normal -0.9876883405951377 0.1564344650402311 -7.462381237372012e-19
    outer loop
      vertex 73.08253563910837 93.35835921350012 9.2
      vertex 73.2 94.1 9.2
      vertex 73.2 94.1 2.6
    endloop
  endfacet
  facet normal -0.7071067811865476 -0.7071067811865476 0
    outer loop
      vertex 72.74164078649987 95.51068460550194 9.2
      vertex 72.21068460550194 96.04164078649987 2.6
      vertex 72.74164078649987 95.51068460550194 2.6
    endloop
  endfacet
  facet normal -0.9876883405951377 -0.1564344650402311 0
    outer loop
      vertex 73.2 94.1 9.2
      vertex 73.08253563910837 94.84164078649987 2.6
      vertex 73.2 94.1 2.6
    endloop
  endfacet
  facet normal -0.8910065241883673 -0.4539904997395477 0
    outer loop
      vertex 73.08253563910837 94.84164078649987 9.2
      vertex 72.74164078649987 95.51068460550194 2.6
      vertex 73.08253563910837 94.84164078649987 2.6
    endloop
  endfacet
  facet normal -0.4539904997395477 -0.8910065241883673 0
    outer loop
      vertex 72.21068460550194 96.04164078649987 9.2
      vertex 71.54164078649987 96.38253563910837 2.6
      vertex 72.21068460550194 96.04164078649987 2.6
    endloop
  endfacet
  facet normal -0.8910065241883673 -0.4539904997395477 0
    outer loop
      vertex 72.74164078649987 95.51068460550194 9.2
      vertex 72.74164078649987 95.51068460550194 2.6
      vertex 73.08253563910837 94.84164078649987 9.2
    endloop
  endfacet
  facet normal -0.7071067811865476 -0.7071067811865476 -2.391361950162497e-18
    outer loop
      vertex 72.74164078649987 95.51068460550194 9.2
      vertex 72.21068460550194 96.04164078649987 9.2
      vertex 72.21068460550194 96.04164078649987 2.6
    endloop
  endfacet
  facet normal -0.9876883405951377 -0.1564344650402311 7.462381237372012e-19
    outer loop
      vertex 73.2 94.1 9.2
      vertex 73.08253563910837 94.84164078649987 9.2
      vertex 73.08253563910837 94.84164078649987 2.6
    endloop
  endfacet
  facet normal -0.4539904997395477 -0.8910065241883673 0
    outer loop
      vertex 71.54164078649987 96.38253563910837 9.2
      vertex 71.54164078649987 96.38253563910837 2.6
      vertex 72.21068460550194 96.04164078649987 9.2
    endloop
  endfacet
  facet normal 0 0 -1
    outer loop
      vertex 65.8 101.6 2.6
      vertex 69.38931539449806 96.04164078649987 2.6
      vertex 68.85835921350012 95.51068460550194 2.6
    endloop
  endfacet
  facet normal 0 0 -1
    outer loop
      vertex 65.8 101.6 2.6
      vertex 70.05835921350013 96.38253563910837 2.6
      vertex 69.38931539449806 96.04164078649987 2.6
    endloop
  endfacet
  facet normal 0 0 -1
    outer loop
      vertex 65.8 101.6 2.6
      vertex 70.8 96.5 2.6
      vertex 70.05835921350013 96.38253563910837 2.6
    endloop
  endfacet
  facet normal 0 0 -1
    outer loop
      vertex 65.8 101.6 2.6
      vertex 71.54164078649987 96.38253563910837 2.6
      vertex 70.8 96.5 2.6
    endloop
  endfacet
  facet normal 0 0 -1
    outer loop
      vertex 65.8 101.6 2.6
      vertex 75.8 101.6 2.6
      vertex 71.54164078649987 96.38253563910837 2.6
    endloop
  endfacet
  facet normal 0 0 -1
    outer loop
      vertex 75.8 101.6 2.6
      vertex 72.21068460550194 96.04164078649987 2.6
      vertex 71.54164078649987 96.38253563910837 2.6
    endloop
  endfacet
  facet normal 0 0 -1
    outer loop
      vertex 75.8 101.6 2.6
      vertex 72.74164078649987 95.51068460550194 2.6
      vertex 72.21068460550194 96.04164078649987 2.6
    endloop
  endfacet
  facet normal 0 1 0
    outer loop
      vertex 8 104 0
      vertex 94.80000000298023 104 10.600000005960464
      vertex 102.89999999701976 104 10.600000005960464
    endloop
  endfacet
  facet normal 1 0 0
    outer loop
      vertex 75.8 101.6 2.6
      vertex 75.8 101.6 12.6
      vertex 75.8 91.4389128858727 2.6
    endloop
  endfacet
  facet normal 0 1 0
    outer loop
      vertex 8 104 0
      vertex 102.89999999701976 104 10.600000005960464
      vertex 110.30000000298023 104 10.600000005960464
    endloop
  endfacet
  facet normal 0 -1 0
    outer loop
      vertex 8 101.6 0
      vertex 168 101.6 0
      vertex 75.8 101.6 2.6
    endloop
  endfacet
  facet normal 0 1 0
    outer loop
      vertex 8 104 0
      vertex 110.30000000298023 104 10.600000005960464
      vertex 118.39999999701976 104 10.600000005960464
    endloop
  endfacet
  facet normal 0 1 0
    outer loop
      vertex 8 104 0
      vertex 118.39999999701976 104 10.600000005960464
      vertex 136.14999999701976 104 11.600000005960464
    endloop
  endfacet
  facet normal 0 0 -1
    outer loop
      vertex 68.85835921350012 92.68931539449805 9.2
      vertex 68.51746436089162 93.35835921350012 9.2
      vertex 68.51746436089162 94.84164078649987 9.2
    endloop
  endfacet
  facet normal 0 0 -1
    outer loop
      vertex 68.51746436089162 93.35835921350012 9.2
      vertex 68.39999999999999 94.1 9.2
      vertex 68.51746436089162 94.84164078649987 9.2
    endloop
  endfacet
  facet normal 0 0 -1
    outer loop
      vertex 69.38931539449806 92.15835921350012 9.2
      vertex 69.38931539449806 96.04164078649987 9.2
      vertex 70.05835921350013 91.81746436089162 9.2
    endloop
  endfacet
  facet normal 0 0 -1
    outer loop
      vertex 69.38931539449806 92.15835921350012 9.2
      vertex 68.85835921350012 92.68931539449805 9.2
      vertex 68.85835921350012 95.51068460550194 9.2
    endloop
  endfacet
  facet normal 0 0 -1
    outer loop
      vertex 70.05835921350013 91.81746436089162 9.2
      vertex 70.05835921350013 96.38253563910837 9.2
      vertex 70.8 91.69999999999999 9.2
    endloop
  endfacet
  facet normal 0 0 -1
    outer loop
      vertex 70.8 91.69999999999999 9.2
      vertex 70.8 96.5 9.2
      vertex 71.54164078649987 91.81746436089162 9.2
    endloop
  endfacet
  facet normal 0 0 -1
    outer loop
      vertex 68.85835921350012 92.68931539449805 9.2
      vertex 68.51746436089162 94.84164078649987 9.2
      vertex 68.85835921350012 95.51068460550194 9.2
    endloop
  endfacet
  facet normal 0 0 -1
    outer loop
      vertex 69.38931539449806 92.15835921350012 9.2
      vertex 68.85835921350012 95.51068460550194 9.2
      vertex 69.38931539449806 96.04164078649987 9.2
    endloop
  endfacet
  facet normal 0 0 -1
    outer loop
      vertex 70.05835921350013 91.81746436089162 9.2
      vertex 69.38931539449806 96.04164078649987 9.2
      vertex 70.05835921350013 96.38253563910837 9.2
    endloop
  endfacet
  facet normal 0 0 -1
    outer loop
      vertex 70.8 91.69999999999999 9.2
      vertex 70.05835921350013 96.38253563910837 9.2
      vertex 70.8 96.5 9.2
    endloop
  endfacet
  facet normal 0 0 -1
    outer loop
      vertex 71.54164078649987 91.81746436089162 9.2
      vertex 70.8 96.5 9.2
      vertex 71.54164078649987 96.38253563910837 9.2
    endloop
  endfacet
  facet normal 0 0 -1
    outer loop
      vertex 71.54164078649987 91.81746436089162 9.2
      vertex 71.54164078649987 96.38253563910837 9.2
      vertex 72.21068460550194 92.15835921350012 9.2
    endloop
  endfacet
  facet normal 0 0 -1
    outer loop
      vertex 72.21068460550194 92.15835921350012 9.2
      vertex 72.21068460550194 96.04164078649987 9.2
      vertex 72.74164078649987 92.68931539449805 9.2
    endloop
  endfacet
  facet normal 0 0 -1
    outer loop
      vertex 72.74164078649987 92.68931539449805 9.2
      vertex 72.74164078649987 95.51068460550194 9.2
      vertex 73.08253563910837 93.35835921350012 9.2
    endloop
  endfacet
  facet normal 0 0 -1
    outer loop
      vertex 73.08253563910837 93.35835921350012 9.2
      vertex 73.08253563910837 94.84164078649987 9.2
      vertex 73.2 94.1 9.2
    endloop
  endfacet
  facet normal 1 0 0
    outer loop
      vertex 75.8 89.1 12.6
      vertex 75.8 91.4389128858727 2.6
      vertex 75.8 101.6 12.6
    endloop
  endfacet
  facet normal 0 0 -1
    outer loop
      vertex 72.21068460550194 92.15835921350012 9.2
      vertex 71.54164078649987 96.38253563910837 9.2
      vertex 72.21068460550194 96.04164078649987 9.2
    endloop
  endfacet
  facet normal 0 0 -1
    outer loop
      vertex 72.74164078649987 92.68931539449805 9.2
      vertex 72.21068460550194 96.04164078649987 9.2
      vertex 72.74164078649987 95.51068460550194 9.2
    endloop
  endfacet
  facet normal 0 0 -1
    outer loop
      vertex 72.74164078649987 95.51068460550194 9.2
      vertex 73.08253563910837 94.84164078649987 9.2
      vertex 73.08253563910837 93.35835921350012 9.2
    endloop
  endfacet
  facet normal 0 0 1
    outer loop
      vertex 65.8 89.1 12.6
      vertex 75.8 89.1 12.6
      vertex 65.8 101.6 12.6
    endloop
  endfacet
  facet normal 0 0 1
    outer loop
      vertex 65.8 101.6 12.6
      vertex 75.8 89.1 12.6
      vertex 75.8 101.6 12.6
    endloop
  endfacet
  facet normal 0 -1 0
    outer loop
      vertex 75.8 101.6 12.6
      vertex 94.15278640985488 101.6 10.929771800339221
      vertex 94.03915478885173 101.6 11.152786408364772
    endloop
  endfacet
  facet normal 0 -1 0
    outer loop
      vertex 75.8 101.6 12.6
      vertex 94.03915478885173 101.6 11.152786408364772
      vertex 94.00000000596046 101.6 11.400000002980232
    endloop
  endfacet
  facet normal 0 -1 0
    outer loop
      vertex 75.8 101.6 12.6
      vertex 94.00000000596046 101.6 11.400000002980232
      vertex 94.00000000596046 101.6 13.999999997019767
    endloop
  endfacet
  facet normal 0 -1 0
    outer loop
      vertex 75.8 101.6 12.6
      vertex 94.00000000596046 101.6 13.999999997019767
      vertex 94.03915478885173 101.6 14.247213591635226
    endloop
  endfacet
  facet normal 0 -1 0
    outer loop
      vertex 75.8 101.6 12.6
      vertex 94.03915478885173 101.6 14.247213591635226
      vertex 94.15278640985488 101.6 14.470228199660777
    endloop
  endfacet
  facet normal 0 -1 0
    outer loop
      vertex 8 101.6 0
      vertex 65.8 101.6 12.6
      vertex 168 101.6 59.4
    endloop
  endfacet
  facet normal 0.339051979831767 0.33905197983177227 -0.8775463007410577
    outer loop
      vertex 3.469504831500295 4.70840258716215 25.4
      vertex 3.469504831500295 92.70840258716215 59.4
      vertex 3.549999999999997 77.16232801631698 53.42466250363925
    endloop
  endfacet
  facet normal 1 0 0
    outer loop
      vertex 17.25 21.8994682010194 33.88825422346933
      vertex 17.25 67.83044833915098 51.63431473138381
      vertex 17.25 66.9654900690658 53.87303025395724
    endloop
  endfacet
  facet normal -1.6365746056759428e-15 -0.9327981344055963 -0.3603992792021635
    outer loop
      vertex 3.5400000000000063 61.888524222987336 49.33857132286604
      vertex 3.5400000000000063 62.5000402198655 47.75582403682845
      vertex 4.70840258716215 62.348279164723984 48.14861735601824
    endloop
  endfacet
  facet normal 0.5774681697558639 0.2942347287635815 -0.7615487097410346
    outer loop
      vertex 2.674083508747141 6.269504831500295 25.4
      vertex 2.674083508747141 94.2695048315003 59.4
      vertex 3.469504831500295 92.70840258716215 59.4
    endloop
  endfacet
  facet normal -9.394734782850462e-16 -0.9327981344055966 -0.36039927920216297
    outer loop
      vertex 3.5400000000000063 61.888524222987336 49.33857132286604
      vertex 4.70840258716215 62.348279164723984 48.14861735601824
      vertex 6.269504831500295 62.244963765948405 48.41602191755503
    endloop
  endfacet
  facet normal 0 -0.9327981344055976 -0.3603992792021606
    outer loop
      vertex 3.5400000000000063 61.888524222987336 49.33857132286604
      vertex 6.269504831500295 62.244963765948405 48.41602191755503
      vertex 8.540000000000006 61.888524222987336 49.33857132286604
    endloop
  endfacet
  facet normal 3.7698909353605905e-16 -0.9327981344055971 -0.3603992792021613
    outer loop
      vertex 8.540000000000006 61.888524222987336 49.33857132286604
      vertex 6.269504831500295 62.244963765948405 48.41602191755503
      vertex 8 62.209363705711134 48.50816324993385
    endloop
  endfacet
  facet normal 7.567981580355185e-15 -0.9327981344055957 -0.3603992792021654
    outer loop
      vertex 8.540000000000006 61.888524222987336 49.33857132286604
      vertex 8 62.209363705711134 48.50816324993385
      vertex 8.540000000000006 62.20936370571114 48.508163249933844
    endloop
  endfacet
  facet normal -0.3390519798317695 -0.3390519798317718 0.8775463007410567
    outer loop
      vertex 3.297717981660215 1.5278640450004204 28
      vertex 3.297717981660215 89.52786404500043 62
      vertex 1.5278640450004204 91.29771798166021 62
    endloop
  endfacet
  facet normal -0.18061263926455096 -0.35447226324761744 0.9174576225232449
    outer loop
      vertex 3.297717981660215 1.5278640450004204 28
      vertex 5.52786404500042 88.39154786963877 62
      vertex 3.297717981660215 89.52786404500043 62
    endloop
  endfacet
  facet normal -0.5774681697558653 -0.29423472876358114 0.7615487097410334
    outer loop
      vertex 0.39154786963877175 5.52786404500042 28
      vertex 1.5278640450004204 91.29771798166021 62
      vertex 0.39154786963877175 93.52786404500043 62
    endloop
  endfacet
  facet normal -0.056988869835940856 -0.359813563246291 0.9312821636962826
    outer loop
      vertex 5.52786404500042 0.39154786963877175 28
      vertex 8 88 62
      vertex 5.52786404500042 88.39154786963877 62
    endloop
  endfacet
  facet normal -6.972847504230353e-17 -0.3603992792021624 0.9327981344055967
    outer loop
      vertex 8 88 62
      vertex 17.25 21.03450993093421 36.12696974604276
      vertex 17.25 66.9654900690658 53.87303025395724
    endloop
  endfacet
  facet normal 0.9154940231085246 0.14500000847050293 -0.37529413957071345
    outer loop
      vertex 2.4000000000000004 8 25.4
      vertex 2.4000000000000004 96 59.4
      vertex 2.674083508747141 94.2695048315003 59.4
    endloop
  endfacet
  facet normal 0.33905197983177376 0.3390519798317712 -0.8775463007410554
    outer loop
      vertex 4.70840258716215 74.28420310576851 52.76022433323999
      vertex 4.70840258716215 62.348279164723984 48.14861735601824
      vertex 3.5400000000000063 62.5000402198655 47.75582403682845
    endloop
  endfacet
  facet normal 0.18061263926454682 0.35447226324761777 -0.9174576225232455
    outer loop
      vertex 6.269504831500295 73.12966237376241 52.62147365239226
      vertex 6.269504831500295 62.244963765948405 48.41602191755503
      vertex 4.70840258716215 62.348279164723984 48.14861735601824
    endloop
  endfacet
  facet normal 0.056988869835946275 0.35981356324629055 -0.9312821636962824
    outer loop
      vertex 8 72.7219986804622 52.56986312654222
      vertex 8 62.209363705711134 48.50816324993385
      vertex 6.269504831500295 62.244963765948405 48.41602191755503
    endloop
  endfacet
  facet normal -1.701614866930986e-14 0.3603992792021629 -0.9327981344055966
    outer loop
      vertex 8 62.209363705711134 48.50816324993385
      vertex 8.540000000000006 72.20895970653912 52.371643522981024
      vertex 8.540000000000006 62.20936370571114 48.508163249933844
    endloop
  endfacet
  facet normal 1 0 0
    outer loop
      vertex 8.540000000000006 61.888524222987336 49.33857132286604
      vertex 8.540000000000006 62.20936370571114 48.508163249933844
      vertex 8.540000000000006 71.88812022381532 53.20205159591322
    endloop
  endfacet
  facet normal -0.9154940231085256 -0.14500000847050215 0.37529413957071145
    outer loop
      vertex 0.39154786963877175 5.52786404500042 28
      vertex 0.39154786963877175 93.52786404500043 62
      vertex 0 96 62
    endloop
  endfacet
  facet normal 0.18061263926454596 0.35447226324761794 -0.9174576225232457
    outer loop
      vertex 5.38435562729849 73.60894008336959 52.632396795095275
      vertex 6.269504831500295 73.12966237376241 52.62147365239226
      vertex 4.70840258716215 62.348279164723984 48.14861735601824
    endloop
  endfacet
  facet normal 0.33905197983176516 0.3390519798317728 -0.877546300741058
    outer loop
      vertex 4.399874375031487 74.61207164794124 52.76769673348351
      vertex 3.5400000000000063 62.5000402198655 47.75582403682845
      vertex 3.7677985024865706 75.8513240651916 53.002287671210624
    endloop
  endfacet
  facet normal 0.3390519798317748 0.3390519798317709 -0.877546300741055
    outer loop
      vertex 4.70840258716215 74.28420310576851 52.76022433323999
      vertex 3.5400000000000063 62.5000402198655 47.75582403682845
      vertex 4.399874375031487 74.61207164794124 52.76769673348351
    endloop
  endfacet
  facet normal 0.18061263926455423 0.354472263247617 -0.9174576225232445
    outer loop
      vertex 5.38435562729849 73.60894008336959 52.632396795095275
      vertex 4.70840258716215 62.348279164723984 48.14861735601824
      vertex 4.70840258716215 74.28420310576851 52.76022433323999
    endloop
  endfacet
  facet normal 0.05698886983594095 0.35981356324629116 -0.9312821636962825
    outer loop
      vertex 6.624874375031482 72.95345005083942 52.575138098227235
      vertex 6.269504831500295 62.244963765948405 48.41602191755503
      vertex 6.269504831500295 73.12966237376241 52.62147365239226
    endloop
  endfacet
  facet normal 1.3912870247883582e-15 0.36039927920216214 -0.9327981344055969
    outer loop
      vertex 8 72.7219986804622 52.56986312654222
      vertex 8.540000000000006 72.20895970653912 52.371643522981024
      vertex 8 62.209363705711134 48.50816324993385
    endloop
  endfacet
  facet normal 0.05698886983594393 0.359813563246291 -0.9312821636962823
    outer loop
      vertex 6.624874375031482 72.95345005083942 52.575138098227235
      vertex 8 72.7219986804622 52.56986312654222
      vertex 6.269504831500295 62.244963765948405 48.41602191755503
    endloop
  endfacet
  facet normal 1 0 0
    outer loop
      vertex 8.540000000000006 71.88812022381532 53.20205159591322
      vertex 8.540000000000006 62.20936370571114 48.508163249933844
      vertex 8.540000000000006 72.20895970653912 52.371643522981024
    endloop
  endfacet
  facet normal -0.1564344650402401 -0.9213138414813032 -0.35596216602686603
    outer loop
      vertex 6.624874375031482 74.22611799094395 49.28117401795669
      vertex 8 74.02295595414813 49.20267959464922
      vertex 6.624874375031482 72.95345005083942 52.575138098227235
    endloop
  endfacet
  facet normal 4.308653885061849e-15 0.360399279202162 -0.932798134405597
    outer loop
      vertex 6.624874375031482 74.22611799094395 49.28117401795669
      vertex 8 75.9351921296796 49.94149811701365
      vertex 8 74.02295595414813 49.20267959464922
    endloop
  endfacet
  facet normal 0.15643446504024014 -0.9213138414813035 -0.35596216602686537
    outer loop
      vertex 8 74.02295595414813 49.20267959464922
      vertex 9.375125624968518 74.22611799094395 49.28117401795669
      vertex 8 72.7219986804622 52.56986312654222
    endloop
  endfacet
  facet normal -4.4129082426816566e-15 0.3603992792021663 -0.9327981344055953
    outer loop
      vertex 5.38435562729849 74.81571718565662 49.50897370682296
      vertex 7.258359213500128 76.04476266637846 49.983832188010936
      vertex 6.624874375031482 74.22611799094395 49.28117401795669
    endloop
  endfacet
  facet normal 2.228942882358764e-15 0.36039927920215736 -0.9327981344055987
    outer loop
      vertex 5.38435562729849 74.81571718565662 49.50897370682296
      vertex 6.589315394498058 76.36274874892014 50.10669044717476
      vertex 7.258359213500128 76.04476266637846 49.983832188010936
    endloop
  endfacet
  facet normal -5.448221755475329e-15 0.3603992792021627 -0.9327981344055968
    outer loop
      vertex 5.38435562729849 74.81571718565662 49.50897370682296
      vertex 6.058359213500125 76.85802368400614 50.29804667209436
      vertex 6.589315394498058 76.36274874892014 50.10669044717476
    endloop
  endfacet
  facet normal 8.150959772075838e-17 0.3603992792021649 -0.9327981344055958
    outer loop
      vertex 6.624874375031482 74.22611799094395 49.28117401795669
      vertex 7.258359213500128 76.04476266637846 49.983832188010936
      vertex 8 75.9351921296796 49.94149811701365
    endloop
  endfacet
  facet normal 5.156538477321139e-16 0.36039927920216197 -0.932798134405597
    outer loop
      vertex 8 74.02295595414813 49.20267959464922
      vertex 8 75.9351921296796 49.94149811701365
      vertex 8.741640786499872 76.04476266637846 49.983832188010936
    endloop
  endfacet
  facet normal -1.0591984512401778e-14 0.36039927920216414 -0.9327981344055961
    outer loop
      vertex 5.38435562729849 74.81571718565662 49.50897370682296
      vertex 5.717464360891626 77.48210651020686 50.53916958221737
      vertex 6.058359213500125 76.85802368400614 50.29804667209436
    endloop
  endfacet
  facet normal 2.1528326031747353e-14 0.36039927920216064 -0.9327981344055974
    outer loop
      vertex 5.38435562729849 74.81571718565662 49.50897370682296
      vertex 5.599999999999994 78.17390765225304 50.80645638709884
      vertex 5.717464360891626 77.48210651020686 50.53916958221737
    endloop
  endfacet
  facet normal -4.584456183755502e-15 0.36039927920216364 -0.9327981344055962
    outer loop
      vertex 8 74.02295595414813 49.20267959464922
      vertex 8.741640786499872 76.04476266637846 49.983832188010936
      vertex 9.375125624968518 74.22611799094395 49.28117401795669
    endloop
  endfacet
  facet normal -5.404523540411133e-15 0.3603992792021633 -0.9327981344055964
    outer loop
      vertex 9.375125624968518 74.22611799094395 49.28117401795669
      vertex 8.741640786499872 76.04476266637846 49.983832188010936
      vertex 9.410684605501942 76.36274874892014 50.10669044717476
    endloop
  endfacet
  facet normal 4.6859106586744245e-15 0.36039927920216325 -0.9327981344055966
    outer loop
      vertex 9.375125624968518 74.22611799094395 49.28117401795669
      vertex 9.410684605501942 76.36274874892014 50.10669044717476
      vertex 9.941640786499875 76.85802368400614 50.29804667209436
    endloop
  endfacet
  facet normal 6.28561412198736e-15 0.36039927920216286 -0.9327981344055966
    outer loop
      vertex 9.375125624968518 74.22611799094395 49.28117401795669
      vertex 9.941640786499875 76.85802368400614 50.29804667209436
      vertex 10.61564437270151 74.81571718565662 49.50897370682296
    endloop
  endfacet
  facet normal -1.4577021960542357e-15 0.3603992792021607 -0.9327981344055976
    outer loop
      vertex 10.61564437270151 74.81571718565662 49.50897370682296
      vertex 9.941640786499875 76.85802368400614 50.29804667209436
      vertex 10.282535639108374 77.48210651020686 50.53916958221736
    endloop
  endfacet
  facet normal 1.9068482621180006e-14 0.36039927920216297 -0.9327981344055966
    outer loop
      vertex 10.61564437270151 74.81571718565662 49.50897370682296
      vertex 10.282535639108374 77.48210651020686 50.53916958221736
      vertex 10.400000000000006 78.17390765225304 50.80645638709884
    endloop
  endfacet
  facet normal 0.3390519798317836 0.33905197983177016 -0.8775463007410519
    outer loop
      vertex 3.7677985024865706 75.8513240651916 53.002287671210624
      vertex 3.5400000000000063 62.5000402198655 47.75582403682845
      vertex 3.549999999999997 77.16232801631698 53.42466250363925
    endloop
  endfacet
  facet normal -0.7071067811865489 -0.6595878863163567 -0.2548407742585929
    outer loop
      vertex 5.38435562729849 74.81571718565662 49.50897370682296
      vertex 5.38435562729849 73.60894008336959 52.632396795095275
      vertex 4.70840258716215 74.28420310576851 52.76022433323999
    endloop
  endfacet
  facet normal -0.7071067811865593 -0.6595878863163452 -0.2548407742585932
    outer loop
      vertex 5.38435562729849 74.81571718565662 49.50897370682296
      vertex 4.70840258716215 74.28420310576851 52.76022433323999
      vertex 4.399874375031487 74.61207164794124 52.76769673348351
    endloop
  endfacet
  facet normal -0.8910065241883685 -0.4234814911949127 -0.16361784887076233
    outer loop
      vertex 4.399874375031487 75.73403946112857 49.86378004052803
      vertex 3.7677985024865706 75.8513240651916 53.002287671210624
      vertex 3.7677985024865706 76.89119303470908 50.31086210304777
    endloop
  endfacet
  facet normal -0.7071067811865495 -0.6595878863163569 -0.2548407742585909
    outer loop
      vertex 5.38435562729849 74.81571718565662 49.50897370682296
      vertex 4.399874375031487 74.61207164794124 52.76769673348351
      vertex 4.399874375031487 75.73403946112857 49.86378004052803
    endloop
  endfacet
  facet normal -0.891006524188367 -0.4234814911949157 -0.16361784887076192
    outer loop
      vertex 4.399874375031487 75.73403946112857 49.86378004052803
      vertex 4.399874375031487 74.61207164794124 52.76769673348351
      vertex 3.7677985024865706 75.8513240651916 53.002287671210624
    endloop
  endfacet
  facet normal -4.535639857663753e-15 0.3603992792021612 -0.9327981344055973
    outer loop
      vertex 4.399874375031487 75.73403946112857 49.86378004052803
      vertex 3.7677985024865706 76.89119303470908 50.31086210304777
      vertex 4.399874375031487 80.61377584337751 51.749132733669654
    endloop
  endfacet
  facet normal 6.695862666151914e-16 0.3603992792021618 -0.932798134405597
    outer loop
      vertex 5.38435562729849 74.81571718565662 49.50897370682296
      vertex 4.399874375031487 75.73403946112857 49.86378004052803
      vertex 5.38435562729849 81.53209811884945 52.103939067374725
    endloop
  endfacet
  facet normal -0.987688340595137 -0.14592177714626856 -0.0563788684428767
    outer loop
      vertex 3.7677985024865706 76.89119303470908 50.31086210304777
      vertex 3.7677985024865706 75.8513240651916 53.002287671210624
      vertex 3.549999999999997 77.16232801631698 53.42466250363925
    endloop
  endfacet
  facet normal -0.9876883405951369 -0.14592177714626986 -0.05637886844287658
    outer loop
      vertex 3.7677985024865706 76.89119303470908 50.31086210304777
      vertex 3.549999999999997 77.16232801631698 53.42466250363925
      vertex 3.549999999999997 78.17390765225304 50.80645638709884
    endloop
  endfacet
  facet normal -0.987688340595137 0.14592177714626905 0.05637886844287627
    outer loop
      vertex 3.549999999999997 77.16232801631698 53.42466250363925
      vertex 3.7677985024865706 78.41675330027954 53.993476239312784
      vertex 3.549999999999997 78.17390765225304 50.80645638709884
    endloop
  endfacet
  facet normal -0.4539904997395402 -0.8311292235061282 -0.32111810908191274
    outer loop
      vertex 5.38435562729849 74.81571718565662 49.50897370682296
      vertex 6.624874375031482 74.22611799094395 49.28117401795669
      vertex 6.269504831500295 73.12966237376241 52.62147365239226
    endloop
  endfacet
  facet normal -0.45399049973953687 -0.8311292235061293 -0.3211181090819143
    outer loop
      vertex 5.38435562729849 74.81571718565662 49.50897370682296
      vertex 6.269504831500295 73.12966237376241 52.62147365239226
      vertex 5.38435562729849 73.60894008336959 52.632396795095275
    endloop
  endfacet
  facet normal -0.45399049973953587 -0.8311292235061304 -0.321118109081913
    outer loop
      vertex 6.624874375031482 74.22611799094395 49.28117401795669
      vertex 6.624874375031482 72.95345005083942 52.575138098227235
      vertex 6.269504831500295 73.12966237376241 52.62147365239226
    endloop
  endfacet
  facet normal -0.1564344650402384 -0.9213138414813038 -0.3559621660268655
    outer loop
      vertex 8 74.02295595414813 49.20267959464922
      vertex 8 72.7219986804622 52.56986312654222
      vertex 6.624874375031482 72.95345005083942 52.575138098227235
    endloop
  endfacet
  facet normal 0.4539904997395401 -0.8311292235061288 -0.32111810908191096
    outer loop
      vertex 9.375125624968518 74.22611799094395 49.28117401795669
      vertex 10.61564437270151 74.81571718565662 49.50897370682296
      vertex 9.375125624968518 72.92516071725802 52.64835754984969
    endloop
  endfacet
  facet normal 0.7071067811865493 -0.6595878863163568 -0.25484077425859103
    outer loop
      vertex 10.61564437270151 74.81571718565662 49.50897370682296
      vertex 11.600125624968513 75.73403946112857 49.86378004052803
      vertex 10.61564437270151 73.5147599119707 52.876157238715955
    endloop
  endfacet
  facet normal 0.156434465040242 -0.9213138414813035 -0.3559621660268646
    outer loop
      vertex 9.375125624968518 74.22611799094395 49.28117401795669
      vertex 9.375125624968518 72.92516071725802 52.64835754984969
      vertex 8 72.7219986804622 52.56986312654222
    endloop
  endfacet
  facet normal 0.45399049973953864 -0.8311292235061293 -0.32111810908191185
    outer loop
      vertex 10.61564437270151 74.81571718565662 49.50897370682296
      vertex 10.61564437270151 73.5147599119707 52.876157238715955
      vertex 9.375125624968518 72.92516071725802 52.64835754984969
    endloop
  endfacet
  facet normal 4.330868535238356e-15 -0.9327981344055983 -0.3603992792021585
    outer loop
      vertex 8.540000000000006 71.88812022381532 53.20205159591322
      vertex 8.540000000000006 72.20895970653912 52.371643522981024
      vertex 11.600125624968513 72.20895970653913 52.371643522981024
    endloop
  endfacet
  facet normal 6.011354988292766e-16 0.3603992792021614 -0.9327981344055971
    outer loop
      vertex 8 72.7219986804622 52.56986312654222
      vertex 9.375125624968518 72.92516071725802 52.64835754984969
      vertex 8.540000000000006 72.20895970653912 52.371643522981024
    endloop
  endfacet
  facet normal 3.1740856012696928e-15 0.36039927920215875 -0.9327981344055981
    outer loop
      vertex 9.375125624968518 72.92516071725802 52.64835754984969
      vertex 10.61564437270151 73.5147599119707 52.876157238715955
      vertex 8.540000000000006 72.20895970653912 52.371643522981024
    endloop
  endfacet
  facet normal -1.6709394344003139e-15 0.36039927920216547 -0.9327981344055956
    outer loop
      vertex 10.61564437270151 73.5147599119707 52.876157238715955
      vertex 11.600125624968513 72.20895970653913 52.371643522981024
      vertex 8.540000000000006 72.20895970653912 52.371643522981024
    endloop
  endfacet
  facet normal 0.7071067811865551 0.6595878863163509 0.25484077425859036
    outer loop
      vertex 6.058359213500125 75.12810714383576 54.775477717241216
      vertex 6.589315394498058 76.36274874892014 50.10669044717476
      vertex 6.058359213500125 76.85802368400614 50.29804667209436
    endloop
  endfacet
  facet normal 0.15643446504022365 0.9213138414813051 0.35596216602686775
    outer loop
      vertex 7.258359213500128 74.31484612620808 54.4612632331578
      vertex 8 75.9351921296796 49.94149811701365
      vertex 7.258359213500128 76.04476266637846 49.983832188010936
    endloop
  endfacet
  facet normal -0.15643446504022362 0.9213138414813051 0.3559621660268683
    outer loop
      vertex 8 74.20527558950923 54.41892916216051
      vertex 8.741640786499872 76.04476266637846 49.983832188010936
      vertex 8 75.9351921296796 49.94149811701365
    endloop
  endfacet
  facet normal 0.4539904997395466 0.831129223506125 0.32111810908191174
    outer loop
      vertex 7.258359213500128 74.31484612620808 54.4612632331578
      vertex 7.258359213500128 76.04476266637846 49.983832188010936
      vertex 6.589315394498058 76.36274874892014 50.10669044717476
    endloop
  endfacet
  facet normal 0.8910065241883659 0.42348149119491735 0.16361784887076372
    outer loop
      vertex 5.717464360891626 75.75218997003648 55.01660062736423
      vertex 6.058359213500125 76.85802368400614 50.29804667209436
      vertex 5.717464360891626 77.48210651020686 50.53916958221737
    endloop
  endfacet
  facet normal 0.9876883405951374 0.14592177714626664 0.056378868442875714
    outer loop
      vertex 5.599999999999994 76.44399111208266 55.283887432245706
      vertex 5.717464360891626 77.48210651020686 50.53916958221737
      vertex 5.599999999999994 78.17390765225304 50.80645638709884
    endloop
  endfacet
  facet normal -0.45399049973954636 0.8311292235061251 0.32111810908191185
    outer loop
      vertex 8.741640786499872 74.31484612620808 54.4612632331578
      vertex 9.410684605501942 76.36274874892014 50.10669044717476
      vertex 8.741640786499872 76.04476266637846 49.983832188010936
    endloop
  endfacet
  facet normal -0.7071067811865551 0.659587886316351 0.25484077425859003
    outer loop
      vertex 9.410684605501942 74.63283220874976 54.58412149232163
      vertex 9.941640786499875 76.85802368400614 50.29804667209436
      vertex 9.410684605501942 76.36274874892014 50.10669044717476
    endloop
  endfacet
  facet normal -0.8910065241883651 0.4234814911949186 0.1636178488707642
    outer loop
      vertex 9.941640786499875 75.12810714383576 54.775477717241216
      vertex 10.282535639108374 77.48210651020686 50.53916958221736
      vertex 9.941640786499875 76.85802368400614 50.29804667209436
    endloop
  endfacet
  facet normal -0.9876883405951375 0.14592177714626617 0.056378868442875534
    outer loop
      vertex 10.282535639108374 75.75218997003648 55.01660062736423
      vertex 10.400000000000006 78.17390765225304 50.80645638709884
      vertex 10.282535639108374 77.48210651020686 50.53916958221736
    endloop
  endfacet
  facet normal 0.4539904997395464 0.8311292235061251 0.32111810908191185
    outer loop
      vertex 7.258359213500128 74.31484612620808 54.4612632331578
      vertex 6.589315394498058 76.36274874892014 50.10669044717476
      vertex 6.589315394498058 74.63283220874976 54.58412149232163
    endloop
  endfacet
  facet normal 0.7071067811865535 0.6595878863163526 0.2548407742585907
    outer loop
      vertex 6.058359213500125 75.12810714383576 54.775477717241216
      vertex 6.589315394498058 74.63283220874976 54.58412149232163
      vertex 6.589315394498058 76.36274874892014 50.10669044717476
    endloop
  endfacet
  facet normal 0.15643446504022704 0.9213138414813046 0.3559621660268681
    outer loop
      vertex 7.258359213500128 74.31484612620808 54.4612632331578
      vertex 8 74.20527558950923 54.41892916216051
      vertex 8 75.9351921296796 49.94149811701365
    endloop
  endfacet
  facet normal 0.891006524188366 0.4234814911949173 0.1636178488707637
    outer loop
      vertex 6.058359213500125 75.12810714383576 54.775477717241216
      vertex 6.058359213500125 76.85802368400614 50.29804667209436
      vertex 5.717464360891626 75.75218997003648 55.01660062736423
    endloop
  endfacet
  facet normal 0.9876883405951374 0.1459217771462661 0.0563788684428756
    outer loop
      vertex 5.717464360891626 75.75218997003648 55.01660062736423
      vertex 5.717464360891626 77.48210651020686 50.53916958221737
      vertex 5.599999999999994 76.44399111208266 55.283887432245706
    endloop
  endfacet
  facet normal 0.987688340595138 -0.14592177714626361 -0.05637886844287454
    outer loop
      vertex 5.599999999999994 76.44399111208266 55.283887432245706
      vertex 5.599999999999994 78.17390765225304 50.80645638709884
      vertex 5.717464360891626 77.13579225412884 55.551174237127185
    endloop
  endfacet
  facet normal 0.891006524188366 -0.4234814911949173 -0.1636178488707637
    outer loop
      vertex 5.717464360891626 77.13579225412884 55.551174237127185
      vertex 5.717464360891626 78.86570879429922 51.07374319198033
      vertex 6.058359213500125 77.75987508032956 55.792297147250196
    endloop
  endfacet
  facet normal -0.156434465040227 0.9213138414813047 0.3559621660268676
    outer loop
      vertex 8 74.20527558950923 54.41892916216051
      vertex 8.741640786499872 74.31484612620808 54.4612632331578
      vertex 8.741640786499872 76.04476266637846 49.983832188010936
    endloop
  endfacet
  facet normal -0.45399049973954647 0.8311292235061251 0.32111810908191185
    outer loop
      vertex 8.741640786499872 74.31484612620808 54.4612632331578
      vertex 9.410684605501942 74.63283220874976 54.58412149232163
      vertex 9.410684605501942 76.36274874892014 50.10669044717476
    endloop
  endfacet
  facet normal -0.7071067811865533 0.6595878863163525 0.25484077425859103
    outer loop
      vertex 9.410684605501942 74.63283220874976 54.58412149232163
      vertex 9.941640786499875 75.12810714383576 54.775477717241216
      vertex 9.941640786499875 76.85802368400614 50.29804667209436
    endloop
  endfacet
  facet normal -0.8910065241883659 0.4234814911949174 0.16361784887076347
    outer loop
      vertex 9.941640786499875 75.12810714383576 54.775477717241216
      vertex 10.282535639108374 75.75218997003648 55.01660062736423
      vertex 10.282535639108374 77.48210651020686 50.53916958221736
    endloop
  endfacet
  facet normal -0.987688340595138 -0.14592177714626361 -0.05637886844287455
    outer loop
      vertex 10.400000000000006 76.44399111208266 55.283887432245706
      vertex 10.282535639108374 78.86570879429922 51.07374319198032
      vertex 10.400000000000006 78.17390765225304 50.80645638709884
    endloop
  endfacet
  facet normal -0.9876883405951375 0.14592177714626617 0.056378868442875534
    outer loop
      vertex 10.282535639108374 75.75218997003648 55.01660062736423
      vertex 10.400000000000006 76.44399111208266 55.283887432245706
      vertex 10.400000000000006 78.17390765225304 50.80645638709884
    endloop
  endfacet
  facet normal -0.987688340595138 -0.14592177714626361 -0.05637886844287455
    outer loop
      vertex 10.400000000000006 76.44399111208266 55.283887432245706
      vertex 10.282535639108374 77.13579225412884 55.551174237127185
      vertex 10.282535639108374 78.86570879429922 51.07374319198032
    endloop
  endfacet
  facet normal -3.595134588818503e-17 0.3603992792021627 -0.9327981344055966
    outer loop
      vertex 8.540000000000006 61.888524222987336 49.33857132286604
      vertex 8.540000000000006 71.88812022381532 53.20205159591322
      vertex 17.25 67.83044833915098 51.63431473138381
    endloop
  endfacet
  facet normal 7.465615339491633e-17 0.3603992792021611 -0.9327981344055971
    outer loop
      vertex 10.61564437270151 74.81571718565662 49.50897370682296
      vertex 11.600125624968513 80.61377584337751 51.749132733669654
      vertex 11.600125624968513 75.73403946112857 49.86378004052803
    endloop
  endfacet
  facet normal 0.7071067811865485 -0.6595878863163575 -0.2548407742585919
    outer loop
      vertex 10.61564437270151 73.5147599119707 52.876157238715955
      vertex 11.600125624968513 75.73403946112857 49.86378004052803
      vertex 11.600125624968513 74.43308218744265 53.23096357242102
    endloop
  endfacet
  facet normal -7.324642438995071e-15 0.3603992792021618 -0.932798134405597
    outer loop
      vertex 10.61564437270151 73.5147599119707 52.876157238715955
      vertex 11.600125624968513 74.43308218744265 53.23096357242102
      vertex 11.600125624968513 72.20895970653913 52.371643522981024
    endloop
  endfacet
  facet normal 0.8910065241883685 -0.423481491194913 -0.1636178488707613
    outer loop
      vertex 11.600125624968513 75.73403946112857 49.86378004052803
      vertex 12.23220149751343 76.89119303470908 50.31086210304777
      vertex 11.600125624968513 74.43308218744265 53.23096357242102
    endloop
  endfacet
  facet normal 8.571439185675578e-15 0.36039927920215925 -0.932798134405598
    outer loop
      vertex 11.600125624968513 75.73403946112857 49.86378004052803
      vertex 12.23220149751343 79.45662226979701 51.302050671149914
      vertex 12.23220149751343 76.89119303470908 50.31086210304777
    endloop
  endfacet
  facet normal 0.9876883405951369 -0.14592177714626978 -0.05637886844287678
    outer loop
      vertex 12.23220149751343 76.89119303470908 50.31086210304777
      vertex 12.450000000000003 78.17390765225304 50.80645638709884
      vertex 12.23220149751343 75.59023576102315 53.67804563494076
    endloop
  endfacet
  facet normal 0.8910065241883685 -0.423481491194913 -0.1636178488707613
    outer loop
      vertex 12.23220149751343 76.89119303470908 50.31086210304777
      vertex 12.23220149751343 75.59023576102315 53.67804563494076
      vertex 11.600125624968513 74.43308218744265 53.23096357242102
    endloop
  endfacet
  facet normal 0.9876883405951369 -0.14592177714626953 -0.056378868442876574
    outer loop
      vertex 12.23220149751343 75.59023576102315 53.67804563494076
      vertex 12.450000000000003 78.17390765225304 50.80645638709884
      vertex 12.450000000000003 76.87295037856711 54.17363991899184
    endloop
  endfacet
  facet normal -1.3786408317452816e-14 0.3603992792021626 -0.9327981344055966
    outer loop
      vertex 6.058359213500125 75.12810714383576 54.775477717241216
      vertex 5.717464360891626 75.75218997003648 55.01660062736423
      vertex 5.717464360891626 77.13579225412884 55.551174237127185
    endloop
  endfacet
  facet normal 1.0332373668845389e-14 0.36039927920216563 -0.9327981344055954
    outer loop
      vertex 6.058359213500125 75.12810714383576 54.775477717241216
      vertex 6.058359213500125 77.75987508032956 55.792297147250196
      vertex 6.589315394498058 74.63283220874976 54.58412149232163
    endloop
  endfacet
  facet normal 5.3112873014145476e-15 0.360399279202163 -0.9327981344055966
    outer loop
      vertex 7.258359213500128 74.31484612620808 54.4612632331578
      vertex 6.589315394498058 74.63283220874976 54.58412149232163
      vertex 6.589315394498058 78.25515001541557 55.98365337216978
    endloop
  endfacet
  facet normal -9.478647628602686e-15 0.36039927920216164 -0.9327981344055971
    outer loop
      vertex 7.258359213500128 74.31484612620808 54.4612632331578
      vertex 7.258359213500128 78.57313609795725 56.10651163133361
      vertex 8 74.20527558950923 54.41892916216051
    endloop
  endfacet
  facet normal 9.018105984066206e-15 0.3603992792021643 -0.932798134405596
    outer loop
      vertex 8 74.20527558950923 54.41892916216051
      vertex 8 78.6827066346561 56.1488457023309
      vertex 8.741640786499872 74.31484612620808 54.4612632331578
    endloop
  endfacet
  facet normal -2.166181516820184e-14 0.3603992792021626 -0.9327981344055967
    outer loop
      vertex 5.717464360891626 75.75218997003648 55.01660062736423
      vertex 5.599999999999994 76.44399111208266 55.283887432245706
      vertex 5.717464360891626 77.13579225412884 55.551174237127185
    endloop
  endfacet
  facet normal 7.174547954083661e-15 0.3603992792021657 -0.9327981344055954
    outer loop
      vertex 6.058359213500125 75.12810714383576 54.775477717241216
      vertex 5.717464360891626 77.13579225412884 55.551174237127185
      vertex 6.058359213500125 77.75987508032956 55.792297147250196
    endloop
  endfacet
  facet normal -7.29560911257043e-15 0.360399279202163 -0.9327981344055966
    outer loop
      vertex 6.589315394498058 74.63283220874976 54.58412149232163
      vertex 6.058359213500125 77.75987508032956 55.792297147250196
      vertex 6.589315394498058 78.25515001541557 55.98365337216978
    endloop
  endfacet
  facet normal -4.386814905186888e-15 0.36039927920216164 -0.9327981344055971
    outer loop
      vertex 7.258359213500128 74.31484612620808 54.4612632331578
      vertex 6.589315394498058 78.25515001541557 55.98365337216978
      vertex 7.258359213500128 78.57313609795725 56.10651163133361
    endloop
  endfacet
  facet normal 8.913070524398273e-15 0.3603992792021643 -0.932798134405596
    outer loop
      vertex 8 74.20527558950923 54.41892916216051
      vertex 7.258359213500128 78.57313609795725 56.10651163133361
      vertex 8 78.6827066346561 56.1488457023309
    endloop
  endfacet
  facet normal -4.524508614960042e-15 0.36039927920216164 -0.9327981344055971
    outer loop
      vertex 8.741640786499872 74.31484612620808 54.4612632331578
      vertex 8.741640786499872 78.57313609795725 56.10651163133361
      vertex 9.410684605501942 74.63283220874976 54.58412149232163
    endloop
  endfacet
  facet normal -7.513048385539971e-15 0.360399279202163 -0.9327981344055966
    outer loop
      vertex 9.410684605501942 74.63283220874976 54.58412149232163
      vertex 9.410684605501942 78.25515001541557 55.98365337216978
      vertex 9.941640786499875 75.12810714383576 54.775477717241216
    endloop
  endfacet
  facet normal 7.258426476071397e-15 0.3603992792021657 -0.9327981344055954
    outer loop
      vertex 9.941640786499875 75.12810714383576 54.775477717241216
      vertex 9.941640786499875 77.75987508032956 55.792297147250196
      vertex 10.282535639108374 75.75218997003648 55.01660062736423
    endloop
  endfacet
  facet normal 5.393408195992511e-15 0.360399279202163 -0.9327981344055966
    outer loop
      vertex 9.410684605501942 74.63283220874976 54.58412149232163
      vertex 8.741640786499872 78.57313609795725 56.10651163133361
      vertex 9.410684605501942 78.25515001541557 55.98365337216978
    endloop
  endfacet
  facet normal -9.479538132324103e-15 0.36039927920216164 -0.9327981344055971
    outer loop
      vertex 8 78.6827066346561 56.1488457023309
      vertex 8.741640786499872 78.57313609795725 56.10651163133361
      vertex 8.741640786499872 74.31484612620808 54.4612632331578
    endloop
  endfacet
  facet normal -1.3928862287586912e-14 0.3603992792021625 -0.9327981344055966
    outer loop
      vertex 10.282535639108374 75.75218997003648 55.01660062736423
      vertex 9.941640786499875 77.75987508032956 55.792297147250196
      vertex 10.282535639108374 77.13579225412884 55.551174237127185
    endloop
  endfacet
  facet normal 1.0186977986182983e-14 0.36039927920216563 -0.9327981344055954
    outer loop
      vertex 9.941640786499875 75.12810714383576 54.775477717241216
      vertex 9.410684605501942 78.25515001541557 55.98365337216978
      vertex 9.941640786499875 77.75987508032956 55.792297147250196
    endloop
  endfacet
  facet normal 2.1803798801916992e-14 0.3603992792021626 -0.9327981344055967
    outer loop
      vertex 10.282535639108374 75.75218997003648 55.01660062736423
      vertex 10.282535639108374 77.13579225412884 55.551174237127185
      vertex 10.400000000000006 76.44399111208266 55.283887432245706
    endloop
  endfacet
  facet normal 0.9876883405951375 -0.15643446504023156 0
    outer loop
      vertex 2.4000000000000004 96 0
      vertex 2.674083508747141 97.7304951684997 59.4
      vertex 2.4000000000000004 96 59.4
    endloop
  endfacet
  facet normal -0.9876883405951375 0.15643446504023142 0
    outer loop
      vertex 0 96 0
      vertex 0 96 62
      vertex 0.39154786963877175 98.47213595499957 62
    endloop
  endfacet
  facet normal 0.891006524188368 -0.4539904997395466 0
    outer loop
      vertex 2.674083508747141 97.7304951684997 0
      vertex 3.469504831500295 99.29159741283785 59.4
      vertex 2.674083508747141 97.7304951684997 59.4
    endloop
  endfacet
  facet normal 0.7071067811865467 -0.7071067811865482 0
    outer loop
      vertex 3.469504831500295 99.29159741283785 0
      vertex 4.70840258716215 100.5304951684997 59.4
      vertex 3.469504831500295 99.29159741283785 59.4
    endloop
  endfacet
  facet normal -0.8910065241883687 0.4539904997395452 0
    outer loop
      vertex 1.5278640450004204 100.70228201833979 0
      vertex 0.39154786963877175 98.47213595499957 62
      vertex 1.5278640450004204 100.70228201833979 62
    endloop
  endfacet
  facet normal 0.45399049973954775 -0.8910065241883672 0
    outer loop
      vertex 4.70840258716215 100.5304951684997 0
      vertex 6.269504831500295 101.32591649125285 59.4
      vertex 4.70840258716215 100.5304951684997 59.4
    endloop
  endfacet
  facet normal -0.7071067811865458 0.7071067811865493 0
    outer loop
      vertex 1.5278640450004204 100.70228201833979 0
      vertex 1.5278640450004204 100.70228201833979 62
      vertex 3.297717981660215 102.47213595499957 62
    endloop
  endfacet
  facet normal -0.45399049973954914 0.8910065241883666 0
    outer loop
      vertex 5.52786404500042 103.60845213036123 0
      vertex 3.297717981660215 102.47213595499957 62
      vertex 5.52786404500042 103.60845213036123 62
    endloop
  endfacet
  facet normal 0.15643446504023067 -0.9876883405951377 0
    outer loop
      vertex 6.269504831500295 101.32591649125285 0
      vertex 8 101.6 59.4
      vertex 6.269504831500295 101.32591649125285 59.4
    endloop
  endfacet
  facet normal -0.15643446504023062 0.9876883405951378 0
    outer loop
      vertex 5.52786404500042 103.60845213036123 0
      vertex 5.52786404500042 103.60845213036123 62
      vertex 8 104 62
    endloop
  endfacet
  facet normal -1.1662396711399785e-14 0.36039927920215925 -0.9327981344055979
    outer loop
      vertex 3.7677985024865706 76.89119303470908 50.31086210304777
      vertex 3.549999999999997 78.17390765225304 50.80645638709884
      vertex 3.7677985024865706 79.45662226979701 51.302050671149914
    endloop
  endfacet
  facet normal 8.578833337690177e-15 0.36039927920215925 -0.932798134405598
    outer loop
      vertex 3.7677985024865706 76.89119303470908 50.31086210304777
      vertex 3.7677985024865706 79.45662226979701 51.302050671149914
      vertex 4.399874375031487 80.61377584337751 51.749132733669654
    endloop
  endfacet
  facet normal 4.943855009387042e-16 0.3603992792021618 -0.9327981344055969
    outer loop
      vertex 5.38435562729849 74.81571718565662 49.50897370682296
      vertex 5.38435562729849 81.53209811884945 52.103939067374725
      vertex 5.599999999999994 78.17390765225304 50.80645638709884
    endloop
  endfacet
  facet normal 5.453300518241364e-15 0.3603992792021611 -0.9327981344055971
    outer loop
      vertex 4.399874375031487 75.73403946112857 49.86378004052803
      vertex 4.399874375031487 80.61377584337751 51.749132733669654
      vertex 5.38435562729849 81.53209811884945 52.103939067374725
    endloop
  endfacet
  facet normal -0.9876883405951371 0.14592177714626836 0.056378868442876325
    outer loop
      vertex 3.549999999999997 78.17390765225304 50.80645638709884
      vertex 3.7677985024865706 78.41675330027954 53.993476239312784
      vertex 3.7677985024865706 79.45662226979701 51.302050671149914
    endloop
  endfacet
  facet normal -0.8910065241883693 0.4234814911949109 0.1636178488707608
    outer loop
      vertex 3.7677985024865706 79.45662226979701 51.302050671149914
      vertex 3.7677985024865706 78.41675330027954 53.993476239312784
      vertex 4.399874375031487 79.49180803019017 54.653049426625145
    endloop
  endfacet
  facet normal -0.8910065241883685 0.42348149119491335 0.1636178488707606
    outer loop
      vertex 3.7677985024865706 79.45662226979701 51.302050671149914
      vertex 4.399874375031487 79.49180803019017 54.653049426625145
      vertex 4.399874375031487 80.61377584337751 51.749132733669654
    endloop
  endfacet
  facet normal -0.7071067811865446 0.6595878863163618 0.2548407742585913
    outer loop
      vertex 4.399874375031487 80.61377584337751 51.749132733669654
      vertex 5.38435562729849 80.32532101656243 55.22736215564705
      vertex 5.38435562729849 81.53209811884945 52.103939067374725
    endloop
  endfacet
  facet normal -0.7071067811865445 0.6595878863163617 0.25484077425859214
    outer loop
      vertex 4.399874375031487 80.61377584337751 51.749132733669654
      vertex 4.399874375031487 79.49180803019017 54.653049426625145
      vertex 4.70840258716215 79.73952856939141 54.86796371691247
    endloop
  endfacet
  facet normal -0.7071067811865468 0.6595878863163595 0.2548407742585917
    outer loop
      vertex 4.399874375031487 80.61377584337751 51.749132733669654
      vertex 4.70840258716215 79.73952856939141 54.86796371691247
      vertex 5.38435562729849 80.32532101656243 55.22736215564705
    endloop
  endfacet
  facet normal 2.8578291611592464e-14 0.3603992792021635 -0.9327981344055963
    outer loop
      vertex 5.38435562729849 81.53209811884945 52.103939067374725
      vertex 5.717464360891626 78.86570879429922 51.07374319198033
      vertex 5.599999999999994 78.17390765225304 50.80645638709884
    endloop
  endfacet
  facet normal -9.544456154804843e-16 0.36039927920216025 -0.9327981344055976
    outer loop
      vertex 5.38435562729849 81.53209811884945 52.103939067374725
      vertex 6.058359213500125 79.48979162049994 51.31486610210333
      vertex 5.717464360891626 78.86570879429922 51.07374319198033
    endloop
  endfacet
  facet normal -7.99393944208164e-15 0.3603992792021634 -0.9327981344055963
    outer loop
      vertex 6.624874375031482 82.12169731356214 52.331738756240995
      vertex 6.589315394498058 79.98506655558595 51.50622232702292
      vertex 6.058359213500125 79.48979162049994 51.31486610210333
    endloop
  endfacet
  facet normal 4.526675162650811e-15 0.3603992792021632 -0.9327981344055964
    outer loop
      vertex 6.624874375031482 82.12169731356214 52.331738756240995
      vertex 7.258359213500128 80.30305263812762 51.62908058618675
      vertex 6.589315394498058 79.98506655558595 51.50622232702292
    endloop
  endfacet
  facet normal 3.0085621852932915e-15 0.3603992792021613 -0.932798134405597
    outer loop
      vertex 5.38435562729849 81.53209811884945 52.103939067374725
      vertex 6.624874375031482 82.12169731356214 52.331738756240995
      vertex 6.058359213500125 79.48979162049994 51.31486610210333
    endloop
  endfacet
  facet normal 5.156538477321139e-16 0.36039927920216197 -0.932798134405597
    outer loop
      vertex 8 82.32485935035795 52.41023317954847
      vertex 8 80.41262317482648 51.67141465718404
      vertex 7.258359213500128 80.30305263812762 51.62908058618675
    endloop
  endfacet
  facet normal 4.943855009387042e-16 0.3603992792021618 -0.9327981344055969
    outer loop
      vertex 10.61564437270151 74.81571718565662 49.50897370682296
      vertex 10.400000000000006 78.17390765225304 50.80645638709884
      vertex 10.61564437270151 81.53209811884945 52.103939067374725
    endloop
  endfacet
  facet normal -4.450745906054407e-15 0.3603992792021618 -0.932798134405597
    outer loop
      vertex 10.61564437270151 74.81571718565662 49.50897370682296
      vertex 10.61564437270151 81.53209811884945 52.103939067374725
      vertex 11.600125624968513 80.61377584337751 51.749132733669654
    endloop
  endfacet
  facet normal 1.1827648689806804e-14 0.3603992792021612 -0.9327981344055972
    outer loop
      vertex 10.61564437270151 81.53209811884945 52.103939067374725
      vertex 10.400000000000006 78.17390765225304 50.80645638709884
      vertex 10.282535639108374 78.86570879429922 51.07374319198032
    endloop
  endfacet
  facet normal -3.816813484738178e-15 0.36039927920216436 -0.9327981344055959
    outer loop
      vertex 10.61564437270151 81.53209811884945 52.103939067374725
      vertex 9.410684605501942 79.98506655558595 51.50622232702292
      vertex 8.741640786499872 80.30305263812762 51.62908058618675
    endloop
  endfacet
  facet normal -5.313957343210007e-16 0.36039927920216197 -0.932798134405597
    outer loop
      vertex 9.375125624968518 82.12169731356214 52.331738756240995
      vertex 8.741640786499872 80.30305263812762 51.62908058618675
      vertex 8 80.41262317482648 51.67141465718404
    endloop
  endfacet
  facet normal -1.1301367315526324e-14 0.36039927920216375 -0.9327981344055962
    outer loop
      vertex 10.61564437270151 81.53209811884945 52.103939067374725
      vertex 10.282535639108374 78.86570879429922 51.07374319198032
      vertex 9.941640786499875 79.48979162049994 51.31486610210333
    endloop
  endfacet
  facet normal 3.569617545187372e-15 0.3603992792021594 -0.9327981344055979
    outer loop
      vertex 10.61564437270151 81.53209811884945 52.103939067374725
      vertex 9.941640786499875 79.48979162049994 51.31486610210333
      vertex 9.410684605501942 79.98506655558595 51.50622232702292
    endloop
  endfacet
  facet normal 0.9876883405951381 -0.14592177714626306 -0.05637886844287443
    outer loop
      vertex 5.717464360891626 77.13579225412884 55.551174237127185
      vertex 5.599999999999994 78.17390765225304 50.80645638709884
      vertex 5.717464360891626 78.86570879429922 51.07374319198033
    endloop
  endfacet
  facet normal 0.8910065241883651 -0.42348149119491874 -0.163617848870764
    outer loop
      vertex 6.058359213500125 77.75987508032956 55.792297147250196
      vertex 5.717464360891626 78.86570879429922 51.07374319198033
      vertex 6.058359213500125 79.48979162049994 51.31486610210333
    endloop
  endfacet
  facet normal 0.7071067811865535 -0.6595878863163526 -0.2548407742585907
    outer loop
      vertex 6.589315394498058 78.25515001541557 55.98365337216978
      vertex 6.058359213500125 79.48979162049994 51.31486610210333
      vertex 6.589315394498058 79.98506655558595 51.50622232702292
    endloop
  endfacet
  facet normal 0.4539904997395491 -0.8311292235061236 -0.3211181090819117
    outer loop
      vertex 7.258359213500128 78.57313609795725 56.10651163133361
      vertex 6.589315394498058 79.98506655558595 51.50622232702292
      vertex 7.258359213500128 80.30305263812762 51.62908058618675
    endloop
  endfacet
  facet normal 0.15643446504022365 -0.9213138414813051 -0.35596216602686775
    outer loop
      vertex 8 78.6827066346561 56.1488457023309
      vertex 7.258359213500128 80.30305263812762 51.62908058618675
      vertex 8 80.41262317482648 51.67141465718404
    endloop
  endfacet
  facet normal -0.4539904997395491 -0.8311292235061237 -0.3211181090819113
    outer loop
      vertex 9.410684605501942 78.25515001541557 55.98365337216978
      vertex 8.741640786499872 80.30305263812762 51.62908058618675
      vertex 9.410684605501942 79.98506655558595 51.50622232702292
    endloop
  endfacet
  facet normal -0.8910065241883659 -0.4234814911949174 -0.16361784887076347
    outer loop
      vertex 10.282535639108374 77.13579225412884 55.551174237127185
      vertex 9.941640786499875 79.48979162049994 51.31486610210333
      vertex 10.282535639108374 78.86570879429922 51.07374319198032
    endloop
  endfacet
  facet normal -0.7071067811865536 -0.6595878863163526 -0.25484077425859064
    outer loop
      vertex 9.941640786499875 77.75987508032956 55.792297147250196
      vertex 9.410684605501942 79.98506655558595 51.50622232702292
      vertex 9.941640786499875 79.48979162049994 51.31486610210333
    endloop
  endfacet
  facet normal -0.8910065241883659 -0.42348149119491735 -0.16361784887076344
    outer loop
      vertex 9.941640786499875 77.75987508032956 55.792297147250196
      vertex 9.941640786499875 79.48979162049994 51.31486610210333
      vertex 10.282535639108374 77.13579225412884 55.551174237127185
    endloop
  endfacet
  facet normal -0.15643446504022362 -0.9213138414813051 -0.3559621660268683
    outer loop
      vertex 8.741640786499872 78.57313609795725 56.10651163133361
      vertex 8 80.41262317482648 51.67141465718404
      vertex 8.741640786499872 80.30305263812762 51.62908058618675
    endloop
  endfacet
  facet normal 0.7071067811865436 0.6595878863163621 0.2548407742585931
    outer loop
      vertex 10.61564437270151 81.53209811884945 52.103939067374725
      vertex 10.61564437270151 80.23114084516352 55.47112259926772
      vertex 11.600125624968513 79.31281856969159 55.11631626556266
    endloop
  endfacet
  facet normal 5.111785451960941e-16 0.36039927920216197 -0.932798134405597
    outer loop
      vertex 6.624874375031482 82.12169731356214 52.331738756240995
      vertex 8 82.32485935035795 52.41023317954847
      vertex 7.258359213500128 80.30305263812762 51.62908058618675
    endloop
  endfacet
  facet normal -5.07902974700938e-16 0.360399279202162 -0.932798134405597
    outer loop
      vertex 8 82.32485935035795 52.41023317954847
      vertex 9.375125624968518 82.12169731356214 52.331738756240995
      vertex 8 80.41262317482648 51.67141465718404
    endloop
  endfacet
  facet normal -2.3587309568020567e-15 0.3603992792021625 -0.9327981344055968
    outer loop
      vertex 10.61564437270151 81.53209811884945 52.103939067374725
      vertex 8.741640786499872 80.30305263812762 51.62908058618675
      vertex 9.375125624968518 82.12169731356214 52.331738756240995
    endloop
  endfacet
  facet normal -0.45399049973954764 0.8311292235061245 0.32111810908191096
    outer loop
      vertex 5.38435562729849 81.53209811884945 52.103939067374725
      vertex 6.269504831500295 80.68743850384635 55.54152352083378
      vertex 6.624874375031482 82.12169731356214 52.331738756240995
    endloop
  endfacet
  facet normal -0.15643446504024192 0.9213138414813028 0.3559621660268659
    outer loop
      vertex 6.624874375031482 82.12169731356214 52.331738756240995
      vertex 8 81.02390207667203 55.77741671144146
      vertex 8 82.32485935035795 52.41023317954847
    endloop
  endfacet
  facet normal 0.15643446504024194 0.9213138414813031 0.3559621660268652
    outer loop
      vertex 8 82.32485935035795 52.41023317954847
      vertex 9.375125624968518 80.82074003987621 55.69892228813399
      vertex 9.375125624968518 82.12169731356214 52.331738756240995
    endloop
  endfacet
  facet normal 0.45399049973954775 0.831129223506125 0.3211181090819102
    outer loop
      vertex 10.61564437270151 81.53209811884945 52.103939067374725
      vertex 9.375125624968518 82.12169731356214 52.331738756240995
      vertex 10.61564437270151 80.23114084516352 55.47112259926772
    endloop
  endfacet
  facet normal 1.1586663531666176e-14 0.36039927920215925 -0.9327981344055979
    outer loop
      vertex 12.23220149751343 76.89119303470908 50.31086210304777
      vertex 12.23220149751343 79.45662226979701 51.302050671149914
      vertex 12.450000000000003 78.17390765225304 50.80645638709884
    endloop
  endfacet
  facet normal -4.6223422358928545e-15 0.3603992792021612 -0.9327981344055973
    outer loop
      vertex 11.600125624968513 75.73403946112857 49.86378004052803
      vertex 11.600125624968513 80.61377584337751 51.749132733669654
      vertex 12.23220149751343 79.45662226979701 51.302050671149914
    endloop
  endfacet
  facet normal 0.9876883405951372 0.14592177714626847 0.056378868442876165
    outer loop
      vertex 12.450000000000003 76.87295037856711 54.17363991899184
      vertex 12.450000000000003 78.17390765225304 50.80645638709884
      vertex 12.23220149751343 79.45662226979701 51.302050671149914
    endloop
  endfacet
  facet normal 0.8910065241883685 0.4234814911949133 0.16361784887076072
    outer loop
      vertex 12.23220149751343 79.45662226979701 51.302050671149914
      vertex 11.600125624968513 80.61377584337751 51.749132733669654
      vertex 12.23220149751343 78.15566499611108 54.66923420304292
    endloop
  endfacet
  facet normal 0.9876883405951372 0.14592177714626822 0.05637886844287595
    outer loop
      vertex 12.450000000000003 76.87295037856711 54.17363991899184
      vertex 12.23220149751343 79.45662226979701 51.302050671149914
      vertex 12.23220149751343 78.15566499611108 54.66923420304292
    endloop
  endfacet
  facet normal 0.8910065241883685 0.4234814911949132 0.1636178488707607
    outer loop
      vertex 11.600125624968513 80.61377584337751 51.749132733669654
      vertex 11.600125624968513 79.31281856969159 55.11631626556266
      vertex 12.23220149751343 78.15566499611108 54.66923420304292
    endloop
  endfacet
  facet normal 0.7071067811865446 0.6595878863163613 0.25484077425859225
    outer loop
      vertex 10.61564437270151 81.53209811884945 52.103939067374725
      vertex 11.600125624968513 79.31281856969159 55.11631626556266
      vertex 11.600125624968513 80.61377584337751 51.749132733669654
    endloop
  endfacet
  facet normal 0.3390519798317976 0.3390519798317683 -0.8775463007410471
    outer loop
      vertex 3.549999999999997 77.16232801631698 53.42466250363925
      vertex 3.469504831500295 92.70840258716215 59.4
      vertex 3.7677985024865706 78.41675330027954 53.993476239312784
    endloop
  endfacet
  facet normal 0.33905197983176016 0.33905197983177243 -0.8775463007410601
    outer loop
      vertex 3.7677985024865706 78.41675330027954 53.993476239312784
      vertex 3.469504831500295 92.70840258716215 59.4
      vertex 4.399874375031487 79.49180803019017 54.653049426625145
    endloop
  endfacet
  facet normal 0.3390519798317694 0.3390519798317721 -0.8775463007410568
    outer loop
      vertex 4.399874375031487 79.49180803019017 54.653049426625145
      vertex 4.70840258716215 91.4695048315003 59.4
      vertex 4.70840258716215 79.73952856939141 54.86796371691247
    endloop
  endfacet
  facet normal 0.1806126392645538 0.3544722632476173 -0.9174576225232445
    outer loop
      vertex 4.70840258716215 79.73952856939141 54.86796371691247
      vertex 4.70840258716215 91.4695048315003 59.4
      vertex 5.38435562729849 80.32532101656243 55.22736215564705
    endloop
  endfacet
  facet normal 0.7071067811865535 -0.6595878863163526 -0.2548407742585907
    outer loop
      vertex 6.058359213500125 77.75987508032956 55.792297147250196
      vertex 6.058359213500125 79.48979162049994 51.31486610210333
      vertex 6.589315394498058 78.25515001541557 55.98365337216978
    endloop
  endfacet
  facet normal 0.45399049973954647 -0.8311292235061251 -0.32111810908191185
    outer loop
      vertex 6.589315394498058 78.25515001541557 55.98365337216978
      vertex 6.589315394498058 79.98506655558595 51.50622232702292
      vertex 7.258359213500128 78.57313609795725 56.10651163133361
    endloop
  endfacet
  facet normal 0.15643446504022704 -0.9213138414813046 -0.3559621660268681
    outer loop
      vertex 7.258359213500128 78.57313609795725 56.10651163133361
      vertex 7.258359213500128 80.30305263812762 51.62908058618675
      vertex 8 78.6827066346561 56.1488457023309
    endloop
  endfacet
  facet normal -0.156434465040227 -0.9213138414813047 -0.3559621660268676
    outer loop
      vertex 8 78.6827066346561 56.1488457023309
      vertex 8 80.41262317482648 51.67141465718404
      vertex 8.741640786499872 78.57313609795725 56.10651163133361
    endloop
  endfacet
  facet normal -0.4539904997395388 0.8311292235061298 0.32111810908191
    outer loop
      vertex 5.38435562729849 81.53209811884945 52.103939067374725
      vertex 5.38435562729849 80.32532101656243 55.22736215564705
      vertex 6.269504831500295 80.68743850384635 55.54152352083378
    endloop
  endfacet
  facet normal -0.4539904997395443 0.831129223506126 0.321118109081912
    outer loop
      vertex 6.624874375031482 82.12169731356214 52.331738756240995
      vertex 6.269504831500295 80.68743850384635 55.54152352083378
      vertex 6.624874375031482 80.84902937345761 55.625702836511536
    endloop
  endfacet
  facet normal -0.7071067811865535 -0.6595878863163527 -0.2548407742585907
    outer loop
      vertex 9.941640786499875 77.75987508032956 55.792297147250196
      vertex 9.410684605501942 78.25515001541557 55.98365337216978
      vertex 9.410684605501942 79.98506655558595 51.50622232702292
    endloop
  endfacet
  facet normal -0.4539904997395464 -0.831129223506125 -0.32111810908191224
    outer loop
      vertex 9.410684605501942 78.25515001541557 55.98365337216978
      vertex 8.741640786499872 78.57313609795725 56.10651163133361
      vertex 8.741640786499872 80.30305263812762 51.62908058618675
    endloop
  endfacet
  facet normal 0.45399049973954764 0.831129223506125 0.3211181090819102
    outer loop
      vertex 9.375125624968518 82.12169731356214 52.331738756240995
      vertex 9.375125624968518 80.82074003987621 55.69892228813399
      vertex 10.61564437270151 80.23114084516352 55.47112259926772
    endloop
  endfacet
  facet normal -0.15643446504024383 0.9213138414813024 0.3559621660268665
    outer loop
      vertex 6.624874375031482 82.12169731356214 52.331738756240995
      vertex 6.624874375031482 80.84902937345761 55.625702836511536
      vertex 8 81.02390207667203 55.77741671144146
    endloop
  endfacet
  facet normal 0.15643446504024022 0.9213138414813031 0.355962166026866
    outer loop
      vertex 8 82.32485935035795 52.41023317954847
      vertex 8 81.02390207667203 55.77741671144146
      vertex 9.375125624968518 80.82074003987621 55.69892228813399
    endloop
  endfacet
  facet normal 0.18061263926454396 0.3544722632476182 -0.9174576225232459
    outer loop
      vertex 5.38435562729849 80.32532101656243 55.22736215564705
      vertex 6.269504831500295 90.67408350874715 59.4
      vertex 6.269504831500295 80.68743850384635 55.54152352083378
    endloop
  endfacet
  facet normal 0.0569888698359533 0.35981356324629116 -0.9312821636962817
    outer loop
      vertex 6.269504831500295 80.68743850384635 55.54152352083378
      vertex 6.269504831500295 90.67408350874715 59.4
      vertex 6.624874375031482 80.84902937345761 55.625702836511536
    endloop
  endfacet
  facet normal 0.05698886983593999 0.35981356324629094 -0.9312821636962826
    outer loop
      vertex 6.624874375031482 80.84902937345761 55.625702836511536
      vertex 6.269504831500295 90.67408350874715 59.4
      vertex 8 81.02390207667203 55.77741671144146
    endloop
  endfacet
  facet normal 0.1806126392645503 0.35447226324761727 -0.917457622523245
    outer loop
      vertex 5.38435562729849 80.32532101656243 55.22736215564705
      vertex 4.70840258716215 91.4695048315003 59.4
      vertex 6.269504831500295 90.67408350874715 59.4
    endloop
  endfacet
  facet normal 0.3390519798317712 0.33905197983177177 -0.8775463007410562
    outer loop
      vertex 4.399874375031487 79.49180803019017 54.653049426625145
      vertex 3.469504831500295 92.70840258716215 59.4
      vertex 4.70840258716215 91.4695048315003 59.4
    endloop
  endfacet
  facet normal 0 0 1
    outer loop
      vertex 5.52786404500042 88.39154786963877 62
      vertex 8 88 62
      vertex 1.5278640450004204 91.29771798166021 62
    endloop
  endfacet
  facet normal 0 0 1
    outer loop
      vertex 3.297717981660215 89.52786404500043 62
      vertex 5.52786404500042 88.39154786963877 62
      vertex 1.5278640450004204 91.29771798166021 62
    endloop
  endfacet
  facet normal 0.056988869835940925 0.35981356324629116 -0.9312821636962825
    outer loop
      vertex 8 81.02390207667203 55.77741671144146
      vertex 6.269504831500295 90.67408350874715 59.4
      vertex 8 90.4 59.4
    endloop
  endfacet
  facet normal 0 0 -1
    outer loop
      vertex 6.269504831500295 90.67408350874715 59.4
      vertex 4.70840258716215 91.4695048315003 59.4
      vertex 8 90.4 59.4
    endloop
  endfacet
  facet normal 0 0 -1
    outer loop
      vertex 8 90.4 59.4
      vertex 4.70840258716215 91.4695048315003 59.4
      vertex 3.469504831500295 92.70840258716215 59.4
    endloop
  endfacet
  facet normal 0 0 -1
    outer loop
      vertex 8 90.4 59.4
      vertex 3.469504831500295 92.70840258716215 59.4
      vertex 2.674083508747141 97.7304951684997 59.4
    endloop
  endfacet
  facet normal 0 0 1
    outer loop
      vertex 1.5278640450004204 91.29771798166021 62
      vertex 0 96 62
      vertex 0.39154786963877175 93.52786404500043 62
    endloop
  endfacet
  facet normal 0 0 1
    outer loop
      vertex 8 88 62
      vertex 0.39154786963877175 98.47213595499957 62
      vertex 1.5278640450004204 91.29771798166021 62
    endloop
  endfacet
  facet normal 0 0 -1
    outer loop
      vertex 2.674083508747141 94.2695048315003 59.4
      vertex 2.4000000000000004 96 59.4
      vertex 2.674083508747141 97.7304951684997 59.4
    endloop
  endfacet
  facet normal 0 0 -1
    outer loop
      vertex 3.469504831500295 92.70840258716215 59.4
      vertex 2.674083508747141 94.2695048315003 59.4
      vertex 2.674083508747141 97.7304951684997 59.4
    endloop
  endfacet
  facet normal 0 0 1
    outer loop
      vertex 1.5278640450004204 91.29771798166021 62
      vertex 0.39154786963877175 98.47213595499957 62
      vertex 0 96 62
    endloop
  endfacet
  facet normal 0 0 1
    outer loop
      vertex 8 88 62
      vertex 16 96 62
      vertex 0.39154786963877175 98.47213595499957 62
    endloop
  endfacet
  facet normal 0 0 -1
    outer loop
      vertex 8 90.4 59.4
      vertex 2.674083508747141 97.7304951684997 59.4
      vertex 13.6 96 59.4
    endloop
  endfacet
  facet normal 0 0 -1
    outer loop
      vertex 2.674083508747141 97.7304951684997 59.4
      vertex 13.325916491252858 97.7304951684997 59.4
      vertex 13.6 96 59.4
    endloop
  endfacet
  facet normal 0 0 -1
    outer loop
      vertex 2.674083508747141 97.7304951684997 59.4
      vertex 3.469504831500295 99.29159741283785 59.4
      vertex 4.70840258716215 100.5304951684997 59.4
    endloop
  endfacet
  facet normal 0 0 -1
    outer loop
      vertex 2.674083508747141 97.7304951684997 59.4
      vertex 4.70840258716215 100.5304951684997 59.4
      vertex 8 101.6 59.4
    endloop
  endfacet
  facet normal 0 0 1
    outer loop
      vertex 0.39154786963877175 98.47213595499957 62
      vertex 3.297717981660215 102.47213595499957 62
      vertex 1.5278640450004204 100.70228201833979 62
    endloop
  endfacet
  facet normal 0 0 1
    outer loop
      vertex 0.39154786963877175 98.47213595499957 62
      vertex 8 104 62
      vertex 3.297717981660215 102.47213595499957 62
    endloop
  endfacet
  facet normal 0 0 1
    outer loop
      vertex 0.39154786963877175 98.47213595499957 62
      vertex 16 96 62
      vertex 15.60845213036123 98.47213595499957 62
    endloop
  endfacet
  facet normal 0 0 -1
    outer loop
      vertex 4.70840258716215 100.5304951684997 59.4
      vertex 6.269504831500295 101.32591649125285 59.4
      vertex 8 101.6 59.4
    endloop
  endfacet
  facet normal 0 0 1
    outer loop
      vertex 3.297717981660215 102.47213595499957 62
      vertex 8 104 62
      vertex 5.52786404500042 103.60845213036123 62
    endloop
  endfacet
  facet normal -1.8312976371547004e-19 -0.9327981344055976 -0.3603992792021601
    outer loop
      vertex 17.25 67.83044833915098 51.63431473138381
      vertex 158.75 66.9654900690658 53.87303025395724
      vertex 17.25 66.9654900690658 53.87303025395724
    endloop
  endfacet
  facet normal 0 0.3603992792021628 -0.9327981344055966
    outer loop
      vertex 8.540000000000006 71.88812022381532 53.20205159591322
      vertex 160.45999999999998 71.88812022381532 53.20205159591322
      vertex 17.25 67.83044833915098 51.63431473138381
    endloop
  endfacet
  facet normal 0 -0.9327981344055929 -0.3603992792021723
    outer loop
      vertex 8.540000000000006 71.88812022381532 53.20205159591322
      vertex 11.600125624968513 72.20895970653913 52.371643522981024
      vertex 160.45999999999998 71.88812022381532 53.20205159591322
    endloop
  endfacet
  facet normal 1.0459780965577148e-18 -0.36039927920216236 0.9327981344055968
    outer loop
      vertex 8 88 62
      vertex 17.25 66.9654900690658 53.87303025395724
      vertex 158.75 66.9654900690658 53.87303025395724
    endloop
  endfacet
  facet normal 0 -1 0
    outer loop
      vertex 8 101.6 0
      vertex 168 101.6 59.4
      vertex 8 101.6 59.4
    endloop
  endfacet
  facet normal 0 1 0
    outer loop
      vertex 8 104 0
      vertex 8 104 62
      vertex 168 104 62
    endloop
  endfacet
  facet normal 8.303824891656682e-17 0.3603992792021618 -0.932798134405597
    outer loop
      vertex 11.600125624968513 74.43308218744265 53.23096357242102
      vertex 168 90.4 59.4
      vertex 11.600125624968513 72.20895970653913 52.371643522981024
    endloop
  endfacet
  facet normal -9.781599341853874e-17 0.36039927920216336 -0.9327981344055963
    outer loop
      vertex 11.600125624968513 74.43308218744265 53.23096357242102
      vertex 12.23220149751343 75.59023576102315 53.67804563494076
      vertex 168 90.4 59.4
    endloop
  endfacet
  facet normal -3.3382611032608685e-16 0.3603992792021655 -0.9327981344055957
    outer loop
      vertex 12.23220149751343 75.59023576102315 53.67804563494076
      vertex 12.450000000000003 76.87295037856711 54.17363991899184
      vertex 168 90.4 59.4
    endloop
  endfacet
  facet normal 1.773483695148354e-17 0.36039927920216197 -0.9327981344055969
    outer loop
      vertex 12.450000000000003 76.87295037856711 54.17363991899184
      vertex 12.23220149751343 78.15566499611108 54.66923420304292
      vertex 168 90.4 59.4
    endloop
  endfacet
  facet normal 1.2518977166698309e-15 0.36039927920214393 -0.932798134405604
    outer loop
      vertex 8 81.02390207667203 55.77741671144146
      vertex 168 90.4 59.4
      vertex 9.375125624968518 80.82074003987621 55.69892228813399
    endloop
  endfacet
  facet normal -2.9876302137281026e-16 0.3603992792021663 -0.9327981344055953
    outer loop
      vertex 9.375125624968518 80.82074003987621 55.69892228813399
      vertex 168 90.4 59.4
      vertex 10.61564437270151 80.23114084516352 55.47112259926772
    endloop
  endfacet
  facet normal -9.559460544438078e-17 0.36039927920216325 -0.9327981344055963
    outer loop
      vertex 12.23220149751343 78.15566499611108 54.66923420304292
      vertex 11.600125624968513 79.31281856969159 55.11631626556266
      vertex 168 90.4 59.4
    endloop
  endfacet
  facet normal 1.7062246349383766e-16 0.36039927920216 -0.9327981344055977
    outer loop
      vertex 10.61564437270151 80.23114084516352 55.47112259926772
      vertex 168 90.4 59.4
      vertex 11.600125624968513 79.31281856969159 55.11631626556266
    endloop
  endfacet
  facet normal 3.0976648217266526e-19 0.3603992792021625 -0.9327981344055967
    outer loop
      vertex 8 81.02390207667203 55.77741671144146
      vertex 8 90.4 59.4
      vertex 168 90.4 59.4
    endloop
  endfacet
  facet normal 0 0 -1
    outer loop
      vertex 8 90.4 59.4
      vertex 13.6 96 59.4
      vertex 168 101.6 59.4
    endloop
  endfacet
  facet normal 0 0 1
    outer loop
      vertex 8 88 62
      vertex 168 104 62
      vertex 16 96 62
    endloop
  endfacet
  facet normal 0 0 -1
    outer loop
      vertex 2.674083508747141 97.7304951684997 59.4
      vertex 8 101.6 59.4
      vertex 168 101.6 59.4
    endloop
  endfacet
  facet normal 0 0 1
    outer loop
      vertex 0.39154786963877175 98.47213595499957 62
      vertex 168 104 62
      vertex 8 104 62
    endloop
  endfacet
  facet normal 0 0 -1
    outer loop
      vertex 2.674083508747141 97.7304951684997 59.4
      vertex 168 101.6 59.4
      vertex 13.325916491252858 97.7304951684997 59.4
    endloop
  endfacet
  facet normal 0 0 -1
    outer loop
      vertex 13.6 96 59.4
      vertex 13.325916491252858 97.7304951684997 59.4
      vertex 168 101.6 59.4
    endloop
  endfacet
  facet normal 0 0 1
    outer loop
      vertex 0.39154786963877175 98.47213595499957 62
      vertex 15.60845213036123 98.47213595499957 62
      vertex 168 104 62
    endloop
  endfacet
  facet normal 0 0 1
    outer loop
      vertex 16 96 62
      vertex 168 104 62
      vertex 15.60845213036123 98.47213595499957 62
    endloop
  endfacet
  facet normal 0 1 0
    outer loop
      vertex 8 2.4000000000000004 25.4
      vertex 160 2.4000000000000004 12.6
      vertex 160 2.4000000000000004 2.6
    endloop
  endfacet
  facet normal 0 0 -1
    outer loop
      vertex 3.297717981660215 1.5278640450004204 0
      vertex 168 2.4000000000000004 0
      vertex 168 0 0
    endloop
  endfacet
  facet normal 0 1 0
    outer loop
      vertex 8 2.4000000000000004 25.4
      vertex 160 2.4000000000000004 2.6
      vertex 168 2.4000000000000004 0
    endloop
  endfacet
  facet normal 0 -1 0
    outer loop
      vertex 8 0 0
      vertex 168 0 0
      vertex 168 0 28
    endloop
  endfacet
  facet normal -0.8193704754713657 0.534739923478675 0.2066040613440336
    outer loop
      vertex 88.32499674707651 5.699549333704026 29.344463957835046
      vertex 88.32499674707651 5.411229910342296 30.090702465359524
      vertex 90.01772674918175 7.956389126426393 30.216424786841415
    endloop
  endfacet
  facet normal 0 -0.3603992792021624 0.9327981344055968
    outer loop
      vertex 88.32499674707651 5.411229910342296 30.090702465359524
      vertex 91.9451132491231 5.411229910342296 30.090702465359524
      vertex 90.01772674918175 7.6680697030646625 30.962663294365893
    endloop
  endfacet
  facet normal 0 0.9327981344055966 0.3603992792021625
    outer loop
      vertex 91.9451132491231 5.699549333704026 29.344463957835046
      vertex 91.9451132491231 5.411229910342296 30.090702465359524
      vertex 95.8993232473731 5.699549333704026 29.344463957835046
    endloop
  endfacet
  facet normal 0 -0.3603992792021624 0.9327981344055968
    outer loop
      vertex 8 0 28
      vertex 168 0 28
      vertex 108.16802124679089 5.411229910342296 30.090702465359524
    endloop
  endfacet
  facet normal 1.2621081153071598e-18 0.9327981344055966 0.3603992792021625
    outer loop
      vertex 95.8993232473731 5.699549333704026 29.344463957835046
      vertex 91.9451132491231 5.411229910342296 30.090702465359524
      vertex 95.8993232473731 5.411229910342296 30.090702465359524
    endloop
  endfacet
  facet normal 0 -0.36039927920216147 0.9327981344055972
    outer loop
      vertex 91.9451132491231 5.699549333704026 29.344463957835046
      vertex 95.8993232473731 5.699549333704026 29.344463957835046
      vertex 92.82085824757814 6.3900858022137115 29.61126213885015
    endloop
  endfacet
  facet normal 0 -0.3603992792021614 0.9327981344055972
    outer loop
      vertex 92.82085824757814 6.3900858022137115 29.61126213885015
      vertex 95.8993232473731 5.699549333704026 29.344463957835046
      vertex 96.00312825292349 6.3900858022137115 29.61126213885015
    endloop
  endfacet
  facet normal 0 -0.9327981344055967 -0.3603992792021626
    outer loop
      vertex 92.82085824757814 6.3900858022137115 29.61126213885015
      vertex 96.00312825292349 6.3900858022137115 29.61126213885015
      vertex 96.00312825292349 6.101766378851981 30.35750064637463
    endloop
  endfacet
  facet normal -0.9903113957989635 0.12953251291648496 0.050046652717732856
    outer loop
      vertex 95.8993232473731 5.699549333704026 29.344463957835046
      vertex 95.8993232473731 5.411229910342296 30.090702465359524
      vertex 96.00312825292349 6.3900858022137115 29.61126213885015
    endloop
  endfacet
  facet normal -0.9903113957989637 0.12953251291648493 0.05004665271773284
    outer loop
      vertex 96.00312825292349 6.3900858022137115 29.61126213885015
      vertex 95.8993232473731 5.411229910342296 30.090702465359524
      vertex 96.00312825292349 6.101766378851981 30.35750064637463
    endloop
  endfacet
  facet normal 1.568264327048658e-18 -0.9327981344055967 -0.3603992792021626
    outer loop
      vertex 92.82085824757814 6.3900858022137115 29.61126213885015
      vertex 96.00312825292349 6.101766378851981 30.35750064637463
      vertex 92.82085824757814 6.101766378851981 30.35750064637463
    endloop
  endfacet
  facet normal 0 0.9327981344055968 0.3603992792021626
    outer loop
      vertex 98.0569397509098 5.699549333704026 29.344463957835046
      vertex 98.0569397509098 5.411229910342296 30.090702465359524
      vertex 98.87847474962473 5.699549333704026 29.344463957835046
    endloop
  endfacet
  facet normal 6.074775312344081e-18 0.9327981344055968 0.3603992792021626
    outer loop
      vertex 98.87847474962473 5.699549333704026 29.344463957835046
      vertex 98.0569397509098 5.411229910342296 30.090702465359524
      vertex 98.87847474962473 5.411229910342296 30.090702465359524
    endloop
  endfacet
  facet normal -6.6580864024181045e-18 -0.3603992792021614 0.9327981344055972
    outer loop
      vertex 96.00312825292349 6.101766378851981 30.35750064637463
      vertex 95.8993232473731 5.411229910342296 30.090702465359524
      vertex 98.0569397509098 5.411229910342296 30.090702465359524
    endloop
  endfacet
  facet normal -1.6024020143912297e-15 -0.36039927920216147 0.9327981344055972
    outer loop
      vertex 87.92778175324202 6.444836391875126 29.632415775764787
      vertex 88.32499674707651 5.699549333704026 29.344463957835046
      vertex 90.01772674918175 7.956389126426393 30.216424786841415
    endloop
  endfacet
  facet normal 0.8384793386791677 -0.5083128487724196 -0.19639360066207034
    outer loop
      vertex 87.92778175324202 6.444836391875126 29.632415775764787
      vertex 89.15108174830675 7.912294913777212 31.057023034868468
      vertex 87.92778175324202 6.156516968513396 30.37865428328927
    endloop
  endfacet
  facet normal 0 -0.3603992792021613 0.9327981344055971
    outer loop
      vertex 87.5080117508769 6.156516968513396 30.37865428328927
      vertex 87.92778175324202 6.156516968513396 30.37865428328927
      vertex 89.15108174830675 7.912294913777212 31.057023034868468
    endloop
  endfacet
  facet normal -5.944613701328704e-16 -0.36039927920216264 0.9327981344055967
    outer loop
      vertex 87.92778175324202 6.444836391875126 29.632415775764787
      vertex 90.01772674918175 7.956389126426393 30.216424786841415
      vertex 89.15108174830675 8.200614337138942 30.31078452734399
    endloop
  endfacet
  facet normal 0.8384793386791679 -0.5083128487724189 -0.19639360066207115
    outer loop
      vertex 87.92778175324202 6.444836391875126 29.632415775764787
      vertex 89.15108174830675 8.200614337138942 30.31078452734399
      vertex 89.15108174830675 7.912294913777212 31.057023034868468
    endloop
  endfacet
  facet normal -0.8193704754713655 0.5347399234786749 0.20660406134403358
    outer loop
      vertex 90.01772674918175 7.956389126426393 30.216424786841415
      vertex 88.32499674707651 5.411229910342296 30.090702465359524
      vertex 90.01772674918175 7.6680697030646625 30.962663294365893
    endloop
  endfacet
  facet normal 1 0 0
    outer loop
      vertex 89.15108174830675 8.200614337138942 30.31078452734399
      vertex 89.15108174830675 9.087037562904284 31.510900876576656
      vertex 89.15108174830675 7.912294913777212 31.057023034868468
    endloop
  endfacet
  facet normal 1 0 0
    outer loop
      vertex 89.15108174830675 8.200614337138942 30.31078452734399
      vertex 89.15108174830675 9.375356986266013 30.76466236905218
      vertex 89.15108174830675 9.087037562904284 31.510900876576656
    endloop
  endfacet
  facet normal -6.561473537590206e-16 -0.36039927920216275 0.9327981344055966
    outer loop
      vertex 89.15108174830675 8.200614337138942 30.31078452734399
      vertex 90.01772674918175 7.956389126426393 30.216424786841415
      vertex 90.01772674918175 9.619582190028675 30.85902210686957
    endloop
  endfacet
  facet normal -1 0 0
    outer loop
      vertex 90.01772674918175 7.956389126426393 30.216424786841415
      vertex 90.01772674918175 7.6680697030646625 30.962663294365893
      vertex 90.01772674918175 9.619582190028675 30.85902210686957
    endloop
  endfacet
  facet normal 5.665575055785519e-16 -0.36039927920216347 0.9327981344055963
    outer loop
      vertex 89.15108174830675 8.200614337138942 30.31078452734399
      vertex 90.01772674918175 9.619582190028675 30.85902210686957
      vertex 89.15108174830675 9.375356986266013 30.76466236905218
    endloop
  endfacet
  facet normal 9.795834242422561e-16 -0.36039927920216247 0.9327981344055967
    outer loop
      vertex 91.9451132491231 5.699549333704026 29.344463957835046
      vertex 92.82085824757814 6.3900858022137115 29.61126213885015
      vertex 92.82085824757814 8.444839540901604 30.405144265161383
    endloop
  endfacet
  facet normal 1 0 0
    outer loop
      vertex 91.9451132491231 5.699549333704026 29.344463957835046
      vertex 91.9451132491231 11.558635466514701 32.465836430244316
      vertex 91.9451132491231 5.411229910342296 30.090702465359524
    endloop
  endfacet
  facet normal -1 0 0
    outer loop
      vertex 92.82085824757814 6.3900858022137115 29.61126213885015
      vertex 92.82085824757814 6.101766378851981 30.35750064637463
      vertex 92.82085824757814 8.444839540901604 30.405144265161383
    endloop
  endfacet
  facet normal 9.06244208524236e-15 -0.3603992792021649 0.9327981344055959
    outer loop
      vertex 91.9451132491231 5.699549333704026 29.344463957835046
      vertex 92.82085824757814 8.444839540901604 30.405144265161383
      vertex 92.82085824757814 9.10166468267885 30.658917615393502
    endloop
  endfacet
  facet normal -1 0 0
    outer loop
      vertex 92.82085824757814 8.444839540901604 30.405144265161383
      vertex 92.82085824757814 6.101766378851981 30.35750064637463
      vertex 92.82085824757814 8.156520117539875 31.15138277268586
    endloop
  endfacet
  facet normal -1.6034206666630559e-15 -0.36039927920216236 0.9327981344055967
    outer loop
      vertex 91.9451132491231 5.699549333704026 29.344463957835046
      vertex 92.82085824757814 9.10166468267885 30.658917615393502
      vertex 91.9451132491231 11.84695488987643 31.71959792271984
    endloop
  endfacet
  facet normal 0 -0.36039927920216236 0.9327981344055968
    outer loop
      vertex 92.82085824757814 6.101766378851981 30.35750064637463
      vertex 96.00312825292349 6.101766378851981 30.35750064637463
      vertex 92.82085824757814 8.156520117539875 31.15138277268586
    endloop
  endfacet
  facet normal -2.4903389237350617e-16 -0.3603992792021628 0.9327981344055967
    outer loop
      vertex 96.00312825292349 6.101766378851981 30.35750064637463
      vertex 95.28091324865818 8.156520117539873 31.15138277268586
      vertex 92.82085824757814 8.156520117539875 31.15138277268586
    endloop
  endfacet
  facet normal 0 -0.3603992792021648 0.9327981344055958
    outer loop
      vertex 92.82085824757814 8.444839540901604 30.405144265161383
      vertex 95.28091324865818 8.444839540901604 30.405144265161383
      vertex 95.28091324865818 9.10166468267885 30.658917615393502
    endloop
  endfacet
  facet normal 0 0.9327981344055971 0.3603992792021616
    outer loop
      vertex 92.82085824757814 8.444839540901604 30.405144265161383
      vertex 92.82085824757814 8.156520117539875 31.15138277268586
      vertex 95.28091324865818 8.444839540901604 30.405144265161383
    endloop
  endfacet
  facet normal -3.1264221659400078e-18 -0.3603992792021648 0.9327981344055958
    outer loop
      vertex 92.82085824757814 8.444839540901604 30.405144265161383
      vertex 95.28091324865818 9.10166468267885 30.658917615393502
      vertex 92.82085824757814 9.10166468267885 30.658917615393502
    endloop
  endfacet
  facet normal 6.772812319974091e-16 0.9327981344055963 0.3603992792021635
    outer loop
      vertex 95.28091324865818 8.444839540901604 30.405144265161383
      vertex 92.82085824757814 8.156520117539875 31.15138277268586
      vertex 95.28091324865818 8.156520117539873 31.15138277268586
    endloop
  endfacet
  facet normal 0 -0.9327981344055971 -0.3603992792021616
    outer loop
      vertex 92.82085824757814 9.10166468267885 30.658917615393502
      vertex 95.28091324865818 9.10166468267885 30.658917615393502
      vertex 95.28091324865818 8.81334525931712 31.40515612291798
    endloop
  endfacet
  facet normal -1 0 0
    outer loop
      vertex 95.28091324865818 8.444839540901604 30.405144265161383
      vertex 95.28091324865818 8.156520117539873 31.15138277268586
      vertex 95.28091324865818 9.10166468267885 30.658917615393502
    endloop
  endfacet
  facet normal 0 -0.36039927920216247 0.9327981344055968
    outer loop
      vertex 98.0569397509098 5.699549333704026 29.344463957835046
      vertex 98.87847474962473 5.699549333704026 29.344463957835046
      vertex 98.87847474962473 10.267979501860284 31.109539250077237
    endloop
  endfacet
  facet normal -3.5050276042649106e-16 -0.3603992792021623 0.9327981344055968
    outer loop
      vertex 96.00312825292349 6.101766378851981 30.35750064637463
      vertex 98.0569397509098 5.411229910342296 30.090702465359524
      vertex 98.0569397509098 11.558635466514701 32.465836430244316
    endloop
  endfacet
  facet normal -1 0 0
    outer loop
      vertex 98.87847474962473 5.699549333704026 29.344463957835046
      vertex 98.87847474962473 5.411229910342296 30.090702465359524
      vertex 98.87847474962473 10.267979501860284 31.109539250077237
    endloop
  endfacet
  facet normal 1 0 0
    outer loop
      vertex 98.0569397509098 5.699549333704026 29.344463957835046
      vertex 98.0569397509098 11.558635466514701 32.465836430244316
      vertex 98.0569397509098 5.411229910342296 30.090702465359524
    endloop
  endfacet
  facet normal -7.683191563532521e-16 -0.3603992792021624 0.9327981344055968
    outer loop
      vertex 98.0569397509098 5.699549333704026 29.344463957835046
      vertex 98.87847474962473 10.267979501860284 31.109539250077237
      vertex 98.0569397509098 11.84695488987643 31.71959792271984
    endloop
  endfacet
  facet normal 0 0.9327981344055973 0.3603992792021611
    outer loop
      vertex 101.27079974859953 5.703732936741725 29.34608034991779
      vertex 101.27079974859953 5.4154135133799945 30.092318857442272
      vertex 102.01108475029469 5.703732936741725 29.34608034991779
    endloop
  endfacet
  facet normal 0 -0.3603992792021627 0.9327981344055967
    outer loop
      vertex 101.27079974859953 5.703732936741725 29.34608034991779
      vertex 102.01108475029469 5.703732936741725 29.34608034991779
      vertex 101.18954975157976 7.383781667185172 29.995190086680033
    endloop
  endfacet
  facet normal 1.1199151247031707e-17 0.9327981344055973 0.3603992792021611
    outer loop
      vertex 102.01108475029469 5.703732936741725 29.34608034991779
      vertex 101.27079974859953 5.4154135133799945 30.092318857442272
      vertex 102.01108475029469 5.4154135133799945 30.092318857442272
    endloop
  endfacet
  facet normal 0 0.9327981344055967 0.3603992792021626
    outer loop
      vertex 104.213876247406 5.699549333704026 29.344463957835046
      vertex 104.213876247406 5.411229910342296 30.090702465359524
      vertex 105.08507125079632 5.699549333704026 29.344463957835046
    endloop
  endfacet
  facet normal -9.500474919156903e-16 0.932798134405597 0.3603992792021616
    outer loop
      vertex 105.08507125079632 5.699549333704026 29.344463957835046
      vertex 104.213876247406 5.411229910342296 30.090702465359524
      vertex 105.08507125079632 5.411229910342297 30.090702465359524
    endloop
  endfacet
  facet normal 0 -0.36039927920216175 0.9327981344055969
    outer loop
      vertex 104.213876247406 5.699549333704026 29.344463957835046
      vertex 105.08507125079632 5.699549333704026 29.344463957835046
      vertex 105.08507125079632 7.383781667185172 29.995190086680033
    endloop
  endfacet
  facet normal -1 0 0
    outer loop
      vertex 105.08507125079632 5.699549333704026 29.344463957835046
      vertex 105.08507125079632 5.411229910342297 30.090702465359524
      vertex 105.08507125079632 7.383781667185172 29.995190086680033
    endloop
  endfacet
  facet normal -1.4472618452536811e-16 -0.3603992792021635 0.9327981344055963
    outer loop
      vertex 105.08507125079632 5.411229910342297 30.090702465359524
      vertex 107.29682625085115 5.411229910342296 30.090702465359524
      vertex 107.29682625085115 7.095462243823442 30.741428594204514
    endloop
  endfacet
  facet normal 0 0.9327981344055968 0.3603992792021625
    outer loop
      vertex 107.29682625085115 5.699549333704026 29.344463957835046
      vertex 107.29682625085115 5.411229910342296 30.090702465359524
      vertex 108.16802124679089 5.699549333704026 29.344463957835046
    endloop
  endfacet
  facet normal 5.7284999933187094e-18 0.9327981344055968 0.3603992792021625
    outer loop
      vertex 108.16802124679089 5.699549333704026 29.344463957835046
      vertex 107.29682625085115 5.411229910342296 30.090702465359524
      vertex 108.16802124679089 5.411229910342296 30.090702465359524
    endloop
  endfacet
  facet normal 0 -0.36039927920216186 0.932798134405597
    outer loop
      vertex 107.29682625085115 5.699549333704026 29.344463957835046
      vertex 108.16802124679089 5.699549333704026 29.344463957835046
      vertex 107.29682625085115 7.383781667185172 29.995190086680033
    endloop
  endfacet
  facet normal 1 0 0
    outer loop
      vertex 107.29682625085115 5.699549333704026 29.344463957835046
      vertex 107.29682625085115 7.095462243823442 30.741428594204514
      vertex 107.29682625085115 5.411229910342296 30.090702465359524
    endloop
  endfacet
  facet normal -1.0250701821962306e-15 -0.36039927920216275 0.9327981344055967
    outer loop
      vertex 101.27079974859953 5.703732936741725 29.34608034991779
      vertex 101.18954975157976 7.383781667185172 29.995190086680033
      vertex 101.13540475070477 7.383781667185172 29.995190086680033
    endloop
  endfacet
  facet normal -6.689591837601947e-16 -0.3603992792021624 0.9327981344055968
    outer loop
      vertex 101.27079974859953 5.4154135133799945 30.092318857442272
      vertex 98.93261975049973 9.979660078498554 31.855777757601714
      vertex 98.87847474962473 5.411229910342296 30.090702465359524
    endloop
  endfacet
  facet normal 0.9022765653593067 0.40218313858029353 0.15538893990602184
    outer loop
      vertex 101.27079974859953 5.703732936741725 29.34608034991779
      vertex 98.93261975049973 9.979660078498554 31.855777757601714
      vertex 101.27079974859953 5.4154135133799945 30.092318857442272
    endloop
  endfacet
  facet normal 0 -0.9327981344055973 -0.3603992792021611
    outer loop
      vertex 101.13540475070477 7.383781667185172 29.995190086680033
      vertex 101.18954975157976 7.383781667185172 29.995190086680033
      vertex 101.18954975157976 7.095462243823442 30.741428594204514
    endloop
  endfacet
  facet normal 1.5311780526208662e-16 -0.9327981344055973 -0.3603992792021611
    outer loop
      vertex 101.13540475070477 7.383781667185172 29.995190086680033
      vertex 101.18954975157976 7.095462243823442 30.741428594204514
      vertex 101.13540475070477 7.095462243823442 30.741428594204514
    endloop
  endfacet
  facet normal 3.3080531048460475e-16 -0.3603992792021627 0.9327981344055968
    outer loop
      vertex 98.93261975049973 10.267979501860284 31.109539250077237
      vertex 101.27079974859953 5.703732936741725 29.34608034991779
      vertex 101.13540475070477 7.383781667185172 29.995190086680033
    endloop
  endfacet
  facet normal 0.9022765653593066 0.4021831385802933 0.15538893990602204
    outer loop
      vertex 98.93261975049973 10.267979501860284 31.109539250077237
      vertex 98.93261975049973 9.979660078498554 31.855777757601714
      vertex 101.27079974859953 5.703732936741725 29.34608034991779
    endloop
  endfacet
  facet normal -0.9017870838738861 -0.4031372405084111 -0.1557575701964309
    outer loop
      vertex 101.13540475070477 7.383781667185172 29.995190086680033
      vertex 101.13540475070477 7.095462243823442 30.741428594204514
      vertex 98.84233474731445 11.84695488987643 31.71959792271984
    endloop
  endfacet
  facet normal -5.146652147204738e-16 -0.3603992792021629 0.9327981344055967
    outer loop
      vertex 102.01108475029469 5.703732936741725 29.34608034991779
      vertex 102.01108475029469 11.851138492914128 31.721214314802587
      vertex 101.18954975157976 7.383781667185172 29.995190086680033
    endloop
  endfacet
  facet normal -1 0 0
    outer loop
      vertex 102.01108475029469 5.703732936741725 29.34608034991779
      vertex 102.01108475029469 5.4154135133799945 30.092318857442272
      vertex 102.01108475029469 11.851138492914128 31.721214314802587
    endloop
  endfacet
  facet normal 1 0 0
    outer loop
      vertex 104.213876247406 5.699549333704026 29.344463957835046
      vertex 104.213876247406 9.13754391870787 31.530414695864405
      vertex 104.213876247406 5.411229910342296 30.090702465359524
    endloop
  endfacet
  facet normal 7.26428592164175e-16 -0.36039927920216247 0.9327981344055969
    outer loop
      vertex 102.01108475029469 5.4154135133799945 30.092318857442272
      vertex 104.213876247406 5.411229910342296 30.090702465359524
      vertex 104.213876247406 9.13754391870787 31.530414695864405
    endloop
  endfacet
  facet normal 1 0 0
    outer loop
      vertex 104.213876247406 5.699549333704026 29.344463957835046
      vertex 104.213876247406 9.425863342069599 30.784176188339927
      vertex 104.213876247406 9.13754391870787 31.530414695864405
    endloop
  endfacet
  facet normal 1.386972938080877e-15 -0.360399279202162 0.932798134405597
    outer loop
      vertex 98.93261975049973 10.267979501860284 31.109539250077237
      vertex 101.13540475070477 7.383781667185172 29.995190086680033
      vertex 98.84233474731445 11.84695488987643 31.71959792271984
    endloop
  endfacet
  facet normal 1.0140252513909448e-14 -0.36039927920216647 0.9327981344055952
    outer loop
      vertex 104.213876247406 5.699549333704026 29.344463957835046
      vertex 105.08507125079632 7.383781667185172 29.995190086680033
      vertex 105.08507125079632 8.00271187919228 30.23432221404642
    endloop
  endfacet
  facet normal -1 0 0
    outer loop
      vertex 105.08507125079632 7.383781667185172 29.995190086680033
      vertex 105.08507125079632 5.411229910342297 30.090702465359524
      vertex 105.08507125079632 7.095462243823442 30.741428594204514
    endloop
  endfacet
  facet normal 0 0.9327981344055972 0.3603992792021611
    outer loop
      vertex 105.08507125079632 7.383781667185172 29.995190086680033
      vertex 105.08507125079632 7.095462243823442 30.741428594204514
      vertex 107.29682625085115 7.383781667185172 29.995190086680033
    endloop
  endfacet
  facet normal -6.3753243117584716e-18 -0.36039927920216364 0.9327981344055963
    outer loop
      vertex 105.08507125079632 5.411229910342297 30.090702465359524
      vertex 107.29682625085115 7.095462243823442 30.741428594204514
      vertex 105.08507125079632 7.095462243823442 30.741428594204514
    endloop
  endfacet
  facet normal -1.52218338497026e-15 -0.3603992792021626 0.9327981344055968
    outer loop
      vertex 104.213876247406 5.699549333704026 29.344463957835046
      vertex 105.08507125079632 8.00271187919228 30.23432221404642
      vertex 104.213876247406 9.425863342069599 30.784176188339927
    endloop
  endfacet
  facet normal -3.633242182901336e-18 -0.36039927920216636 0.9327981344055952
    outer loop
      vertex 105.08507125079632 7.383781667185172 29.995190086680033
      vertex 107.29682625085115 8.00271187919228 30.23432221404642
      vertex 105.08507125079632 8.00271187919228 30.23432221404642
    endloop
  endfacet
  facet normal 3.6827992934140886e-19 -0.9327981344055971 -0.3603992792021616
    outer loop
      vertex 105.08507125079632 8.00271187919228 30.23432221404642
      vertex 107.29682625085115 7.71439245583055 30.980560721570896
      vertex 105.08507125079632 7.71439245583055 30.980560721570896
    endloop
  endfacet
  facet normal 3.748409611230732e-18 0.9327981344055972 0.3603992792021611
    outer loop
      vertex 107.29682625085115 7.383781667185172 29.995190086680033
      vertex 105.08507125079632 7.095462243823442 30.741428594204514
      vertex 107.29682625085115 7.095462243823442 30.741428594204514
    endloop
  endfacet
  facet normal 0 -0.36039927920216636 0.9327981344055952
    outer loop
      vertex 105.08507125079632 7.383781667185172 29.995190086680033
      vertex 107.29682625085115 7.383781667185172 29.995190086680033
      vertex 107.29682625085115 8.00271187919228 30.23432221404642
    endloop
  endfacet
  facet normal 0 -0.9327981344055971 -0.3603992792021616
    outer loop
      vertex 105.08507125079632 8.00271187919228 30.23432221404642
      vertex 107.29682625085115 8.00271187919228 30.23432221404642
      vertex 107.29682625085115 7.71439245583055 30.980560721570896
    endloop
  endfacet
  facet normal -1 0 0
    outer loop
      vertex 105.08507125079632 8.00271187919228 30.23432221404642
      vertex 105.08507125079632 7.71439245583055 30.980560721570896
      vertex 105.08507125079632 9.177454535269238 30.688200058439786
    endloop
  endfacet
  facet normal 1.8049985166557727e-15 -0.36039927920216086 0.9327981344055974
    outer loop
      vertex 105.08507125079632 8.00271187919228 30.23432221404642
      vertex 105.08507125079632 9.177454535269238 30.688200058439786
      vertex 104.213876247406 9.425863342069599 30.784176188339927
    endloop
  endfacet
  facet normal 1 0 0
    outer loop
      vertex 107.29682625085115 5.699549333704026 29.344463957835046
      vertex 107.29682625085115 7.383781667185172 29.995190086680033
      vertex 107.29682625085115 7.095462243823442 30.741428594204514
    endloop
  endfacet
  facet normal -1.0105081477761348e-14 -0.36039927920216647 0.9327981344055952
    outer loop
      vertex 108.16802124679089 5.699549333704026 29.344463957835046
      vertex 107.29682625085115 8.00271187919228 30.23432221404642
      vertex 107.29682625085115 7.383781667185172 29.995190086680033
    endloop
  endfacet
  facet normal -1 0 0
    outer loop
      vertex 108.16802124679089 5.699549333704026 29.344463957835046
      vertex 108.16802124679089 5.411229910342296 30.090702465359524
      vertex 108.16802124679089 9.425863342069599 30.784176188339927
    endloop
  endfacet
  facet normal 1.4815921761170981e-15 -0.3603992792021626 0.9327981344055967
    outer loop
      vertex 108.16802124679089 5.699549333704026 29.344463957835046
      vertex 108.16802124679089 9.425863342069599 30.784176188339927
      vertex 107.29682625085115 8.00271187919228 30.23432221404642
    endloop
  endfacet
  facet normal -1 0 0
    outer loop
      vertex 108.16802124679089 9.425863342069599 30.784176188339927
      vertex 108.16802124679089 5.411229910342296 30.090702465359524
      vertex 108.16802124679089 9.13754391870787 31.530414695864405
    endloop
  endfacet
  facet normal 1 0 0
    outer loop
      vertex 107.29682625085115 8.00271187919228 30.23432221404642
      vertex 107.29682625085115 8.897562941853147 31.437694772988717
      vertex 107.29682625085115 7.71439245583055 30.980560721570896
    endloop
  endfacet
  facet normal 5.72279868137361e-16 -0.3603992792021621 0.932798134405597
    outer loop
      vertex 107.29682625085115 8.00271187919228 30.23432221404642
      vertex 108.16802124679089 9.425863342069599 30.784176188339927
      vertex 107.29682625085115 9.185882365214876 30.69145626546424
    endloop
  endfacet
  facet normal 1 0 0
    outer loop
      vertex 107.29682625085115 8.00271187919228 30.23432221404642
      vertex 107.29682625085115 9.185882365214876 30.69145626546424
      vertex 107.29682625085115 8.897562941853147 31.437694772988717
    endloop
  endfacet
  facet normal 9.365279976885433e-16 -0.36039927920216336 0.9327981344055964
    outer loop
      vertex 104.213876247406 9.425863342069599 30.784176188339927
      vertex 105.08507125079632 9.177454535269238 30.688200058439786
      vertex 106.19098124653101 11.126951328492131 31.441414728548633
    endloop
  endfacet
  facet normal 4.49219569760199e-16 -0.360399279202162 0.932798134405597
    outer loop
      vertex 106.19098124653101 11.126951328492131 31.441414728548633
      vertex 107.29682625085115 9.185882365214876 30.69145626546424
      vertex 108.16802124679089 9.425863342069599 30.784176188339927
    endloop
  endfacet
  facet normal 0 1 0
    outer loop
      vertex 8 2.4000000000000004 25.4
      vertex 168 2.4000000000000004 25.4
      vertex 160 2.4000000000000004 12.6
    endloop
  endfacet
  facet normal 0 0.36039927920216247 -0.9327981344055968
    outer loop
      vertex 8 2.4000000000000004 25.4
      vertex 165.45999999999998 9.347693428945965 28.084336097547304
      vertex 168 2.4000000000000004 25.4
    endloop
  endfacet
  facet normal 6.131152751041205e-17 0.36039927920216125 -0.9327981344055971
    outer loop
      vertex 8 2.4000000000000004 25.4
      vertex 161.8598743750315 11.058776935926405 28.74543654342611
      vertex 162.84435562729848 10.140454660454454 28.39063020972104
    endloop
  endfacet
  facet normal 1.326968896038379e-16 0.3603992792021595 -0.9327981344055979
    outer loop
      vertex 8 2.4000000000000004 25.4
      vertex 164.08487437503146 9.550855465741767 28.162830520854772
      vertex 165.45999999999998 9.347693428945965 28.084336097547304
    endloop
  endfacet
  facet normal -8.468075268521291e-17 0.3603992792021642 -0.9327981344055961
    outer loop
      vertex 8 2.4000000000000004 25.4
      vertex 162.84435562729848 10.140454660454454 28.39063020972104
      vertex 164.08487437503146 9.550855465741767 28.162830520854772
    endloop
  endfacet
  facet normal -6.1318923985451e-17 0.36039927920216336 -0.9327981344055964
    outer loop
      vertex 8 2.4000000000000004 25.4
      vertex 161.22779850248656 12.215930509506906 29.19251860594585
      vertex 161.8598743750315 11.058776935926405 28.74543654342611
    endloop
  endfacet
  facet normal 4.025688039311663e-18 0.3603992792021623 -0.9327981344055968
    outer loop
      vertex 8 2.4000000000000004 25.4
      vertex 161.01 13.49864512705087 29.688112889996926
      vertex 161.22779850248656 12.215930509506906 29.19251860594585
    endloop
  endfacet
  facet normal 2.1732576688874256e-17 0.3603992792021625 -0.9327981344055968
    outer loop
      vertex 8 2.4000000000000004 25.4
      vertex 161.22779850248656 14.781359744594832 30.183707174048003
      vertex 161.01 13.49864512705087 29.688112889996926
    endloop
  endfacet
  facet normal 3.017532510039858e-17 0.36039927920216136 -0.9327981344055972
    outer loop
      vertex 8 2.4000000000000004 25.4
      vertex 161.8598743750315 15.93851331817533 30.63078923656774
      vertex 161.22779850248656 14.781359744594832 30.183707174048003
    endloop
  endfacet
  facet normal -1.1290043202398415e-17 0.36039927920216236 -0.9327981344055968
    outer loop
      vertex 8 2.4000000000000004 25.4
      vertex 160.45999999999998 18.162635799078853 31.490109286007737
      vertex 161.8598743750315 15.93851331817533 30.63078923656774
    endloop
  endfacet
  facet normal -1.4287275663521388e-18 -0.3603992792021624 0.9327981344055968
    outer loop
      vertex 168 0 28
      vertex 108.16802124679089 9.13754391870787 31.530414695864405
      vertex 108.16802124679089 5.411229910342296 30.090702465359524
    endloop
  endfacet
  facet normal 6.279632133944687e-17 -0.36039927920216214 0.932798134405597
    outer loop
      vertex 168 0 28
      vertex 106.71455624699593 11.558635466514701 32.465836430244316
      vertex 108.16802124679089 9.13754391870787 31.530414695864405
    endloop
  endfacet
  facet normal 0 0 -1
    outer loop
      vertex 160 2.4000000000000004 2.6
      vertex 165 8.6 2.6
      vertex 168 2.4000000000000004 2.6
    endloop
  endfacet
  facet normal 0 0 -1
    outer loop
      vertex 160 2.4000000000000004 2.6
      vertex 163.05835921350013 9.589315394498065 2.6
      vertex 163.58931539449807 9.058359213500125 2.6
    endloop
  endfacet
  facet normal 0 0 -1
    outer loop
      vertex 160 2.4000000000000004 2.6
      vertex 162.71746436089163 10.258359213500126 2.6
      vertex 163.05835921350013 9.589315394498065 2.6
    endloop
  endfacet
  facet normal 0 0 -1
    outer loop
      vertex 160 2.4000000000000004 2.6
      vertex 162.6 11 2.6
      vertex 162.71746436089163 10.258359213500126 2.6
    endloop
  endfacet
  facet normal 0 0 -1
    outer loop
      vertex 160 2.4000000000000004 2.6
      vertex 163.58931539449807 9.058359213500125 2.6
      vertex 164.2583592135001 8.717464360891633 2.6
    endloop
  endfacet
  facet normal 0 0 -1
    outer loop
      vertex 160 2.4000000000000004 2.6
      vertex 164.2583592135001 8.717464360891633 2.6
      vertex 165 8.6 2.6
    endloop
  endfacet
  facet normal 0 0 -1
    outer loop
      vertex 160 2.4000000000000004 2.6
      vertex 160 16 2.6
      vertex 162.6 11 2.6
    endloop
  endfacet
  facet normal 0 0 -1
    outer loop
      vertex 160 16 2.6
      vertex 162.71746436089163 11.741640786499874 2.6
      vertex 162.6 11 2.6
    endloop
  endfacet
  facet normal 0.7071067811865429 0.7071067811865522 0
    outer loop
      vertex 163.05835921350013 9.589315394498065 9.2
      vertex 163.58931539449807 9.058359213500125 2.6
      vertex 163.05835921350013 9.589315394498065 2.6
    endloop
  endfacet
  facet normal 0.15643446504023045 0.9876883405951378 0
    outer loop
      vertex 164.2583592135001 8.717464360891633 9.2
      vertex 165 8.6 2.6
      vertex 164.2583592135001 8.717464360891633 2.6
    endloop
  endfacet
  facet normal 0.45399049973955546 0.8910065241883633 0
    outer loop
      vertex 163.58931539449807 9.058359213500125 9.2
      vertex 164.2583592135001 8.717464360891633 2.6
      vertex 163.58931539449807 9.058359213500125 2.6
    endloop
  endfacet
  facet normal -1 0 0
    outer loop
      vertex 160 2.4000000000000004 2.6
      vertex 160 2.4000000000000004 12.6
      vertex 160 16 2.6
    endloop
  endfacet
  facet normal 0.7071067811865429 0.7071067811865522 0
    outer loop
      vertex 163.58931539449807 9.058359213500125 9.2
      vertex 163.58931539449807 9.058359213500125 2.6
      vertex 163.05835921350013 9.589315394498065 9.2
    endloop
  endfacet
  facet normal 0.45399049973955546 0.8910065241883633 1.2416660359041183e-18
    outer loop
      vertex 163.58931539449807 9.058359213500125 9.2
      vertex 164.2583592135001 8.717464360891633 9.2
      vertex 164.2583592135001 8.717464360891633 2.6
    endloop
  endfacet
  facet normal 0.15643446504023045 0.9876883405951378 1.4830329560626487e-19
    outer loop
      vertex 164.2583592135001 8.717464360891633 9.2
      vertex 165 8.6 9.2
      vertex 165 8.6 2.6
    endloop
  endfacet
  facet normal 0.8910065241883649 0.4539904997395525 0
    outer loop
      vertex 162.71746436089163 10.258359213500126 9.2
      vertex 163.05835921350013 9.589315394498065 2.6
      vertex 162.71746436089163 10.258359213500126 2.6
    endloop
  endfacet
  facet normal 0.9876883405951378 0.15643446504023067 0
    outer loop
      vertex 162.6 11 9.2
      vertex 162.71746436089163 10.258359213500126 2.6
      vertex 162.6 11 2.6
    endloop
  endfacet
  facet normal 0.9876883405951378 -0.15643446504023067 0
    outer loop
      vertex 162.71746436089163 11.741640786499874 9.2
      vertex 162.6 11 2.6
      vertex 162.71746436089163 11.741640786499874 2.6
    endloop
  endfacet
  facet normal 0.8910065241883649 -0.4539904997395525 0
    outer loop
      vertex 163.05835921350013 12.410684605501935 9.2
      vertex 162.71746436089163 11.741640786499874 2.6
      vertex 163.05835921350013 12.410684605501935 2.6
    endloop
  endfacet
  facet normal 0.7071067811865429 -0.7071067811865522 0
    outer loop
      vertex 163.58931539449807 12.941640786499875 9.2
      vertex 163.05835921350013 12.410684605501935 2.6
      vertex 163.58931539449807 12.941640786499875 2.6
    endloop
  endfacet
  facet normal 0.9876883405951378 0.15643446504023067 0
    outer loop
      vertex 162.71746436089163 10.258359213500126 9.2
      vertex 162.71746436089163 10.258359213500126 2.6
      vertex 162.6 11 9.2
    endloop
  endfacet
  facet normal 0.8910065241883649 0.4539904997395525 -2.435723187586402e-19
    outer loop
      vertex 162.71746436089163 10.258359213500126 9.2
      vertex 163.05835921350013 9.589315394498065 9.2
      vertex 163.05835921350013 9.589315394498065 2.6
    endloop
  endfacet
  facet normal 0.9876883405951378 -0.15643446504023067 0
    outer loop
      vertex 162.6 11 9.2
      vertex 162.6 11 2.6
      vertex 162.71746436089163 11.741640786499874 9.2
    endloop
  endfacet
  facet normal 0.8910065241883649 -0.4539904997395525 0
    outer loop
      vertex 162.71746436089163 11.741640786499874 9.2
      vertex 162.71746436089163 11.741640786499874 2.6
      vertex 163.05835921350013 12.410684605501935 9.2
    endloop
  endfacet
  facet normal 0.7071067811865429 -0.7071067811865522 0
    outer loop
      vertex 163.05835921350013 12.410684605501935 9.2
      vertex 163.05835921350013 12.410684605501935 2.6
      vertex 163.58931539449807 12.941640786499875 9.2
    endloop
  endfacet
  facet normal 0 1 0
    outer loop
      vertex 160 2.4000000000000004 2.6
      vertex 168 2.4000000000000004 2.6
      vertex 168 2.4000000000000004 0
    endloop
  endfacet
  facet normal 0 0 -1
    outer loop
      vertex 168 0 0
      vertex 172.7022820183398 1.5278640450004204 0
      vertex 170.47213595499957 0.39154786963877175 0
    endloop
  endfacet
  facet normal 0 0 -1
    outer loop
      vertex 168 0 0
      vertex 168 2.4000000000000004 0
      vertex 169.73049516849971 2.674083508747141 0
    endloop
  endfacet
  facet normal -0.1564344650402303 0.9876883405951378 0
    outer loop
      vertex 168 2.4000000000000004 0
      vertex 168 2.4000000000000004 2.6
      vertex 169.73049516849971 2.674083508747141 0
    endloop
  endfacet
  facet normal 0 0 -1
    outer loop
      vertex 168 0 0
      vertex 169.73049516849971 2.674083508747141 0
      vertex 171.29159741283786 3.469504831500295 0
    endloop
  endfacet
  facet normal -0.45399049973954664 0.8910065241883681 0
    outer loop
      vertex 169.73049516849971 2.674083508747141 0
      vertex 169.73049516849971 2.674083508747141 2.6
      vertex 171.29159741283786 3.469504831500295 0
    endloop
  endfacet
  facet normal -0.1564344650402303 0.9876883405951378 0
    outer loop
      vertex 169.73049516849971 2.674083508747141 0
      vertex 168 2.4000000000000004 2.6
      vertex 169.73049516849971 2.674083508747141 2.6
    endloop
  endfacet
  facet normal 0 0 -1
    outer loop
      vertex 168 2.4000000000000004 2.6
      vertex 165.7416407864999 8.717464360891633 2.6
      vertex 169.73049516849971 2.674083508747141 2.6
    endloop
  endfacet
  facet normal 0 0 -1
    outer loop
      vertex 169.73049516849971 2.674083508747141 2.6
      vertex 166.41068460550193 9.058359213500125 2.6
      vertex 171.29159741283786 3.469504831500295 2.6
    endloop
  endfacet
  facet normal 0 0 -1
    outer loop
      vertex 171.29159741283786 3.469504831500295 2.6
      vertex 166.94164078649987 9.589315394498065 2.6
      vertex 172.5304951684997 4.70840258716215 2.6
    endloop
  endfacet
  facet normal 0 0 -1
    outer loop
      vertex 168 0 0
      vertex 176 8 0
      vertex 172.7022820183398 1.5278640450004204 0
    endloop
  endfacet
  facet normal -0.45399049973954664 0.8910065241883681 -2.044836688169777e-17
    outer loop
      vertex 169.73049516849971 2.674083508747141 2.6
      vertex 171.29159741283786 3.469504831500295 2.6
      vertex 171.29159741283786 3.469504831500295 0
    endloop
  endfacet
  facet normal 0 0 -1
    outer loop
      vertex 168 0 0
      vertex 171.29159741283786 3.469504831500295 0
      vertex 176 8 0
    endloop
  endfacet
  facet normal -0.7071067811865523 0.7071067811865427 0
    outer loop
      vertex 171.29159741283786 3.469504831500295 0
      vertex 171.29159741283786 3.469504831500295 2.6
      vertex 172.5304951684997 4.70840258716215 0
    endloop
  endfacet
  facet normal -0.7071067811865523 0.7071067811865427 0
    outer loop
      vertex 172.5304951684997 4.70840258716215 0
      vertex 171.29159741283786 3.469504831500295 2.6
      vertex 172.5304951684997 4.70840258716215 2.6
    endloop
  endfacet
  facet normal -0.8910065241883673 0.45399049973954775 0
    outer loop
      vertex 172.5304951684997 4.70840258716215 0
      vertex 172.5304951684997 4.70840258716215 2.6
      vertex 173.32591649125285 6.269504831500295 0
    endloop
  endfacet
  facet normal -0.8910065241883673 0.45399049973954775 0
    outer loop
      vertex 173.32591649125285 6.269504831500295 0
      vertex 172.5304951684997 4.70840258716215 2.6
      vertex 173.32591649125285 6.269504831500295 2.6
    endloop
  endfacet
  facet normal 0 0 -1
    outer loop
      vertex 172.7022820183398 1.5278640450004204 0
      vertex 176 8 0
      vertex 174.47213595499957 3.297717981660215 0
    endloop
  endfacet
  facet normal 0 0 -1
    outer loop
      vertex 171.29159741283786 3.469504831500295 0
      vertex 172.5304951684997 4.70840258716215 0
      vertex 176 8 0
    endloop
  endfacet
  facet normal 0 0 -1
    outer loop
      vertex 172.5304951684997 4.70840258716215 0
      vertex 173.32591649125285 6.269504831500295 0
      vertex 176 8 0
    endloop
  endfacet
  facet normal 0 0 -1
    outer loop
      vertex 174.47213595499957 3.297717981660215 0
      vertex 176 8 0
      vertex 175.60845213036123 5.52786404500042 0
    endloop
  endfacet
  facet normal 0 0 -1
    outer loop
      vertex 168 2.4000000000000004 2.6
      vertex 165 8.6 2.6
      vertex 165.7416407864999 8.717464360891633 2.6
    endloop
  endfacet
  facet normal 0 0 -1
    outer loop
      vertex 169.73049516849971 2.674083508747141 2.6
      vertex 165.7416407864999 8.717464360891633 2.6
      vertex 166.41068460550193 9.058359213500125 2.6
    endloop
  endfacet
  facet normal 0 0 -1
    outer loop
      vertex 171.29159741283786 3.469504831500295 2.6
      vertex 166.41068460550193 9.058359213500125 2.6
      vertex 166.94164078649987 9.589315394498065 2.6
    endloop
  endfacet
  facet normal 0 0 -1
    outer loop
      vertex 172.5304951684997 4.70840258716215 2.6
      vertex 166.94164078649987 9.589315394498065 2.6
      vertex 167.28253563910837 10.258359213500126 2.6
    endloop
  endfacet
  facet normal 0 0 -1
    outer loop
      vertex 173.32591649125285 6.269504831500295 2.6
      vertex 167.28253563910837 10.258359213500126 2.6
      vertex 167.4 11 2.6
    endloop
  endfacet
  facet normal 0 0 -1
    outer loop
      vertex 173.6 8 2.6
      vertex 167.4 11 2.6
      vertex 167.28253563910837 11.741640786499874 2.6
    endloop
  endfacet
  facet normal -0.9876883405951378 0.15643446504023065 0
    outer loop
      vertex 173.32591649125285 6.269504831500295 0
      vertex 173.32591649125285 6.269504831500295 2.6
      vertex 173.6 8 0
    endloop
  endfacet
  facet normal 0 0 -1
    outer loop
      vertex 173.32591649125285 6.269504831500295 0
      vertex 173.6 8 0
      vertex 176 8 0
    endloop
  endfacet
  facet normal -0.9876883405951378 0.15643446504023065 4.164411274239505e-18
    outer loop
      vertex 173.32591649125285 6.269504831500295 2.6
      vertex 173.6 8 2.6
      vertex 173.6 8 0
    endloop
  endfacet
  facet normal 0 0 -1
    outer loop
      vertex 172.5304951684997 4.70840258716215 2.6
      vertex 167.28253563910837 10.258359213500126 2.6
      vertex 173.32591649125285 6.269504831500295 2.6
    endloop
  endfacet
  facet normal 0 0 -1
    outer loop
      vertex 173.32591649125285 6.269504831500295 2.6
      vertex 167.4 11 2.6
      vertex 173.6 8 2.6
    endloop
  endfacet
  facet normal 0 0 -1
    outer loop
      vertex 173.6 8 2.6
      vertex 167.28253563910837 11.741640786499874 2.6
      vertex 173.6 16 2.6
    endloop
  endfacet
  facet normal -0.15643446504023045 0.9876883405951378 0
    outer loop
      vertex 165 8.6 9.2
      vertex 165.7416407864999 8.717464360891633 2.6
      vertex 165 8.6 2.6
    endloop
  endfacet
  facet normal -0.45399049973955546 0.8910065241883633 0
    outer loop
      vertex 165.7416407864999 8.717464360891633 9.2
      vertex 166.41068460550193 9.058359213500125 2.6
      vertex 165.7416407864999 8.717464360891633 2.6
    endloop
  endfacet
  facet normal -0.7071067811865429 0.7071067811865522 0
    outer loop
      vertex 166.41068460550193 9.058359213500125 9.2
      vertex 166.94164078649987 9.589315394498065 2.6
      vertex 166.41068460550193 9.058359213500125 2.6
    endloop
  endfacet
  facet normal -0.15643446504023045 0.9876883405951378 -1.4830329560626487e-19
    outer loop
      vertex 165 8.6 9.2
      vertex 165.7416407864999 8.717464360891633 9.2
      vertex 165.7416407864999 8.717464360891633 2.6
    endloop
  endfacet
  facet normal -0.45399049973955546 0.8910065241883633 -1.2416660359041183e-18
    outer loop
      vertex 165.7416407864999 8.717464360891633 9.2
      vertex 166.41068460550193 9.058359213500125 9.2
      vertex 166.41068460550193 9.058359213500125 2.6
    endloop
  endfacet
  facet normal -0.7071067811865429 0.7071067811865522 1.1275754159711782e-18
    outer loop
      vertex 166.41068460550193 9.058359213500125 9.2
      vertex 166.94164078649987 9.589315394498065 9.2
      vertex 166.94164078649987 9.589315394498065 2.6
    endloop
  endfacet
  facet normal -0.8910065241883649 0.4539904997395525 0
    outer loop
      vertex 166.94164078649987 9.589315394498065 9.2
      vertex 167.28253563910837 10.258359213500126 2.6
      vertex 166.94164078649987 9.589315394498065 2.6
    endloop
  endfacet
  facet normal -0.9876883405951378 0.15643446504023067 0
    outer loop
      vertex 167.28253563910837 10.258359213500126 9.2
      vertex 167.4 11 2.6
      vertex 167.28253563910837 10.258359213500126 2.6
    endloop
  endfacet
  facet normal -0.9876883405951378 -0.15643446504023067 0
    outer loop
      vertex 167.4 11 9.2
      vertex 167.28253563910837 11.741640786499874 2.6
      vertex 167.4 11 2.6
    endloop
  endfacet
  facet normal -0.8910065241883649 -0.4539904997395525 0
    outer loop
      vertex 167.28253563910837 11.741640786499874 9.2
      vertex 166.94164078649987 12.410684605501935 2.6
      vertex 167.28253563910837 11.741640786499874 2.6
    endloop
  endfacet
  facet normal -0.7071067811865429 -0.7071067811865522 0
    outer loop
      vertex 166.94164078649987 12.410684605501935 9.2
      vertex 166.41068460550193 12.941640786499875 2.6
      vertex 166.94164078649987 12.410684605501935 2.6
    endloop
  endfacet
  facet normal -0.8910065241883649 0.4539904997395525 2.435723187586402e-19
    outer loop
      vertex 166.94164078649987 9.589315394498065 9.2
      vertex 167.28253563910837 10.258359213500126 9.2
      vertex 167.28253563910837 10.258359213500126 2.6
    endloop
  endfacet
  facet normal -0.9876883405951378 0.15643446504023067 -6.470009901527595e-19
    outer loop
      vertex 167.28253563910837 10.258359213500126 9.2
      vertex 167.4 11 9.2
      vertex 167.4 11 2.6
    endloop
  endfacet
  facet normal -0.9876883405951378 -0.15643446504023067 6.470009901527595e-19
    outer loop
      vertex 167.4 11 9.2
      vertex 167.28253563910837 11.741640786499874 9.2
      vertex 167.28253563910837 11.741640786499874 2.6
    endloop
  endfacet
  facet normal -0.8910065241883649 -0.4539904997395525 -2.435723187586402e-19
    outer loop
      vertex 167.28253563910837 11.741640786499874 9.2
      vertex 166.94164078649987 12.410684605501935 9.2
      vertex 166.94164078649987 12.410684605501935 2.6
    endloop
  endfacet
  facet normal -0.7071067811865429 -0.7071067811865522 0
    outer loop
      vertex 166.41068460550193 12.941640786499875 9.2
      vertex 166.41068460550193 12.941640786499875 2.6
      vertex 166.94164078649987 12.410684605501935 9.2
    endloop
  endfacet
  facet normal -1 0 0
    outer loop
      vertex 160 2.4000000000000004 12.6
      vertex 160 16 12.6
      vertex 160 16 2.6
    endloop
  endfacet
  facet normal 0 0 -1
    outer loop
      vertex 162.71746436089163 10.258359213500126 9.2
      vertex 162.71746436089163 11.741640786499874 9.2
      vertex 163.05835921350013 9.589315394498065 9.2
    endloop
  endfacet
  facet normal 0 0 -1
    outer loop
      vertex 163.58931539449807 9.058359213500125 9.2
      vertex 163.05835921350013 9.589315394498065 9.2
      vertex 163.05835921350013 12.410684605501935 9.2
    endloop
  endfacet
  facet normal 0 0 -1
    outer loop
      vertex 162.71746436089163 10.258359213500126 9.2
      vertex 162.6 11 9.2
      vertex 162.71746436089163 11.741640786499874 9.2
    endloop
  endfacet
  facet normal 0 0 -1
    outer loop
      vertex 163.05835921350013 9.589315394498065 9.2
      vertex 162.71746436089163 11.741640786499874 9.2
      vertex 163.05835921350013 12.410684605501935 9.2
    endloop
  endfacet
  facet normal 0 0 -1
    outer loop
      vertex 163.58931539449807 9.058359213500125 9.2
      vertex 163.58931539449807 12.941640786499875 9.2
      vertex 164.2583592135001 8.717464360891633 9.2
    endloop
  endfacet
  facet normal 0 0 -1
    outer loop
      vertex 164.2583592135001 8.717464360891633 9.2
      vertex 164.2583592135001 13.282535639108367 9.2
      vertex 165 8.6 9.2
    endloop
  endfacet
  facet normal 0 0 -1
    outer loop
      vertex 163.58931539449807 9.058359213500125 9.2
      vertex 163.05835921350013 12.410684605501935 9.2
      vertex 163.58931539449807 12.941640786499875 9.2
    endloop
  endfacet
  facet normal 0 0 -1
    outer loop
      vertex 164.2583592135001 8.717464360891633 9.2
      vertex 163.58931539449807 12.941640786499875 9.2
      vertex 164.2583592135001 13.282535639108367 9.2
    endloop
  endfacet
  facet normal 0 0 -1
    outer loop
      vertex 165 8.6 9.2
      vertex 164.2583592135001 13.282535639108367 9.2
      vertex 165 13.4 9.2
    endloop
  endfacet
  facet normal 0 0 1
    outer loop
      vertex 160 2.4000000000000004 12.6
      vertex 168 2.4000000000000004 12.6
      vertex 160 16 12.6
    endloop
  endfacet
  facet normal 0.15643446504023142 -0.9876883405951377 0
    outer loop
      vertex 168 0 0
      vertex 170.47213595499957 0.39154786963877175 0
      vertex 168 0 28
    endloop
  endfacet
  facet normal 0.45399049973954525 -0.8910065241883687 1.9322585790731195e-18
    outer loop
      vertex 170.47213595499957 0.39154786963877175 0
      vertex 172.7022820183398 1.5278640450004204 0
      vertex 172.7022820183398 1.5278640450004204 28
    endloop
  endfacet
  facet normal 0.7071067811865492 -0.7071067811865457 0
    outer loop
      vertex 172.7022820183398 1.5278640450004204 0
      vertex 174.47213595499957 3.297717981660215 0
      vertex 172.7022820183398 1.5278640450004204 28
    endloop
  endfacet
  facet normal 0.8910065241883666 -0.45399049973954914 0
    outer loop
      vertex 174.47213595499957 3.297717981660215 0
      vertex 175.60845213036123 5.52786404500042 0
      vertex 174.47213595499957 3.297717981660215 28
    endloop
  endfacet
  facet normal 0 0 -1
    outer loop
      vertex 165 8.6 9.2
      vertex 165 13.4 9.2
      vertex 165.7416407864999 8.717464360891633 9.2
    endloop
  endfacet
  facet normal 0 0 -1
    outer loop
      vertex 165.7416407864999 8.717464360891633 9.2
      vertex 165.7416407864999 13.282535639108367 9.2
      vertex 166.41068460550193 9.058359213500125 9.2
    endloop
  endfacet
  facet normal 0 0 -1
    outer loop
      vertex 166.41068460550193 9.058359213500125 9.2
      vertex 166.41068460550193 12.941640786499875 9.2
      vertex 166.94164078649987 9.589315394498065 9.2
    endloop
  endfacet
  facet normal 0 0 -1
    outer loop
      vertex 166.94164078649987 9.589315394498065 9.2
      vertex 166.94164078649987 12.410684605501935 9.2
      vertex 167.28253563910837 10.258359213500126 9.2
    endloop
  endfacet
  facet normal 0 0 -1
    outer loop
      vertex 167.28253563910837 10.258359213500126 9.2
      vertex 167.28253563910837 11.741640786499874 9.2
      vertex 167.4 11 9.2
    endloop
  endfacet
  facet normal 0 0 -1
    outer loop
      vertex 165.7416407864999 8.717464360891633 9.2
      vertex 165 13.4 9.2
      vertex 165.7416407864999 13.282535639108367 9.2
    endloop
  endfacet
  facet normal 0 0 -1
    outer loop
      vertex 166.41068460550193 9.058359213500125 9.2
      vertex 165.7416407864999 13.282535639108367 9.2
      vertex 166.41068460550193 12.941640786499875 9.2
    endloop
  endfacet
  facet normal 0 0 -1
    outer loop
      vertex 166.94164078649987 9.589315394498065 9.2
      vertex 166.41068460550193 12.941640786499875 9.2
      vertex 166.94164078649987 12.410684605501935 9.2
    endloop
  endfacet
  facet normal 0 0 -1
    outer loop
      vertex 167.28253563910837 10.258359213500126 9.2
      vertex 166.94164078649987 12.410684605501935 9.2
      vertex 167.28253563910837 11.741640786499874 9.2
    endloop
  endfacet
  facet normal 0.9876883405951379 -0.15643446504023065 -1.4072736579742173e-19
    outer loop
      vertex 175.60845213036123 5.52786404500042 0
      vertex 176 8 0
      vertex 176 8 28
    endloop
  endfacet
  facet normal 0 0 1
    outer loop
      vertex 168 2.4000000000000004 12.6
      vertex 169.73049516849971 2.674083508747141 12.6
      vertex 160 16 12.6
    endloop
  endfacet
  facet normal 0 0 1
    outer loop
      vertex 169.73049516849971 2.674083508747141 12.6
      vertex 171.29159741283786 3.469504831500295 12.6
      vertex 160 16 12.6
    endloop
  endfacet
  facet normal 0 0 1
    outer loop
      vertex 171.29159741283786 3.469504831500295 12.6
      vertex 172.5304951684997 4.70840258716215 12.6
      vertex 160 16 12.6
    endloop
  endfacet
  facet normal 0 0 1
    outer loop
      vertex 172.5304951684997 4.70840258716215 12.6
      vertex 173.32591649125285 6.269504831500295 12.6
      vertex 160 16 12.6
    endloop
  endfacet
  facet normal 0 0 1
    outer loop
      vertex 173.32591649125285 6.269504831500295 12.6
      vertex 173.6 8 12.6
      vertex 160 16 12.6
    endloop
  endfacet
  facet normal 0 0 -1
    outer loop
      vertex 160 16 2.6
      vertex 163.05835921350013 12.410684605501935 2.6
      vertex 162.71746436089163 11.741640786499874 2.6
    endloop
  endfacet
  facet normal 0 0 -1
    outer loop
      vertex 160 16 2.6
      vertex 163.58931539449807 12.941640786499875 2.6
      vertex 163.05835921350013 12.410684605501935 2.6
    endloop
  endfacet
  facet normal 0 0 -1
    outer loop
      vertex 160 16 2.6
      vertex 164.2583592135001 13.282535639108367 2.6
      vertex 163.58931539449807 12.941640786499875 2.6
    endloop
  endfacet
  facet normal 0.45399049973955546 -0.8910065241883633 0
    outer loop
      vertex 164.2583592135001 13.282535639108367 9.2
      vertex 163.58931539449807 12.941640786499875 2.6
      vertex 164.2583592135001 13.282535639108367 2.6
    endloop
  endfacet
  facet normal 0.15643446504023045 -0.9876883405951378 0
    outer loop
      vertex 165 13.4 9.2
      vertex 164.2583592135001 13.282535639108367 2.6
      vertex 165 13.4 2.6
    endloop
  endfacet
  facet normal 0.45399049973955546 -0.8910065241883633 0
    outer loop
      vertex 163.58931539449807 12.941640786499875 9.2
      vertex 163.58931539449807 12.941640786499875 2.6
      vertex 164.2583592135001 13.282535639108367 9.2
    endloop
  endfacet
  facet normal 0.15643446504023045 -0.9876883405951378 0
    outer loop
      vertex 164.2583592135001 13.282535639108367 9.2
      vertex 164.2583592135001 13.282535639108367 2.6
      vertex 165 13.4 9.2
    endloop
  endfacet
  facet normal 0 1 0
    outer loop
      vertex 160 16 2.6
      vertex 160 16 12.6
      vertex 173.6 16 2.6
    endloop
  endfacet
  facet normal 0 0 -1
    outer loop
      vertex 173.6 16 2.6
      vertex 165 13.4 2.6
      vertex 164.2583592135001 13.282535639108367 2.6
    endloop
  endfacet
  facet normal 0 0 -1
    outer loop
      vertex 160 16 2.6
      vertex 173.6 16 2.6
      vertex 164.2583592135001 13.282535639108367 2.6
    endloop
  endfacet
  facet normal 0 0 -1
    outer loop
      vertex 173.6 16 2.6
      vertex 166.94164078649987 12.410684605501935 2.6
      vertex 166.41068460550193 12.941640786499875 2.6
    endloop
  endfacet
  facet normal 0 0 -1
    outer loop
      vertex 173.6 16 2.6
      vertex 165.7416407864999 13.282535639108367 2.6
      vertex 165 13.4 2.6
    endloop
  endfacet
  facet normal 0 0 -1
    outer loop
      vertex 173.6 16 2.6
      vertex 166.41068460550193 12.941640786499875 2.6
      vertex 165.7416407864999 13.282535639108367 2.6
    endloop
  endfacet
  facet normal 0 0 -1
    outer loop
      vertex 173.6 16 2.6
      vertex 167.28253563910837 11.741640786499874 2.6
      vertex 166.94164078649987 12.410684605501935 2.6
    endloop
  endfacet
  facet normal -0.15643446504023045 -0.9876883405951378 0
    outer loop
      vertex 165.7416407864999 13.282535639108367 9.2
      vertex 165 13.4 2.6
      vertex 165.7416407864999 13.282535639108367 2.6
    endloop
  endfacet
  facet normal -0.45399049973955546 -0.8910065241883633 0
    outer loop
      vertex 166.41068460550193 12.941640786499875 9.2
      vertex 165.7416407864999 13.282535639108367 2.6
      vertex 166.41068460550193 12.941640786499875 2.6
    endloop
  endfacet
  facet normal -0.15643446504023045 -0.9876883405951378 0
    outer loop
      vertex 165 13.4 9.2
      vertex 165 13.4 2.6
      vertex 165.7416407864999 13.282535639108367 9.2
    endloop
  endfacet
  facet normal -0.45399049973955546 -0.8910065241883633 1.2416660359041183e-18
    outer loop
      vertex 166.41068460550193 12.941640786499875 9.2
      vertex 165.7416407864999 13.282535639108367 9.2
      vertex 165.7416407864999 13.282535639108367 2.6
    endloop
  endfacet
  facet normal 0 1 0
    outer loop
      vertex 173.6 16 2.6
      vertex 160 16 12.6
      vertex 173.6 16 12.6
    endloop
  endfacet
  facet normal 0 0 1
    outer loop
      vertex 173.6 8 12.6
      vertex 173.6 16 12.6
      vertex 160 16 12.6
    endloop
  endfacet
  facet normal 0 1 0
    outer loop
      vertex 160 2.4000000000000004 12.6
      vertex 168 2.4000000000000004 25.4
      vertex 168 2.4000000000000004 12.6
    endloop
  endfacet
  facet normal -0.15643446504023034 0.987688340595138 0
    outer loop
      vertex 168 2.4000000000000004 12.6
      vertex 168 2.4000000000000004 25.4
      vertex 169.73049516849971 2.674083508747141 12.6
    endloop
  endfacet
  facet normal -0.45399049973954664 0.891006524188368 0
    outer loop
      vertex 169.73049516849971 2.674083508747141 12.6
      vertex 169.73049516849971 2.674083508747141 25.4
      vertex 171.29159741283786 3.469504831500295 12.6
    endloop
  endfacet
  facet normal 0.15643446504023142 -0.9876883405951377 0
    outer loop
      vertex 170.47213595499957 0.39154786963877175 0
      vertex 170.47213595499957 0.39154786963877175 28
      vertex 168 0 28
    endloop
  endfacet
  facet normal 0.45399049973954525 -0.8910065241883687 0
    outer loop
      vertex 170.47213595499957 0.39154786963877175 0
      vertex 172.7022820183398 1.5278640450004204 28
      vertex 170.47213595499957 0.39154786963877175 28
    endloop
  endfacet
  facet normal 0.7071067811865492 -0.7071067811865457 0
    outer loop
      vertex 174.47213595499957 3.297717981660215 0
      vertex 174.47213595499957 3.297717981660215 28
      vertex 172.7022820183398 1.5278640450004204 28
    endloop
  endfacet
  facet normal -0.7071067811865523 0.7071067811865427 0
    outer loop
      vertex 171.29159741283786 3.469504831500295 12.6
      vertex 171.29159741283786 3.469504831500295 25.4
      vertex 172.5304951684997 4.70840258716215 12.6
    endloop
  endfacet
  facet normal -0.8910065241883673 0.45399049973954775 0
    outer loop
      vertex 172.5304951684997 4.70840258716215 12.6
      vertex 172.5304951684997 4.70840258716215 25.4
      vertex 173.32591649125285 6.269504831500295 12.6
    endloop
  endfacet
  facet normal 0.8910065241883666 -0.45399049973954914 0
    outer loop
      vertex 175.60845213036123 5.52786404500042 0
      vertex 175.60845213036123 5.52786404500042 28
      vertex 174.47213595499957 3.297717981660215 28
    endloop
  endfacet
  facet normal 0.9876883405951379 -0.15643446504023065 0
    outer loop
      vertex 175.60845213036123 5.52786404500042 0
      vertex 176 8 28
      vertex 175.60845213036123 5.52786404500042 28
    endloop
  endfacet
  facet normal -0.15643446504023034 0.987688340595138 0
    outer loop
      vertex 169.73049516849971 2.674083508747141 12.6
      vertex 168 2.4000000000000004 25.4
      vertex 169.73049516849971 2.674083508747141 25.4
    endloop
  endfacet
  facet normal -0.45399049973954664 0.891006524188368 0
    outer loop
      vertex 171.29159741283786 3.469504831500295 12.6
      vertex 169.73049516849971 2.674083508747141 25.4
      vertex 171.29159741283786 3.469504831500295 25.4
    endloop
  endfacet
  facet normal -0.7071067811865523 0.7071067811865427 0
    outer loop
      vertex 172.5304951684997 4.70840258716215 12.6
      vertex 171.29159741283786 3.469504831500295 25.4
      vertex 172.5304951684997 4.70840258716215 25.4
    endloop
  endfacet
  facet normal -0.8910065241883673 0.45399049973954775 0
    outer loop
      vertex 173.32591649125285 6.269504831500295 12.6
      vertex 172.5304951684997 4.70840258716215 25.4
      vertex 173.32591649125285 6.269504831500295 25.4
    endloop
  endfacet
  facet normal -0.9876883405951378 0.1564344650402307 0
    outer loop
      vertex 173.32591649125285 6.269504831500295 12.6
      vertex 173.32591649125285 6.269504831500295 25.4
      vertex 173.6 8 12.6
    endloop
  endfacet
  facet normal -1 0 0
    outer loop
      vertex 173.6 8 12.6
      vertex 173.6 8 25.4
      vertex 173.6 16 12.6
    endloop
  endfacet
  facet normal -0.9876883405951378 0.1564344650402307 0
    outer loop
      vertex 173.6 8 12.6
      vertex 173.32591649125285 6.269504831500295 25.4
      vertex 173.6 8 25.4
    endloop
  endfacet
  facet normal -8.951997743375518e-16 0.3603992792021622 -0.9327981344055968
    outer loop
      vertex 164.08487437503146 10.851812739427698 24.795646988961774
      vertex 162.84435562729848 11.441411934140385 25.02344667782804
      vertex 164.71835921350012 12.670457414862229 25.498305159016024
    endloop
  endfacet
  facet normal -0.707106781186555 -0.6595878863163509 -0.25484077425859053
    outer loop
      vertex 162.84435562729848 11.441411934140385 25.02344667782804
      vertex 161.8598743750315 11.058776935926405 28.74543654342611
      vertex 161.8598743750315 12.359734209612338 25.37825301153311
    endloop
  endfacet
  facet normal -0.8910065241883641 -0.4234814911949209 -0.1636178488707649
    outer loop
      vertex 161.8598743750315 12.359734209612338 25.37825301153311
      vertex 161.22779850248656 12.215930509506906 29.19251860594585
      vertex 161.22779850248656 13.516887783192837 25.825335074052852
    endloop
  endfacet
  facet normal -0.4539904997395492 -0.8311292235061236 -0.32111810908191146
    outer loop
      vertex 164.08487437503146 10.851812739427698 24.795646988961774
      vertex 162.84435562729848 10.140454660454454 28.39063020972104
      vertex 162.84435562729848 11.441411934140385 25.02344667782804
    endloop
  endfacet
  facet normal -0.15643446504023173 -0.9213138414813039 -0.3559621660268675
    outer loop
      vertex 164.08487437503146 10.851812739427698 24.795646988961774
      vertex 165.45999999999998 10.648650702631896 24.717152565654303
      vertex 164.08487437503146 9.550855465741767 28.162830520854772
    endloop
  endfacet
  facet normal -0.4539904997395492 -0.8311292235061236 -0.32111810908191146
    outer loop
      vertex 164.08487437503146 10.851812739427698 24.795646988961774
      vertex 164.08487437503146 9.550855465741767 28.162830520854772
      vertex 162.84435562729848 10.140454660454454 28.39063020972104
    endloop
  endfacet
  facet normal 3.398150347356998e-15 0.3603992792021604 -0.9327981344055977
    outer loop
      vertex 162.84435562729848 11.441411934140385 25.02344667782804
      vertex 163.5183592135001 13.483718432489901 25.812519643099442
      vertex 164.04931539449805 12.988443497403901 25.621163418179854
    endloop
  endfacet
  facet normal -1.4187420976292042e-15 0.36039927920216236 -0.9327981344055968
    outer loop
      vertex 164.08487437503146 10.851812739427698 24.795646988961774
      vertex 164.71835921350012 12.670457414862229 25.498305159016024
      vertex 165.45999999999998 12.560886878163368 25.455971088018735
    endloop
  endfacet
  facet normal -2.6267553397402843e-15 0.36039927920216447 -0.932798134405596
    outer loop
      vertex 162.84435562729848 11.441411934140385 25.02344667782804
      vertex 164.04931539449805 12.988443497403901 25.621163418179854
      vertex 164.71835921350012 12.670457414862229 25.498305159016024
    endloop
  endfacet
  facet normal 0.1564344650402369 0.9213138414813034 0.35596216602686703
    outer loop
      vertex 164.71835921350012 10.94054087469185 29.97573620416289
      vertex 165.45999999999998 12.560886878163368 25.455971088018735
      vertex 164.71835921350012 12.670457414862229 25.498305159016024
    endloop
  endfacet
  facet normal 0.4539904997395409 0.8311292235061276 0.3211181090819128
    outer loop
      vertex 164.71835921350012 10.94054087469185 29.97573620416289
      vertex 164.71835921350012 12.670457414862229 25.498305159016024
      vertex 164.04931539449805 12.988443497403901 25.621163418179854
    endloop
  endfacet
  facet normal -0.8910065241883642 -0.42348149119492035 -0.16361784887076491
    outer loop
      vertex 161.8598743750315 12.359734209612338 25.37825301153311
      vertex 161.8598743750315 11.058776935926405 28.74543654342611
      vertex 161.22779850248656 12.215930509506906 29.19251860594585
    endloop
  endfacet
  facet normal -0.7071067811865545 -0.6595878863163516 -0.2548407742585904
    outer loop
      vertex 162.84435562729848 11.441411934140385 25.02344667782804
      vertex 162.84435562729848 10.140454660454454 28.39063020972104
      vertex 161.8598743750315 11.058776935926405 28.74543654342611
    endloop
  endfacet
  facet normal 0.7071067811865428 0.6595878863163624 0.25484077425859447
    outer loop
      vertex 163.5183592135001 11.753801892319522 30.289950688246307
      vertex 164.04931539449805 12.988443497403901 25.621163418179854
      vertex 163.5183592135001 13.483718432489901 25.812519643099442
    endloop
  endfacet
  facet normal 0.8910065241883801 0.4234814911948915 0.16361784887075345
    outer loop
      vertex 163.5183592135001 11.753801892319522 30.289950688246307
      vertex 163.5183592135001 13.483718432489901 25.812519643099442
      vertex 163.17746436089163 12.37788471852024 30.53107359836931
    endloop
  endfacet
  facet normal 0.4539904997395394 0.8311292235061283 0.3211181090819133
    outer loop
      vertex 164.04931539449805 11.258526957233522 30.098594463326716
      vertex 164.71835921350012 10.94054087469185 29.97573620416289
      vertex 164.04931539449805 12.988443497403901 25.621163418179854
    endloop
  endfacet
  facet normal 0.7071067811865438 0.6595878863163616 0.2548407742585943
    outer loop
      vertex 164.04931539449805 11.258526957233522 30.098594463326716
      vertex 164.04931539449805 12.988443497403901 25.621163418179854
      vertex 163.5183592135001 11.753801892319522 30.289950688246307
    endloop
  endfacet
  facet normal 2.9330478438835155e-15 0.3603992792021622 -0.9327981344055969
    outer loop
      vertex 163.5183592135001 11.753801892319522 30.289950688246307
      vertex 163.17746436089163 12.37788471852024 30.53107359836931
      vertex 163.17746436089163 13.761487002612604 31.06564720813227
    endloop
  endfacet
  facet normal -1.4070910954073541e-15 0.36039927920216247 -0.9327981344055968
    outer loop
      vertex 164.71835921350012 10.94054087469185 29.97573620416289
      vertex 164.71835921350012 15.198830846440993 31.620984602338694
      vertex 165.45999999999998 10.830970337992989 29.9334021331656
    endloop
  endfacet
  facet normal -3.7657073186332776e-16 0.3603992792021626 -0.9327981344055967
    outer loop
      vertex 164.04931539449805 11.258526957233522 30.098594463326716
      vertex 163.5183592135001 11.753801892319522 30.289950688246307
      vertex 163.5183592135001 14.385569828813322 31.306770118255276
    endloop
  endfacet
  facet normal 1.3797705756538466e-15 0.36039927920216286 -0.9327981344055966
    outer loop
      vertex 164.04931539449805 11.258526957233522 30.098594463326716
      vertex 164.04931539449805 14.88084476389932 31.498126343174867
      vertex 164.71835921350012 10.94054087469185 29.97573620416289
    endloop
  endfacet
  facet normal -0.05698886983594074 0.359813563246291 -0.9312821636962825
    outer loop
      vertex 168 2.4000000000000004 25.4
      vertex 168.0756443727015 10.142010830199279 28.386602476263846
      vertex 169.73049516849971 2.674083508747141 25.4
    endloop
  endfacet
  facet normal -0.1806126392645497 0.35447226324761755 -0.9174576225232451
    outer loop
      vertex 169.73049516849971 2.674083508747141 25.4
      vertex 169.73049516849971 12.477059446080519 29.18751343033335
      vertex 171.29159741283786 3.469504831500295 25.4
    endloop
  endfacet
  facet normal -1.7259114862082162e-15 0.3603992792021626 -0.9327981344055967
    outer loop
      vertex 164.08487437503146 10.851812739427698 24.795646988961774
      vertex 165.45999999999998 12.560886878163368 25.455971088018735
      vertex 165.45999999999998 10.648650702631896 24.717152565654303
    endloop
  endfacet
  facet normal 1.7448471815914877e-15 0.36039927920216247 -0.9327981344055967
    outer loop
      vertex 165.45999999999998 10.648650702631896 24.717152565654303
      vertex 166.20164078649987 12.670457414862229 25.498305159016024
      vertex 166.8351256249685 10.851812739427698 24.795646988961774
    endloop
  endfacet
  facet normal 0.15643446504023176 -0.9213138414813041 -0.35596216602686714
    outer loop
      vertex 165.45999999999998 10.648650702631896 24.717152565654303
      vertex 166.8351256249685 10.851812739427698 24.795646988961774
      vertex 165.45999999999998 9.347693428945965 28.084336097547304
    endloop
  endfacet
  facet normal 0.453990499739541 -0.8311292235061276 -0.32111810908191296
    outer loop
      vertex 166.8351256249685 10.851812739427698 24.795646988961774
      vertex 168.0756443727015 11.441411934140385 25.02344667782804
      vertex 166.8351256249685 9.550855465741767 28.162830520854772
    endloop
  endfacet
  facet normal -0.1564344650402308 -0.9213138414813041 -0.3559621660268672
    outer loop
      vertex 164.08487437503146 9.550855465741767 28.162830520854772
      vertex 165.45999999999998 10.648650702631896 24.717152565654303
      vertex 165.45999999999998 9.347693428945965 28.084336097547304
    endloop
  endfacet
  facet normal 0.1564344650402309 -0.9213138414813041 -0.35596216602686753
    outer loop
      vertex 166.8351256249685 10.851812739427698 24.795646988961774
      vertex 166.8351256249685 9.550855465741767 28.162830520854772
      vertex 165.45999999999998 9.347693428945965 28.084336097547304
    endloop
  endfacet
  facet normal 1.4061519129091465e-15 0.3603992792021625 -0.9327981344055967
    outer loop
      vertex 165.45999999999998 10.648650702631896 24.717152565654303
      vertex 165.45999999999998 12.560886878163368 25.455971088018735
      vertex 166.20164078649987 12.670457414862229 25.498305159016024
    endloop
  endfacet
  facet normal 3.5247383075967984e-15 0.36039927920216297 -0.9327981344055966
    outer loop
      vertex 166.8351256249685 10.851812739427698 24.795646988961774
      vertex 166.20164078649987 12.670457414862229 25.498305159016024
      vertex 166.87068460550194 12.988443497403901 25.621163418179854
    endloop
  endfacet
  facet normal 4.909119421696523e-16 0.3603992792021629 -0.9327981344055966
    outer loop
      vertex 166.8351256249685 10.851812739427698 24.795646988961774
      vertex 167.40164078649985 13.483718432489901 25.812519643099446
      vertex 168.0756443727015 11.441411934140385 25.02344667782804
    endloop
  endfacet
  facet normal 1.432008004897128e-17 0.360399279202163 -0.9327981344055966
    outer loop
      vertex 166.8351256249685 10.851812739427698 24.795646988961774
      vertex 166.87068460550194 12.988443497403901 25.621163418179854
      vertex 167.40164078649985 13.483718432489901 25.812519643099446
    endloop
  endfacet
  facet normal -0.15643446504023092 0.9213138414813041 0.35596216602686737
    outer loop
      vertex 165.45999999999998 10.830970337992989 29.9334021331656
      vertex 166.20164078649987 12.670457414862229 25.498305159016024
      vertex 165.45999999999998 12.560886878163368 25.455971088018735
    endloop
  endfacet
  facet normal -0.4539904997395407 0.8311292235061277 0.32111810908191285
    outer loop
      vertex 166.20164078649987 10.94054087469185 29.97573620416289
      vertex 166.87068460550194 12.988443497403901 25.621163418179854
      vertex 166.20164078649987 12.670457414862229 25.498305159016024
    endloop
  endfacet
  facet normal 0.7071067811865448 -0.6595878863163606 -0.25484077425859375
    outer loop
      vertex 168.0756443727015 11.441411934140385 25.02344667782804
      vertex 169.06012562496852 12.359734209612338 25.37825301153311
      vertex 168.0756443727015 10.142010830199279 28.386602476263846
    endloop
  endfacet
  facet normal 0.8910065241883723 -0.4234814911949057 -0.16361784887075914
    outer loop
      vertex 169.06012562496852 12.359734209612338 25.37825301153311
      vertex 169.69220149751342 13.516887783192837 25.825335074052852
      vertex 169.06012562496852 11.080586032417944 28.688989470153892
    endloop
  endfacet
  facet normal -7.5407241200557305e-16 0.3603992792021623 -0.9327981344055967
    outer loop
      vertex 168 2.4000000000000004 25.4
      vertex 165.45999999999998 9.347693428945965 28.084336097547304
      vertex 166.8351256249685 9.550855465741767 28.162830520854772
    endloop
  endfacet
  facet normal 2.713987292155784e-16 0.3603992792021624 -0.9327981344055968
    outer loop
      vertex 168 2.4000000000000004 25.4
      vertex 166.8351256249685 9.550855465741767 28.162830520854772
      vertex 168 10.104502071014869 28.37673943652847
    endloop
  endfacet
  facet normal -0.056988869835939676 0.359813563246291 -0.9312821636962825
    outer loop
      vertex 168 2.4000000000000004 25.4
      vertex 168 10.104502071014869 28.37673943652847
      vertex 168.0756443727015 10.142010830199279 28.386602476263846
    endloop
  endfacet
  facet normal -0.05698886983594101 0.35981356324629105 -0.9312821636962824
    outer loop
      vertex 169.73049516849971 2.674083508747141 25.4
      vertex 168.0756443727015 10.142010830199279 28.386602476263846
      vertex 169.06012562496852 11.080586032417944 28.688989470153892
    endloop
  endfacet
  facet normal -0.056988869835944686 0.3598135632462907 -0.9312821636962825
    outer loop
      vertex 169.73049516849971 2.674083508747141 25.4
      vertex 169.06012562496852 11.080586032417944 28.688989470153892
      vertex 169.69220149751342 12.250742785404391 29.102416244799418
    endloop
  endfacet
  facet normal -0.05698886983586994 0.35981356324629243 -0.9312821636962862
    outer loop
      vertex 169.73049516849971 2.674083508747141 25.4
      vertex 169.69220149751342 12.250742785404391 29.102416244799418
      vertex 169.73049516849971 12.477059446080519 29.18751343033335
    endloop
  endfacet
  facet normal 0.4539904997395408 -0.8311292235061276 -0.321118109081913
    outer loop
      vertex 168.0756443727015 11.441411934140385 25.02344667782804
      vertex 168 10.104502071014869 28.37673943652847
      vertex 166.8351256249685 9.550855465741767 28.162830520854772
    endloop
  endfacet
  facet normal -0.7071067811865626 0.659587886316344 0.25484077425858753
    outer loop
      vertex 166.87068460550194 11.258526957233522 30.098594463326716
      vertex 167.40164078649985 13.483718432489901 25.812519643099446
      vertex 166.87068460550194 12.988443497403901 25.621163418179854
    endloop
  endfacet
  facet normal 0.1564344650402369 0.9213138414813034 0.35596216602686703
    outer loop
      vertex 164.71835921350012 10.94054087469185 29.97573620416289
      vertex 165.45999999999998 10.830970337992989 29.9334021331656
      vertex 165.45999999999998 12.560886878163368 25.455971088018735
    endloop
  endfacet
  facet normal -0.15643446504023106 0.9213138414813041 0.35596216602686737
    outer loop
      vertex 165.45999999999998 10.830970337992989 29.9334021331656
      vertex 166.20164078649987 10.94054087469185 29.97573620416289
      vertex 166.20164078649987 12.670457414862229 25.498305159016024
    endloop
  endfacet
  facet normal -0.4539904997395394 0.8311292235061283 0.3211181090819133
    outer loop
      vertex 166.20164078649987 10.94054087469185 29.97573620416289
      vertex 166.87068460550194 11.258526957233522 30.098594463326716
      vertex 166.87068460550194 12.988443497403901 25.621163418179854
    endloop
  endfacet
  facet normal -0.7071067811865626 0.6595878863163439 0.25484077425858753
    outer loop
      vertex 166.87068460550194 11.258526957233522 30.098594463326716
      vertex 167.40164078649985 11.753801892319522 30.289950688246307
      vertex 167.40164078649985 13.483718432489901 25.812519643099446
    endloop
  endfacet
  facet normal -0.8910065241883495 0.42348149119494743 0.16361784887077524
    outer loop
      vertex 167.40164078649985 11.753801892319522 30.289950688246307
      vertex 167.74253563910838 12.37788471852024 30.53107359836931
      vertex 167.74253563910838 14.10780125869062 26.05364255322245
    endloop
  endfacet
  facet normal 0.4539904997395489 -0.8311292235061237 -0.32111810908191124
    outer loop
      vertex 168.0756443727015 11.441411934140385 25.02344667782804
      vertex 168.0756443727015 10.142010830199279 28.386602476263846
      vertex 168 10.104502071014869 28.37673943652847
    endloop
  endfacet
  facet normal 0.7071067811865442 -0.6595878863163611 -0.25484077425859425
    outer loop
      vertex 169.06012562496852 12.359734209612338 25.37825301153311
      vertex 169.06012562496852 11.080586032417944 28.688989470153892
      vertex 168.0756443727015 10.142010830199279 28.386602476263846
    endloop
  endfacet
  facet normal -0.18061263926455187 0.3544722632476171 -0.9174576225232449
    outer loop
      vertex 171.29159741283786 3.469504831500295 25.4
      vertex 169.73049516849971 12.477059446080519 29.18751343033335
      vertex 169.91 13.546125007021827 29.565223788895622
    endloop
  endfacet
  facet normal 0.8910065241883723 -0.4234814911949055 -0.16361784887075898
    outer loop
      vertex 169.06012562496852 11.080586032417944 28.688989470153892
      vertex 169.69220149751342 13.516887783192837 25.825335074052852
      vertex 169.69220149751342 12.250742785404391 29.102416244799418
    endloop
  endfacet
  facet normal 0.9876883405951368 -0.14592177714627022 -0.05637886844287714
    outer loop
      vertex 169.69220149751342 12.250742785404391 29.102416244799418
      vertex 169.69220149751342 13.516887783192837 25.825335074052852
      vertex 169.73049516849971 12.477059446080519 29.18751343033335
    endloop
  endfacet
  facet normal 1.4478306005267108e-15 0.36039927920216225 -0.9327981344055969
    outer loop
      vertex 165.45999999999998 10.830970337992989 29.9334021331656
      vertex 165.45999999999998 15.308401383139854 31.66331867333598
      vertex 166.20164078649987 10.94054087469185 29.97573620416289
    endloop
  endfacet
  facet normal -1.1653324446382068e-15 0.3603992792021625 -0.9327981344055968
    outer loop
      vertex 166.20164078649987 10.94054087469185 29.97573620416289
      vertex 166.20164078649987 15.198830846440993 31.620984602338694
      vertex 166.87068460550194 11.258526957233522 30.098594463326716
    endloop
  endfacet
  facet normal 1.1515919691009948e-16 0.3603992792021629 -0.9327981344055967
    outer loop
      vertex 166.87068460550194 11.258526957233522 30.098594463326716
      vertex 166.87068460550194 14.88084476389932 31.498126343174867
      vertex 167.40164078649985 11.753801892319522 30.289950688246307
    endloop
  endfacet
  facet normal -3.856742693575159e-15 0.3603992792021626 -0.9327981344055967
    outer loop
      vertex 167.40164078649985 11.753801892319522 30.289950688246307
      vertex 167.40164078649985 14.385569828813322 31.306770118255276
      vertex 167.74253563910838 12.37788471852024 30.53107359836931
    endloop
  endfacet
  facet normal -2.827841414397643e-15 0.3603992792021624 -0.9327981344055968
    outer loop
      vertex 161.8598743750315 12.359734209612338 25.37825301153311
      vertex 161.22779850248656 13.516887783192837 25.825335074052852
      vertex 161.8598743750315 17.239470591861263 27.26360570467474
    endloop
  endfacet
  facet normal 1.3880448962375492e-14 0.3603992792021621 -0.932798134405597
    outer loop
      vertex 161.22779850248656 13.516887783192837 25.825335074052852
      vertex 161.01 14.7996024007368 26.320929358103925
      vertex 161.22779850248656 16.082317018280765 26.816523642155005
    endloop
  endfacet
  facet normal -8.058214390538094e-16 0.36039927920216214 -0.9327981344055969
    outer loop
      vertex 161.22779850248656 13.516887783192837 25.825335074052852
      vertex 161.22779850248656 16.082317018280765 26.816523642155005
      vertex 161.8598743750315 17.239470591861263 27.26360570467474
    endloop
  endfacet
  facet normal 6.513689237912108e-16 0.3603992792021624 -0.9327981344055968
    outer loop
      vertex 161.8598743750315 12.359734209612338 25.37825301153311
      vertex 161.8598743750315 17.239470591861263 27.26360570467474
      vertex 162.84435562729848 18.157792867333217 27.618412038379816
    endloop
  endfacet
  facet normal -5.144323631040106e-15 0.36039927920216297 -0.9327981344055966
    outer loop
      vertex 162.84435562729848 11.441411934140385 25.02344667782804
      vertex 163.17746436089163 14.10780125869062 26.05364255322245
      vertex 163.5183592135001 13.483718432489901 25.812519643099442
    endloop
  endfacet
  facet normal -1.0442428478678893e-15 0.36039927920216247 -0.9327981344055967
    outer loop
      vertex 162.84435562729848 11.441411934140385 25.02344667782804
      vertex 163.06 14.7996024007368 26.32092935810393
      vertex 163.17746436089163 14.10780125869062 26.05364255322245
    endloop
  endfacet
  facet normal 1.7391961669611702e-15 0.3603992792021623 -0.9327981344055969
    outer loop
      vertex 162.84435562729848 11.441411934140385 25.02344667782804
      vertex 161.8598743750315 12.359734209612338 25.37825301153311
      vertex 162.84435562729848 18.157792867333217 27.618412038379816
    endloop
  endfacet
  facet normal 1.5471106251206254e-15 0.3603992792021623 -0.9327981344055969
    outer loop
      vertex 162.84435562729848 11.441411934140385 25.02344667782804
      vertex 162.84435562729848 18.157792867333217 27.618412038379816
      vertex 163.06 14.7996024007368 26.32092935810393
    endloop
  endfacet
  facet normal -2.303823446593321e-15 0.36039927920216214 -0.9327981344055969
    outer loop
      vertex 162.84435562729848 18.157792867333217 27.618412038379816
      vertex 163.17746436089163 15.491403542782983 26.588216162985407
      vertex 163.06 14.7996024007368 26.32092935810393
    endloop
  endfacet
  facet normal -4.018113702258577e-15 0.3603992792021619 -0.932798134405597
    outer loop
      vertex 162.84435562729848 18.157792867333217 27.618412038379816
      vertex 163.5183592135001 16.115486368983703 26.82933907310841
      vertex 163.17746436089163 15.491403542782983 26.588216162985407
    endloop
  endfacet
  facet normal -0.9876883405951369 -0.14592177714626942 -0.05637886844287676
    outer loop
      vertex 161.22779850248656 13.516887783192837 25.825335074052852
      vertex 161.01 13.49864512705087 29.688112889996926
      vertex 161.01 14.7996024007368 26.320929358103925
    endloop
  endfacet
  facet normal -0.9876883405951369 -0.14592177714626922 -0.056378868442876755
    outer loop
      vertex 161.22779850248656 12.215930509506906 29.19251860594585
      vertex 161.01 13.49864512705087 29.688112889996926
      vertex 161.22779850248656 13.516887783192837 25.825335074052852
    endloop
  endfacet
  facet normal -0.987688340595137 0.14592177714626925 0.056378868442876706
    outer loop
      vertex 161.01 14.7996024007368 26.320929358103925
      vertex 161.01 13.49864512705087 29.688112889996926
      vertex 161.22779850248656 14.781359744594832 30.183707174048003
    endloop
  endfacet
  facet normal -0.9876883405951371 0.14592177714626894 0.05637886844287672
    outer loop
      vertex 161.01 14.7996024007368 26.320929358103925
      vertex 161.22779850248656 14.781359744594832 30.183707174048003
      vertex 161.22779850248656 16.082317018280765 26.816523642155005
    endloop
  endfacet
  facet normal 0.8910065241883803 0.4234814911948908 0.16361784887075334
    outer loop
      vertex 163.17746436089163 12.37788471852024 30.53107359836931
      vertex 163.5183592135001 13.483718432489901 25.812519643099442
      vertex 163.17746436089163 14.10780125869062 26.05364255322245
    endloop
  endfacet
  facet normal 0.9876883405951377 0.1459217771462649 0.05637886844287508
    outer loop
      vertex 163.06 13.069685860566421 30.79836040325079
      vertex 163.17746436089163 14.10780125869062 26.05364255322245
      vertex 163.06 14.7996024007368 26.32092935810393
    endloop
  endfacet
  facet normal 0.9876883405951379 -0.1459217771462646 -0.056378868442874965
    outer loop
      vertex 163.17746436089163 13.761487002612604 31.06564720813227
      vertex 163.06 14.7996024007368 26.32092935810393
      vertex 163.17746436089163 15.491403542782983 26.588216162985407
    endloop
  endfacet
  facet normal 0.8910065241883804 -0.4234814911948906 -0.16361784887075326
    outer loop
      vertex 163.5183592135001 14.385569828813322 31.306770118255276
      vertex 163.17746436089163 15.491403542782983 26.588216162985407
      vertex 163.5183592135001 16.115486368983703 26.82933907310841
    endloop
  endfacet
  facet normal 0.7071067811865417 -0.6595878863163636 -0.2548407742585949
    outer loop
      vertex 164.04931539449805 14.88084476389932 31.498126343174867
      vertex 163.5183592135001 16.115486368983703 26.82933907310841
      vertex 164.04931539449805 16.6107613040697 27.020695298028
    endloop
  endfacet
  facet normal 0.4539904997395373 -0.8311292235061294 -0.3211181090819132
    outer loop
      vertex 164.71835921350012 15.198830846440993 31.620984602338694
      vertex 164.04931539449805 16.6107613040697 27.020695298028
      vertex 164.71835921350012 16.92874738661137 27.14355355719183
    endloop
  endfacet
  facet normal -0.8910065241883636 0.42348149119492157 0.16361784887076536
    outer loop
      vertex 161.22779850248656 16.082317018280765 26.816523642155005
      vertex 161.22779850248656 14.781359744594832 30.183707174048003
      vertex 161.8598743750315 15.93851331817533 30.63078923656774
    endloop
  endfacet
  facet normal 0.9876883405951377 0.14592177714626484 0.05637886844287507
    outer loop
      vertex 163.17746436089163 12.37788471852024 30.53107359836931
      vertex 163.17746436089163 14.10780125869062 26.05364255322245
      vertex 163.06 13.069685860566421 30.79836040325079
    endloop
  endfacet
  facet normal 0.9876883405951378 -0.14592177714626453 -0.056378868442874944
    outer loop
      vertex 163.06 13.069685860566421 30.79836040325079
      vertex 163.06 14.7996024007368 26.32092935810393
      vertex 163.17746436089163 13.761487002612604 31.06564720813227
    endloop
  endfacet
  facet normal 0.8910065241883804 -0.42348149119489076 -0.1636178488707533
    outer loop
      vertex 163.17746436089163 13.761487002612604 31.06564720813227
      vertex 163.17746436089163 15.491403542782983 26.588216162985407
      vertex 163.5183592135001 14.385569828813322 31.306770118255276
    endloop
  endfacet
  facet normal -2.7286690139487356e-15 0.3603992792021622 -0.9327981344055968
    outer loop
      vertex 163.17746436089163 12.37788471852024 30.53107359836931
      vertex 163.06 13.069685860566421 30.79836040325079
      vertex 163.17746436089163 13.761487002612604 31.06564720813227
    endloop
  endfacet
  facet normal 5.7041892852699745e-15 0.3603992792021626 -0.9327981344055967
    outer loop
      vertex 163.5183592135001 11.753801892319522 30.289950688246307
      vertex 163.17746436089163 13.761487002612604 31.06564720813227
      vertex 163.5183592135001 14.385569828813322 31.306770118255276
    endloop
  endfacet
  facet normal 1.2739452878923094e-15 0.36039927920216286 -0.9327981344055966
    outer loop
      vertex 164.04931539449805 11.258526957233522 30.098594463326716
      vertex 163.5183592135001 14.385569828813322 31.306770118255276
      vertex 164.04931539449805 14.88084476389932 31.498126343174867
    endloop
  endfacet
  facet normal 0.7071067811865426 -0.6595878863163626 -0.25484077425859475
    outer loop
      vertex 163.5183592135001 14.385569828813322 31.306770118255276
      vertex 163.5183592135001 16.115486368983703 26.82933907310841
      vertex 164.04931539449805 14.88084476389932 31.498126343174867
    endloop
  endfacet
  facet normal 0.45399049973953937 -0.8311292235061283 -0.32111810908191313
    outer loop
      vertex 164.04931539449805 14.88084476389932 31.498126343174867
      vertex 164.04931539449805 16.6107613040697 27.020695298028
      vertex 164.71835921350012 15.198830846440993 31.620984602338694
    endloop
  endfacet
  facet normal 0.15643446504023523 -0.9213138414813037 -0.3559621660268668
    outer loop
      vertex 164.71835921350012 15.198830846440993 31.620984602338694
      vertex 164.71835921350012 16.92874738661137 27.14355355719183
      vertex 165.45999999999998 15.308401383139854 31.66331867333598
    endloop
  endfacet
  facet normal -0.8910065241883636 0.42348149119492157 0.16361784887076536
    outer loop
      vertex 161.22779850248656 16.082317018280765 26.816523642155005
      vertex 161.8598743750315 15.93851331817533 30.63078923656774
      vertex 161.8598743750315 17.239470591861263 27.26360570467474
    endloop
  endfacet
  facet normal -2.8428342619904536e-15 0.36039927920216225 -0.9327981344055969
    outer loop
      vertex 162.84435562729848 18.157792867333217 27.618412038379816
      vertex 164.08487437503146 18.747392062045908 27.84621172724608
      vertex 163.5183592135001 16.115486368983703 26.82933907310841
    endloop
  endfacet
  facet normal -4.421006104133347e-15 0.36039927920216264 -0.9327981344055967
    outer loop
      vertex 164.08487437503146 18.747392062045908 27.84621172724608
      vertex 164.04931539449805 16.6107613040697 27.020695298028
      vertex 163.5183592135001 16.115486368983703 26.82933907310841
    endloop
  endfacet
  facet normal 5.776276254434105e-15 0.36039927920216247 -0.9327981344055968
    outer loop
      vertex 164.08487437503146 18.747392062045908 27.84621172724608
      vertex 164.71835921350012 16.92874738661137 27.14355355719183
      vertex 164.04931539449805 16.6107613040697 27.020695298028
    endloop
  endfacet
  facet normal -0.7071067811865561 0.6595878863163501 0.2548407742585898
    outer loop
      vertex 161.8598743750315 17.239470591861263 27.26360570467474
      vertex 162.84435562729848 16.856835593647286 30.985595570272814
      vertex 162.84435562729848 18.157792867333217 27.618412038379816
    endloop
  endfacet
  facet normal 2.8219224753485293e-15 0.3603992792021615 -0.932798134405597
    outer loop
      vertex 164.08487437503146 18.747392062045908 27.84621172724608
      vertex 165.45999999999998 18.950554098841707 27.92470615055355
      vertex 164.71835921350012 16.92874738661137 27.14355355719183
    endloop
  endfacet
  facet normal -0.4539904997395503 0.8311292235061227 0.321118109081912
    outer loop
      vertex 162.84435562729848 18.157792867333217 27.618412038379816
      vertex 164.08487437503146 17.446434788359973 31.213395259139077
      vertex 164.08487437503146 18.747392062045908 27.84621172724608
    endloop
  endfacet
  facet normal -0.7071067811865567 0.6595878863163493 0.2548407742585899
    outer loop
      vertex 161.8598743750315 15.93851331817533 30.63078923656774
      vertex 162.84435562729848 16.856835593647286 30.985595570272814
      vertex 161.8598743750315 17.239470591861263 27.26360570467474
    endloop
  endfacet
  facet normal -0.45399049973954847 0.831129223506124 0.3211181090819116
    outer loop
      vertex 162.84435562729848 18.157792867333217 27.618412038379816
      vertex 162.84435562729848 16.856835593647286 30.985595570272814
      vertex 164.08487437503146 17.446434788359973 31.213395259139077
    endloop
  endfacet
  facet normal -0.15643446504023176 0.9213138414813038 0.35596216602686837
    outer loop
      vertex 164.08487437503146 18.747392062045908 27.84621172724608
      vertex 164.08487437503146 17.446434788359973 31.213395259139077
      vertex 165.45999999999998 17.649596825155776 31.29188968244655
    endloop
  endfacet
  facet normal -2.4896875544956663e-15 0.3603992792021621 -0.9327981344055969
    outer loop
      vertex 168.0756443727015 11.441411934140385 25.02344667782804
      vertex 167.40164078649985 13.483718432489901 25.812519643099446
      vertex 167.74253563910838 14.10780125869062 26.05364255322245
    endloop
  endfacet
  facet normal 7.440569004702998e-16 0.36039927920216247 -0.9327981344055967
    outer loop
      vertex 168.0756443727015 11.441411934140385 25.02344667782804
      vertex 167.74253563910838 14.10780125869062 26.05364255322245
      vertex 167.86 14.7996024007368 26.32092935810393
    endloop
  endfacet
  facet normal -1.916903098518576e-15 0.3603992792021624 -0.9327981344055968
    outer loop
      vertex 168.0756443727015 11.441411934140385 25.02344667782804
      vertex 169.06012562496852 17.239470591861263 27.26360570467474
      vertex 169.06012562496852 12.359734209612338 25.37825301153311
    endloop
  endfacet
  facet normal 3.4230059230200265e-15 0.36039927920216214 -0.9327981344055969
    outer loop
      vertex 169.06012562496852 12.359734209612338 25.37825301153311
      vertex 169.69220149751342 16.082317018280765 26.816523642155005
      vertex 169.69220149751342 13.516887783192837 25.825335074052852
    endloop
  endfacet
  facet normal 0.9876883405951369 -0.14592177714626933 -0.05637886844287687
    outer loop
      vertex 169.73049516849971 12.477059446080519 29.18751343033335
      vertex 169.69220149751342 13.516887783192837 25.825335074052852
      vertex 169.91 14.7996024007368 26.320929358103925
    endloop
  endfacet
  facet normal -1.0813209624548324e-15 0.36039927920216236 -0.9327981344055969
    outer loop
      vertex 168.0756443727015 11.441411934140385 25.02344667782804
      vertex 167.86 14.7996024007368 26.32092935810393
      vertex 168.0756443727015 18.157792867333217 27.618412038379816
    endloop
  endfacet
  facet normal -1.0342233736891842e-15 0.3603992792021623 -0.9327981344055969
    outer loop
      vertex 168.0756443727015 11.441411934140385 25.02344667782804
      vertex 168.0756443727015 18.157792867333217 27.618412038379816
      vertex 169.06012562496852 17.239470591861263 27.26360570467474
    endloop
  endfacet
  facet normal 2.0956709143727797e-15 0.3603992792021622 -0.932798134405597
    outer loop
      vertex 168.0756443727015 18.157792867333217 27.618412038379816
      vertex 167.86 14.7996024007368 26.32092935810393
      vertex 167.74253563910838 15.491403542782983 26.588216162985407
    endloop
  endfacet
  facet normal -1.3581182161399224e-14 0.3603992792021621 -0.932798134405597
    outer loop
      vertex 169.69220149751342 13.516887783192837 25.825335074052852
      vertex 169.69220149751342 16.082317018280765 26.816523642155005
      vertex 169.91 14.7996024007368 26.320929358103925
    endloop
  endfacet
  facet normal 1.4962310962371424e-15 0.3603992792021624 -0.9327981344055968
    outer loop
      vertex 169.06012562496852 12.359734209612338 25.37825301153311
      vertex 169.06012562496852 17.239470591861263 27.26360570467474
      vertex 169.69220149751342 16.082317018280765 26.816523642155005
    endloop
  endfacet
  facet normal 4.251156108744114e-15 0.36039927920216186 -0.9327981344055969
    outer loop
      vertex 168.0756443727015 18.157792867333217 27.618412038379816
      vertex 167.74253563910838 15.491403542782983 26.588216162985407
      vertex 167.40164078649985 16.115486368983703 26.82933907310841
    endloop
  endfacet
  facet normal -0.8910065241883494 0.42348149119494755 0.16361784887077524
    outer loop
      vertex 167.40164078649985 11.753801892319522 30.289950688246307
      vertex 167.74253563910838 14.10780125869062 26.05364255322245
      vertex 167.40164078649985 13.483718432489901 25.812519643099446
    endloop
  endfacet
  facet normal -0.8910065241883499 -0.4234814911949467 -0.16361784887077493
    outer loop
      vertex 167.74253563910838 13.761487002612604 31.06564720813227
      vertex 167.40164078649985 16.115486368983703 26.82933907310841
      vertex 167.74253563910838 15.491403542782983 26.588216162985407
    endloop
  endfacet
  facet normal -0.45399049973953937 -0.8311292235061285 -0.32111810908191285
    outer loop
      vertex 166.87068460550194 14.88084476389932 31.498126343174867
      vertex 166.20164078649987 16.92874738661137 27.14355355719183
      vertex 166.87068460550194 16.610761304069698 27.020695298028002
    endloop
  endfacet
  facet normal -0.7071067811865593 -0.659587886316347 -0.25484077425858875
    outer loop
      vertex 167.40164078649985 14.385569828813322 31.306770118255276
      vertex 166.87068460550194 16.610761304069698 27.020695298028002
      vertex 167.40164078649985 16.115486368983703 26.82933907310841
    endloop
  endfacet
  facet normal -0.9876883405951377 0.14592177714626486 0.056378868442875076
    outer loop
      vertex 167.74253563910838 12.37788471852024 30.53107359836931
      vertex 167.86 14.7996024007368 26.32092935810393
      vertex 167.74253563910838 14.10780125869062 26.05364255322245
    endloop
  endfacet
  facet normal -0.9876883405951379 -0.14592177714626456 -0.05637886844287496
    outer loop
      vertex 167.86 13.069685860566421 30.79836040325079
      vertex 167.74253563910838 15.491403542782983 26.588216162985407
      vertex 167.86 14.7996024007368 26.32092935810393
    endloop
  endfacet
  facet normal 0.987688340595137 -0.14592177714626914 -0.056378868442876685
    outer loop
      vertex 169.73049516849971 12.477059446080519 29.18751343033335
      vertex 169.91 14.7996024007368 26.320929358103925
      vertex 169.91 13.546125007021827 29.565223788895622
    endloop
  endfacet
  facet normal 0.9876883405951371 0.14592177714626897 0.05637886844287662
    outer loop
      vertex 169.91 14.7996024007368 26.320929358103925
      vertex 169.69220149751342 16.082317018280765 26.816523642155005
      vertex 169.91 13.546125007021827 29.565223788895622
    endloop
  endfacet
  facet normal 0.8910065241883718 0.4234814911949064 0.16361784887075956
    outer loop
      vertex 169.69220149751342 16.082317018280765 26.816523642155005
      vertex 169.06012562496852 17.239470591861263 27.26360570467474
      vertex 169.69220149751342 14.816172020492317 30.09360481290157
    endloop
  endfacet
  facet normal 0.987688340595137 0.14592177714626914 0.0563788684428768
    outer loop
      vertex 169.69220149751342 16.082317018280765 26.816523642155005
      vertex 169.69220149751342 14.816172020492317 30.09360481290157
      vertex 169.91 13.546125007021827 29.565223788895622
    endloop
  endfacet
  facet normal -6.902732577538502e-15 0.36039927920216214 -0.9327981344055968
    outer loop
      vertex 167.74253563910838 12.37788471852024 30.53107359836931
      vertex 167.40164078649985 14.385569828813322 31.306770118255276
      vertex 167.74253563910838 13.761487002612604 31.06564720813227
    endloop
  endfacet
  facet normal -0.7071067811865616 -0.6595878863163451 -0.2548407742585875
    outer loop
      vertex 167.40164078649985 14.385569828813322 31.306770118255276
      vertex 166.87068460550194 14.88084476389932 31.498126343174867
      vertex 166.87068460550194 16.610761304069698 27.020695298028002
    endloop
  endfacet
  facet normal -0.8910065241883498 -0.4234814911949469 -0.16361784887077502
    outer loop
      vertex 167.74253563910838 13.761487002612604 31.06564720813227
      vertex 167.40164078649985 14.385569828813322 31.306770118255276
      vertex 167.40164078649985 16.115486368983703 26.82933907310841
    endloop
  endfacet
  facet normal -0.15643446504022937 -0.9213138414813045 -0.35596216602686737
    outer loop
      vertex 165.45999999999998 15.308401383139854 31.66331867333598
      vertex 165.45999999999998 17.03831792331023 27.185887628189118
      vertex 166.20164078649987 15.198830846440993 31.620984602338694
    endloop
  endfacet
  facet normal -0.45399049973953937 -0.8311292235061284 -0.3211181090819128
    outer loop
      vertex 166.87068460550194 14.88084476389932 31.498126343174867
      vertex 166.20164078649987 15.198830846440993 31.620984602338694
      vertex 166.20164078649987 16.92874738661137 27.14355355719183
    endloop
  endfacet
  facet normal -0.9876883405951377 0.14592177714626486 0.056378868442875076
    outer loop
      vertex 167.74253563910838 12.37788471852024 30.53107359836931
      vertex 167.86 13.069685860566421 30.79836040325079
      vertex 167.86 14.7996024007368 26.32092935810393
    endloop
  endfacet
  facet normal -0.9876883405951379 -0.14592177714626456 -0.05637886844287496
    outer loop
      vertex 167.86 13.069685860566421 30.79836040325079
      vertex 167.74253563910838 13.761487002612604 31.06564720813227
      vertex 167.74253563910838 15.491403542782983 26.588216162985407
    endloop
  endfacet
  facet normal 0.9876883405951371 0.1459217771462708 0.056378868442870954
    outer loop
      vertex 169.91 13.546125007021827 29.565223788895622
      vertex 169.69220149751342 14.816172020492317 30.09360481290157
      vertex 169.73049516849971 14.591430928495756 30.004429684902874
    endloop
  endfacet
  facet normal 2.863834471380176e-15 0.3603992792021622 -0.9327981344055968
    outer loop
      vertex 167.74253563910838 12.37788471852024 30.53107359836931
      vertex 167.74253563910838 13.761487002612604 31.06564720813227
      vertex 167.86 13.069685860566421 30.79836040325079
    endloop
  endfacet
  facet normal 0.891006524188372 0.42348149119490625 0.16361784887075936
    outer loop
      vertex 169.06012562496852 15.96032241466687 30.574342163295523
      vertex 169.69220149751342 14.816172020492317 30.09360481290157
      vertex 169.06012562496852 17.239470591861263 27.26360570467474
    endloop
  endfacet
  facet normal 1.478947817565892e-15 0.36039927920216197 -0.932798134405597
    outer loop
      vertex 165.45999999999998 18.950554098841707 27.92470615055355
      vertex 165.45999999999998 17.03831792331023 27.185887628189118
      vertex 164.71835921350012 16.92874738661137 27.14355355719183
    endloop
  endfacet
  facet normal -1.6917958537094933e-15 0.36039927920216125 -0.9327981344055973
    outer loop
      vertex 166.8351256249685 18.747392062045908 27.84621172724608
      vertex 166.20164078649987 16.92874738661137 27.14355355719183
      vertex 165.45999999999998 17.03831792331023 27.185887628189118
    endloop
  endfacet
  facet normal -2.7039482077303375e-15 0.36039927920216386 -0.9327981344055963
    outer loop
      vertex 168.0756443727015 18.157792867333217 27.618412038379816
      vertex 167.40164078649985 16.115486368983703 26.82933907310841
      vertex 166.87068460550194 16.610761304069698 27.020695298028002
    endloop
  endfacet
  facet normal 6.37431153854276e-16 0.3603992792021615 -0.9327981344055971
    outer loop
      vertex 168.0756443727015 18.157792867333217 27.618412038379816
      vertex 166.87068460550194 16.610761304069698 27.020695298028002
      vertex 166.20164078649987 16.92874738661137 27.14355355719183
    endloop
  endfacet
  facet normal 0.15643446504023686 -0.9213138414813032 -0.3559621660268669
    outer loop
      vertex 165.45999999999998 15.308401383139854 31.66331867333598
      vertex 164.71835921350012 16.92874738661137 27.14355355719183
      vertex 165.45999999999998 17.03831792331023 27.185887628189118
    endloop
  endfacet
  facet normal -0.15643446504023095 -0.9213138414813042 -0.35596216602686703
    outer loop
      vertex 166.20164078649987 15.198830846440993 31.620984602338694
      vertex 165.45999999999998 17.03831792331023 27.185887628189118
      vertex 166.20164078649987 16.92874738661137 27.14355355719183
    endloop
  endfacet
  facet normal -2.7512234543337142e-15 0.360399279202162 -0.932798134405597
    outer loop
      vertex 165.45999999999998 18.950554098841707 27.92470615055355
      vertex 166.8351256249685 18.747392062045908 27.84621172724608
      vertex 165.45999999999998 17.03831792331023 27.185887628189118
    endloop
  endfacet
  facet normal 1.7035210053516645e-15 0.3603992792021601 -0.9327981344055976
    outer loop
      vertex 166.8351256249685 18.747392062045908 27.84621172724608
      vertex 168.0756443727015 18.157792867333217 27.618412038379816
      vertex 166.20164078649987 16.92874738661137 27.14355355719183
    endloop
  endfacet
  facet normal -0.1564344650402294 0.9213138414813042 0.35596216602686764
    outer loop
      vertex 164.08487437503146 18.747392062045908 27.84621172724608
      vertex 165.45999999999998 17.649596825155776 31.29188968244655
      vertex 165.45999999999998 18.950554098841707 27.92470615055355
    endloop
  endfacet
  facet normal 0.15643446504022943 0.9213138414813039 0.3559621660268685
    outer loop
      vertex 165.45999999999998 18.950554098841707 27.92470615055355
      vertex 166.8351256249685 17.446434788359973 31.213395259139077
      vertex 166.8351256249685 18.747392062045908 27.84621172724608
    endloop
  endfacet
  facet normal 0.4539904997395421 0.831129223506127 0.3211181090819131
    outer loop
      vertex 166.8351256249685 18.747392062045908 27.84621172724608
      vertex 168 16.89278818308687 30.999486343465378
      vertex 168.0756443727015 18.157792867333217 27.618412038379816
    endloop
  endfacet
  facet normal 0.7071067811865459 0.6595878863163596 0.25484077425859364
    outer loop
      vertex 169.06012562496852 15.96032241466687 30.574342163295523
      vertex 169.06012562496852 17.239470591861263 27.26360570467474
      vertex 168.0756443727015 18.157792867333217 27.618412038379816
    endloop
  endfacet
  facet normal 0.45399049973954086 0.8311292235061274 0.32111810908191374
    outer loop
      vertex 166.8351256249685 18.747392062045908 27.84621172724608
      vertex 166.8351256249685 17.446434788359973 31.213395259139077
      vertex 168 16.89278818308687 30.999486343465378
    endloop
  endfacet
  facet normal 0.15643446504023178 0.9213138414813039 0.3559621660268675
    outer loop
      vertex 165.45999999999998 18.950554098841707 27.92470615055355
      vertex 165.45999999999998 17.649596825155776 31.29188968244655
      vertex 166.8351256249685 17.446434788359973 31.213395259139077
    endloop
  endfacet
  facet normal 0.7071067811865459 0.6595878863163596 0.2548407742585937
    outer loop
      vertex 169.06012562496852 15.96032241466687 30.574342163295523
      vertex 168.0756443727015 18.157792867333217 27.618412038379816
      vertex 168.0756443727015 16.85839176339211 30.98156783681562
    endloop
  endfacet
  facet normal 0.4539904997395386 0.8311292235061285 0.3211181090819135
    outer loop
      vertex 168.0756443727015 18.157792867333217 27.618412038379816
      vertex 168 16.89278818308687 30.999486343465378
      vertex 168.0756443727015 16.85839176339211 30.98156783681562
    endloop
  endfacet
  facet normal 0 0 -1
    outer loop
      vertex 173.6 8 0
      vertex 173.6 96 0
      vertex 176 8 0
    endloop
  endfacet
  facet normal -1 0 0
    outer loop
      vertex 173.6 8 0
      vertex 173.6 8 2.6
      vertex 173.6 96 0
    endloop
  endfacet
  facet normal 1 0 0
    outer loop
      vertex 176 8 0
      vertex 176 96 0
      vertex 176 8 28
    endloop
  endfacet
  facet normal -1 0 0
    outer loop
      vertex 173.6 8 2.6
      vertex 173.6 16 2.6
      vertex 173.6 96 0
    endloop
  endfacet
  facet normal -1 0 0
    outer loop
      vertex 173.6 16 2.6
      vertex 173.6 16 12.6
      vertex 173.6 96 0
    endloop
  endfacet
  facet normal -1 0 0
    outer loop
      vertex 173.6 16 12.6
      vertex 173.6 8 25.4
      vertex 173.6 96 0
    endloop
  endfacet
  facet normal 1.1185150098549766e-16 -0.3603992792021632 0.9327981344055964
    outer loop
      vertex 86.2892617508769 7.912294913777211 31.057023034868468
      vertex 89.15108174830675 7.912294913777212 31.057023034868468
      vertex 89.15108174830675 9.087037562904284 31.510900876576656
    endloop
  endfacet
  facet normal -1 0 0
    outer loop
      vertex 90.01772674918175 9.619582190028675 30.85902210686957
      vertex 90.01772674918175 7.6680697030646625 30.962663294365893
      vertex 90.01772674918175 9.331262766666946 31.605260614394048
    endloop
  endfacet
  facet normal 9.525933257286777e-16 -0.3603992792021627 0.9327981344055967
    outer loop
      vertex 90.01772674918175 7.6680697030646625 30.962663294365893
      vertex 91.9451132491231 11.558635466514701 32.465836430244316
      vertex 90.01772674918175 9.331262766666946 31.605260614394048
    endloop
  endfacet
  facet normal 1.7270822583992855e-16 -0.3603992792021623 0.9327981344055968
    outer loop
      vertex 90.01772674918175 7.6680697030646625 30.962663294365893
      vertex 91.9451132491231 5.411229910342296 30.090702465359524
      vertex 91.9451132491231 11.558635466514701 32.465836430244316
    endloop
  endfacet
  facet normal 1 0 0
    outer loop
      vertex 91.9451132491231 5.699549333704026 29.344463957835046
      vertex 91.9451132491231 11.84695488987643 31.71959792271984
      vertex 91.9451132491231 11.558635466514701 32.465836430244316
    endloop
  endfacet
  facet normal -1 0 0
    outer loop
      vertex 92.82085824757814 9.10166468267885 30.658917615393502
      vertex 92.82085824757814 8.81334525931712 31.40515612291798
      vertex 92.82085824757814 11.156418421366745 31.452799741704734
    endloop
  endfacet
  facet normal 0.8398399159380413 0.5063546834349127 0.19563703678167124
    outer loop
      vertex 87.95488674938679 11.101667838655219 31.43164610747528
      vertex 87.95488674938679 10.81334841529349 32.177884614999755
      vertex 89.15108174830675 9.375356986266013 30.76466236905218
    endloop
  endfacet
  facet normal 1.995022039376254e-16 -0.3603992792021622 0.9327981344055968
    outer loop
      vertex 87.95488674938679 11.101667838655219 31.43164610747528
      vertex 89.15108174830675 9.375356986266013 30.76466236905218
      vertex 90.01772674918175 9.619582190028675 30.85902210686957
    endloop
  endfacet
  facet normal 0.8398399159380412 0.5063546834349133 0.19563703678167055
    outer loop
      vertex 89.15108174830675 9.375356986266013 30.76466236905218
      vertex 87.95488674938679 10.81334841529349 32.177884614999755
      vertex 89.15108174830675 9.087037562904284 31.510900876576656
    endloop
  endfacet
  facet normal 8.647514499870711e-16 -0.3603992792021614 0.9327981344055971
    outer loop
      vertex 87.95488674938679 11.101667838655219 31.43164610747528
      vertex 90.01772674918175 9.619582190028675 30.85902210686957
      vertex 88.38369175046682 11.84695488987643 31.71959792271984
    endloop
  endfacet
  facet normal -0.8252670349539797 -0.5267909401298209 -0.20353286323197572
    outer loop
      vertex 88.38369175046682 11.84695488987643 31.71959792271984
      vertex 90.01772674918175 9.331262766666946 31.605260614394048
      vertex 88.38369175046682 11.558635466514701 32.465836430244316
    endloop
  endfacet
  facet normal -0.8252670349539797 -0.526790940129821 -0.20353286323197578
    outer loop
      vertex 90.01772674918175 9.619582190028675 30.85902210686957
      vertex 90.01772674918175 9.331262766666946 31.605260614394048
      vertex 88.38369175046682 11.84695488987643 31.71959792271984
    endloop
  endfacet
  facet normal 0 -0.3603992792021619 0.9327981344055968
    outer loop
      vertex 91.9451132491231 11.558635466514701 32.465836430244316
      vertex 88.38369175046682 11.558635466514701 32.465836430244316
      vertex 90.01772674918175 9.331262766666946 31.605260614394048
    endloop
  endfacet
  facet normal -1 0 0
    outer loop
      vertex 92.82085824757814 11.156418421366745 31.452799741704734
      vertex 92.82085824757814 8.81334525931712 31.40515612291798
      vertex 92.82085824757814 10.868098998005014 32.19903824922921
    endloop
  endfacet
  facet normal -1.0959515464022935e-15 -0.36039927920216225 0.9327981344055968
    outer loop
      vertex 92.82085824757814 9.10166468267885 30.658917615393502
      vertex 92.82085824757814 11.156418421366745 31.452799741704734
      vertex 91.9451132491231 11.84695488987643 31.71959792271984
    endloop
  endfacet
  facet normal 1.528456199978137e-18 -0.3603992792021611 0.9327981344055973
    outer loop
      vertex 92.82085824757814 11.156418421366745 31.452799741704734
      vertex 95.73227325081825 11.84695488987643 31.71959792271984
      vertex 91.9451132491231 11.84695488987643 31.71959792271984
    endloop
  endfacet
  facet normal 2.1508068705206741e-19 -0.9327981344055971 -0.3603992792021616
    outer loop
      vertex 91.9451132491231 11.84695488987643 31.71959792271984
      vertex 95.73227325081825 11.558635466514701 32.465836430244316
      vertex 91.9451132491231 11.558635466514701 32.465836430244316
    endloop
  endfacet
  facet normal 3.311084405767732e-19 -0.9327981344055971 -0.3603992792021616
    outer loop
      vertex 92.82085824757814 9.10166468267885 30.658917615393502
      vertex 95.28091324865818 8.81334525931712 31.40515612291798
      vertex 92.82085824757814 8.81334525931712 31.40515612291798
    endloop
  endfacet
  facet normal 0 -0.3603992792021625 0.9327981344055968
    outer loop
      vertex 92.82085824757814 8.81334525931712 31.40515612291798
      vertex 95.28091324865818 8.81334525931712 31.40515612291798
      vertex 92.82085824757814 10.868098998005014 32.19903824922921
    endloop
  endfacet
  facet normal -1 0 0
    outer loop
      vertex 95.28091324865818 9.10166468267885 30.658917615393502
      vertex 95.28091324865818 8.156520117539873 31.15138277268586
      vertex 95.28091324865818 8.81334525931712 31.40515612291798
    endloop
  endfacet
  facet normal 2.3247277014402666e-15 -0.36039927920216397 0.9327981344055961
    outer loop
      vertex 95.28091324865818 8.156520117539873 31.15138277268586
      vertex 98.0569397509098 11.558635466514701 32.465836430244316
      vertex 95.28091324865818 8.81334525931712 31.40515612291798
    endloop
  endfacet
  facet normal 3.165522825760956e-16 -0.3603992792021626 0.9327981344055968
    outer loop
      vertex 96.00312825292349 6.101766378851981 30.35750064637463
      vertex 98.0569397509098 11.558635466514701 32.465836430244316
      vertex 95.28091324865818 8.156520117539873 31.15138277268586
    endloop
  endfacet
  facet normal 1.0451665234270222e-15 -0.3603992792021624 0.9327981344055967
    outer loop
      vertex 98.87847474962473 5.411229910342296 30.090702465359524
      vertex 98.93261975049973 9.979660078498554 31.855777757601714
      vertex 98.87847474962473 9.979660078498554 31.855777757601714
    endloop
  endfacet
  facet normal -1 0 0
    outer loop
      vertex 98.87847474962473 10.267979501860284 31.109539250077237
      vertex 98.87847474962473 5.411229910342296 30.090702465359524
      vertex 98.87847474962473 9.979660078498554 31.855777757601714
    endloop
  endfacet
  facet normal 1 0 0
    outer loop
      vertex 98.0569397509098 5.699549333704026 29.344463957835046
      vertex 98.0569397509098 11.84695488987643 31.71959792271984
      vertex 98.0569397509098 11.558635466514701 32.465836430244316
    endloop
  endfacet
  facet normal 3.2674905314431415e-18 -0.36039927920216247 0.9327981344055967
    outer loop
      vertex 95.28091324865818 8.81334525931712 31.40515612291798
      vertex 95.84062825143337 10.868098998005014 32.19903824922921
      vertex 92.82085824757814 10.868098998005014 32.19903824922921
    endloop
  endfacet
  facet normal 0 0.9327981344055963 0.3603992792021636
    outer loop
      vertex 92.82085824757814 11.156418421366745 31.452799741704734
      vertex 92.82085824757814 10.868098998005014 32.19903824922921
      vertex 95.84062825143337 11.156418421366745 31.452799741704734
    endloop
  endfacet
  facet normal 3.035574255654091e-18 0.9327981344055963 0.3603992792021636
    outer loop
      vertex 95.84062825143337 11.156418421366745 31.452799741704734
      vertex 92.82085824757814 10.868098998005014 32.19903824922921
      vertex 95.84062825143337 10.868098998005014 32.19903824922921
    endloop
  endfacet
  facet normal -0.989457116981949 -0.13509356230754643 -0.052195239982461304
    outer loop
      vertex 95.84062825143337 11.156418421366745 31.452799741704734
      vertex 95.84062825143337 10.868098998005014 32.19903824922921
      vertex 95.73227325081825 11.84695488987643 31.71959792271984
    endloop
  endfacet
  facet normal 0 -0.360399279202161 0.9327981344055973
    outer loop
      vertex 92.82085824757814 11.156418421366745 31.452799741704734
      vertex 95.84062825143337 11.156418421366745 31.452799741704734
      vertex 95.73227325081825 11.84695488987643 31.71959792271984
    endloop
  endfacet
  facet normal 0 -0.9327981344055971 -0.3603992792021616
    outer loop
      vertex 91.9451132491231 11.84695488987643 31.71959792271984
      vertex 95.73227325081825 11.84695488987643 31.71959792271984
      vertex 95.73227325081825 11.558635466514701 32.465836430244316
    endloop
  endfacet
  facet normal -0.989457116981949 -0.13509356230754624 -0.05219523998246092
    outer loop
      vertex 95.73227325081825 11.84695488987643 31.71959792271984
      vertex 95.84062825143337 10.868098998005014 32.19903824922921
      vertex 95.73227325081825 11.558635466514701 32.465836430244316
    endloop
  endfacet
  facet normal 0 0.9327981344055972 0.36039927920216164
    outer loop
      vertex 98.87847474962473 10.267979501860284 31.109539250077237
      vertex 98.87847474962473 9.979660078498554 31.855777757601714
      vertex 98.93261975049973 10.267979501860284 31.109539250077237
    endloop
  endfacet
  facet normal 1.5043770652460266e-17 0.9327981344055972 0.36039927920216164
    outer loop
      vertex 98.93261975049973 10.267979501860284 31.109539250077237
      vertex 98.87847474962473 9.979660078498554 31.855777757601714
      vertex 98.93261975049973 9.979660078498554 31.855777757601714
    endloop
  endfacet
  facet normal 0 -0.3603992792021621 0.932798134405597
    outer loop
      vertex 98.87847474962473 10.267979501860284 31.109539250077237
      vertex 98.93261975049973 10.267979501860284 31.109539250077237
      vertex 98.84233474731445 11.84695488987643 31.71959792271984
    endloop
  endfacet
  facet normal 3.339119831958366e-17 -0.360399279202162 0.932798134405597
    outer loop
      vertex 98.87847474962473 10.267979501860284 31.109539250077237
      vertex 98.84233474731445 11.84695488987643 31.71959792271984
      vertex 98.0569397509098 11.84695488987643 31.71959792271984
    endloop
  endfacet
  facet normal 9.036822390160425e-16 -0.36039927920216275 0.9327981344055967
    outer loop
      vertex 95.28091324865818 8.81334525931712 31.40515612291798
      vertex 98.0569397509098 11.558635466514701 32.465836430244316
      vertex 95.84062825143337 10.868098998005014 32.19903824922921
    endloop
  endfacet
  facet normal 3.7010143778727975e-18 -0.36039927920216025 0.9327981344055977
    outer loop
      vertex 95.84062825143337 10.868098998005014 32.19903824922921
      vertex 98.0569397509098 11.558635466514701 32.465836430244316
      vertex 95.73227325081825 11.558635466514701 32.465836430244316
    endloop
  endfacet
  facet normal 0 -0.9327981344055971 -0.36039927920216164
    outer loop
      vertex 98.0569397509098 11.84695488987643 31.71959792271984
      vertex 98.84233474731445 11.84695488987643 31.71959792271984
      vertex 98.84233474731445 11.558635466514701 32.465836430244316
    endloop
  endfacet
  facet normal 1.037115055315474e-18 -0.9327981344055971 -0.36039927920216164
    outer loop
      vertex 98.0569397509098 11.84695488987643 31.71959792271984
      vertex 98.84233474731445 11.558635466514701 32.465836430244316
      vertex 98.0569397509098 11.558635466514701 32.465836430244316
    endloop
  endfacet
  facet normal 1 0 0
    outer loop
      vertex 101.18954975157976 7.383781667185172 29.995190086680033
      vertex 101.18954975157976 11.562819069552399 32.46745282232706
      vertex 101.18954975157976 7.095462243823442 30.741428594204514
    endloop
  endfacet
  facet normal 0 -0.36039927920216164 0.9327981344055971
    outer loop
      vertex 101.13540475070477 7.095462243823442 30.741428594204514
      vertex 101.18954975157976 7.095462243823442 30.741428594204514
      vertex 101.18954975157976 11.562819069552399 32.46745282232706
    endloop
  endfacet
  facet normal -3.3270327438055665e-16 -0.3603992792021619 0.932798134405597
    outer loop
      vertex 102.01108475029469 5.4154135133799945 30.092318857442272
      vertex 104.213876247406 9.13754391870787 31.530414695864405
      vertex 102.01108475029469 11.562819069552399 32.46745282232706
    endloop
  endfacet
  facet normal -1 0 0
    outer loop
      vertex 102.01108475029469 11.851138492914128 31.721214314802587
      vertex 102.01108475029469 5.4154135133799945 30.092318857442272
      vertex 102.01108475029469 11.562819069552399 32.46745282232706
    endloop
  endfacet
  facet normal -0.9017870838738863 -0.4031372405084111 -0.1557575701964312
    outer loop
      vertex 98.84233474731445 11.84695488987643 31.71959792271984
      vertex 101.13540475070477 7.095462243823442 30.741428594204514
      vertex 98.84233474731445 11.558635466514701 32.465836430244316
    endloop
  endfacet
  facet normal -9.879731357540089e-17 -0.36039927920216297 0.9327981344055966
    outer loop
      vertex 101.18954975157976 7.383781667185172 29.995190086680033
      vertex 102.01108475029469 11.851138492914128 31.721214314802587
      vertex 101.18954975157976 11.851138492914128 31.721214314802587
    endloop
  endfacet
  facet normal 1 0 0
    outer loop
      vertex 101.18954975157976 7.383781667185172 29.995190086680033
      vertex 101.18954975157976 11.851138492914128 31.721214314802587
      vertex 101.18954975157976 11.562819069552399 32.46745282232706
    endloop
  endfacet
  facet normal 5.602470075227359e-16 -0.36039927920216164 0.9327981344055971
    outer loop
      vertex 101.13540475070477 7.095462243823442 30.741428594204514
      vertex 101.18954975157976 11.562819069552399 32.46745282232706
      vertex 98.84233474731445 11.558635466514701 32.465836430244316
    endloop
  endfacet
  facet normal 0 -0.9327981344055964 -0.360399279202163
    outer loop
      vertex 101.18954975157976 11.851138492914128 31.721214314802587
      vertex 102.01108475029469 11.851138492914128 31.721214314802587
      vertex 102.01108475029469 11.562819069552399 32.46745282232706
    endloop
  endfacet
  facet normal -3.0252858371513568e-18 -0.9327981344055964 -0.360399279202163
    outer loop
      vertex 101.18954975157976 11.851138492914128 31.721214314802587
      vertex 102.01108475029469 11.562819069552399 32.46745282232706
      vertex 101.18954975157976 11.562819069552399 32.46745282232706
    endloop
  endfacet
  facet normal -3.7382261876496957e-16 -0.3603992792021619 0.9327981344055969
    outer loop
      vertex 104.213876247406 9.13754391870787 31.530414695864405
      vertex 105.66734124720097 11.558635466514701 32.465836430244316
      vertex 102.01108475029469 11.562819069552399 32.46745282232706
    endloop
  endfacet
  facet normal 0 -0.360399279202162 0.9327981344055969
    outer loop
      vertex 107.29682625085115 7.71439245583055 30.980560721570896
      vertex 107.29682625085115 8.897562941853147 31.437694772988717
      vertex 105.08507125079632 7.71439245583055 30.980560721570896
    endloop
  endfacet
  facet normal -1 0 0
    outer loop
      vertex 105.08507125079632 9.177454535269238 30.688200058439786
      vertex 105.08507125079632 7.71439245583055 30.980560721570896
      vertex 105.08507125079632 8.889135111907509 31.434438565964264
    endloop
  endfacet
  facet normal -7.678065853416738e-16 -0.36039927920216075 0.9327981344055974
    outer loop
      vertex 105.08507125079632 7.71439245583055 30.980560721570896
      vertex 107.29682625085115 8.897562941853147 31.437694772988717
      vertex 105.08507125079632 8.889135111907509 31.434438565964264
    endloop
  endfacet
  facet normal -0.8838808446593247 0.4362810181534252 0.16856312065018658
    outer loop
      vertex 105.08507125079632 9.177454535269238 30.688200058439786
      vertex 105.08507125079632 8.889135111907509 31.434438565964264
      vertex 106.19098124653101 11.126951328492131 31.441414728548633
    endloop
  endfacet
  facet normal 0.8830521405665661 0.4377387366044326 0.16912633005171215
    outer loop
      vertex 107.29682625085115 9.185882365214876 30.69145626546424
      vertex 106.19098124653101 10.838631905130402 32.18765323607311
      vertex 107.29682625085115 8.897562941853147 31.437694772988717
    endloop
  endfacet
  facet normal -7.485836697952703e-16 -0.36039927920216247 0.9327981344055967
    outer loop
      vertex 105.08507125079632 8.889135111907509 31.434438565964264
      vertex 107.29682625085115 8.897562941853147 31.437694772988717
      vertex 106.19098124653101 10.838631905130402 32.18765323607311
    endloop
  endfacet
  facet normal 0.8725093692001931 -0.4557627254129077 -0.17609014390953207
    outer loop
      vertex 104.213876247406 9.425863342069599 30.784176188339927
      vertex 105.66734124720097 11.558635466514701 32.465836430244316
      vertex 104.213876247406 9.13754391870787 31.530414695864405
    endloop
  endfacet
  facet normal -0.8838808446593247 0.4362810181534252 0.16856312065018658
    outer loop
      vertex 106.19098124653101 11.126951328492131 31.441414728548633
      vertex 105.08507125079632 8.889135111907509 31.434438565964264
      vertex 106.19098124653101 10.838631905130402 32.18765323607311
    endloop
  endfacet
  facet normal -6.318895219152908e-16 -0.3603992792021618 0.932798134405597
    outer loop
      vertex 104.213876247406 9.425863342069599 30.784176188339927
      vertex 106.19098124653101 11.126951328492131 31.441414728548633
      vertex 105.66734124720097 11.84695488987643 31.71959792271984
    endloop
  endfacet
  facet normal 0.8725093692001931 -0.4557627254129077 -0.17609014390953218
    outer loop
      vertex 104.213876247406 9.425863342069599 30.784176188339927
      vertex 105.66734124720097 11.84695488987643 31.71959792271984
      vertex 105.66734124720097 11.558635466514701 32.465836430244316
    endloop
  endfacet
  facet normal 0.8830521405665661 0.4377387366044326 0.16912633005171215
    outer loop
      vertex 106.19098124653101 11.126951328492131 31.441414728548633
      vertex 106.19098124653101 10.838631905130402 32.18765323607311
      vertex 107.29682625085115 9.185882365214876 30.69145626546424
    endloop
  endfacet
  facet normal 6.271909246585104e-16 -0.3603992792021618 0.9327981344055969
    outer loop
      vertex 106.19098124653101 11.126951328492131 31.441414728548633
      vertex 108.16802124679089 9.425863342069599 30.784176188339927
      vertex 106.71455624699593 11.84695488987643 31.71959792271984
    endloop
  endfacet
  facet normal -0.8725093692001931 -0.4557627254129077 -0.17609014390953207
    outer loop
      vertex 106.71455624699593 11.84695488987643 31.71959792271984
      vertex 108.16802124679089 9.13754391870787 31.530414695864405
      vertex 106.71455624699593 11.558635466514701 32.465836430244316
    endloop
  endfacet
  facet normal 1.6385546851086258e-17 -0.36039927920216136 0.9327981344055971
    outer loop
      vertex 106.19098124653101 11.126951328492131 31.441414728548633
      vertex 106.71455624699593 11.84695488987643 31.71959792271984
      vertex 105.66734124720097 11.84695488987643 31.71959792271984
    endloop
  endfacet
  facet normal 0 -0.9327981344055971 -0.3603992792021616
    outer loop
      vertex 105.66734124720097 11.84695488987643 31.71959792271984
      vertex 106.71455624699593 11.84695488987643 31.71959792271984
      vertex 106.71455624699593 11.558635466514701 32.465836430244316
    endloop
  endfacet
  facet normal 0 -0.3603992792018726 0.9327981344057087
    outer loop
      vertex 105.66734124720097 11.558635466514701 32.465836430244316
      vertex 106.71455624699593 11.558635466514701 32.465836430244316
      vertex 102.01108475029469 11.562819069552399 32.46745282232706
    endloop
  endfacet
  facet normal 7.778201948025831e-19 -0.9327981344055971 -0.3603992792021616
    outer loop
      vertex 105.66734124720097 11.84695488987643 31.71959792271984
      vertex 106.71455624699593 11.558635466514701 32.465836430244316
      vertex 105.66734124720097 11.558635466514701 32.465836430244316
    endloop
  endfacet
  facet normal -0.8725093692001931 -0.4557627254129077 -0.17609014390953207
    outer loop
      vertex 108.16802124679089 9.425863342069599 30.784176188339927
      vertex 108.16802124679089 9.13754391870787 31.530414695864405
      vertex 106.71455624699593 11.84695488987643 31.71959792271984
    endloop
  endfacet
  facet normal -4.415059419329288e-19 -0.36039927920216236 0.9327981344055968
    outer loop
      vertex 101.18954975157976 11.562819069552399 32.46745282232706
      vertex 158.75 21.03450993093421 36.12696974604276
      vertex 17.25 21.03450993093421 36.12696974604276
    endloop
  endfacet
  facet normal 0 0.9327981344055973 0.36039927920216114
    outer loop
      vertex 8.540000000000006 17.841796316355055 32.320517358939924
      vertex 160.45999999999998 17.841796316355055 32.320517358939924
      vertex 160.45999999999998 18.162635799078853 31.490109286007737
    endloop
  endfacet
  facet normal 0 0.3603992792021628 -0.9327981344055966
    outer loop
      vertex 8.540000000000006 17.841796316355055 32.320517358939924
      vertex 158.75 21.8994682010194 33.88825422346933
      vertex 160.45999999999998 17.841796316355055 32.320517358939924
    endloop
  endfacet
  facet normal 0 -0.36039927920216236 0.9327981344055968
    outer loop
      vertex 101.18954975157976 11.562819069552399 32.46745282232706
      vertex 102.01108475029469 11.562819069552399 32.46745282232706
      vertex 158.75 21.03450993093421 36.12696974604276
    endloop
  endfacet
  facet normal 5.297457851947933e-20 0.9327981344055967 0.3603992792021627
    outer loop
      vertex 158.75 21.8994682010194 33.88825422346933
      vertex 17.25 21.03450993093421 36.12696974604276
      vertex 158.75 21.03450993093421 36.12696974604276
    endloop
  endfacet
  facet normal -2.946600353654104e-16 -0.3603992792021608 0.9327981344055974
    outer loop
      vertex 102.01108475029469 11.562819069552399 32.46745282232706
      vertex 106.71455624699593 11.558635466514701 32.465836430244316
      vertex 158.75 21.03450993093421 36.12696974604276
    endloop
  endfacet
  facet normal 1.7454473794789794e-17 -0.3603992792021623 0.9327981344055969
    outer loop
      vertex 168 0 28
      vertex 158.75 21.03450993093421 36.12696974604276
      vertex 106.71455624699593 11.558635466514701 32.465836430244316
    endloop
  endfacet
  facet normal -1.2127611758883613e-15 0.3603992792021625 -0.9327981344055968
    outer loop
      vertex 164.71835921350012 10.94054087469185 29.97573620416289
      vertex 164.04931539449805 14.88084476389932 31.498126343174867
      vertex 164.71835921350012 15.198830846440993 31.620984602338694
    endloop
  endfacet
  facet normal -2.954114008533086e-15 0.36039927920216225 -0.9327981344055968
    outer loop
      vertex 165.45999999999998 10.830970337992989 29.9334021331656
      vertex 164.71835921350012 15.198830846440993 31.620984602338694
      vertex 165.45999999999998 15.308401383139854 31.66331867333598
    endloop
  endfacet
  facet normal 2.982960653220125e-15 0.36039927920216247 -0.9327981344055967
    outer loop
      vertex 166.20164078649987 10.94054087469185 29.97573620416289
      vertex 165.45999999999998 15.308401383139854 31.66331867333598
      vertex 166.20164078649987 15.198830846440993 31.620984602338694
    endloop
  endfacet
  facet normal 1.2385500565099592e-15 0.36039927920216286 -0.9327981344055966
    outer loop
      vertex 166.87068460550194 11.258526957233522 30.098594463326716
      vertex 166.20164078649987 15.198830846440993 31.620984602338694
      vertex 166.87068460550194 14.88084476389932 31.498126343174867
    endloop
  endfacet
  facet normal -1.7453945521546457e-15 0.3603992792021626 -0.9327981344055967
    outer loop
      vertex 167.40164078649985 11.753801892319522 30.289950688246307
      vertex 166.87068460550194 14.88084476389932 31.498126343174867
      vertex 167.40164078649985 14.385569828813322 31.306770118255276
    endloop
  endfacet
  facet normal 3.29685792166619e-16 0.3603992792021626 -0.9327981344055968
    outer loop
      vertex 161.8598743750315 15.93851331817533 30.63078923656774
      vertex 160.45999999999998 18.162635799078853 31.490109286007737
      vertex 160.45999999999998 72.20895970653912 52.37164352298103
    endloop
  endfacet
  facet normal 1.1282520683846842e-16 0.3603992792021624 -0.9327981344055967
    outer loop
      vertex 161.8598743750315 15.93851331817533 30.63078923656774
      vertex 161.8598743750315 74.43308218744265 53.230963572421025
      vertex 162.84435562729848 16.856835593647286 30.985595570272814
    endloop
  endfacet
  facet normal -1 0 0
    outer loop
      vertex 160.45999999999998 17.841796316355055 32.320517358939924
      vertex 160.45999999999998 72.20895970653912 52.37164352298103
      vertex 160.45999999999998 18.162635799078853 31.490109286007737
    endloop
  endfacet
  facet normal -1.8587920828743717e-15 0.36039927920216236 -0.9327981344055967
    outer loop
      vertex 162.84435562729848 16.856835593647286 30.985595570272814
      vertex 162.84435562729848 73.5147599119707 52.87615723871595
      vertex 164.08487437503146 17.446434788359973 31.213395259139077
    endloop
  endfacet
  facet normal 1.7534799998251895e-15 0.36039927920216236 -0.9327981344055968
    outer loop
      vertex 164.08487437503146 17.446434788359973 31.213395259139077
      vertex 164.08487437503146 72.92516071725802 52.648357549849685
      vertex 165.45999999999998 17.649596825155776 31.29188968244655
    endloop
  endfacet
  facet normal -0.18061263926454904 0.35447226324761755 -0.9174576225232451
    outer loop
      vertex 171.29159741283786 3.469504831500295 25.4
      vertex 169.91 13.546125007021827 29.565223788895622
      vertex 169.91 76.92043025853806 54.05075081789054
    endloop
  endfacet
  facet normal -0.18061263926455484 0.354472263247617 -0.9174576225232443
    outer loop
      vertex 169.91 13.546125007021827 29.565223788895622
      vertex 169.73049516849971 14.591430928495756 30.004429684902874
      vertex 169.73049516849971 75.85136469759676 53.673040459328256
    endloop
  endfacet
  facet normal -0.056988869835940835 0.35981356324629094 -0.9312821636962826
    outer loop
      vertex 169.06012562496852 15.96032241466687 30.574342163295523
      vertex 168.0756443727015 16.85839176339211 30.98156783681562
      vertex 168.0756443727015 73.51631608171553 52.872129505258755
    endloop
  endfacet
  facet normal -0.056988869835902956 0.3598135632462917 -0.9312821636962845
    outer loop
      vertex 168.0756443727015 16.85839176339211 30.98156783681562
      vertex 168 16.89278818308687 30.999486343465378
      vertex 168 73.47880732253111 52.86226646552338
    endloop
  endfacet
  facet normal -0.05698886983584075 0.3598135632462929 -0.9312821636962879
    outer loop
      vertex 169.73049516849971 14.591430928495756 30.004429684902874
      vertex 169.69220149751342 14.816172020492317 30.09360481290157
      vertex 169.73049516849971 75.85136469759676 53.673040459328256
    endloop
  endfacet
  facet normal -0.05698886983594555 0.3598135632462908 -0.9312821636962823
    outer loop
      vertex 169.06012562496852 15.96032241466687 30.574342163295523
      vertex 169.73049516849971 75.85136469759676 53.673040459328256
      vertex 169.69220149751342 14.816172020492317 30.09360481290157
    endloop
  endfacet
  facet normal -1.7527438339956156e-15 0.3603992792021624 -0.9327981344055968
    outer loop
      vertex 165.45999999999998 17.649596825155776 31.29188968244655
      vertex 165.45999999999998 72.7219986804622 52.56986312654222
      vertex 166.8351256249685 17.446434788359973 31.213395259139077
    endloop
  endfacet
  facet normal -2.8754706953917694e-16 0.36039927920216236 -0.9327981344055968
    outer loop
      vertex 168 16.89278818308687 30.999486343465378
      vertex 166.8351256249685 17.446434788359973 31.213395259139077
      vertex 166.8351256249685 72.92516071725802 52.648357549849685
    endloop
  endfacet
  facet normal -0.3390519798317757 0.33905197983177104 -0.8775463007410547
    outer loop
      vertex 171.29159741283786 3.469504831500295 25.4
      vertex 172.5304951684997 92.70840258716215 59.4
      vertex 172.5304951684997 4.70840258716215 25.4
    endloop
  endfacet
  facet normal -0.5774681697558627 0.29423472876358187 -0.7615487097410354
    outer loop
      vertex 172.5304951684997 4.70840258716215 25.4
      vertex 172.5304951684997 92.70840258716215 59.4
      vertex 173.32591649125285 6.269504831500295 25.4
    endloop
  endfacet
  facet normal -0.9154940231085259 0.14500000847050182 -0.37529413957071056
    outer loop
      vertex 173.32591649125285 6.269504831500295 25.4
      vertex 173.6 96 59.4
      vertex 173.6 8 25.4
    endloop
  endfacet
  facet normal -3.193318248164183e-16 -0.36039927920216247 0.9327981344055968
    outer loop
      vertex 168 0 28
      vertex 158.75 66.9654900690658 53.87303025395724
      vertex 158.75 21.03450993093421 36.12696974604276
    endloop
  endfacet
  facet normal -1 0 0
    outer loop
      vertex 158.75 21.8994682010194 33.88825422346933
      vertex 158.75 21.03450993093421 36.12696974604276
      vertex 158.75 67.83044833915098 51.63431473138381
    endloop
  endfacet
  facet normal -8.300899823642893e-16 0.3603992792021625 -0.9327981344055967
    outer loop
      vertex 160.45999999999998 17.841796316355055 32.320517358939924
      vertex 158.75 21.8994682010194 33.88825422346933
      vertex 160.45999999999998 71.88812022381532 53.20205159591322
    endloop
  endfacet
  facet normal 0.05698886983594114 -0.35981356324629094 0.9312821636962825
    outer loop
      vertex 168 0 28
      vertex 170.47213595499957 0.39154786963877175 28
      vertex 170.47213595499957 88.39154786963877 62
    endloop
  endfacet
  facet normal 0.180612639264549 -0.3544722632476175 0.9174576225232453
    outer loop
      vertex 170.47213595499957 0.39154786963877175 28
      vertex 172.7022820183398 1.5278640450004204 28
      vertex 170.47213595499957 88.39154786963877 62
    endloop
  endfacet
  facet normal 0.3390519798317732 -0.3390519798317715 0.8775463007410556
    outer loop
      vertex 172.7022820183398 1.5278640450004204 28
      vertex 174.47213595499957 3.297717981660215 28
      vertex 174.47213595499957 91.29771798166021 62
    endloop
  endfacet
  facet normal 0.5774681697558611 -0.2942347287635822 0.7615487097410363
    outer loop
      vertex 174.47213595499957 3.297717981660215 28
      vertex 175.60845213036123 5.52786404500042 28
      vertex 175.60845213036123 93.52786404500043 62
    endloop
  endfacet
  facet normal 0.915494023108526 -0.14500000847050176 0.37529413957071045
    outer loop
      vertex 175.60845213036123 5.52786404500042 28
      vertex 176 8 28
      vertex 175.60845213036123 93.52786404500043 62
    endloop
  endfacet
  facet normal -1 0 0
    outer loop
      vertex 158.75 67.83044833915098 51.63431473138381
      vertex 158.75 21.03450993093421 36.12696974604276
      vertex 158.75 66.9654900690658 53.87303025395724
    endloop
  endfacet
  facet normal 2.6055742047468123e-16 -0.3603992792021624 0.9327981344055969
    outer loop
      vertex 168 0 28
      vertex 168 88 62
      vertex 158.75 66.9654900690658 53.87303025395724
    endloop
  endfacet
  facet normal 0 1 0
    outer loop
      vertex 8 104 0
      vertex 136.14999999701976 104 11.600000005960464
      vertex 168 104 0
    endloop
  endfacet
  facet normal 0 -1 0
    outer loop
      vertex 75.8 101.6 2.6
      vertex 168 101.6 0
      vertex 75.8 101.6 12.6
    endloop
  endfacet
  facet normal 0 -1 0
    outer loop
      vertex 75.8 101.6 12.6
      vertex 94.55278640836477 101.6 10.639154788851737
      vertex 94.32977180033922 101.6 10.752786409854888
    endloop
  endfacet
  facet normal 0 -1 0
    outer loop
      vertex 75.8 101.6 12.6
      vertex 94.80000000298023 101.6 10.600000005960464
      vertex 94.55278640836477 101.6 10.639154788851737
    endloop
  endfacet
  facet normal 0 -1 0
    outer loop
      vertex 75.8 101.6 12.6
      vertex 94.32977180033922 101.6 10.752786409854888
      vertex 94.15278640985488 101.6 10.929771800339221
    endloop
  endfacet
  facet normal 0.15643444971321585 0 0.9876883430226983
    outer loop
      vertex 94.80000000298023 104 10.600000005960464
      vertex 94.55278640836477 101.6 10.639154788851737
      vertex 94.80000000298023 101.6 10.600000005960464
    endloop
  endfacet
  facet normal 0.15643444971321585 0 0.9876883430226983
    outer loop
      vertex 94.80000000298023 104 10.600000005960464
      vertex 94.55278640836477 104 10.639154788851737
      vertex 94.55278640836477 101.6 10.639154788851737
    endloop
  endfacet
  facet normal 0.8910065199781846 0 0.45399050800249663
    outer loop
      vertex 94.15278640985488 104 10.929771800339221
      vertex 94.03915478885173 101.6 11.152786408364772
      vertex 94.15278640985488 101.6 10.929771800339221
    endloop
  endfacet
  facet normal 0.45399050800249663 0 0.8910065199781846
    outer loop
      vertex 94.55278640836477 104 10.639154788851737
      vertex 94.32977180033922 101.6 10.752786409854888
      vertex 94.55278640836477 101.6 10.639154788851737
    endloop
  endfacet
  facet normal 0.7071067811865476 0 0.7071067811865476
    outer loop
      vertex 94.32977180033922 104 10.752786409854888
      vertex 94.15278640985488 101.6 10.929771800339221
      vertex 94.32977180033922 101.6 10.752786409854888
    endloop
  endfacet
  facet normal 0.9876883430226983 0 0.15643444971321585
    outer loop
      vertex 94.03915478885173 104 11.152786408364772
      vertex 94.00000000596046 101.6 11.400000002980232
      vertex 94.03915478885173 101.6 11.152786408364772
    endloop
  endfacet
  facet normal 0.8910065199781846 0 0.45399050800249663
    outer loop
      vertex 94.15278640985488 104 10.929771800339221
      vertex 94.03915478885173 104 11.152786408364772
      vertex 94.03915478885173 101.6 11.152786408364772
    endloop
  endfacet
  facet normal 0.45399050800249663 0 0.8910065199781846
    outer loop
      vertex 94.55278640836477 104 10.639154788851737
      vertex 94.32977180033922 104 10.752786409854888
      vertex 94.32977180033922 101.6 10.752786409854888
    endloop
  endfacet
  facet normal 0.7071067811865476 0 0.7071067811865476
    outer loop
      vertex 94.32977180033922 104 10.752786409854888
      vertex 94.15278640985488 104 10.929771800339221
      vertex 94.15278640985488 101.6 10.929771800339221
    endloop
  endfacet
  facet normal 0.9876883430226983 0 0.15643444971321585
    outer loop
      vertex 94.03915478885173 104 11.152786408364772
      vertex 94.00000000596046 104 11.400000002980232
      vertex 94.00000000596046 101.6 11.400000002980232
    endloop
  endfacet
  facet normal 0 0 1
    outer loop
      vertex 94.80000000298023 104 10.600000005960464
      vertex 94.80000000298023 101.6 10.600000005960464
      vertex 102.89999999701976 104 10.600000005960464
    endloop
  endfacet
  facet normal 0 -1 0
    outer loop
      vertex 75.8 101.6 12.6
      vertex 94.15278640985488 101.6 14.470228199660777
      vertex 94.32977180033922 101.6 14.64721359014511
    endloop
  endfacet
  facet normal 0 -1 0
    outer loop
      vertex 75.8 101.6 12.6
      vertex 94.32977180033922 101.6 14.64721359014511
      vertex 94.55278640836477 101.6 14.760845211148261
    endloop
  endfacet
  facet normal 0 -1 0
    outer loop
      vertex 75.8 101.6 12.6
      vertex 94.55278640836477 101.6 14.760845211148261
      vertex 94.80000000298023 101.6 14.799999994039535
    endloop
  endfacet
  facet normal 1 0 0
    outer loop
      vertex 94.00000000596046 101.6 11.400000002980232
      vertex 94.00000000596046 104 11.400000002980232
      vertex 94.00000000596046 101.6 13.999999997019767
    endloop
  endfacet
  facet normal 1 0 0
    outer loop
      vertex 94.00000000596046 104 11.400000002980232
      vertex 94.00000000596046 104 13.999999997019767
      vertex 94.00000000596046 101.6 13.999999997019767
    endloop
  endfacet
  facet normal 0.9876883430226983 0 -0.15643444971321585
    outer loop
      vertex 94.00000000596046 101.6 13.999999997019767
      vertex 94.00000000596046 104 13.999999997019767
      vertex 94.03915478885173 101.6 14.247213591635226
    endloop
  endfacet
  facet normal 0.8910065199781846 0 -0.45399050800249663
    outer loop
      vertex 94.03915478885173 104 14.247213591635226
      vertex 94.15278640985488 101.6 14.470228199660777
      vertex 94.03915478885173 101.6 14.247213591635226
    endloop
  endfacet
  facet normal 0.7071067811865476 0 -0.7071067811865476
    outer loop
      vertex 94.15278640985488 104 14.470228199660777
      vertex 94.32977180033922 101.6 14.64721359014511
      vertex 94.15278640985488 101.6 14.470228199660777
    endloop
  endfacet
  facet normal 0.9876883430226983 0 -0.15643444971321585
    outer loop
      vertex 94.00000000596046 104 13.999999997019767
      vertex 94.03915478885173 104 14.247213591635226
      vertex 94.03915478885173 101.6 14.247213591635226
    endloop
  endfacet
  facet normal 0.8910065199781846 0 -0.45399050800249663
    outer loop
      vertex 94.03915478885173 104 14.247213591635226
      vertex 94.15278640985488 104 14.470228199660777
      vertex 94.15278640985488 101.6 14.470228199660777
    endloop
  endfacet
  facet normal 0.45399050800249663 0 -0.8910065199781846
    outer loop
      vertex 94.32977180033922 104 14.64721359014511
      vertex 94.55278640836477 101.6 14.760845211148261
      vertex 94.32977180033922 101.6 14.64721359014511
    endloop
  endfacet
  facet normal 0.15643444971321585 0 -0.9876883430226983
    outer loop
      vertex 94.55278640836477 104 14.760845211148261
      vertex 94.80000000298023 101.6 14.799999994039535
      vertex 94.55278640836477 101.6 14.760845211148261
    endloop
  endfacet
  facet normal 0.7071067811865476 0 -0.7071067811865476
    outer loop
      vertex 94.15278640985488 104 14.470228199660777
      vertex 94.32977180033922 104 14.64721359014511
      vertex 94.32977180033922 101.6 14.64721359014511
    endloop
  endfacet
  facet normal 0.45399050800249663 0 -0.8910065199781846
    outer loop
      vertex 94.32977180033922 104 14.64721359014511
      vertex 94.55278640836477 104 14.760845211148261
      vertex 94.55278640836477 101.6 14.760845211148261
    endloop
  endfacet
  facet normal 0.15643444971321585 0 -0.9876883430226983
    outer loop
      vertex 94.55278640836477 104 14.760845211148261
      vertex 94.80000000298023 104 14.799999994039535
      vertex 94.80000000298023 101.6 14.799999994039535
    endloop
  endfacet
  facet normal 0 0 -1
    outer loop
      vertex 94.80000000298023 101.6 14.799999994039535
      vertex 94.80000000298023 104 14.799999994039535
      vertex 102.89999999701976 101.6 14.799999994039535
    endloop
  endfacet
  facet normal 0 0 1
    outer loop
      vertex 102.89999999701976 104 10.600000005960464
      vertex 94.80000000298023 101.6 10.600000005960464
      vertex 102.89999999701976 101.6 10.600000005960464
    endloop
  endfacet
  facet normal -0.15643444971321585 0 0.9876883430226983
    outer loop
      vertex 103.14721359163522 104 10.639154788851737
      vertex 102.89999999701976 101.6 10.600000005960464
      vertex 103.14721359163522 101.6 10.639154788851737
    endloop
  endfacet
  facet normal -0.15643444971321585 0 0.9876883430226983
    outer loop
      vertex 103.14721359163522 104 10.639154788851737
      vertex 102.89999999701976 104 10.600000005960464
      vertex 102.89999999701976 101.6 10.600000005960464
    endloop
  endfacet
  facet normal -0.45399050800249663 0 0.8910065199781846
    outer loop
      vertex 103.37022819966077 104 10.752786409854888
      vertex 103.14721359163522 101.6 10.639154788851737
      vertex 103.37022819966077 101.6 10.752786409854888
    endloop
  endfacet
  facet normal -0.7071067811865476 0 0.7071067811865476
    outer loop
      vertex 103.5472135901451 104 10.929771800339221
      vertex 103.37022819966077 101.6 10.752786409854888
      vertex 103.5472135901451 101.6 10.929771800339221
    endloop
  endfacet
  facet normal -0.8910065199781846 0 0.45399050800249663
    outer loop
      vertex 103.66084521114826 104 11.152786408364772
      vertex 103.5472135901451 101.6 10.929771800339221
      vertex 103.66084521114826 101.6 11.152786408364772
    endloop
  endfacet
  facet normal -0.9876883430226983 0 0.15643444971321585
    outer loop
      vertex 103.69999999403953 104 11.400000002980232
      vertex 103.66084521114826 101.6 11.152786408364772
      vertex 103.69999999403953 101.6 11.400000002980232
    endloop
  endfacet
  facet normal -0.45399050800249663 0 0.8910065199781846
    outer loop
      vertex 103.37022819966077 104 10.752786409854888
      vertex 103.14721359163522 104 10.639154788851737
      vertex 103.14721359163522 101.6 10.639154788851737
    endloop
  endfacet
  facet normal -0.7071067811865476 0 0.7071067811865476
    outer loop
      vertex 103.5472135901451 104 10.929771800339221
      vertex 103.37022819966077 104 10.752786409854888
      vertex 103.37022819966077 101.6 10.752786409854888
    endloop
  endfacet
  facet normal -0.8910065199781846 0 0.45399050800249663
    outer loop
      vertex 103.66084521114826 104 11.152786408364772
      vertex 103.5472135901451 104 10.929771800339221
      vertex 103.5472135901451 101.6 10.929771800339221
    endloop
  endfacet
  facet normal -0.9876883430226983 0 0.15643444971321585
    outer loop
      vertex 103.69999999403953 104 11.400000002980232
      vertex 103.66084521114826 104 11.152786408364772
      vertex 103.66084521114826 101.6 11.152786408364772
    endloop
  endfacet
  facet normal 0 -1 0
    outer loop
      vertex 102.89999999701976 101.6 10.600000005960464
      vertex 110.05278640836477 101.6 10.639154788851737
      vertex 103.14721359163522 101.6 10.639154788851737
    endloop
  endfacet
  facet normal 0 -1 0
    outer loop
      vertex 103.14721359163522 101.6 10.639154788851737
      vertex 109.82977180033922 101.6 10.752786409854888
      vertex 103.37022819966077 101.6 10.752786409854888
    endloop
  endfacet
  facet normal 0 -1 0
    outer loop
      vertex 103.37022819966077 101.6 10.752786409854888
      vertex 109.65278640985488 101.6 10.929771800339221
      vertex 103.5472135901451 101.6 10.929771800339221
    endloop
  endfacet
  facet normal 0 -1 0
    outer loop
      vertex 103.5472135901451 101.6 10.929771800339221
      vertex 109.53915478885173 101.6 11.152786408364772
      vertex 103.66084521114826 101.6 11.152786408364772
    endloop
  endfacet
  facet normal 0 -1 0
    outer loop
      vertex 103.66084521114826 101.6 11.152786408364772
      vertex 109.50000000596046 101.6 11.400000002980232
      vertex 103.69999999403953 101.6 11.400000002980232
    endloop
  endfacet
  facet normal 0 1 0
    outer loop
      vertex 103.14721359163522 104 10.639154788851737
      vertex 110.30000000298023 104 10.600000005960464
      vertex 102.89999999701976 104 10.600000005960464
    endloop
  endfacet
  facet normal 0 1 0
    outer loop
      vertex 103.37022819966077 104 10.752786409854888
      vertex 110.05278640836477 104 10.639154788851737
      vertex 103.14721359163522 104 10.639154788851737
    endloop
  endfacet
  facet normal 0 1 0
    outer loop
      vertex 103.5472135901451 104 10.929771800339221
      vertex 109.82977180033922 104 10.752786409854888
      vertex 103.37022819966077 104 10.752786409854888
    endloop
  endfacet
  facet normal 0 1 0
    outer loop
      vertex 103.66084521114826 104 11.152786408364772
      vertex 109.65278640985488 104 10.929771800339221
      vertex 103.5472135901451 104 10.929771800339221
    endloop
  endfacet
  facet normal 0 1 0
    outer loop
      vertex 103.69999999403953 104 11.400000002980232
      vertex 109.53915478885173 104 11.152786408364772
      vertex 103.66084521114826 104 11.152786408364772
    endloop
  endfacet
  facet normal 0 -1 0
    outer loop
      vertex 102.89999999701976 101.6 10.600000005960464
      vertex 110.30000000298023 101.6 10.600000005960464
      vertex 110.05278640836477 101.6 10.639154788851737
    endloop
  endfacet
  facet normal 0 -1 0
    outer loop
      vertex 103.14721359163522 101.6 10.639154788851737
      vertex 110.05278640836477 101.6 10.639154788851737
      vertex 109.82977180033922 101.6 10.752786409854888
    endloop
  endfacet
  facet normal 0 -1 0
    outer loop
      vertex 103.37022819966077 101.6 10.752786409854888
      vertex 109.82977180033922 101.6 10.752786409854888
      vertex 109.65278640985488 101.6 10.929771800339221
    endloop
  endfacet
  facet normal 0 -1 0
    outer loop
      vertex 103.5472135901451 101.6 10.929771800339221
      vertex 109.65278640985488 101.6 10.929771800339221
      vertex 109.53915478885173 101.6 11.152786408364772
    endloop
  endfacet
  facet normal 0 -1 0
    outer loop
      vertex 103.66084521114826 101.6 11.152786408364772
      vertex 109.53915478885173 101.6 11.152786408364772
      vertex 109.50000000596046 101.6 11.400000002980232
    endloop
  endfacet
  facet normal 0 1 0
    outer loop
      vertex 103.14721359163522 104 10.639154788851737
      vertex 110.05278640836477 104 10.639154788851737
      vertex 110.30000000298023 104 10.600000005960464
    endloop
  endfacet
  facet normal 0 1 0
    outer loop
      vertex 103.37022819966077 104 10.752786409854888
      vertex 109.82977180033922 104 10.752786409854888
      vertex 110.05278640836477 104 10.639154788851737
    endloop
  endfacet
  facet normal 0 1 0
    outer loop
      vertex 103.5472135901451 104 10.929771800339221
      vertex 109.65278640985488 104 10.929771800339221
      vertex 109.82977180033922 104 10.752786409854888
    endloop
  endfacet
  facet normal 0 1 0
    outer loop
      vertex 103.66084521114826 104 11.152786408364772
      vertex 109.53915478885173 104 11.152786408364772
      vertex 109.65278640985488 104 10.929771800339221
    endloop
  endfacet
  facet normal 0 1 0
    outer loop
      vertex 103.69999999403953 104 11.400000002980232
      vertex 109.50000000596046 104 11.400000002980232
      vertex 109.53915478885173 104 11.152786408364772
    endloop
  endfacet
  facet normal 0.45399050800249663 0 0.8910065199781846
    outer loop
      vertex 110.05278640836477 104 10.639154788851737
      vertex 109.82977180033922 101.6 10.752786409854888
      vertex 110.05278640836477 101.6 10.639154788851737
    endloop
  endfacet
  facet normal 0.7071067811865476 0 0.7071067811865476
    outer loop
      vertex 109.82977180033922 104 10.752786409854888
      vertex 109.65278640985488 101.6 10.929771800339221
      vertex 109.82977180033922 101.6 10.752786409854888
    endloop
  endfacet
  facet normal 0.8910065199781846 0 0.45399050800249663
    outer loop
      vertex 109.65278640985488 104 10.929771800339221
      vertex 109.53915478885173 101.6 11.152786408364772
      vertex 109.65278640985488 101.6 10.929771800339221
    endloop
  endfacet
  facet normal 0.9876883430226983 0 0.15643444971321585
    outer loop
      vertex 109.53915478885173 104 11.152786408364772
      vertex 109.50000000596046 101.6 11.400000002980232
      vertex 109.53915478885173 101.6 11.152786408364772
    endloop
  endfacet
  facet normal 0.45399050800249663 0 0.8910065199781846
    outer loop
      vertex 110.05278640836477 104 10.639154788851737
      vertex 109.82977180033922 104 10.752786409854888
      vertex 109.82977180033922 101.6 10.752786409854888
    endloop
  endfacet
  facet normal 0.7071067811865476 0 0.7071067811865476
    outer loop
      vertex 109.82977180033922 104 10.752786409854888
      vertex 109.65278640985488 104 10.929771800339221
      vertex 109.65278640985488 101.6 10.929771800339221
    endloop
  endfacet
  facet normal 0.8910065199781846 0 0.45399050800249663
    outer loop
      vertex 109.65278640985488 104 10.929771800339221
      vertex 109.53915478885173 104 11.152786408364772
      vertex 109.53915478885173 101.6 11.152786408364772
    endloop
  endfacet
  facet normal 0.9876883430226983 0 0.15643444971321585
    outer loop
      vertex 109.53915478885173 104 11.152786408364772
      vertex 109.50000000596046 104 11.400000002980232
      vertex 109.50000000596046 101.6 11.400000002980232
    endloop
  endfacet
  facet normal -1 0 0
    outer loop
      vertex 103.69999999403953 104 13.999999997019767
      vertex 103.69999999403953 104 11.400000002980232
      vertex 103.69999999403953 101.6 11.400000002980232
    endloop
  endfacet
  facet normal -1 0 0
    outer loop
      vertex 103.69999999403953 104 13.999999997019767
      vertex 103.69999999403953 101.6 11.400000002980232
      vertex 103.69999999403953 101.6 13.999999997019767
    endloop
  endfacet
  facet normal 0 0 -1
    outer loop
      vertex 94.80000000298023 104 14.799999994039535
      vertex 102.89999999701976 104 14.799999994039535
      vertex 102.89999999701976 101.6 14.799999994039535
    endloop
  endfacet
  facet normal -0.9876883430226983 0 -0.15643444971321585
    outer loop
      vertex 103.66084521114826 101.6 14.247213591635226
      vertex 103.66084521114826 104 14.247213591635226
      vertex 103.69999999403953 101.6 13.999999997019767
    endloop
  endfacet
  facet normal -0.8910065199781846 0 -0.45399050800249663
    outer loop
      vertex 103.5472135901451 104 14.470228199660777
      vertex 103.66084521114826 101.6 14.247213591635226
      vertex 103.5472135901451 101.6 14.470228199660777
    endloop
  endfacet
  facet normal -0.9876883430226983 0 -0.15643444971321585
    outer loop
      vertex 103.66084521114826 104 14.247213591635226
      vertex 103.69999999403953 104 13.999999997019767
      vertex 103.69999999403953 101.6 13.999999997019767
    endloop
  endfacet
  facet normal -0.8910065199781846 0 -0.45399050800249663
    outer loop
      vertex 103.5472135901451 104 14.470228199660777
      vertex 103.66084521114826 104 14.247213591635226
      vertex 103.66084521114826 101.6 14.247213591635226
    endloop
  endfacet
  facet normal -0.7071067811865476 0 -0.7071067811865476
    outer loop
      vertex 103.37022819966077 104 14.64721359014511
      vertex 103.5472135901451 104 14.470228199660777
      vertex 103.5472135901451 101.6 14.470228199660777
    endloop
  endfacet
  facet normal -0.15643444971321585 0 -0.9876883430226983
    outer loop
      vertex 102.89999999701976 101.6 14.799999994039535
      vertex 102.89999999701976 104 14.799999994039535
      vertex 103.14721359163522 101.6 14.760845211148261
    endloop
  endfacet
  facet normal -0.15643444971321585 0 -0.9876883430226983
    outer loop
      vertex 102.89999999701976 104 14.799999994039535
      vertex 103.14721359163522 104 14.760845211148261
      vertex 103.14721359163522 101.6 14.760845211148261
    endloop
  endfacet
  facet normal -0.7071067811865476 0 -0.7071067811865476
    outer loop
      vertex 103.37022819966077 104 14.64721359014511
      vertex 103.5472135901451 101.6 14.470228199660777
      vertex 103.37022819966077 101.6 14.64721359014511
    endloop
  endfacet
  facet normal -0.45399050800249663 0 -0.8910065199781846
    outer loop
      vertex 103.14721359163522 104 14.760845211148261
      vertex 103.37022819966077 101.6 14.64721359014511
      vertex 103.14721359163522 101.6 14.760845211148261
    endloop
  endfacet
  facet normal -0.45399050800249663 0 -0.8910065199781846
    outer loop
      vertex 103.14721359163522 104 14.760845211148261
      vertex 103.37022819966077 104 14.64721359014511
      vertex 103.37022819966077 101.6 14.64721359014511
    endloop
  endfacet
  facet normal 0 -1 0
    outer loop
      vertex 103.69999999403953 101.6 11.400000002980232
      vertex 109.50000000596046 101.6 13.999999997019767
      vertex 103.69999999403953 101.6 13.999999997019767
    endloop
  endfacet
  facet normal 0 1 0
    outer loop
      vertex 103.69999999403953 104 13.999999997019767
      vertex 109.50000000596046 104 11.400000002980232
      vertex 103.69999999403953 104 11.400000002980232
    endloop
  endfacet
  facet normal 0 -1 0
    outer loop
      vertex 103.69999999403953 101.6 11.400000002980232
      vertex 109.50000000596046 101.6 11.400000002980232
      vertex 109.50000000596046 101.6 13.999999997019767
    endloop
  endfacet
  facet normal 1 0 0
    outer loop
      vertex 109.50000000596046 101.6 11.400000002980232
      vertex 109.50000000596046 104 11.400000002980232
      vertex 109.50000000596046 101.6 13.999999997019767
    endloop
  endfacet
  facet normal 0 1 0
    outer loop
      vertex 103.69999999403953 104 13.999999997019767
      vertex 109.50000000596046 104 13.999999997019767
      vertex 109.50000000596046 104 11.400000002980232
    endloop
  endfacet
  facet normal 1 0 0
    outer loop
      vertex 109.50000000596046 104 11.400000002980232
      vertex 109.50000000596046 104 13.999999997019767
      vertex 109.50000000596046 101.6 13.999999997019767
    endloop
  endfacet
  facet normal 0 -1 0
    outer loop
      vertex 103.66084521114826 101.6 14.247213591635226
      vertex 103.69999999403953 101.6 13.999999997019767
      vertex 109.53915478885173 101.6 14.247213591635226
    endloop
  endfacet
  facet normal 0 -1 0
    outer loop
      vertex 103.66084521114826 101.6 14.247213591635226
      vertex 109.65278640985488 101.6 14.470228199660777
      vertex 103.5472135901451 101.6 14.470228199660777
    endloop
  endfacet
  facet normal 0 -1 0
    outer loop
      vertex 103.37022819966077 101.6 14.64721359014511
      vertex 110.05278640836477 101.6 14.760845211148261
      vertex 103.14721359163522 101.6 14.760845211148261
    endloop
  endfacet
  facet normal 0 -1 0
    outer loop
      vertex 103.5472135901451 101.6 14.470228199660777
      vertex 109.82977180033922 101.6 14.64721359014511
      vertex 103.37022819966077 101.6 14.64721359014511
    endloop
  endfacet
  facet normal 0 1 0
    outer loop
      vertex 103.66084521114826 104 14.247213591635226
      vertex 109.50000000596046 104 13.999999997019767
      vertex 103.69999999403953 104 13.999999997019767
    endloop
  endfacet
  facet normal 0 1 0
    outer loop
      vertex 103.37022819966077 104 14.64721359014511
      vertex 109.65278640985488 104 14.470228199660777
      vertex 103.5472135901451 104 14.470228199660777
    endloop
  endfacet
  facet normal 0 1 0
    outer loop
      vertex 103.5472135901451 104 14.470228199660777
      vertex 109.53915478885173 104 14.247213591635226
      vertex 103.66084521114826 104 14.247213591635226
    endloop
  endfacet
  facet normal 0 1 0
    outer loop
      vertex 103.14721359163522 104 14.760845211148261
      vertex 109.82977180033922 104 14.64721359014511
      vertex 103.37022819966077 104 14.64721359014511
    endloop
  endfacet
  facet normal 0 1 0
    outer loop
      vertex 102.89999999701976 104 14.799999994039535
      vertex 110.05278640836477 104 14.760845211148261
      vertex 103.14721359163522 104 14.760845211148261
    endloop
  endfacet
  facet normal 0 -1 0
    outer loop
      vertex 103.69999999403953 101.6 13.999999997019767
      vertex 109.50000000596046 101.6 13.999999997019767
      vertex 109.53915478885173 101.6 14.247213591635226
    endloop
  endfacet
  facet normal 0 -1 0
    outer loop
      vertex 103.66084521114826 101.6 14.247213591635226
      vertex 109.53915478885173 101.6 14.247213591635226
      vertex 109.65278640985488 101.6 14.470228199660777
    endloop
  endfacet
  facet normal 0 -1 0
    outer loop
      vertex 103.5472135901451 101.6 14.470228199660777
      vertex 109.65278640985488 101.6 14.470228199660777
      vertex 109.82977180033922 101.6 14.64721359014511
    endloop
  endfacet
  facet normal 0 -1 0
    outer loop
      vertex 103.37022819966077 101.6 14.64721359014511
      vertex 109.82977180033922 101.6 14.64721359014511
      vertex 110.05278640836477 101.6 14.760845211148261
    endloop
  endfacet
  facet normal 0 1 0
    outer loop
      vertex 103.66084521114826 104 14.247213591635226
      vertex 109.53915478885173 104 14.247213591635226
      vertex 109.50000000596046 104 13.999999997019767
    endloop
  endfacet
  facet normal 0 1 0
    outer loop
      vertex 103.5472135901451 104 14.470228199660777
      vertex 109.65278640985488 104 14.470228199660777
      vertex 109.53915478885173 104 14.247213591635226
    endloop
  endfacet
  facet normal 0.9876883430226983 0 -0.15643444971321585
    outer loop
      vertex 109.50000000596046 101.6 13.999999997019767
      vertex 109.50000000596046 104 13.999999997019767
      vertex 109.53915478885173 101.6 14.247213591635226
    endloop
  endfacet
  facet normal 0.8910065199781846 0 -0.45399050800249663
    outer loop
      vertex 109.53915478885173 104 14.247213591635226
      vertex 109.65278640985488 101.6 14.470228199660777
      vertex 109.53915478885173 101.6 14.247213591635226
    endloop
  endfacet
  facet normal 0.7071067811865476 0 -0.7071067811865476
    outer loop
      vertex 109.65278640985488 104 14.470228199660777
      vertex 109.82977180033922 101.6 14.64721359014511
      vertex 109.65278640985488 101.6 14.470228199660777
    endloop
  endfacet
  facet normal 0.9876883430226983 0 -0.15643444971321585
    outer loop
      vertex 109.50000000596046 104 13.999999997019767
      vertex 109.53915478885173 104 14.247213591635226
      vertex 109.53915478885173 101.6 14.247213591635226
    endloop
  endfacet
  facet normal 0.8910065199781846 0 -0.45399050800249663
    outer loop
      vertex 109.53915478885173 104 14.247213591635226
      vertex 109.65278640985488 104 14.470228199660777
      vertex 109.65278640985488 101.6 14.470228199660777
    endloop
  endfacet
  facet normal 0 1 0
    outer loop
      vertex 103.37022819966077 104 14.64721359014511
      vertex 109.82977180033922 104 14.64721359014511
      vertex 109.65278640985488 104 14.470228199660777
    endloop
  endfacet
  facet normal 0 1 0
    outer loop
      vertex 103.14721359163522 104 14.760845211148261
      vertex 110.05278640836477 104 14.760845211148261
      vertex 109.82977180033922 104 14.64721359014511
    endloop
  endfacet
  facet normal 0 1 0
    outer loop
      vertex 102.89999999701976 104 14.799999994039535
      vertex 110.30000000298023 104 14.799999994039535
      vertex 110.05278640836477 104 14.760845211148261
    endloop
  endfacet
  facet normal 0.45399050800249663 0 -0.8910065199781846
    outer loop
      vertex 109.82977180033922 104 14.64721359014511
      vertex 110.05278640836477 101.6 14.760845211148261
      vertex 109.82977180033922 101.6 14.64721359014511
    endloop
  endfacet
  facet normal 0.7071067811865476 0 -0.7071067811865476
    outer loop
      vertex 109.65278640985488 104 14.470228199660777
      vertex 109.82977180033922 104 14.64721359014511
      vertex 109.82977180033922 101.6 14.64721359014511
    endloop
  endfacet
  facet normal 0.45399050800249663 0 -0.8910065199781846
    outer loop
      vertex 109.82977180033922 104 14.64721359014511
      vertex 110.05278640836477 104 14.760845211148261
      vertex 110.05278640836477 101.6 14.760845211148261
    endloop
  endfacet
  facet normal 0 0 -1
    outer loop
      vertex 8 101.6 0
      vertex 172.7022820183398 102.47213595499957 0
      vertex 168 101.6 0
    endloop
  endfacet
  facet normal 0 0 -1
    outer loop
      vertex 8 104 0
      vertex 168 104 0
      vertex 172.7022820183398 102.47213595499957 0
    endloop
  endfacet
  facet normal 0 -1 0
    outer loop
      vertex 75.8 101.6 12.6
      vertex 168 101.6 0
      vertex 94.80000000298023 101.6 10.600000005960464
    endloop
  endfacet
  facet normal 0 -1 0
    outer loop
      vertex 168 101.6 0
      vertex 102.89999999701976 101.6 10.600000005960464
      vertex 94.80000000298023 101.6 10.600000005960464
    endloop
  endfacet
  facet normal 0 -1 0
    outer loop
      vertex 168 101.6 0
      vertex 110.30000000298023 101.6 10.600000005960464
      vertex 102.89999999701976 101.6 10.600000005960464
    endloop
  endfacet
  facet normal 0.15643444971321585 0 0.9876883430226983
    outer loop
      vertex 110.30000000298023 104 10.600000005960464
      vertex 110.05278640836477 101.6 10.639154788851737
      vertex 110.30000000298023 101.6 10.600000005960464
    endloop
  endfacet
  facet normal 0.15643444971321585 0 0.9876883430226983
    outer loop
      vertex 110.30000000298023 104 10.600000005960464
      vertex 110.05278640836477 104 10.639154788851737
      vertex 110.05278640836477 101.6 10.639154788851737
    endloop
  endfacet
  facet normal 0 0 1
    outer loop
      vertex 110.30000000298023 104 10.600000005960464
      vertex 110.30000000298023 101.6 10.600000005960464
      vertex 118.39999999701976 104 10.600000005960464
    endloop
  endfacet
  facet normal 0 0 1
    outer loop
      vertex 118.39999999701976 104 10.600000005960464
      vertex 110.30000000298023 101.6 10.600000005960464
      vertex 118.39999999701976 101.6 10.600000005960464
    endloop
  endfacet
  facet normal -0.15643444971321585 0 0.9876883430226983
    outer loop
      vertex 118.64721359163522 104 10.639154788851737
      vertex 118.39999999701976 101.6 10.600000005960464
      vertex 118.64721359163522 101.6 10.639154788851737
    endloop
  endfacet
  facet normal -0.15643444971321585 0 0.9876883430226983
    outer loop
      vertex 118.64721359163522 104 10.639154788851737
      vertex 118.39999999701976 104 10.600000005960464
      vertex 118.39999999701976 101.6 10.600000005960464
    endloop
  endfacet
  facet normal -0.45399050800249663 0 0.8910065199781846
    outer loop
      vertex 118.87022819966077 104 10.752786409854888
      vertex 118.64721359163522 101.6 10.639154788851737
      vertex 118.87022819966077 101.6 10.752786409854888
    endloop
  endfacet
  facet normal -0.7071067811865476 0 0.7071067811865476
    outer loop
      vertex 119.0472135901451 104 10.929771800339221
      vertex 118.87022819966077 101.6 10.752786409854888
      vertex 119.0472135901451 101.6 10.929771800339221
    endloop
  endfacet
  facet normal -0.8910065199781846 0 0.45399050800249663
    outer loop
      vertex 119.16084521114826 104 11.152786408364772
      vertex 119.0472135901451 101.6 10.929771800339221
      vertex 119.16084521114826 101.6 11.152786408364772
    endloop
  endfacet
  facet normal -0.9876883430226983 0 0.15643444971321585
    outer loop
      vertex 119.19999999403953 104 11.400000002980232
      vertex 119.16084521114826 101.6 11.152786408364772
      vertex 119.19999999403953 101.6 11.400000002980232
    endloop
  endfacet
  facet normal -0.45399050800249663 0 0.8910065199781846
    outer loop
      vertex 118.87022819966077 104 10.752786409854888
      vertex 118.64721359163522 104 10.639154788851737
      vertex 118.64721359163522 101.6 10.639154788851737
    endloop
  endfacet
  facet normal -0.7071067811865476 0 0.7071067811865476
    outer loop
      vertex 119.0472135901451 104 10.929771800339221
      vertex 118.87022819966077 104 10.752786409854888
      vertex 118.87022819966077 101.6 10.752786409854888
    endloop
  endfacet
  facet normal -0.8910065199781846 0 0.45399050800249663
    outer loop
      vertex 119.16084521114826 104 11.152786408364772
      vertex 119.0472135901451 104 10.929771800339221
      vertex 119.0472135901451 101.6 10.929771800339221
    endloop
  endfacet
  facet normal -0.9876883430226983 0 0.15643444971321585
    outer loop
      vertex 119.19999999403953 104 11.400000002980232
      vertex 119.16084521114826 104 11.152786408364772
      vertex 119.16084521114826 101.6 11.152786408364772
    endloop
  endfacet
  facet normal 0 1 0
    outer loop
      vertex 118.87022819966077 104 10.752786409854888
      vertex 122.55000000298023 104 11.600000005960464
      vertex 118.64721359163522 104 10.639154788851737
    endloop
  endfacet
  facet normal 0 1 0
    outer loop
      vertex 119.0472135901451 104 10.929771800339221
      vertex 122.30278640836477 104 11.639154788851737
      vertex 118.87022819966077 104 10.752786409854888
    endloop
  endfacet
  facet normal 0 1 0
    outer loop
      vertex 119.16084521114826 104 11.152786408364772
      vertex 122.07977180033922 104 11.752786409854888
      vertex 119.0472135901451 104 10.929771800339221
    endloop
  endfacet
  facet normal 0 1 0
    outer loop
      vertex 119.19999999403953 104 11.400000002980232
      vertex 121.90278640985488 104 11.929771800339221
      vertex 119.16084521114826 104 11.152786408364772
    endloop
  endfacet
  facet normal 0.15643444971321585 0 -0.9876883430226983
    outer loop
      vertex 110.05278640836477 104 14.760845211148261
      vertex 110.30000000298023 101.6 14.799999994039535
      vertex 110.05278640836477 101.6 14.760845211148261
    endloop
  endfacet
  facet normal 0.15643444971321585 0 -0.9876883430226983
    outer loop
      vertex 110.05278640836477 104 14.760845211148261
      vertex 110.30000000298023 104 14.799999994039535
      vertex 110.30000000298023 101.6 14.799999994039535
    endloop
  endfacet
  facet normal 0 0 -1
    outer loop
      vertex 110.30000000298023 101.6 14.799999994039535
      vertex 110.30000000298023 104 14.799999994039535
      vertex 118.39999999701976 101.6 14.799999994039535
    endloop
  endfacet
  facet normal 0 -1 0
    outer loop
      vertex 119.19999999403953 101.6 11.400000002980232
      vertex 121.90278640985488 101.6 11.929771800339221
      vertex 121.78915478885173 101.6 12.152786408364772
    endloop
  endfacet
  facet normal 0 -1 0
    outer loop
      vertex 119.19999999403953 101.6 11.400000002980232
      vertex 121.78915478885173 101.6 12.152786408364772
      vertex 121.75000000596046 101.6 12.400000002980232
    endloop
  endfacet
  facet normal 0 -1 0
    outer loop
      vertex 119.19999999403953 101.6 11.400000002980232
      vertex 121.75000000596046 101.6 12.400000002980232
      vertex 121.75000000596046 101.6 13.999999997019767
    endloop
  endfacet
  facet normal 0 -1 0
    outer loop
      vertex 119.19999999403953 101.6 11.400000002980232
      vertex 121.75000000596046 101.6 13.999999997019767
      vertex 119.19999999403953 101.6 13.999999997019767
    endloop
  endfacet
  facet normal -1 0 0
    outer loop
      vertex 119.19999999403953 104 13.999999997019767
      vertex 119.19999999403953 104 11.400000002980232
      vertex 119.19999999403953 101.6 11.400000002980232
    endloop
  endfacet
  facet normal 0 1 0
    outer loop
      vertex 119.19999999403953 104 11.400000002980232
      vertex 121.78915478885173 104 12.152786408364772
      vertex 121.90278640985488 104 11.929771800339221
    endloop
  endfacet
  facet normal 0 1 0
    outer loop
      vertex 119.19999999403953 104 11.400000002980232
      vertex 121.75000000596046 104 12.400000002980232
      vertex 121.78915478885173 104 12.152786408364772
    endloop
  endfacet
  facet normal -1 0 0
    outer loop
      vertex 119.19999999403953 104 13.999999997019767
      vertex 119.19999999403953 101.6 11.400000002980232
      vertex 119.19999999403953 101.6 13.999999997019767
    endloop
  endfacet
  facet normal 0 1 0
    outer loop
      vertex 119.19999999403953 104 13.999999997019767
      vertex 121.75000000596046 104 12.400000002980232
      vertex 119.19999999403953 104 11.400000002980232
    endloop
  endfacet
  facet normal 0 1 0
    outer loop
      vertex 119.19999999403953 104 13.999999997019767
      vertex 121.75000000596046 104 13.999999997019767
      vertex 121.75000000596046 104 12.400000002980232
    endloop
  endfacet
  facet normal 0 0 -1
    outer loop
      vertex 110.30000000298023 104 14.799999994039535
      vertex 118.39999999701976 104 14.799999994039535
      vertex 118.39999999701976 101.6 14.799999994039535
    endloop
  endfacet
  facet normal 0 -1 0
    outer loop
      vertex 119.19999999403953 101.6 13.999999997019767
      vertex 121.78915478885173 101.6 14.247213591635226
      vertex 119.16084521114826 101.6 14.247213591635226
    endloop
  endfacet
  facet normal 0 -1 0
    outer loop
      vertex 119.0472135901451 101.6 14.470228199660777
      vertex 119.16084521114826 101.6 14.247213591635226
      vertex 121.90278640985488 101.6 14.470228199660777
    endloop
  endfacet
  facet normal 0 -1 0
    outer loop
      vertex 119.19999999403953 101.6 13.999999997019767
      vertex 121.75000000596046 101.6 13.999999997019767
      vertex 121.78915478885173 101.6 14.247213591635226
    endloop
  endfacet
  facet normal 0 -1 0
    outer loop
      vertex 119.16084521114826 101.6 14.247213591635226
      vertex 121.78915478885173 101.6 14.247213591635226
      vertex 121.90278640985488 101.6 14.470228199660777
    endloop
  endfacet
  facet normal 0 -1 0
    outer loop
      vertex 118.87022819966077 101.6 14.64721359014511
      vertex 122.30278640836477 101.6 14.760845211148261
      vertex 118.64721359163522 101.6 14.760845211148261
    endloop
  endfacet
  facet normal 0 -1 0
    outer loop
      vertex 119.0472135901451 101.6 14.470228199660777
      vertex 122.07977180033922 101.6 14.64721359014511
      vertex 118.87022819966077 101.6 14.64721359014511
    endloop
  endfacet
  facet normal -0.9876883430226983 0 -0.15643444971321585
    outer loop
      vertex 119.16084521114826 104 14.247213591635226
      vertex 119.19999999403953 101.6 13.999999997019767
      vertex 119.16084521114826 101.6 14.247213591635226
    endloop
  endfacet
  facet normal -0.8910065199781846 0 -0.45399050800249663
    outer loop
      vertex 119.0472135901451 101.6 14.470228199660777
      vertex 119.0472135901451 104 14.470228199660777
      vertex 119.16084521114826 101.6 14.247213591635226
    endloop
  endfacet
  facet normal -0.9876883430226983 0 -0.15643444971321585
    outer loop
      vertex 119.16084521114826 104 14.247213591635226
      vertex 119.19999999403953 104 13.999999997019767
      vertex 119.19999999403953 101.6 13.999999997019767
    endloop
  endfacet
  facet normal -0.8910065199781846 0 -0.45399050800249663
    outer loop
      vertex 119.0472135901451 104 14.470228199660777
      vertex 119.16084521114826 104 14.247213591635226
      vertex 119.16084521114826 101.6 14.247213591635226
    endloop
  endfacet
  facet normal -0.7071067811865476 0 -0.7071067811865476
    outer loop
      vertex 118.87022819966077 104 14.64721359014511
      vertex 119.0472135901451 104 14.470228199660777
      vertex 119.0472135901451 101.6 14.470228199660777
    endloop
  endfacet
  facet normal 0 1 0
    outer loop
      vertex 119.19999999403953 104 13.999999997019767
      vertex 121.78915478885173 104 14.247213591635226
      vertex 121.75000000596046 104 13.999999997019767
    endloop
  endfacet
  facet normal 0 1 0
    outer loop
      vertex 119.19999999403953 104 13.999999997019767
      vertex 121.90278640985488 104 14.470228199660777
      vertex 121.78915478885173 104 14.247213591635226
    endloop
  endfacet
  facet normal -0.7071067811865476 0 -0.7071067811865476
    outer loop
      vertex 118.87022819966077 104 14.64721359014511
      vertex 119.0472135901451 101.6 14.470228199660777
      vertex 118.87022819966077 101.6 14.64721359014511
    endloop
  endfacet
  facet normal -0.45399050800249663 0 -0.8910065199781846
    outer loop
      vertex 118.64721359163522 104 14.760845211148261
      vertex 118.87022819966077 101.6 14.64721359014511
      vertex 118.64721359163522 101.6 14.760845211148261
    endloop
  endfacet
  facet normal -0.15643444971321585 0 -0.9876883430226983
    outer loop
      vertex 118.39999999701976 101.6 14.799999994039535
      vertex 118.39999999701976 104 14.799999994039535
      vertex 118.64721359163522 101.6 14.760845211148261
    endloop
  endfacet
  facet normal -0.45399050800249663 0 -0.8910065199781846
    outer loop
      vertex 118.64721359163522 104 14.760845211148261
      vertex 118.87022819966077 104 14.64721359014511
      vertex 118.87022819966077 101.6 14.64721359014511
    endloop
  endfacet
  facet normal -0.15643444971321585 0 -0.9876883430226983
    outer loop
      vertex 118.39999999701976 104 14.799999994039535
      vertex 118.64721359163522 104 14.760845211148261
      vertex 118.64721359163522 101.6 14.760845211148261
    endloop
  endfacet
  facet normal 0 -1 0
    outer loop
      vertex 119.19999999403953 101.6 11.400000002980232
      vertex 122.30278640836477 101.6 11.639154788851737
      vertex 122.07977180033922 101.6 11.752786409854888
    endloop
  endfacet
  facet normal 0 -1 0
    outer loop
      vertex 119.19999999403953 101.6 11.400000002980232
      vertex 122.55000000298023 101.6 11.600000005960464
      vertex 122.30278640836477 101.6 11.639154788851737
    endloop
  endfacet
  facet normal 0 1 0
    outer loop
      vertex 118.87022819966077 104 10.752786409854888
      vertex 122.30278640836477 104 11.639154788851737
      vertex 122.55000000298023 104 11.600000005960464
    endloop
  endfacet
  facet normal 0 1 0
    outer loop
      vertex 119.0472135901451 104 10.929771800339221
      vertex 122.07977180033922 104 11.752786409854888
      vertex 122.30278640836477 104 11.639154788851737
    endloop
  endfacet
  facet normal 0 1 0
    outer loop
      vertex 119.16084521114826 104 11.152786408364772
      vertex 121.90278640985488 104 11.929771800339221
      vertex 122.07977180033922 104 11.752786409854888
    endloop
  endfacet
  facet normal 0.15643444971321585 0 0.9876883430226983
    outer loop
      vertex 122.55000000298023 104 11.600000005960464
      vertex 122.30278640836477 101.6 11.639154788851737
      vertex 122.55000000298023 101.6 11.600000005960464
    endloop
  endfacet
  facet normal 0 1 0
    outer loop
      vertex 118.64721359163522 104 10.639154788851737
      vertex 136.14999999701976 104 11.600000005960464
      vertex 118.39999999701976 104 10.600000005960464
    endloop
  endfacet
  facet normal 0 1 0
    outer loop
      vertex 118.64721359163522 104 10.639154788851737
      vertex 122.55000000298023 104 11.600000005960464
      vertex 136.14999999701976 104 11.600000005960464
    endloop
  endfacet
  facet normal 0 0 1
    outer loop
      vertex 122.55000000298023 104 11.600000005960464
      vertex 122.55000000298023 101.6 11.600000005960464
      vertex 136.14999999701976 104 11.600000005960464
    endloop
  endfacet
  facet normal 0 0 1
    outer loop
      vertex 136.14999999701976 104 11.600000005960464
      vertex 122.55000000298023 101.6 11.600000005960464
      vertex 136.14999999701976 101.6 11.600000005960464
    endloop
  endfacet
  facet normal 0 -1 0
    outer loop
      vertex 119.19999999403953 101.6 11.400000002980232
      vertex 122.07977180033922 101.6 11.752786409854888
      vertex 121.90278640985488 101.6 11.929771800339221
    endloop
  endfacet
  facet normal 0.7071067811865476 0 0.7071067811865476
    outer loop
      vertex 122.07977180033922 104 11.752786409854888
      vertex 121.90278640985488 101.6 11.929771800339221
      vertex 122.07977180033922 101.6 11.752786409854888
    endloop
  endfacet
  facet normal 0.45399050800249663 0 0.8910065199781846
    outer loop
      vertex 122.30278640836477 104 11.639154788851737
      vertex 122.07977180033922 101.6 11.752786409854888
      vertex 122.30278640836477 101.6 11.639154788851737
    endloop
  endfacet
  facet normal 0.8910065199781846 0 0.45399050800249663
    outer loop
      vertex 121.90278640985488 104 11.929771800339221
      vertex 121.78915478885173 101.6 12.152786408364772
      vertex 121.90278640985488 101.6 11.929771800339221
    endloop
  endfacet
  facet normal 0.9876883430226983 0 0.15643444971321585
    outer loop
      vertex 121.78915478885173 104 12.152786408364772
      vertex 121.75000000596046 101.6 12.400000002980232
      vertex 121.78915478885173 101.6 12.152786408364772
    endloop
  endfacet
  facet normal 0.45399050800249663 0 0.8910065199781846
    outer loop
      vertex 122.30278640836477 104 11.639154788851737
      vertex 122.07977180033922 104 11.752786409854888
      vertex 122.07977180033922 101.6 11.752786409854888
    endloop
  endfacet
  facet normal 0.7071067811865476 0 0.7071067811865476
    outer loop
      vertex 122.07977180033922 104 11.752786409854888
      vertex 121.90278640985488 104 11.929771800339221
      vertex 121.90278640985488 101.6 11.929771800339221
    endloop
  endfacet
  facet normal 0.8910065199781846 0 0.45399050800249663
    outer loop
      vertex 121.90278640985488 104 11.929771800339221
      vertex 121.78915478885173 104 12.152786408364772
      vertex 121.78915478885173 101.6 12.152786408364772
    endloop
  endfacet
  facet normal 0.9876883430226983 0 0.15643444971321585
    outer loop
      vertex 121.78915478885173 104 12.152786408364772
      vertex 121.75000000596046 104 12.400000002980232
      vertex 121.75000000596046 101.6 12.400000002980232
    endloop
  endfacet
  facet normal 0.15643444971321585 0 0.9876883430226983
    outer loop
      vertex 122.55000000298023 104 11.600000005960464
      vertex 122.30278640836477 104 11.639154788851737
      vertex 122.30278640836477 101.6 11.639154788851737
    endloop
  endfacet
  facet normal 1 0 0
    outer loop
      vertex 121.75000000596046 104 12.400000002980232
      vertex 121.75000000596046 101.6 13.999999997019767
      vertex 121.75000000596046 101.6 12.400000002980232
    endloop
  endfacet
  facet normal 1 0 0
    outer loop
      vertex 121.75000000596046 104 12.400000002980232
      vertex 121.75000000596046 104 13.999999997019767
      vertex 121.75000000596046 101.6 13.999999997019767
    endloop
  endfacet
  facet normal 0 -1 0
    outer loop
      vertex 119.0472135901451 101.6 14.470228199660777
      vertex 121.90278640985488 101.6 14.470228199660777
      vertex 122.07977180033922 101.6 14.64721359014511
    endloop
  endfacet
  facet normal 0 -1 0
    outer loop
      vertex 118.87022819966077 101.6 14.64721359014511
      vertex 122.07977180033922 101.6 14.64721359014511
      vertex 122.30278640836477 101.6 14.760845211148261
    endloop
  endfacet
  facet normal 0.9876883430226983 0 -0.15643444971321585
    outer loop
      vertex 121.75000000596046 101.6 13.999999997019767
      vertex 121.75000000596046 104 13.999999997019767
      vertex 121.78915478885173 101.6 14.247213591635226
    endloop
  endfacet
  facet normal 0.8910065199781846 0 -0.45399050800249663
    outer loop
      vertex 121.78915478885173 104 14.247213591635226
      vertex 121.90278640985488 101.6 14.470228199660777
      vertex 121.78915478885173 101.6 14.247213591635226
    endloop
  endfacet
  facet normal 0.7071067811865476 0 -0.7071067811865476
    outer loop
      vertex 121.90278640985488 104 14.470228199660777
      vertex 122.07977180033922 101.6 14.64721359014511
      vertex 121.90278640985488 101.6 14.470228199660777
    endloop
  endfacet
  facet normal 0 1 0
    outer loop
      vertex 119.19999999403953 104 13.999999997019767
      vertex 122.07977180033922 104 14.64721359014511
      vertex 121.90278640985488 104 14.470228199660777
    endloop
  endfacet
  facet normal 0 1 0
    outer loop
      vertex 119.19999999403953 104 13.999999997019767
      vertex 122.30278640836477 104 14.760845211148261
      vertex 122.07977180033922 104 14.64721359014511
    endloop
  endfacet
  facet normal 0.9876883430226983 0 -0.15643444971321585
    outer loop
      vertex 121.75000000596046 104 13.999999997019767
      vertex 121.78915478885173 104 14.247213591635226
      vertex 121.78915478885173 101.6 14.247213591635226
    endloop
  endfacet
  facet normal 0.8910065199781846 0 -0.45399050800249663
    outer loop
      vertex 121.78915478885173 104 14.247213591635226
      vertex 121.90278640985488 104 14.470228199660777
      vertex 121.90278640985488 101.6 14.470228199660777
    endloop
  endfacet
  facet normal 0.45399050800249663 0 -0.8910065199781846
    outer loop
      vertex 122.07977180033922 104 14.64721359014511
      vertex 122.30278640836477 101.6 14.760845211148261
      vertex 122.07977180033922 101.6 14.64721359014511
    endloop
  endfacet
  facet normal 0.7071067811865476 0 -0.7071067811865476
    outer loop
      vertex 121.90278640985488 104 14.470228199660777
      vertex 122.07977180033922 104 14.64721359014511
      vertex 122.07977180033922 101.6 14.64721359014511
    endloop
  endfacet
  facet normal 0.45399050800249663 0 -0.8910065199781846
    outer loop
      vertex 122.07977180033922 104 14.64721359014511
      vertex 122.30278640836477 104 14.760845211148261
      vertex 122.30278640836477 101.6 14.760845211148261
    endloop
  endfacet
  facet normal 0.15643444971321585 0 -0.9876883430226983
    outer loop
      vertex 122.30278640836477 104 14.760845211148261
      vertex 122.55000000298023 101.6 14.799999994039535
      vertex 122.30278640836477 101.6 14.760845211148261
    endloop
  endfacet
  facet normal 0.15643444971321585 0 -0.9876883430226983
    outer loop
      vertex 122.30278640836477 104 14.760845211148261
      vertex 122.55000000298023 104 14.799999994039535
      vertex 122.55000000298023 101.6 14.799999994039535
    endloop
  endfacet
  facet normal 0 0 -1
    outer loop
      vertex 122.55000000298023 101.6 14.799999994039535
      vertex 122.55000000298023 104 14.799999994039535
      vertex 136.14999999701976 101.6 14.799999994039535
    endloop
  endfacet
  facet normal 0 0 -1
    outer loop
      vertex 122.55000000298023 104 14.799999994039535
      vertex 136.14999999701976 104 14.799999994039535
      vertex 136.14999999701976 101.6 14.799999994039535
    endloop
  endfacet
  facet normal 0 -1 0
    outer loop
      vertex 75.8 101.6 12.6
      vertex 94.80000000298023 101.6 14.799999994039535
      vertex 150.3773318890941 101.6 30.68510750343269
    endloop
  endfacet
  facet normal 0 1 0
    outer loop
      vertex 8 104 0
      vertex 168 104 62
      vertex 94.55278640836477 104 14.760845211148261
    endloop
  endfacet
  facet normal 0 -1 0
    outer loop
      vertex 65.8 101.6 12.6
      vertex 75.8 101.6 12.6
      vertex 168 101.6 59.4
    endloop
  endfacet
  facet normal 0 -1 0
    outer loop
      vertex 94.80000000298023 101.6 14.799999994039535
      vertex 102.89999999701976 101.6 14.799999994039535
      vertex 150.3773318890941 101.6 30.68510750343269
    endloop
  endfacet
  facet normal 0 -1 0
    outer loop
      vertex 102.89999999701976 101.6 14.799999994039535
      vertex 103.14721359163522 101.6 14.760845211148261
      vertex 150.3773318890941 101.6 30.68510750343269
    endloop
  endfacet
  facet normal 0 -1 0
    outer loop
      vertex 103.14721359163522 101.6 14.760845211148261
      vertex 110.05278640836477 101.6 14.760845211148261
      vertex 150.3773318890941 101.6 30.68510750343269
    endloop
  endfacet
  facet normal 0 -1 0
    outer loop
      vertex 110.30000000298023 101.6 14.799999994039535
      vertex 150.3773318890941 101.6 30.68510750343269
      vertex 110.05278640836477 101.6 14.760845211148261
    endloop
  endfacet
  facet normal 0 -1 0
    outer loop
      vertex 110.30000000298023 101.6 14.799999994039535
      vertex 118.39999999701976 101.6 14.799999994039535
      vertex 150.3773318890941 101.6 30.68510750343269
    endloop
  endfacet
  facet normal 0 -1 0
    outer loop
      vertex 118.39999999701976 101.6 14.799999994039535
      vertex 118.64721359163522 101.6 14.760845211148261
      vertex 150.3773318890941 101.6 30.68510750343269
    endloop
  endfacet
  facet normal 0 -1 0
    outer loop
      vertex 118.64721359163522 101.6 14.760845211148261
      vertex 122.30278640836477 101.6 14.760845211148261
      vertex 150.3773318890941 101.6 30.68510750343269
    endloop
  endfacet
  facet normal 0 -1 0
    outer loop
      vertex 122.55000000298023 101.6 14.799999994039535
      vertex 150.3773318890941 101.6 30.68510750343269
      vertex 122.30278640836477 101.6 14.760845211148261
    endloop
  endfacet
  facet normal 0 1 0
    outer loop
      vertex 168 104 62
      vertex 94.80000000298023 104 14.799999994039535
      vertex 94.55278640836477 104 14.760845211148261
    endloop
  endfacet
  facet normal 0 -1 0
    outer loop
      vertex 75.8 101.6 12.6
      vertex 150.3773318890941 101.6 30.68510750343269
      vertex 151.91489249656732 101.6 32.222668110905886
    endloop
  endfacet
  facet normal 0 1 0
    outer loop
      vertex 168 104 62
      vertex 102.89999999701976 104 14.799999994039535
      vertex 94.80000000298023 104 14.799999994039535
    endloop
  endfacet
  facet normal 0 1 0
    outer loop
      vertex 168 104 62
      vertex 110.30000000298023 104 14.799999994039535
      vertex 102.89999999701976 104 14.799999994039535
    endloop
  endfacet
  facet normal 0 0 -1
    outer loop
      vertex 176 8 0
      vertex 173.6 96 0
      vertex 176 96 0
    endloop
  endfacet
  facet normal -1 0 0
    outer loop
      vertex 173.6 8 25.4
      vertex 173.6 96 59.4
      vertex 173.6 96 0
    endloop
  endfacet
  facet normal 1 0 0
    outer loop
      vertex 176 8 28
      vertex 176 96 0
      vertex 176 96 62
    endloop
  endfacet
  facet normal 0 -1 0
    outer loop
      vertex 168 101.6 0
      vertex 118.39999999701976 101.6 10.600000005960464
      vertex 110.30000000298023 101.6 10.600000005960464
    endloop
  endfacet
  facet normal 0 -1 0
    outer loop
      vertex 168 101.6 0
      vertex 118.64721359163522 101.6 10.639154788851737
      vertex 118.39999999701976 101.6 10.600000005960464
    endloop
  endfacet
  facet normal 0 -1 0
    outer loop
      vertex 168 101.6 0
      vertex 118.87022819966077 101.6 10.752786409854888
      vertex 118.64721359163522 101.6 10.639154788851737
    endloop
  endfacet
  facet normal 0 -1 0
    outer loop
      vertex 168 101.6 0
      vertex 119.0472135901451 101.6 10.929771800339221
      vertex 118.87022819966077 101.6 10.752786409854888
    endloop
  endfacet
  facet normal 0 -1 0
    outer loop
      vertex 168 101.6 0
      vertex 119.16084521114826 101.6 11.152786408364772
      vertex 119.0472135901451 101.6 10.929771800339221
    endloop
  endfacet
  facet normal 0 -1 0
    outer loop
      vertex 168 101.6 0
      vertex 119.19999999403953 101.6 11.400000002980232
      vertex 119.16084521114826 101.6 11.152786408364772
    endloop
  endfacet
  facet normal 0 -1 0
    outer loop
      vertex 168 101.6 0
      vertex 122.55000000298023 101.6 11.600000005960464
      vertex 119.19999999403953 101.6 11.400000002980232
    endloop
  endfacet
  facet normal 0 -1 0
    outer loop
      vertex 168 101.6 0
      vertex 136.14999999701976 101.6 11.600000005960464
      vertex 122.55000000298023 101.6 11.600000005960464
    endloop
  endfacet
  facet normal 0 -1 0
    outer loop
      vertex 168 101.6 0
      vertex 136.39721359163522 101.6 11.639154788851737
      vertex 136.14999999701976 101.6 11.600000005960464
    endloop
  endfacet
  facet normal 0 1 0
    outer loop
      vertex 168 104 0
      vertex 136.14999999701976 104 11.600000005960464
      vertex 136.39721359163522 104 11.639154788851737
    endloop
  endfacet
  facet normal -0.15643444971321585 0 0.9876883430226983
    outer loop
      vertex 136.39721359163522 104 11.639154788851737
      vertex 136.14999999701976 104 11.600000005960464
      vertex 136.14999999701976 101.6 11.600000005960464
    endloop
  endfacet
  facet normal -0.15643444971321585 0 0.9876883430226983
    outer loop
      vertex 136.39721359163522 104 11.639154788851737
      vertex 136.14999999701976 101.6 11.600000005960464
      vertex 136.39721359163522 101.6 11.639154788851737
    endloop
  endfacet
  facet normal -0.45399050800249663 0 0.8910065199781846
    outer loop
      vertex 136.62022819966077 104 11.752786409854888
      vertex 136.39721359163522 101.6 11.639154788851737
      vertex 136.62022819966077 101.6 11.752786409854888
    endloop
  endfacet
  facet normal -0.7071067811865476 0 0.7071067811865476
    outer loop
      vertex 136.7972135901451 104 11.929771800339221
      vertex 136.62022819966077 101.6 11.752786409854888
      vertex 136.7972135901451 101.6 11.929771800339221
    endloop
  endfacet
  facet normal -0.8910065199781846 0 0.45399050800249663
    outer loop
      vertex 136.91084521114826 104 12.152786408364772
      vertex 136.7972135901451 101.6 11.929771800339221
      vertex 136.91084521114826 101.6 12.152786408364772
    endloop
  endfacet
  facet normal -0.9876883430226983 0 0.15643444971321585
    outer loop
      vertex 136.94999999403953 104 12.400000002980232
      vertex 136.91084521114826 101.6 12.152786408364772
      vertex 136.94999999403953 101.6 12.400000002980232
    endloop
  endfacet
  facet normal -0.45399050800249663 0 0.8910065199781846
    outer loop
      vertex 136.62022819966077 104 11.752786409854888
      vertex 136.39721359163522 104 11.639154788851737
      vertex 136.39721359163522 101.6 11.639154788851737
    endloop
  endfacet
  facet normal -0.7071067811865476 0 0.7071067811865476
    outer loop
      vertex 136.7972135901451 104 11.929771800339221
      vertex 136.62022819966077 104 11.752786409854888
      vertex 136.62022819966077 101.6 11.752786409854888
    endloop
  endfacet
  facet normal -0.8910065199781846 0 0.45399050800249663
    outer loop
      vertex 136.91084521114826 104 12.152786408364772
      vertex 136.7972135901451 104 11.929771800339221
      vertex 136.7972135901451 101.6 11.929771800339221
    endloop
  endfacet
  facet normal -0.9876883430226983 0 0.15643444971321585
    outer loop
      vertex 136.94999999403953 104 12.400000002980232
      vertex 136.91084521114826 104 12.152786408364772
      vertex 136.91084521114826 101.6 12.152786408364772
    endloop
  endfacet
  facet normal -1 0 0
    outer loop
      vertex 136.94999999403953 104 13.999999997019767
      vertex 136.94999999403953 101.6 12.400000002980232
      vertex 136.94999999403953 101.6 13.999999997019767
    endloop
  endfacet
  facet normal -1 0 0
    outer loop
      vertex 136.94999999403953 104 13.999999997019767
      vertex 136.94999999403953 104 12.400000002980232
      vertex 136.94999999403953 101.6 12.400000002980232
    endloop
  endfacet
  facet normal -0.9876883430226983 0 -0.15643444971321585
    outer loop
      vertex 136.91084521114826 104 14.247213591635226
      vertex 136.94999999403953 101.6 13.999999997019767
      vertex 136.91084521114826 101.6 14.247213591635226
    endloop
  endfacet
  facet normal -0.8910065199781846 0 -0.45399050800249663
    outer loop
      vertex 136.7972135901451 104 14.470228199660777
      vertex 136.91084521114826 101.6 14.247213591635226
      vertex 136.7972135901451 101.6 14.470228199660777
    endloop
  endfacet
  facet normal -0.7071067811865476 0 -0.7071067811865476
    outer loop
      vertex 136.62022819966077 104 14.64721359014511
      vertex 136.7972135901451 104 14.470228199660777
      vertex 136.7972135901451 101.6 14.470228199660777
    endloop
  endfacet
  facet normal -0.9876883430226983 0 -0.15643444971321585
    outer loop
      vertex 136.91084521114826 104 14.247213591635226
      vertex 136.94999999403953 104 13.999999997019767
      vertex 136.94999999403953 101.6 13.999999997019767
    endloop
  endfacet
  facet normal -0.8910065199781846 0 -0.45399050800249663
    outer loop
      vertex 136.7972135901451 104 14.470228199660777
      vertex 136.91084521114826 104 14.247213591635226
      vertex 136.91084521114826 101.6 14.247213591635226
    endloop
  endfacet
  facet normal -0.7071067811865476 0 -0.7071067811865476
    outer loop
      vertex 136.62022819966077 104 14.64721359014511
      vertex 136.7972135901451 101.6 14.470228199660777
      vertex 136.62022819966077 101.6 14.64721359014511
    endloop
  endfacet
  facet normal -0.45399050800249663 0 -0.8910065199781846
    outer loop
      vertex 136.39721359163522 104 14.760845211148261
      vertex 136.62022819966077 101.6 14.64721359014511
      vertex 136.39721359163522 101.6 14.760845211148261
    endloop
  endfacet
  facet normal -0.15643444971321585 0 -0.9876883430226983
    outer loop
      vertex 136.14999999701976 101.6 14.799999994039535
      vertex 136.14999999701976 104 14.799999994039535
      vertex 136.39721359163522 101.6 14.760845211148261
    endloop
  endfacet
  facet normal -0.45399050800249663 0 -0.8910065199781846
    outer loop
      vertex 136.39721359163522 104 14.760845211148261
      vertex 136.62022819966077 104 14.64721359014511
      vertex 136.62022819966077 101.6 14.64721359014511
    endloop
  endfacet
  facet normal -0.15643444971321585 0 -0.9876883430226983
    outer loop
      vertex 136.14999999701976 104 14.799999994039535
      vertex 136.39721359163522 104 14.760845211148261
      vertex 136.39721359163522 101.6 14.760845211148261
    endloop
  endfacet
  facet normal 0 -1 0
    outer loop
      vertex 168 101.6 0
      vertex 136.62022819966077 101.6 11.752786409854888
      vertex 136.39721359163522 101.6 11.639154788851737
    endloop
  endfacet
  facet normal 0 -1 0
    outer loop
      vertex 168 101.6 0
      vertex 136.7972135901451 101.6 11.929771800339221
      vertex 136.62022819966077 101.6 11.752786409854888
    endloop
  endfacet
  facet normal 0 -1 0
    outer loop
      vertex 168 101.6 0
      vertex 136.91084521114826 101.6 12.152786408364772
      vertex 136.7972135901451 101.6 11.929771800339221
    endloop
  endfacet
  facet normal 0 -1 0
    outer loop
      vertex 168 101.6 0
      vertex 136.94999999403953 101.6 12.400000002980232
      vertex 136.91084521114826 101.6 12.152786408364772
    endloop
  endfacet
  facet normal 0 -1 0
    outer loop
      vertex 168 101.6 0
      vertex 136.94999999403953 101.6 13.999999997019767
      vertex 136.94999999403953 101.6 12.400000002980232
    endloop
  endfacet
  facet normal 0 1 0
    outer loop
      vertex 168 104 0
      vertex 136.39721359163522 104 11.639154788851737
      vertex 136.62022819966077 104 11.752786409854888
    endloop
  endfacet
  facet normal 0 1 0
    outer loop
      vertex 168 104 0
      vertex 136.62022819966077 104 11.752786409854888
      vertex 136.7972135901451 104 11.929771800339221
    endloop
  endfacet
  facet normal 0 1 0
    outer loop
      vertex 168 104 0
      vertex 136.7972135901451 104 11.929771800339221
      vertex 136.91084521114826 104 12.152786408364772
    endloop
  endfacet
  facet normal 0 1 0
    outer loop
      vertex 168 104 0
      vertex 136.91084521114826 104 12.152786408364772
      vertex 136.94999999403953 104 12.400000002980232
    endloop
  endfacet
  facet normal 0 1 0
    outer loop
      vertex 168 104 0
      vertex 136.94999999403953 104 12.400000002980232
      vertex 136.94999999403953 104 13.999999997019767
    endloop
  endfacet
  facet normal 0 1 0
    outer loop
      vertex 168 104 0
      vertex 136.94999999403953 104 13.999999997019767
      vertex 136.91084521114826 104 14.247213591635226
    endloop
  endfacet
  facet normal 0 -1 0
    outer loop
      vertex 168 101.6 0
      vertex 156 101.6 19.650000000000002
      vertex 136.94999999403953 101.6 13.999999997019767
    endloop
  endfacet
  facet normal 0 1 0
    outer loop
      vertex 168 104 0
      vertex 136.91084521114826 104 14.247213591635226
      vertex 151.91489249656732 104 20.977331889094117
    endloop
  endfacet
  facet normal 0 0 -1
    outer loop
      vertex 173.6 96 0
      vertex 173.32591649125285 97.7304951684997 0
      vertex 176 96 0
    endloop
  endfacet
  facet normal 0 0 -1
    outer loop
      vertex 168 101.6 0
      vertex 172.7022820183398 102.47213595499957 0
      vertex 169.73049516849971 101.32591649125285 0
    endloop
  endfacet
  facet normal 0 0 -1
    outer loop
      vertex 168 104 0
      vertex 170.47213595499957 103.60845213036123 0
      vertex 172.7022820183398 102.47213595499957 0
    endloop
  endfacet
  facet normal 0 0 -1
    outer loop
      vertex 176 96 0
      vertex 173.32591649125285 97.7304951684997 0
      vertex 172.5304951684997 99.29159741283785 0
    endloop
  endfacet
  facet normal 0 0 -1
    outer loop
      vertex 176 96 0
      vertex 172.7022820183398 102.47213595499957 0
      vertex 175.60845213036123 98.47213595499957 0
    endloop
  endfacet
  facet normal 0 0 -1
    outer loop
      vertex 176 96 0
      vertex 172.5304951684997 99.29159741283785 0
      vertex 172.7022820183398 102.47213595499957 0
    endloop
  endfacet
  facet normal 0 0 -1
    outer loop
      vertex 175.60845213036123 98.47213595499957 0
      vertex 172.7022820183398 102.47213595499957 0
      vertex 174.47213595499957 100.70228201833979 0
    endloop
  endfacet
  facet normal 0 0 -1
    outer loop
      vertex 169.73049516849971 101.32591649125285 0
      vertex 172.7022820183398 102.47213595499957 0
      vertex 171.29159741283786 100.5304951684997 0
    endloop
  endfacet
  facet normal 0 0 -1
    outer loop
      vertex 171.29159741283786 100.5304951684997 0
      vertex 172.7022820183398 102.47213595499957 0
      vertex 172.5304951684997 99.29159741283785 0
    endloop
  endfacet
  facet normal 0 1 0
    outer loop
      vertex 168 104 0
      vertex 153.8523318890941 104 19.990157211748684
      vertex 156 104 19.650000000000002
    endloop
  endfacet
  facet normal 0 1 0
    outer loop
      vertex 168 104 0
      vertex 151.91489249656732 104 20.977331889094117
      vertex 153.8523318890941 104 19.990157211748684
    endloop
  endfacet
  facet normal 0 -1 0
    outer loop
      vertex 168 101.6 0
      vertex 158.1476681109059 101.6 19.990157211748684
      vertex 156 101.6 19.650000000000002
    endloop
  endfacet
  facet normal 0 1 0
    outer loop
      vertex 168 104 0
      vertex 156 104 19.650000000000002
      vertex 158.1476681109059 104 19.990157211748684
    endloop
  endfacet
  facet normal 0 -1 0
    outer loop
      vertex 168 101.6 0
      vertex 160.08510750343268 101.6 20.977331889094117
      vertex 158.1476681109059 101.6 19.990157211748684
    endloop
  endfacet
  facet normal 0 1 0
    outer loop
      vertex 168 104 0
      vertex 158.1476681109059 104 19.990157211748684
      vertex 160.08510750343268 104 20.977331889094117
    endloop
  endfacet
  facet normal 0 -1 0
    outer loop
      vertex 168 101.6 0
      vertex 161.6226681109059 101.6 22.514892496567313
      vertex 160.08510750343268 101.6 20.977331889094117
    endloop
  endfacet
  facet normal 0 1 0
    outer loop
      vertex 168 104 0
      vertex 160.08510750343268 104 20.977331889094117
      vertex 161.6226681109059 104 22.514892496567313
    endloop
  endfacet
  facet normal 0 -1 0
    outer loop
      vertex 136.94999999403953 101.6 13.999999997019767
      vertex 150.3773318890941 101.6 22.514892496567313
      vertex 136.91084521114826 101.6 14.247213591635226
    endloop
  endfacet
  facet normal 0 -1 0
    outer loop
      vertex 136.91084521114826 101.6 14.247213591635226
      vertex 150.3773318890941 101.6 22.514892496567313
      vertex 136.7972135901451 101.6 14.470228199660777
    endloop
  endfacet
  facet normal 0 1 0
    outer loop
      vertex 136.7972135901451 104 14.470228199660777
      vertex 150.3773318890941 104 22.514892496567313
      vertex 136.91084521114826 104 14.247213591635226
    endloop
  endfacet
  facet normal 0 1 0
    outer loop
      vertex 136.62022819966077 104 14.64721359014511
      vertex 150.3773318890941 104 22.514892496567313
      vertex 136.7972135901451 104 14.470228199660777
    endloop
  endfacet
  facet normal 0 -1 0
    outer loop
      vertex 136.7972135901451 101.6 14.470228199660777
      vertex 149.3901572117487 101.6 24.45233188909412
      vertex 136.62022819966077 101.6 14.64721359014511
    endloop
  endfacet
  facet normal 0 -1 0
    outer loop
      vertex 136.62022819966077 101.6 14.64721359014511
      vertex 149.3901572117487 101.6 24.45233188909412
      vertex 136.39721359163522 101.6 14.760845211148261
    endloop
  endfacet
  facet normal 0 -1 0
    outer loop
      vertex 136.14999999701976 101.6 14.799999994039535
      vertex 136.39721359163522 101.6 14.760845211148261
      vertex 149.05 101.6 26.6
    endloop
  endfacet
  facet normal 0 1 0
    outer loop
      vertex 136.14999999701976 104 14.799999994039535
      vertex 149.3901572117487 104 24.45233188909412
      vertex 136.39721359163522 104 14.760845211148261
    endloop
  endfacet
  facet normal 0 1 0
    outer loop
      vertex 136.39721359163522 104 14.760845211148261
      vertex 149.3901572117487 104 24.45233188909412
      vertex 136.62022819966077 104 14.64721359014511
    endloop
  endfacet
  facet normal 0 -1 0
    outer loop
      vertex 122.55000000298023 101.6 14.799999994039535
      vertex 136.14999999701976 101.6 14.799999994039535
      vertex 149.3901572117487 101.6 28.747668110905884
    endloop
  endfacet
  facet normal 0 -1 0
    outer loop
      vertex 136.94999999403953 101.6 13.999999997019767
      vertex 153.8523318890941 101.6 19.990157211748684
      vertex 151.91489249656732 101.6 20.977331889094117
    endloop
  endfacet
  facet normal 0 -1 0
    outer loop
      vertex 136.94999999403953 101.6 13.999999997019767
      vertex 151.91489249656732 101.6 20.977331889094117
      vertex 150.3773318890941 101.6 22.514892496567313
    endloop
  endfacet
  facet normal 0 1 0
    outer loop
      vertex 136.91084521114826 104 14.247213591635226
      vertex 150.3773318890941 104 22.514892496567313
      vertex 151.91489249656732 104 20.977331889094117
    endloop
  endfacet
  facet normal 0 -1 0
    outer loop
      vertex 136.94999999403953 101.6 13.999999997019767
      vertex 156 101.6 19.650000000000002
      vertex 153.8523318890941 101.6 19.990157211748684
    endloop
  endfacet
  facet normal 0 -1 0
    outer loop
      vertex 136.7972135901451 101.6 14.470228199660777
      vertex 150.3773318890941 101.6 22.514892496567313
      vertex 149.3901572117487 101.6 24.45233188909412
    endloop
  endfacet
  facet normal 0 1 0
    outer loop
      vertex 136.62022819966077 104 14.64721359014511
      vertex 149.3901572117487 104 24.45233188909412
      vertex 150.3773318890941 104 22.514892496567313
    endloop
  endfacet
  facet normal 0 -1 0
    outer loop
      vertex 136.39721359163522 101.6 14.760845211148261
      vertex 149.3901572117487 101.6 24.45233188909412
      vertex 149.05 101.6 26.6
    endloop
  endfacet
  facet normal 0 1 0
    outer loop
      vertex 136.14999999701976 104 14.799999994039535
      vertex 149.05 104 26.6
      vertex 149.3901572117487 104 24.45233188909412
    endloop
  endfacet
  facet normal 0.4539904997395504 0 0.891006524188366
    outer loop
      vertex 153.8523318890941 104 19.990157211748684
      vertex 151.91489249656732 101.6 20.977331889094117
      vertex 153.8523318890941 101.6 19.990157211748684
    endloop
  endfacet
  facet normal 0.4539904997395504 2.0195973632053857e-17 0.891006524188366
    outer loop
      vertex 153.8523318890941 104 19.990157211748684
      vertex 151.91489249656732 104 20.977331889094117
      vertex 151.91489249656732 101.6 20.977331889094117
    endloop
  endfacet
  facet normal 0.7071067811865442 -1.5511368310029925e-17 0.7071067811865508
    outer loop
      vertex 151.91489249656732 104 20.977331889094117
      vertex 150.3773318890941 104 22.514892496567313
      vertex 150.3773318890941 101.6 22.514892496567313
    endloop
  endfacet
  facet normal 0.8910065241883701 0 0.45399049973954264
    outer loop
      vertex 150.3773318890941 104 22.514892496567313
      vertex 149.3901572117487 101.6 24.45233188909412
      vertex 150.3773318890941 101.6 22.514892496567313
    endloop
  endfacet
  facet normal 0.7071067811865442 -1.5511368310029925e-17 0.7071067811865508
    outer loop
      vertex 150.3773318890941 101.6 22.514892496567313
      vertex 151.91489249656732 101.6 20.977331889094117
      vertex 151.91489249656732 104 20.977331889094117
    endloop
  endfacet
  facet normal 0 -1 0
    outer loop
      vertex 122.55000000298023 101.6 14.799999994039535
      vertex 149.3901572117487 101.6 28.747668110905884
      vertex 150.3773318890941 101.6 30.68510750343269
    endloop
  endfacet
  facet normal 0 1 0
    outer loop
      vertex 168 104 62
      vertex 118.39999999701976 104 14.799999994039535
      vertex 110.30000000298023 104 14.799999994039535
    endloop
  endfacet
  facet normal 0 1 0
    outer loop
      vertex 168 104 62
      vertex 119.16084521114826 104 14.247213591635226
      vertex 119.0472135901451 104 14.470228199660777
    endloop
  endfacet
  facet normal 0 1 0
    outer loop
      vertex 168 104 62
      vertex 119.0472135901451 104 14.470228199660777
      vertex 118.87022819966077 104 14.64721359014511
    endloop
  endfacet
  facet normal 0 1 0
    outer loop
      vertex 168 104 62
      vertex 118.87022819966077 104 14.64721359014511
      vertex 118.64721359163522 104 14.760845211148261
    endloop
  endfacet
  facet normal 0 1 0
    outer loop
      vertex 168 104 62
      vertex 119.19999999403953 104 13.999999997019767
      vertex 119.16084521114826 104 14.247213591635226
    endloop
  endfacet
  facet normal 0 1 0
    outer loop
      vertex 168 104 62
      vertex 118.64721359163522 104 14.760845211148261
      vertex 118.39999999701976 104 14.799999994039535
    endloop
  endfacet
  facet normal 0 1 0
    outer loop
      vertex 168 104 62
      vertex 122.30278640836477 104 14.760845211148261
      vertex 119.19999999403953 104 13.999999997019767
    endloop
  endfacet
  facet normal 0 1 0
    outer loop
      vertex 168 104 62
      vertex 122.55000000298023 104 14.799999994039535
      vertex 122.30278640836477 104 14.760845211148261
    endloop
  endfacet
  facet normal 0 1 0
    outer loop
      vertex 168 104 62
      vertex 136.14999999701976 104 14.799999994039535
      vertex 122.55000000298023 104 14.799999994039535
    endloop
  endfacet
  facet normal 0 -1 0
    outer loop
      vertex 136.14999999701976 101.6 14.799999994039535
      vertex 149.05 101.6 26.6
      vertex 149.3901572117487 101.6 28.747668110905884
    endloop
  endfacet
  facet normal 0 1 0
    outer loop
      vertex 136.14999999701976 104 14.799999994039535
      vertex 149.3901572117487 104 28.747668110905884
      vertex 149.05 104 26.6
    endloop
  endfacet
  facet normal 0 1 0
    outer loop
      vertex 136.14999999701976 104 14.799999994039535
      vertex 150.3773318890941 104 30.68510750343269
      vertex 149.3901572117487 104 28.747668110905884
    endloop
  endfacet
  facet normal 0.8910065241883701 0 0.45399049973954264
    outer loop
      vertex 149.3901572117487 104 24.45233188909412
      vertex 149.3901572117487 101.6 24.45233188909412
      vertex 150.3773318890941 104 22.514892496567313
    endloop
  endfacet
  facet normal 0.9876883405951382 0 0.15643446504022757
    outer loop
      vertex 149.3901572117487 104 24.45233188909412
      vertex 149.05 101.6 26.6
      vertex 149.3901572117487 101.6 24.45233188909412
    endloop
  endfacet
  facet normal 0.9876883405951382 0 0.15643446504022757
    outer loop
      vertex 149.05 104 26.6
      vertex 149.05 101.6 26.6
      vertex 149.3901572117487 104 24.45233188909412
    endloop
  endfacet
  facet normal 0.9876883405951382 0 -0.15643446504022757
    outer loop
      vertex 149.05 104 26.6
      vertex 149.3901572117487 101.6 28.747668110905884
      vertex 149.05 101.6 26.6
    endloop
  endfacet
  facet normal 0.9876883405951382 0 -0.15643446504022757
    outer loop
      vertex 149.3901572117487 104 28.747668110905884
      vertex 149.3901572117487 101.6 28.747668110905884
      vertex 149.05 104 26.6
    endloop
  endfacet
  facet normal 0.8910065241883701 0 -0.45399049973954264
    outer loop
      vertex 149.3901572117487 104 28.747668110905884
      vertex 150.3773318890941 101.6 30.68510750343269
      vertex 149.3901572117487 101.6 28.747668110905884
    endloop
  endfacet
  facet normal 0.8910065241883701 1.2637585663750753e-17 -0.45399049973954264
    outer loop
      vertex 149.3901572117487 104 28.747668110905884
      vertex 150.3773318890941 104 30.68510750343269
      vertex 150.3773318890941 101.6 30.68510750343269
    endloop
  endfacet
  facet normal 0 -1 0
    outer loop
      vertex 168 101.6 0
      vertex 162.6098427882513 101.6 24.45233188909412
      vertex 161.6226681109059 101.6 22.514892496567313
    endloop
  endfacet
  facet normal 0 -1 0
    outer loop
      vertex 168 101.6 0
      vertex 162.95 101.6 26.6
      vertex 162.6098427882513 101.6 24.45233188909412
    endloop
  endfacet
  facet normal 0 1 0
    outer loop
      vertex 168 104 0
      vertex 161.6226681109059 104 22.514892496567313
      vertex 162.6098427882513 104 24.45233188909412
    endloop
  endfacet
  facet normal 0 1 0
    outer loop
      vertex 168 104 0
      vertex 162.6098427882513 104 24.45233188909412
      vertex 162.95 104 26.6
    endloop
  endfacet
  facet normal 0 1 0
    outer loop
      vertex 168 104 0
      vertex 162.95 104 26.6
      vertex 162.6098427882513 104 28.747668110905884
    endloop
  endfacet
  facet normal 0.15643446504022976 0 0.9876883405951379
    outer loop
      vertex 156 104 19.650000000000002
      vertex 153.8523318890941 101.6 19.990157211748684
      vertex 156 101.6 19.650000000000002
    endloop
  endfacet
  facet normal 0.15643446504022976 0 0.9876883405951379
    outer loop
      vertex 153.8523318890941 104 19.990157211748684
      vertex 153.8523318890941 101.6 19.990157211748684
      vertex 156 104 19.650000000000002
    endloop
  endfacet
  facet normal -0.15643446504022976 8.104617475955559e-18 0.9876883405951379
    outer loop
      vertex 158.1476681109059 104 19.990157211748684
      vertex 156 104 19.650000000000002
      vertex 156 101.6 19.650000000000002
    endloop
  endfacet
  facet normal -0.15643446504022976 0 0.9876883405951379
    outer loop
      vertex 158.1476681109059 104 19.990157211748684
      vertex 156 101.6 19.650000000000002
      vertex 158.1476681109059 101.6 19.990157211748684
    endloop
  endfacet
  facet normal -0.4539904997395504 -2.0195973632053857e-17 0.891006524188366
    outer loop
      vertex 160.08510750343268 104 20.977331889094117
      vertex 158.1476681109059 104 19.990157211748684
      vertex 158.1476681109059 101.6 19.990157211748684
    endloop
  endfacet
  facet normal -0.4539904997395504 0 0.891006524188366
    outer loop
      vertex 160.08510750343268 104 20.977331889094117
      vertex 158.1476681109059 101.6 19.990157211748684
      vertex 160.08510750343268 101.6 20.977331889094117
    endloop
  endfacet
  facet normal -0.7071067811865442 0 0.7071067811865508
    outer loop
      vertex 160.08510750343268 104 20.977331889094117
      vertex 160.08510750343268 101.6 20.977331889094117
      vertex 161.6226681109059 104 22.514892496567313
    endloop
  endfacet
  facet normal -0.7071067811865442 1.5511368310029925e-17 0.7071067811865508
    outer loop
      vertex 160.08510750343268 101.6 20.977331889094117
      vertex 161.6226681109059 101.6 22.514892496567313
      vertex 161.6226681109059 104 22.514892496567313
    endloop
  endfacet
  facet normal -0.8910065241883701 0 0.45399049973954264
    outer loop
      vertex 161.6226681109059 104 22.514892496567313
      vertex 161.6226681109059 101.6 22.514892496567313
      vertex 162.6098427882513 104 24.45233188909412
    endloop
  endfacet
  facet normal -0.9876883405951377 -0.15643446504023106 0
    outer loop
      vertex 173.6 96 0
      vertex 173.6 96 59.4
      vertex 173.32591649125285 97.7304951684997 0
    endloop
  endfacet
  facet normal 0.9876883405951378 0.1564344650402311 0
    outer loop
      vertex 176 96 0
      vertex 175.60845213036123 98.47213595499957 0
      vertex 176 96 62
    endloop
  endfacet
  facet normal -0.15643446504022981 -0.9876883405951379 2.2378904745639115e-19
    outer loop
      vertex 168 101.6 0
      vertex 169.73049516849971 101.32591649125285 0
      vertex 169.73049516849971 101.32591649125285 59.4
    endloop
  endfacet
  facet normal 0.1564344650402311 0.9876883405951378 0
    outer loop
      vertex 168 104 0
      vertex 168 104 62
      vertex 170.47213595499957 103.60845213036123 0
    endloop
  endfacet
  facet normal -0.8910065241883672 -0.45399049973954775 -6.693317291686996e-19
    outer loop
      vertex 172.5304951684997 99.29159741283785 0
      vertex 173.32591649125285 97.7304951684997 0
      vertex 173.32591649125285 97.7304951684997 59.4
    endloop
  endfacet
  facet normal -0.7071067811865516 -0.7071067811865435 5.372634298632861e-19
    outer loop
      vertex 171.29159741283786 100.5304951684997 0
      vertex 172.5304951684997 99.29159741283785 0
      vertex 172.5304951684997 99.29159741283785 59.4
    endloop
  endfacet
  facet normal 0.8910065241883673 0.4539904997395477 -1.2807966005004646e-18
    outer loop
      vertex 175.60845213036123 98.47213595499957 0
      vertex 174.47213595499957 100.70228201833979 0
      vertex 174.47213595499957 100.70228201833979 62
    endloop
  endfacet
  facet normal -0.45399049973954775 -0.8910065241883672 -6.693317291686996e-19
    outer loop
      vertex 169.73049516849971 101.32591649125285 0
      vertex 171.29159741283786 100.5304951684997 0
      vertex 171.29159741283786 100.5304951684997 59.4
    endloop
  endfacet
  facet normal 0.4539904997395477 0.8910065241883673 0
    outer loop
      vertex 170.47213595499957 103.60845213036123 0
      vertex 170.47213595499957 103.60845213036123 62
      vertex 172.7022820183398 102.47213595499957 0
    endloop
  endfacet
  facet normal 0.7071067811865476 0.7071067811865476 0
    outer loop
      vertex 174.47213595499957 100.70228201833979 0
      vertex 172.7022820183398 102.47213595499957 0
      vertex 174.47213595499957 100.70228201833979 62
    endloop
  endfacet
  facet normal -0.8910065241883701 1.2637585663750753e-17 0.45399049973954264
    outer loop
      vertex 161.6226681109059 101.6 22.514892496567313
      vertex 162.6098427882513 101.6 24.45233188909412
      vertex 162.6098427882513 104 24.45233188909412
    endloop
  endfacet
  facet normal -0.9876883405951382 0 0.15643446504022757
    outer loop
      vertex 162.6098427882513 104 24.45233188909412
      vertex 162.6098427882513 101.6 24.45233188909412
      vertex 162.95 104 26.6
    endloop
  endfacet
  facet normal -0.9876883405951382 8.29859067219551e-18 0.15643446504022757
    outer loop
      vertex 162.6098427882513 101.6 24.45233188909412
      vertex 162.95 101.6 26.6
      vertex 162.95 104 26.6
    endloop
  endfacet
  facet normal -0.9876883405951382 -8.29859067219551e-18 -0.15643446504022757
    outer loop
      vertex 162.95 101.6 26.6
      vertex 162.6098427882513 101.6 28.747668110905884
      vertex 162.6098427882513 104 28.747668110905884
    endloop
  endfacet
  facet normal -0.9876883405951382 -8.29859067219551e-18 -0.15643446504022757
    outer loop
      vertex 162.6098427882513 104 28.747668110905884
      vertex 162.95 104 26.6
      vertex 162.95 101.6 26.6
    endloop
  endfacet
  facet normal -0.8910065241883701 0 -0.45399049973954264
    outer loop
      vertex 161.6226681109059 104 30.68510750343269
      vertex 162.6098427882513 101.6 28.747668110905884
      vertex 161.6226681109059 101.6 30.68510750343269
    endloop
  endfacet
  facet normal -0.8910065241883701 0 -0.45399049973954264
    outer loop
      vertex 162.6098427882513 104 28.747668110905884
      vertex 162.6098427882513 101.6 28.747668110905884
      vertex 161.6226681109059 104 30.68510750343269
    endloop
  endfacet
  facet normal 0 -1 0
    outer loop
      vertex 168 101.6 0
      vertex 168 101.6 59.4
      vertex 162.95 101.6 26.6
    endloop
  endfacet
  facet normal 0 1 0
    outer loop
      vertex 168 104 0
      vertex 162.6098427882513 104 28.747668110905884
      vertex 168 104 62
    endloop
  endfacet
  facet normal 0 -0.9327981344055976 -0.3603992792021601
    outer loop
      vertex 17.25 67.83044833915098 51.63431473138381
      vertex 158.75 67.83044833915098 51.63431473138381
      vertex 158.75 66.9654900690658 53.87303025395724
    endloop
  endfacet
  facet normal 0 0.36039927920216286 -0.9327981344055967
    outer loop
      vertex 17.25 67.83044833915098 51.63431473138381
      vertex 160.45999999999998 71.88812022381532 53.20205159591322
      vertex 158.75 67.83044833915098 51.63431473138381
    endloop
  endfacet
  facet normal -7.203980105194241e-17 -0.9327981344055973 -0.36039927920216114
    outer loop
      vertex 160.45999999999998 71.88812022381532 53.20205159591322
      vertex 11.600125624968513 72.20895970653913 52.371643522981024
      vertex 160.45999999999998 72.20895970653912 52.37164352298103
    endloop
  endfacet
  facet normal 7.879494077718248e-17 0.36039927920215975 -0.9327981344055978
    outer loop
      vertex 161.8598743750315 74.43308218744265 53.230963572421025
      vertex 160.45999999999998 72.20895970653912 52.37164352298103
      vertex 11.600125624968513 72.20895970653913 52.371643522981024
    endloop
  endfacet
  facet normal 1.8361914302304793e-17 0.36039927920216325 -0.9327981344055963
    outer loop
      vertex 161.8598743750315 74.43308218744265 53.230963572421025
      vertex 11.600125624968513 72.20895970653913 52.371643522981024
      vertex 161.22779850248656 75.59023576102315 53.678045634940766
    endloop
  endfacet
  facet normal 7.87025783660593e-17 0.36039927920216097 -0.9327981344055973
    outer loop
      vertex 161.22779850248656 75.59023576102315 53.678045634940766
      vertex 11.600125624968513 72.20895970653913 52.371643522981024
      vertex 161.01 76.87295037856711 54.17363991899184
    endloop
  endfacet
  facet normal 4.203874809783395e-17 0.36039927920216197 -0.932798134405597
    outer loop
      vertex 161.01 76.87295037856711 54.17363991899184
      vertex 11.600125624968513 72.20895970653913 52.371643522981024
      vertex 161.22779850248656 78.15566499611108 54.66923420304292
    endloop
  endfacet
  facet normal -1.8422904032466016e-17 0.36039927920216325 -0.9327981344055963
    outer loop
      vertex 161.22779850248656 78.15566499611108 54.66923420304292
      vertex 11.600125624968513 72.20895970653913 52.371643522981024
      vertex 161.8598743750315 79.31281856969159 55.11631626556266
    endloop
  endfacet
  facet normal 5.41757696420984e-16 0.360399279202153 -0.9327981344056003
    outer loop
      vertex 161.8598743750315 79.31281856969159 55.11631626556266
      vertex 11.600125624968513 72.20895970653913 52.371643522981024
      vertex 162.84435562729848 80.23114084516352 55.471122599267716
    endloop
  endfacet
  facet normal 0 -1 0
    outer loop
      vertex 75.8 101.6 12.6
      vertex 151.91489249656732 101.6 32.222668110905886
      vertex 168 101.6 59.4
    endloop
  endfacet
  facet normal -5.880472141954196e-17 0.36039927920216286 -0.9327981344055967
    outer loop
      vertex 162.84435562729848 80.23114084516352 55.471122599267716
      vertex 11.600125624968513 72.20895970653913 52.371643522981024
      vertex 168 90.4 59.4
    endloop
  endfacet
  facet normal 0 -0.36039927920216236 0.9327981344055967
    outer loop
      vertex 8 88 62
      vertex 158.75 66.9654900690658 53.87303025395724
      vertex 168 88 62
    endloop
  endfacet
  facet normal 0 0 -1
    outer loop
      vertex 8 90.4 59.4
      vertex 168 101.6 59.4
      vertex 168 90.4 59.4
    endloop
  endfacet
  facet normal 0 0 1
    outer loop
      vertex 8 88 62
      vertex 168 88 62
      vertex 168 104 62
    endloop
  endfacet
  facet normal 8.119916679835917e-16 0.3603992792021626 -0.9327981344055968
    outer loop
      vertex 158.75 21.8994682010194 33.88825422346933
      vertex 158.75 67.83044833915098 51.63431473138381
      vertex 160.45999999999998 71.88812022381532 53.20205159591322
    endloop
  endfacet
  facet normal -5.974483639216224e-15 0.3603992792021624 -0.9327981344055968
    outer loop
      vertex 161.8598743750315 15.93851331817533 30.63078923656774
      vertex 160.45999999999998 72.20895970653912 52.37164352298103
      vertex 161.8598743750315 74.43308218744265 53.230963572421025
    endloop
  endfacet
  facet normal -1 0 0
    outer loop
      vertex 160.45999999999998 17.841796316355055 32.320517358939924
      vertex 160.45999999999998 71.88812022381532 53.20205159591322
      vertex 160.45999999999998 72.20895970653912 52.37164352298103
    endloop
  endfacet
  facet normal -6.034386932217968e-15 0.3603992792021624 -0.9327981344055968
    outer loop
      vertex 162.84435562729848 16.856835593647286 30.985595570272814
      vertex 161.8598743750315 74.43308218744265 53.230963572421025
      vertex 162.84435562729848 73.5147599119707 52.87615723871595
    endloop
  endfacet
  facet normal -2.7605748819127338e-15 0.36039927920216236 -0.9327981344055968
    outer loop
      vertex 164.08487437503146 17.446434788359973 31.213395259139077
      vertex 162.84435562729848 73.5147599119707 52.87615723871595
      vertex 164.08487437503146 72.92516071725802 52.648357549849685
    endloop
  endfacet
  facet normal 4.538037069780551e-15 0.3603992792021624 -0.9327981344055968
    outer loop
      vertex 165.45999999999998 17.649596825155776 31.29188968244655
      vertex 164.08487437503146 72.92516071725802 52.648357549849685
      vertex 165.45999999999998 72.7219986804622 52.56986312654222
    endloop
  endfacet
  facet normal -4.434093901926626e-15 0.36039927920216236 -0.9327981344055968
    outer loop
      vertex 166.8351256249685 17.446434788359973 31.213395259139077
      vertex 165.45999999999998 72.7219986804622 52.56986312654222
      vertex 166.8351256249685 72.92516071725802 52.648357549849685
    endloop
  endfacet
  facet normal 3.7362648331743404e-15 0.3603992792021625 -0.9327981344055969
    outer loop
      vertex 168 16.89278818308687 30.999486343465378
      vertex 166.8351256249685 72.92516071725802 52.648357549849685
      vertex 168 73.47880732253111 52.86226646552338
    endloop
  endfacet
  facet normal -0.056988869836028674 0.35981356324628905 -0.9312821636962779
    outer loop
      vertex 168.0756443727015 16.85839176339211 30.98156783681562
      vertex 168 73.47880732253111 52.86226646552338
      vertex 168.0756443727015 73.51631608171553 52.872129505258755
    endloop
  endfacet
  facet normal -0.05698886983593821 0.359813563246291 -0.9312821636962826
    outer loop
      vertex 169.06012562496852 15.96032241466687 30.574342163295523
      vertex 168.0756443727015 73.51631608171553 52.872129505258755
      vertex 169.06012562496852 74.45489128393419 53.1745164991488
    endloop
  endfacet
  facet normal -0.05698886983593737 0.35981356324629105 -0.9312821636962828
    outer loop
      vertex 169.06012562496852 15.96032241466687 30.574342163295523
      vertex 169.06012562496852 74.45489128393419 53.1745164991488
      vertex 169.69220149751342 75.62504803692063 53.58794327379433
    endloop
  endfacet
  facet normal -0.05698886983603806 0.35981356324629055 -0.9312821636962768
    outer loop
      vertex 169.06012562496852 15.96032241466687 30.574342163295523
      vertex 169.69220149751342 75.62504803692063 53.58794327379433
      vertex 169.73049516849971 75.85136469759676 53.673040459328256
    endloop
  endfacet
  facet normal -0.18061263926448876 0.35447226324762154 -0.9174576225232556
    outer loop
      vertex 169.91 13.546125007021827 29.565223788895622
      vertex 169.73049516849971 75.85136469759676 53.673040459328256
      vertex 169.91 76.92043025853806 54.05075081789054
    endloop
  endfacet
  facet normal -0.1806126392647097 0.3544722632476047 -0.9174576225232185
    outer loop
      vertex 171.29159741283786 3.469504831500295 25.4
      vertex 169.91 76.92043025853806 54.05075081789054
      vertex 169.73049516849971 90.67408350874715 59.4
    endloop
  endfacet
  facet normal -0.18061263926455026 0.35447226324761744 -0.9174576225232451
    outer loop
      vertex 171.29159741283786 3.469504831500295 25.4
      vertex 169.73049516849971 90.67408350874715 59.4
      vertex 171.29159741283786 91.4695048315003 59.4
    endloop
  endfacet
  facet normal -0.3390519798317777 0.3390519798317708 -0.8775463007410539
    outer loop
      vertex 171.29159741283786 3.469504831500295 25.4
      vertex 171.29159741283786 91.4695048315003 59.4
      vertex 172.5304951684997 92.70840258716215 59.4
    endloop
  endfacet
  facet normal -0.5774681697558627 0.29423472876358187 -0.7615487097410354
    outer loop
      vertex 173.32591649125285 6.269504831500295 25.4
      vertex 172.5304951684997 92.70840258716215 59.4
      vertex 173.32591649125285 94.2695048315003 59.4
    endloop
  endfacet
  facet normal 0.056988869835941015 -0.35981356324629094 0.9312821636962825
    outer loop
      vertex 168 0 28
      vertex 170.47213595499957 88.39154786963877 62
      vertex 168 88 62
    endloop
  endfacet
  facet normal 0.18061263926454948 -0.3544722632476175 0.9174576225232453
    outer loop
      vertex 172.7022820183398 1.5278640450004204 28
      vertex 172.7022820183398 89.52786404500043 62
      vertex 170.47213595499957 88.39154786963877 62
    endloop
  endfacet
  facet normal 0.3390519798317716 -0.3390519798317716 0.877546300741056
    outer loop
      vertex 172.7022820183398 1.5278640450004204 28
      vertex 174.47213595499957 91.29771798166021 62
      vertex 172.7022820183398 89.52786404500043 62
    endloop
  endfacet
  facet normal 0.5774681697558627 -0.29423472876358187 0.7615487097410354
    outer loop
      vertex 174.47213595499957 3.297717981660215 28
      vertex 175.60845213036123 93.52786404500043 62
      vertex 174.47213595499957 91.29771798166021 62
    endloop
  endfacet
  facet normal -5.448221755475244e-15 0.36039927920216275 -0.9327981344055968
    outer loop
      vertex 162.84435562729848 74.81571718565662 49.50897370682296
      vertex 163.5183592135001 76.85802368400614 50.29804667209436
      vertex 164.04931539449805 76.36274874892014 50.10669044717476
    endloop
  endfacet
  facet normal -4.41825546721009e-15 0.3603992792021663 -0.9327981344055952
    outer loop
      vertex 164.08487437503146 74.22611799094395 49.28117401795669
      vertex 162.84435562729848 74.81571718565662 49.50897370682296
      vertex 164.71835921350012 76.04476266637846 49.983832188010936
    endloop
  endfacet
  facet normal 8.150959772075978e-17 0.360399279202165 -0.9327981344055958
    outer loop
      vertex 164.08487437503146 74.22611799094395 49.28117401795669
      vertex 164.71835921350012 76.04476266637846 49.983832188010936
      vertex 165.45999999999998 75.9351921296796 49.94149811701365
    endloop
  endfacet
  facet normal 2.228942882358764e-15 0.36039927920215736 -0.9327981344055987
    outer loop
      vertex 162.84435562729848 74.81571718565662 49.50897370682296
      vertex 164.04931539449805 76.36274874892014 50.10669044717476
      vertex 164.71835921350012 76.04476266637846 49.983832188010936
    endloop
  endfacet
  facet normal -1.0591984512402411e-14 0.3603992792021641 -0.932798134405596
    outer loop
      vertex 162.84435562729848 74.81571718565662 49.50897370682296
      vertex 163.17746436089163 77.48210651020686 50.53916958221737
      vertex 163.5183592135001 76.85802368400614 50.29804667209436
    endloop
  endfacet
  facet normal 2.1528326031746965e-14 0.36039927920216064 -0.9327981344055973
    outer loop
      vertex 162.84435562729848 74.81571718565662 49.50897370682296
      vertex 163.06 78.17390765225304 50.80645638709884
      vertex 163.17746436089163 77.48210651020686 50.53916958221737
    endloop
  endfacet
  facet normal -0.4539904997395442 -0.8311292235061263 -0.3211181090819114
    outer loop
      vertex 164.08487437503146 74.22611799094395 49.28117401795669
      vertex 162.84435562729848 73.5147599119707 52.87615723871595
      vertex 162.84435562729848 74.81571718565662 49.50897370682296
    endloop
  endfacet
  facet normal -0.15643446504024014 -0.9213138414813035 -0.35596216602686537
    outer loop
      vertex 164.08487437503146 74.22611799094395 49.28117401795669
      vertex 165.45999999999998 74.02295595414813 49.20267959464922
      vertex 164.08487437503146 72.92516071725802 52.648357549849685
    endloop
  endfacet
  facet normal -0.7071067811865555 -0.659587886316351 -0.25484077425858936
    outer loop
      vertex 162.84435562729848 74.81571718565662 49.50897370682296
      vertex 162.84435562729848 73.5147599119707 52.87615723871595
      vertex 161.8598743750315 74.43308218744265 53.230963572421025
    endloop
  endfacet
  facet normal -0.4539904997395428 -0.8311292235061273 -0.32111810908191113
    outer loop
      vertex 164.08487437503146 74.22611799094395 49.28117401795669
      vertex 164.08487437503146 72.92516071725802 52.648357549849685
      vertex 162.84435562729848 73.5147599119707 52.87615723871595
    endloop
  endfacet
  facet normal -0.7071067811865545 -0.659587886316352 -0.25484077425858925
    outer loop
      vertex 161.8598743750315 75.73403946112857 49.86378004052803
      vertex 162.84435562729848 74.81571718565662 49.50897370682296
      vertex 161.8598743750315 74.43308218744265 53.230963572421025
    endloop
  endfacet
  facet normal -0.8910065241883643 -0.42348149119492073 -0.16361784887076394
    outer loop
      vertex 161.8598743750315 75.73403946112857 49.86378004052803
      vertex 161.22779850248656 75.59023576102315 53.678045634940766
      vertex 161.22779850248656 76.89119303470908 50.31086210304777
    endloop
  endfacet
  facet normal -0.8910065241883643 -0.42348149119492073 -0.16361784887076394
    outer loop
      vertex 161.8598743750315 75.73403946112857 49.86378004052803
      vertex 161.8598743750315 74.43308218744265 53.230963572421025
      vertex 161.22779850248656 75.59023576102315 53.678045634940766
    endloop
  endfacet
  facet normal -4.535639857663651e-15 0.36039927920216114 -0.9327981344055972
    outer loop
      vertex 161.8598743750315 75.73403946112857 49.86378004052803
      vertex 161.22779850248656 76.89119303470908 50.31086210304777
      vertex 161.8598743750315 80.61377584337751 51.749132733669654
    endloop
  endfacet
  facet normal -0.9876883405951369 -0.14592177714626983 -0.056378868442876685
    outer loop
      vertex 161.22779850248656 76.89119303470908 50.31086210304777
      vertex 161.01 76.87295037856711 54.17363991899184
      vertex 161.01 78.17390765225304 50.80645638709884
    endloop
  endfacet
  facet normal 0.1564344650402266 0.9213138414813048 0.3559621660268676
    outer loop
      vertex 164.71835921350012 74.31484612620808 54.4612632331578
      vertex 165.45999999999998 75.9351921296796 49.94149811701365
      vertex 164.71835921350012 76.04476266637846 49.983832188010936
    endloop
  endfacet
  facet normal 0.7071067811865458 0.6595878863163597 0.25484077425859386
    outer loop
      vertex 163.5183592135001 75.12810714383576 54.775477717241216
      vertex 164.04931539449805 76.36274874892014 50.10669044717476
      vertex 163.5183592135001 76.85802368400614 50.29804667209436
    endloop
  endfacet
  facet normal 0.4539904997395466 0.831129223506125 0.32111810908191174
    outer loop
      vertex 164.71835921350012 74.31484612620808 54.4612632331578
      vertex 164.71835921350012 76.04476266637846 49.983832188010936
      vertex 164.04931539449805 76.36274874892014 50.10669044717476
    endloop
  endfacet
  facet normal 6.570651130010225e-16 0.3603992792021618 -0.932798134405597
    outer loop
      vertex 161.8598743750315 75.73403946112857 49.86378004052803
      vertex 162.84435562729848 81.53209811884945 52.103939067374725
      vertex 162.84435562729848 74.81571718565662 49.50897370682296
    endloop
  endfacet
  facet normal 0.8910065241883812 0.42348149119488937 0.1636178488707529
    outer loop
      vertex 163.17746436089163 75.75218997003648 55.01660062736423
      vertex 163.5183592135001 76.85802368400614 50.29804667209436
      vertex 163.17746436089163 77.48210651020686 50.53916958221737
    endloop
  endfacet
  facet normal 0.9876883405951374 0.14592177714626664 0.056378868442875714
    outer loop
      vertex 163.06 76.44399111208266 55.283887432245706
      vertex 163.17746436089163 77.48210651020686 50.53916958221737
      vertex 163.06 78.17390765225304 50.80645638709884
    endloop
  endfacet
  facet normal -0.9876883405951369 -0.14592177714626983 -0.056378868442876685
    outer loop
      vertex 161.22779850248656 76.89119303470908 50.31086210304777
      vertex 161.22779850248656 75.59023576102315 53.678045634940766
      vertex 161.01 76.87295037856711 54.17363991899184
    endloop
  endfacet
  facet normal -0.9876883405951372 0.14592177714626817 0.05637886844287605
    outer loop
      vertex 161.01 76.87295037856711 54.17363991899184
      vertex 161.22779850248656 78.15566499611108 54.66923420304292
      vertex 161.01 78.17390765225304 50.80645638709884
    endloop
  endfacet
  facet normal 0.4539904997395464 0.8311292235061251 0.32111810908191185
    outer loop
      vertex 164.71835921350012 74.31484612620808 54.4612632331578
      vertex 164.04931539449805 76.36274874892014 50.10669044717476
      vertex 164.04931539449805 74.63283220874976 54.58412149232163
    endloop
  endfacet
  facet normal 0.7071067811865441 0.6595878863163614 0.25484077425859414
    outer loop
      vertex 163.5183592135001 75.12810714383576 54.775477717241216
      vertex 164.04931539449805 74.63283220874976 54.58412149232163
      vertex 164.04931539449805 76.36274874892014 50.10669044717476
    endloop
  endfacet
  facet normal 0.8910065241883812 0.42348149119488926 0.16361784887075284
    outer loop
      vertex 163.5183592135001 75.12810714383576 54.775477717241216
      vertex 163.5183592135001 76.85802368400614 50.29804667209436
      vertex 163.17746436089163 75.75218997003648 55.01660062736423
    endloop
  endfacet
  facet normal 0.9876883405951374 0.1459217771462661 0.0563788684428756
    outer loop
      vertex 163.17746436089163 75.75218997003648 55.01660062736423
      vertex 163.17746436089163 77.48210651020686 50.53916958221737
      vertex 163.06 76.44399111208266 55.283887432245706
    endloop
  endfacet
  facet normal 0.987688340595138 -0.14592177714626361 -0.05637886844287454
    outer loop
      vertex 163.06 76.44399111208266 55.283887432245706
      vertex 163.06 78.17390765225304 50.80645638709884
      vertex 163.17746436089163 77.13579225412884 55.551174237127185
    endloop
  endfacet
  facet normal 0.8910065241883813 -0.42348149119488937 -0.16361784887075262
    outer loop
      vertex 163.17746436089163 77.13579225412884 55.551174237127185
      vertex 163.17746436089163 78.86570879429922 51.07374319198032
      vertex 163.5183592135001 77.75987508032956 55.792297147250196
    endloop
  endfacet
  facet normal -0.9154940231085252 0.14500000847050254 -0.37529413957071245
    outer loop
      vertex 173.32591649125285 6.269504831500295 25.4
      vertex 173.32591649125285 94.2695048315003 59.4
      vertex 173.6 96 59.4
    endloop
  endfacet
  facet normal 0.915494023108526 -0.14500000847050187 0.3752941395707108
    outer loop
      vertex 176 8 28
      vertex 176 96 62
      vertex 175.60845213036123 93.52786404500043 62
    endloop
  endfacet
  facet normal 0.15643446504024014 -0.9213138414813035 -0.35596216602686537
    outer loop
      vertex 165.45999999999998 74.02295595414813 49.20267959464922
      vertex 166.8351256249685 74.22611799094395 49.28117401795669
      vertex 165.45999999999998 72.7219986804622 52.56986312654222
    endloop
  endfacet
  facet normal 4.308653885061849e-15 0.360399279202162 -0.932798134405597
    outer loop
      vertex 164.08487437503146 74.22611799094395 49.28117401795669
      vertex 165.45999999999998 75.9351921296796 49.94149811701365
      vertex 165.45999999999998 74.02295595414813 49.20267959464922
    endloop
  endfacet
  facet normal -4.584456183755507e-15 0.36039927920216364 -0.9327981344055963
    outer loop
      vertex 165.45999999999998 74.02295595414813 49.20267959464922
      vertex 166.20164078649987 76.04476266637846 49.983832188010936
      vertex 166.8351256249685 74.22611799094395 49.28117401795669
    endloop
  endfacet
  facet normal 5.156538477321041e-16 0.36039927920216197 -0.9327981344055969
    outer loop
      vertex 165.45999999999998 74.02295595414813 49.20267959464922
      vertex 165.45999999999998 75.9351921296796 49.94149811701365
      vertex 166.20164078649987 76.04476266637846 49.983832188010936
    endloop
  endfacet
  facet normal 3.0949219381798118e-15 0.36039927920216597 -0.9327981344055954
    outer loop
      vertex 166.8351256249685 74.22611799094395 49.28117401795669
      vertex 166.20164078649987 76.04476266637846 49.983832188010936
      vertex 166.87068460550194 76.36274874892014 50.10669044717477
    endloop
  endfacet
  facet normal 6.285614121987281e-15 0.3603992792021629 -0.9327981344055967
    outer loop
      vertex 166.8351256249685 74.22611799094395 49.28117401795669
      vertex 167.40164078649985 76.85802368400614 50.29804667209436
      vertex 168.0756443727015 74.81571718565662 49.50897370682296
    endloop
  endfacet
  facet normal -1.0892170107144214e-14 0.3603992792021661 -0.9327981344055953
    outer loop
      vertex 166.8351256249685 74.22611799094395 49.28117401795669
      vertex 166.87068460550194 76.36274874892014 50.10669044717477
      vertex 167.40164078649985 76.85802368400614 50.29804667209436
    endloop
  endfacet
  facet normal -1.4577021960541483e-15 0.3603992792021607 -0.9327981344055974
    outer loop
      vertex 168.0756443727015 74.81571718565662 49.50897370682296
      vertex 167.40164078649985 76.85802368400614 50.29804667209436
      vertex 167.74253563910838 77.48210651020686 50.53916958221736
    endloop
  endfacet
  facet normal 1.906848262118035e-14 0.3603992792021628 -0.9327981344055964
    outer loop
      vertex 168.0756443727015 74.81571718565662 49.50897370682296
      vertex 167.74253563910838 77.48210651020686 50.53916958221736
      vertex 167.86 78.17390765225304 50.80645638709884
    endloop
  endfacet
  facet normal 7.465615339491526e-17 0.36039927920216114 -0.9327981344055972
    outer loop
      vertex 168.0756443727015 74.81571718565662 49.50897370682296
      vertex 169.06012562496852 80.61377584337751 51.749132733669654
      vertex 169.06012562496852 75.73403946112857 49.86378004052803
    endloop
  endfacet
  facet normal 0.45399049973953604 -0.8311292235061306 -0.32111810908191235
    outer loop
      vertex 166.8351256249685 74.22611799094395 49.28117401795669
      vertex 168.0756443727015 74.81571718565662 49.50897370682296
      vertex 166.8351256249685 72.92516071725802 52.648357549849685
    endloop
  endfacet
  facet normal -0.15643446504024017 -0.9213138414813035 -0.35596216602686537
    outer loop
      vertex 164.08487437503146 72.92516071725802 52.648357549849685
      vertex 165.45999999999998 74.02295595414813 49.20267959464922
      vertex 165.45999999999998 72.7219986804622 52.56986312654222
    endloop
  endfacet
  facet normal 0.1564344650402402 -0.9213138414813035 -0.35596216602686537
    outer loop
      vertex 166.8351256249685 74.22611799094395 49.28117401795669
      vertex 166.8351256249685 72.92516071725802 52.648357549849685
      vertex 165.45999999999998 72.7219986804622 52.56986312654222
    endloop
  endfacet
  facet normal 0.45399049973953276 -0.8311292235061316 -0.3211181090819143
    outer loop
      vertex 168.0756443727015 74.81571718565662 49.50897370682296
      vertex 168 73.47880732253111 52.86226646552338
      vertex 166.8351256249685 72.92516071725802 52.648357549849685
    endloop
  endfacet
  facet normal 0.7071067811865442 -0.6595878863163618 -0.2548407742585923
    outer loop
      vertex 168.0756443727015 74.81571718565662 49.50897370682296
      vertex 169.06012562496852 75.73403946112857 49.86378004052803
      vertex 168.0756443727015 73.51631608171553 52.872129505258755
    endloop
  endfacet
  facet normal 0.45399049973961497 -0.8311292235060933 -0.3211181090818971
    outer loop
      vertex 168.0756443727015 74.81571718565662 49.50897370682296
      vertex 168.0756443727015 73.51631608171553 52.872129505258755
      vertex 168 73.47880732253111 52.86226646552338
    endloop
  endfacet
  facet normal 0.707106781186542 -0.6595878863163636 -0.2548407742585943
    outer loop
      vertex 169.06012562496852 75.73403946112857 49.86378004052803
      vertex 169.06012562496852 74.45489128393419 53.1745164991488
      vertex 168.0756443727015 73.51631608171553 52.872129505258755
    endloop
  endfacet
  facet normal -0.15643446504022068 0.9213138414813056 0.3559621660268684
    outer loop
      vertex 165.45999999999998 74.20527558950923 54.41892916216051
      vertex 166.20164078649987 76.04476266637846 49.983832188010936
      vertex 165.45999999999998 75.9351921296796 49.94149811701365
    endloop
  endfacet
  facet normal -0.4539904997395491 0.8311292235061237 0.3211181090819113
    outer loop
      vertex 166.20164078649987 74.31484612620808 54.4612632331578
      vertex 166.87068460550194 76.36274874892014 50.10669044717477
      vertex 166.20164078649987 76.04476266637846 49.983832188010936
    endloop
  endfacet
  facet normal -0.7071067811865629 0.6595878863163438 0.25484077425858764
    outer loop
      vertex 166.87068460550194 74.63283220874976 54.58412149232163
      vertex 167.40164078649985 76.85802368400614 50.29804667209436
      vertex 166.87068460550194 76.36274874892014 50.10669044717477
    endloop
  endfacet
  facet normal -0.8910065241883498 0.4234814911949466 0.16361784887077502
    outer loop
      vertex 167.40164078649985 75.12810714383576 54.775477717241216
      vertex 167.74253563910838 77.48210651020686 50.53916958221736
      vertex 167.40164078649985 76.85802368400614 50.29804667209436
    endloop
  endfacet
  facet normal 0.8910065241883726 -0.4234814911949054 -0.16361784887075848
    outer loop
      vertex 169.06012562496852 75.73403946112857 49.86378004052803
      vertex 169.69220149751342 76.89119303470908 50.31086210304777
      vertex 169.06012562496852 74.45489128393419 53.1745164991488
    endloop
  endfacet
  facet normal 8.57143918567577e-15 0.3603992792021592 -0.9327981344055981
    outer loop
      vertex 169.06012562496852 75.73403946112857 49.86378004052803
      vertex 169.69220149751342 79.45662226979701 51.302050671149914
      vertex 169.69220149751342 76.89119303470908 50.31086210304777
    endloop
  endfacet
  facet normal -0.9876883405951375 0.14592177714626617 0.056378868442875534
    outer loop
      vertex 167.74253563910838 75.75218997003648 55.01660062736423
      vertex 167.86 78.17390765225304 50.80645638709884
      vertex 167.74253563910838 77.48210651020686 50.53916958221736
    endloop
  endfacet
  facet normal 0.987688340595137 -0.14592177714626978 -0.05637886844287687
    outer loop
      vertex 169.69220149751342 76.89119303470908 50.31086210304777
      vertex 169.91 78.17390765225304 50.80645638709884
      vertex 169.73049516849971 75.85136469759676 53.673040459328256
    endloop
  endfacet
  facet normal 0.15643446504022995 0.9213138414813041 0.3559621660268679
    outer loop
      vertex 164.71835921350012 74.31484612620808 54.4612632331578
      vertex 165.45999999999998 74.20527558950923 54.41892916216051
      vertex 165.45999999999998 75.9351921296796 49.94149811701365
    endloop
  endfacet
  facet normal -0.15643446504022412 0.9213138414813052 0.35596216602686775
    outer loop
      vertex 165.45999999999998 74.20527558950923 54.41892916216051
      vertex 166.20164078649987 74.31484612620808 54.4612632331578
      vertex 166.20164078649987 76.04476266637846 49.983832188010936
    endloop
  endfacet
  facet normal -0.4539904997395464 0.831129223506125 0.32111810908191224
    outer loop
      vertex 166.20164078649987 74.31484612620808 54.4612632331578
      vertex 166.87068460550194 74.63283220874976 54.58412149232163
      vertex 166.87068460550194 76.36274874892014 50.10669044717477
    endloop
  endfacet
  facet normal -0.707106781186563 0.6595878863163436 0.25484077425858764
    outer loop
      vertex 166.87068460550194 74.63283220874976 54.58412149232163
      vertex 167.40164078649985 75.12810714383576 54.775477717241216
      vertex 167.40164078649985 76.85802368400614 50.29804667209436
    endloop
  endfacet
  facet normal -0.8910065241883506 0.4234814911949454 0.1636178488707743
    outer loop
      vertex 167.40164078649985 75.12810714383576 54.775477717241216
      vertex 167.74253563910838 75.75218997003648 55.01660062736423
      vertex 167.74253563910838 77.48210651020686 50.53916958221736
    endloop
  endfacet
  facet normal 0.891006524188372 -0.42348149119490613 -0.16361784887075914
    outer loop
      vertex 169.69220149751342 76.89119303470908 50.31086210304777
      vertex 169.69220149751342 75.62504803692063 53.58794327379433
      vertex 169.06012562496852 74.45489128393419 53.1745164991488
    endloop
  endfacet
  facet normal 0.987688340595137 -0.14592177714626875 -0.05637886844287657
    outer loop
      vertex 169.69220149751342 76.89119303470908 50.31086210304777
      vertex 169.73049516849971 75.85136469759676 53.673040459328256
      vertex 169.69220149751342 75.62504803692063 53.58794327379433
    endloop
  endfacet
  facet normal -0.987688340595138 -0.14592177714626361 -0.05637886844287455
    outer loop
      vertex 167.86 76.44399111208266 55.283887432245706
      vertex 167.74253563910838 78.86570879429922 51.07374319198032
      vertex 167.86 78.17390765225304 50.80645638709884
    endloop
  endfacet
  facet normal 0.9876883405951369 -0.14592177714626992 -0.056378868442877005
    outer loop
      vertex 169.73049516849971 75.85136469759676 53.673040459328256
      vertex 169.91 78.17390765225304 50.80645638709884
      vertex 169.91 76.92043025853806 54.05075081789054
    endloop
  endfacet
  facet normal -0.9876883405951375 0.14592177714626617 0.056378868442875534
    outer loop
      vertex 167.74253563910838 75.75218997003648 55.01660062736423
      vertex 167.86 76.44399111208266 55.283887432245706
      vertex 167.86 78.17390765225304 50.80645638709884
    endloop
  endfacet
  facet normal -0.987688340595138 -0.14592177714626361 -0.05637886844287455
    outer loop
      vertex 167.86 76.44399111208266 55.283887432245706
      vertex 167.74253563910838 77.13579225412884 55.551174237127185
      vertex 167.74253563910838 78.86570879429922 51.07374319198032
    endloop
  endfacet
  facet normal -1.3786408317453967e-14 0.3603992792021625 -0.9327981344055967
    outer loop
      vertex 163.5183592135001 75.12810714383576 54.775477717241216
      vertex 163.17746436089163 75.75218997003648 55.01660062736423
      vertex 163.17746436089163 77.13579225412884 55.551174237127185
    endloop
  endfacet
  facet normal 1.0332373668845114e-14 0.3603992792021657 -0.9327981344055954
    outer loop
      vertex 163.5183592135001 75.12810714383576 54.775477717241216
      vertex 163.5183592135001 77.75987508032956 55.792297147250196
      vertex 164.04931539449805 74.63283220874976 54.58412149232163
    endloop
  endfacet
  facet normal 5.3112873014145476e-15 0.360399279202163 -0.9327981344055966
    outer loop
      vertex 164.71835921350012 74.31484612620808 54.4612632331578
      vertex 164.04931539449805 74.63283220874976 54.58412149232163
      vertex 164.04931539449805 78.25515001541557 55.98365337216978
    endloop
  endfacet
  facet normal -9.478647628602867e-15 0.36039927920216164 -0.9327981344055971
    outer loop
      vertex 164.71835921350012 74.31484612620808 54.4612632331578
      vertex 164.71835921350012 78.57313609795725 56.10651163133361
      vertex 165.45999999999998 74.20527558950923 54.41892916216051
    endloop
  endfacet
  facet normal -2.166181516820184e-14 0.3603992792021626 -0.9327981344055967
    outer loop
      vertex 163.17746436089163 75.75218997003648 55.01660062736423
      vertex 163.06 76.44399111208266 55.283887432245706
      vertex 163.17746436089163 77.13579225412884 55.551174237127185
    endloop
  endfacet
  facet normal 7.17454795408426e-15 0.3603992792021657 -0.9327981344055956
    outer loop
      vertex 163.5183592135001 75.12810714383576 54.775477717241216
      vertex 163.17746436089163 77.13579225412884 55.551174237127185
      vertex 163.5183592135001 77.75987508032956 55.792297147250196
    endloop
  endfacet
  facet normal -7.295609112570235e-15 0.3603992792021631 -0.9327981344055967
    outer loop
      vertex 164.04931539449805 74.63283220874976 54.58412149232163
      vertex 163.5183592135001 77.75987508032956 55.792297147250196
      vertex 164.04931539449805 78.25515001541557 55.98365337216978
    endloop
  endfacet
  facet normal -4.386814905186888e-15 0.36039927920216164 -0.9327981344055971
    outer loop
      vertex 164.71835921350012 74.31484612620808 54.4612632331578
      vertex 164.04931539449805 78.25515001541557 55.98365337216978
      vertex 164.71835921350012 78.57313609795725 56.10651163133361
    endloop
  endfacet
  facet normal 9.018105984066034e-15 0.36039927920216436 -0.932798134405596
    outer loop
      vertex 165.45999999999998 74.20527558950923 54.41892916216051
      vertex 165.45999999999998 78.6827066346561 56.1488457023309
      vertex 166.20164078649987 74.31484612620808 54.4612632331578
    endloop
  endfacet
  facet normal -4.524508614960042e-15 0.36039927920216164 -0.9327981344055971
    outer loop
      vertex 166.20164078649987 74.31484612620808 54.4612632331578
      vertex 166.20164078649987 78.57313609795725 56.10651163133361
      vertex 166.87068460550194 74.63283220874976 54.58412149232163
    endloop
  endfacet
  facet normal -7.513048385540173e-15 0.360399279202163 -0.9327981344055964
    outer loop
      vertex 166.87068460550194 74.63283220874976 54.58412149232163
      vertex 166.87068460550194 78.25515001541557 55.98365337216978
      vertex 167.40164078649985 75.12810714383576 54.775477717241216
    endloop
  endfacet
  facet normal 7.258426476070792e-15 0.3603992792021657 -0.9327981344055956
    outer loop
      vertex 167.40164078649985 75.12810714383576 54.775477717241216
      vertex 167.40164078649985 77.75987508032956 55.792297147250196
      vertex 167.74253563910838 75.75218997003648 55.01660062736423
    endloop
  endfacet
  facet normal 8.913070524398443e-15 0.3603992792021643 -0.9327981344055961
    outer loop
      vertex 165.45999999999998 74.20527558950923 54.41892916216051
      vertex 164.71835921350012 78.57313609795725 56.10651163133361
      vertex 165.45999999999998 78.6827066346561 56.1488457023309
    endloop
  endfacet
  facet normal -9.400533944851843e-15 0.3603992792021616 -0.9327981344055971
    outer loop
      vertex 166.20164078649987 74.31484612620808 54.4612632331578
      vertex 165.45999999999998 78.6827066346561 56.1488457023309
      vertex 166.20164078649987 78.57313609795725 56.10651163133361
    endloop
  endfacet
  facet normal 5.393408195992511e-15 0.360399279202163 -0.9327981344055966
    outer loop
      vertex 166.87068460550194 74.63283220874976 54.58412149232163
      vertex 166.20164078649987 78.57313609795725 56.10651163133361
      vertex 166.87068460550194 78.25515001541557 55.98365337216978
    endloop
  endfacet
  facet normal -1.3928862287585754e-14 0.3603992792021626 -0.9327981344055968
    outer loop
      vertex 167.74253563910838 75.75218997003648 55.01660062736423
      vertex 167.40164078649985 77.75987508032956 55.792297147250196
      vertex 167.74253563910838 77.13579225412884 55.551174237127185
    endloop
  endfacet
  facet normal 1.0186977986183254e-14 0.36039927920216563 -0.9327981344055954
    outer loop
      vertex 167.40164078649985 75.12810714383576 54.775477717241216
      vertex 166.87068460550194 78.25515001541557 55.98365337216978
      vertex 167.40164078649985 77.75987508032956 55.792297147250196
    endloop
  endfacet
  facet normal 0.9876883405951353 0.14592177714645357 0.05637886844242955
    outer loop
      vertex 169.91 76.92043025853806 54.05075081789054
      vertex 169.69220149751342 78.19047727200856 54.57913184189648
      vertex 169.73049516849971 77.96573618001202 54.48995671389778
    endloop
  endfacet
  facet normal 2.1803798801916992e-14 0.3603992792021626 -0.9327981344055967
    outer loop
      vertex 167.74253563910838 75.75218997003648 55.01660062736423
      vertex 167.74253563910838 77.13579225412884 55.551174237127185
      vertex 167.86 76.44399111208266 55.283887432245706
    endloop
  endfacet
  facet normal 0.7071067811865442 0 -0.7071067811865508
    outer loop
      vertex 150.3773318890941 104 30.68510750343269
      vertex 151.91489249656732 101.6 32.222668110905886
      vertex 150.3773318890941 101.6 30.68510750343269
    endloop
  endfacet
  facet normal 0.7071067811865442 1.5511368310029925e-17 -0.7071067811865508
    outer loop
      vertex 150.3773318890941 104 30.68510750343269
      vertex 151.91489249656732 104 32.222668110905886
      vertex 151.91489249656732 101.6 32.222668110905886
    endloop
  endfacet
  facet normal 0.45399049973955174 0 -0.8910065241883653
    outer loop
      vertex 151.91489249656732 101.6 32.222668110905886
      vertex 151.91489249656732 104 32.222668110905886
      vertex 153.8523318890941 101.6 33.20984278825132
    endloop
  endfacet
  facet normal 0.45399049973955174 -2.0237233506591038e-17 -0.8910065241883653
    outer loop
      vertex 151.91489249656732 104 32.222668110905886
      vertex 153.8523318890941 104 33.20984278825132
      vertex 153.8523318890941 101.6 33.20984278825132
    endloop
  endfacet
  facet normal 0 1 0
    outer loop
      vertex 168 104 62
      vertex 150.3773318890941 104 30.68510750343269
      vertex 136.14999999701976 104 14.799999994039535
    endloop
  endfacet
  facet normal -0.45399049973955174 0 -0.8910065241883653
    outer loop
      vertex 158.1476681109059 101.6 33.20984278825132
      vertex 158.1476681109059 104 33.20984278825132
      vertex 160.08510750343268 101.6 32.222668110905886
    endloop
  endfacet
  facet normal -0.45399049973955174 2.0237233506591038e-17 -0.8910065241883653
    outer loop
      vertex 158.1476681109059 104 33.20984278825132
      vertex 160.08510750343268 104 32.222668110905886
      vertex 160.08510750343268 101.6 32.222668110905886
    endloop
  endfacet
  facet normal 0.15643446504022976 0 -0.9876883405951379
    outer loop
      vertex 153.8523318890941 104 33.20984278825132
      vertex 156 101.6 33.550000000000004
      vertex 153.8523318890941 101.6 33.20984278825132
    endloop
  endfacet
  facet normal 0.15643446504022976 8.104617475955559e-18 -0.9876883405951379
    outer loop
      vertex 153.8523318890941 104 33.20984278825132
      vertex 156 104 33.550000000000004
      vertex 156 101.6 33.550000000000004
    endloop
  endfacet
  facet normal -0.15643446504022976 0 -0.9876883405951379
    outer loop
      vertex 156 101.6 33.550000000000004
      vertex 156 104 33.550000000000004
      vertex 158.1476681109059 101.6 33.20984278825132
    endloop
  endfacet
  facet normal -0.15643446504022976 -8.104617475955559e-18 -0.9876883405951379
    outer loop
      vertex 156 104 33.550000000000004
      vertex 158.1476681109059 104 33.20984278825132
      vertex 158.1476681109059 101.6 33.20984278825132
    endloop
  endfacet
  facet normal -0.7071067811865442 -1.5511368310029925e-17 -0.7071067811865508
    outer loop
      vertex 161.6226681109059 101.6 30.68510750343269
      vertex 160.08510750343268 101.6 32.222668110905886
      vertex 160.08510750343268 104 32.222668110905886
    endloop
  endfacet
  facet normal -0.7071067811865442 0 -0.7071067811865508
    outer loop
      vertex 161.6226681109059 104 30.68510750343269
      vertex 161.6226681109059 101.6 30.68510750343269
      vertex 160.08510750343268 104 32.222668110905886
    endloop
  endfacet
  facet normal 0 -1 0
    outer loop
      vertex 168 101.6 59.4
      vertex 162.6098427882513 101.6 28.747668110905884
      vertex 162.95 101.6 26.6
    endloop
  endfacet
  facet normal 0 -1 0
    outer loop
      vertex 168 101.6 59.4
      vertex 151.91489249656732 101.6 32.222668110905886
      vertex 153.8523318890941 101.6 33.20984278825132
    endloop
  endfacet
  facet normal 0 -1 0
    outer loop
      vertex 168 101.6 59.4
      vertex 153.8523318890941 101.6 33.20984278825132
      vertex 156 101.6 33.550000000000004
    endloop
  endfacet
  facet normal 0 1 0
    outer loop
      vertex 168 104 62
      vertex 151.91489249656732 104 32.222668110905886
      vertex 150.3773318890941 104 30.68510750343269
    endloop
  endfacet
  facet normal 0 1 0
    outer loop
      vertex 168 104 62
      vertex 153.8523318890941 104 33.20984278825132
      vertex 151.91489249656732 104 32.222668110905886
    endloop
  endfacet
  facet normal 0 -1 0
    outer loop
      vertex 168 101.6 59.4
      vertex 161.6226681109059 101.6 30.68510750343269
      vertex 162.6098427882513 101.6 28.747668110905884
    endloop
  endfacet
  facet normal 0 1 0
    outer loop
      vertex 168 104 62
      vertex 162.6098427882513 104 28.747668110905884
      vertex 161.6226681109059 104 30.68510750343269
    endloop
  endfacet
  facet normal 0 -1 0
    outer loop
      vertex 168 101.6 59.4
      vertex 158.1476681109059 101.6 33.20984278825132
      vertex 160.08510750343268 101.6 32.222668110905886
    endloop
  endfacet
  facet normal 0 -1 0
    outer loop
      vertex 168 101.6 59.4
      vertex 156 101.6 33.550000000000004
      vertex 158.1476681109059 101.6 33.20984278825132
    endloop
  endfacet
  facet normal 0 1 0
    outer loop
      vertex 168 104 62
      vertex 160.08510750343268 104 32.222668110905886
      vertex 158.1476681109059 104 33.20984278825132
    endloop
  endfacet
  facet normal 0 -1 0
    outer loop
      vertex 168 101.6 59.4
      vertex 160.08510750343268 101.6 32.222668110905886
      vertex 161.6226681109059 101.6 30.68510750343269
    endloop
  endfacet
  facet normal 0 1 0
    outer loop
      vertex 168 104 62
      vertex 161.6226681109059 104 30.68510750343269
      vertex 160.08510750343268 104 32.222668110905886
    endloop
  endfacet
  facet normal 0 1 0
    outer loop
      vertex 168 104 62
      vertex 156 104 33.550000000000004
      vertex 153.8523318890941 104 33.20984278825132
    endloop
  endfacet
  facet normal 0 1 0
    outer loop
      vertex 168 104 62
      vertex 158.1476681109059 104 33.20984278825132
      vertex 156 104 33.550000000000004
    endloop
  endfacet
  facet normal -0.9876883405951377 -0.15643446504023106 0
    outer loop
      vertex 173.32591649125285 97.7304951684997 0
      vertex 173.6 96 59.4
      vertex 173.32591649125285 97.7304951684997 59.4
    endloop
  endfacet
  facet normal -0.15643446504022981 -0.9876883405951379 0
    outer loop
      vertex 168 101.6 0
      vertex 169.73049516849971 101.32591649125285 59.4
      vertex 168 101.6 59.4
    endloop
  endfacet
  facet normal -0.45399049973954775 -0.8910065241883672 0
    outer loop
      vertex 169.73049516849971 101.32591649125285 0
      vertex 171.29159741283786 100.5304951684997 59.4
      vertex 169.73049516849971 101.32591649125285 59.4
    endloop
  endfacet
  facet normal 0.1564344650402311 0.9876883405951378 0
    outer loop
      vertex 170.47213595499957 103.60845213036123 0
      vertex 168 104 62
      vertex 170.47213595499957 103.60845213036123 62
    endloop
  endfacet
  facet normal -0.8910065241883672 -0.45399049973954775 0
    outer loop
      vertex 172.5304951684997 99.29159741283785 0
      vertex 173.32591649125285 97.7304951684997 59.4
      vertex 172.5304951684997 99.29159741283785 59.4
    endloop
  endfacet
  facet normal -0.7071067811865516 -0.7071067811865435 0
    outer loop
      vertex 171.29159741283786 100.5304951684997 0
      vertex 172.5304951684997 99.29159741283785 59.4
      vertex 171.29159741283786 100.5304951684997 59.4
    endloop
  endfacet
  facet normal 0.9876883405951378 0.1564344650402311 0
    outer loop
      vertex 175.60845213036123 98.47213595499957 0
      vertex 175.60845213036123 98.47213595499957 62
      vertex 176 96 62
    endloop
  endfacet
  facet normal 0.8910065241883673 0.4539904997395477 0
    outer loop
      vertex 175.60845213036123 98.47213595499957 0
      vertex 174.47213595499957 100.70228201833979 62
      vertex 175.60845213036123 98.47213595499957 62
    endloop
  endfacet
  facet normal 0.4539904997395477 0.8910065241883673 0
    outer loop
      vertex 172.7022820183398 102.47213595499957 0
      vertex 170.47213595499957 103.60845213036123 62
      vertex 172.7022820183398 102.47213595499957 62
    endloop
  endfacet
  facet normal 0.7071067811865476 0.7071067811865476 0
    outer loop
      vertex 172.7022820183398 102.47213595499957 0
      vertex 172.7022820183398 102.47213595499957 62
      vertex 174.47213595499957 100.70228201833979 62
    endloop
  endfacet
  facet normal -1.1662396711399785e-14 0.36039927920215925 -0.9327981344055979
    outer loop
      vertex 161.22779850248656 76.89119303470908 50.31086210304777
      vertex 161.01 78.17390765225304 50.80645638709884
      vertex 161.22779850248656 79.45662226979701 51.302050671149914
    endloop
  endfacet
  facet normal 8.578833337689983e-15 0.36039927920215925 -0.932798134405598
    outer loop
      vertex 161.22779850248656 76.89119303470908 50.31086210304777
      vertex 161.22779850248656 79.45662226979701 51.302050671149914
      vertex 161.8598743750315 80.61377584337751 51.749132733669654
    endloop
  endfacet
  facet normal 5.453300518241443e-15 0.36039927920216114 -0.9327981344055972
    outer loop
      vertex 161.8598743750315 75.73403946112857 49.86378004052803
      vertex 161.8598743750315 80.61377584337751 51.749132733669654
      vertex 162.84435562729848 81.53209811884945 52.103939067374725
    endloop
  endfacet
  facet normal -0.987688340595137 0.14592177714626847 0.05637886844287605
    outer loop
      vertex 161.01 78.17390765225304 50.80645638709884
      vertex 161.22779850248656 78.15566499611108 54.66923420304292
      vertex 161.22779850248656 79.45662226979701 51.302050671149914
    endloop
  endfacet
  facet normal 4.943855009386717e-16 0.3603992792021619 -0.9327981344055971
    outer loop
      vertex 162.84435562729848 74.81571718565662 49.50897370682296
      vertex 162.84435562729848 81.53209811884945 52.103939067374725
      vertex 163.06 78.17390765225304 50.80645638709884
    endloop
  endfacet
  facet normal -1.2568093073766514e-14 0.3603992792021612 -0.9327981344055973
    outer loop
      vertex 162.84435562729848 81.53209811884945 52.103939067374725
      vertex 163.17746436089163 78.86570879429922 51.07374319198032
      vertex 163.06 78.17390765225304 50.80645638709884
    endloop
  endfacet
  facet normal 1.1165636510174745e-14 0.3603992792021637 -0.9327981344055962
    outer loop
      vertex 162.84435562729848 81.53209811884945 52.103939067374725
      vertex 163.5183592135001 79.48979162049994 51.31486610210333
      vertex 163.17746436089163 78.86570879429922 51.07374319198032
    endloop
  endfacet
  facet normal 3.0085621852933306e-15 0.36039927920216136 -0.9327981344055973
    outer loop
      vertex 162.84435562729848 81.53209811884945 52.103939067374725
      vertex 164.08487437503146 82.12169731356214 52.331738756240995
      vertex 163.5183592135001 79.48979162049994 51.31486610210333
    endloop
  endfacet
  facet normal -7.993939442081372e-15 0.36039927920216336 -0.9327981344055964
    outer loop
      vertex 164.08487437503146 82.12169731356214 52.331738756240995
      vertex 164.04931539449805 79.98506655558595 51.50622232702292
      vertex 163.5183592135001 79.48979162049994 51.31486610210333
    endloop
  endfacet
  facet normal 4.526675162650798e-15 0.3603992792021632 -0.9327981344055964
    outer loop
      vertex 164.08487437503146 82.12169731356214 52.331738756240995
      vertex 164.71835921350012 80.30305263812762 51.62908058618675
      vertex 164.04931539449805 79.98506655558595 51.50622232702292
    endloop
  endfacet
  facet normal -0.8910065241883643 0.42348149119492084 0.16361784887076367
    outer loop
      vertex 161.22779850248656 79.45662226979701 51.302050671149914
      vertex 161.22779850248656 78.15566499611108 54.66923420304292
      vertex 161.8598743750315 79.31281856969159 55.11631626556266
    endloop
  endfacet
  facet normal -0.8910065241883643 0.42348149119492084 0.16361784887076367
    outer loop
      vertex 161.22779850248656 79.45662226979701 51.302050671149914
      vertex 161.8598743750315 79.31281856969159 55.11631626556266
      vertex 161.8598743750315 80.61377584337751 51.749132733669654
    endloop
  endfacet
  facet normal -0.7071067811865478 0.6595878863163583 0.25484077425859114
    outer loop
      vertex 161.8598743750315 80.61377584337751 51.749132733669654
      vertex 161.8598743750315 79.31281856969159 55.11631626556266
      vertex 162.84435562729848 80.23114084516352 55.471122599267716
    endloop
  endfacet
  facet normal 0.987688340595138 -0.14592177714626361 -0.05637886844287454
    outer loop
      vertex 163.17746436089163 77.13579225412884 55.551174237127185
      vertex 163.06 78.17390765225304 50.80645638709884
      vertex 163.17746436089163 78.86570879429922 51.07374319198032
    endloop
  endfacet
  facet normal 0.8910065241883811 -0.4234814911948894 -0.16361784887075265
    outer loop
      vertex 163.5183592135001 77.75987508032956 55.792297147250196
      vertex 163.17746436089163 78.86570879429922 51.07374319198032
      vertex 163.5183592135001 79.48979162049994 51.31486610210333
    endloop
  endfacet
  facet normal 0.707106781186544 -0.6595878863163614 -0.2548407742585941
    outer loop
      vertex 164.04931539449805 78.25515001541557 55.98365337216978
      vertex 163.5183592135001 79.48979162049994 51.31486610210333
      vertex 164.04931539449805 79.98506655558595 51.50622232702292
    endloop
  endfacet
  facet normal 0.4539904997395491 -0.8311292235061236 -0.3211181090819117
    outer loop
      vertex 164.71835921350012 78.57313609795725 56.10651163133361
      vertex 164.04931539449805 79.98506655558595 51.50622232702292
      vertex 164.71835921350012 80.30305263812762 51.62908058618675
    endloop
  endfacet
  facet normal -0.7071067811865497 0.6595878863163562 0.2548407742585914
    outer loop
      vertex 161.8598743750315 80.61377584337751 51.749132733669654
      vertex 162.84435562729848 80.23114084516352 55.471122599267716
      vertex 162.84435562729848 81.53209811884945 52.103939067374725
    endloop
  endfacet
  facet normal 5.111785451960935e-16 0.36039927920216197 -0.9327981344055969
    outer loop
      vertex 164.08487437503146 82.12169731356214 52.331738756240995
      vertex 165.45999999999998 82.32485935035795 52.41023317954847
      vertex 164.71835921350012 80.30305263812762 51.62908058618675
    endloop
  endfacet
  facet normal -0.4539904997395518 0.8311292235061227 0.32111810908191
    outer loop
      vertex 162.84435562729848 81.53209811884945 52.103939067374725
      vertex 164.08487437503146 80.82074003987621 55.698922288133986
      vertex 164.08487437503146 82.12169731356214 52.331738756240995
    endloop
  endfacet
  facet normal 5.156538477321238e-16 0.36039927920216197 -0.932798134405597
    outer loop
      vertex 165.45999999999998 82.32485935035795 52.41023317954847
      vertex 165.45999999999998 80.41262317482648 51.67141465718404
      vertex 164.71835921350012 80.30305263812762 51.62908058618675
    endloop
  endfacet
  facet normal -5.313957343209916e-16 0.36039927920216197 -0.932798134405597
    outer loop
      vertex 166.8351256249685 82.12169731356214 52.331738756240995
      vertex 166.20164078649987 80.30305263812762 51.62908058618675
      vertex 165.45999999999998 80.41262317482648 51.67141465718404
    endloop
  endfacet
  facet normal -1.1301367315525647e-14 0.36039927920216375 -0.9327981344055963
    outer loop
      vertex 168.0756443727015 81.53209811884945 52.103939067374725
      vertex 167.74253563910838 78.86570879429922 51.07374319198032
      vertex 167.40164078649985 79.48979162049994 51.31486610210333
    endloop
  endfacet
  facet normal -5.975112641948656e-15 0.36039927920216214 -0.9327981344055968
    outer loop
      vertex 168.0756443727015 81.53209811884945 52.103939067374725
      vertex 167.40164078649985 79.48979162049994 51.31486610210333
      vertex 166.87068460550194 79.98506655558595 51.506222327022925
    endloop
  endfacet
  facet normal 1.952044585422804e-15 0.36039927920215675 -0.9327981344055989
    outer loop
      vertex 168.0756443727015 81.53209811884945 52.103939067374725
      vertex 166.87068460550194 79.98506655558595 51.506222327022925
      vertex 166.20164078649987 80.30305263812762 51.62908058618675
    endloop
  endfacet
  facet normal 4.943855009387368e-16 0.36039927920216186 -0.9327981344055971
    outer loop
      vertex 168.0756443727015 74.81571718565662 49.50897370682296
      vertex 167.86 78.17390765225304 50.80645638709884
      vertex 168.0756443727015 81.53209811884945 52.103939067374725
    endloop
  endfacet
  facet normal -4.450745906054343e-15 0.3603992792021618 -0.9327981344055969
    outer loop
      vertex 168.0756443727015 74.81571718565662 49.50897370682296
      vertex 168.0756443727015 81.53209811884945 52.103939067374725
      vertex 169.06012562496852 80.61377584337751 51.749132733669654
    endloop
  endfacet
  facet normal 1.1827648689807017e-14 0.36039927920216114 -0.9327981344055972
    outer loop
      vertex 168.0756443727015 81.53209811884945 52.103939067374725
      vertex 167.86 78.17390765225304 50.80645638709884
      vertex 167.74253563910838 78.86570879429922 51.07374319198032
    endloop
  endfacet
  facet normal 1.1586663531666176e-14 0.36039927920215925 -0.9327981344055979
    outer loop
      vertex 169.69220149751342 76.89119303470908 50.31086210304777
      vertex 169.69220149751342 79.45662226979701 51.302050671149914
      vertex 169.91 78.17390765225304 50.80645638709884
    endloop
  endfacet
  facet normal -4.622342235892959e-15 0.36039927920216114 -0.9327981344055972
    outer loop
      vertex 169.06012562496852 75.73403946112857 49.86378004052803
      vertex 169.06012562496852 80.61377584337751 51.749132733669654
      vertex 169.69220149751342 79.45662226979701 51.302050671149914
    endloop
  endfacet
  facet normal 0.9876883405951372 0.1459217771462684 0.0563788684428764
    outer loop
      vertex 169.91 76.92043025853806 54.05075081789054
      vertex 169.91 78.17390765225304 50.80645638709884
      vertex 169.69220149751342 79.45662226979701 51.302050671149914
    endloop
  endfacet
  facet normal -0.8910065241883506 -0.4234814911949454 -0.1636178488707743
    outer loop
      vertex 167.74253563910838 77.13579225412884 55.551174237127185
      vertex 167.40164078649985 79.48979162049994 51.31486610210333
      vertex 167.74253563910838 78.86570879429922 51.07374319198032
    endloop
  endfacet
  facet normal -0.45399049973954636 -0.831129223506125 -0.32111810908191224
    outer loop
      vertex 166.87068460550194 78.25515001541557 55.98365337216978
      vertex 166.20164078649987 80.30305263812762 51.62908058618675
      vertex 166.87068460550194 79.98506655558595 51.506222327022925
    endloop
  endfacet
  facet normal -0.7071067811865646 -0.6595878863163422 -0.25484077425858664
    outer loop
      vertex 167.40164078649985 77.75987508032956 55.792297147250196
      vertex 166.87068460550194 79.98506655558595 51.506222327022925
      vertex 167.40164078649985 79.48979162049994 51.31486610210333
    endloop
  endfacet
  facet normal -0.8910065241883506 -0.4234814911949454 -0.1636178488707743
    outer loop
      vertex 167.74253563910838 77.13579225412884 55.551174237127185
      vertex 167.40164078649985 77.75987508032956 55.792297147250196
      vertex 167.40164078649985 79.48979162049994 51.31486610210333
    endloop
  endfacet
  facet normal 0.1564344650402266 -0.9213138414813048 -0.3559621660268676
    outer loop
      vertex 165.45999999999998 78.6827066346561 56.1488457023309
      vertex 164.71835921350012 80.30305263812762 51.62908058618675
      vertex 165.45999999999998 80.41262317482648 51.67141465718404
    endloop
  endfacet
  facet normal -0.15643446504022068 -0.9213138414813056 -0.3559621660268684
    outer loop
      vertex 166.20164078649987 78.57313609795725 56.10651163133361
      vertex 165.45999999999998 80.41262317482648 51.67141465718404
      vertex 166.20164078649987 80.30305263812762 51.62908058618675
    endloop
  endfacet
  facet normal 0.8910065241883725 0.4234814911949054 0.16361784887075853
    outer loop
      vertex 169.69220149751342 79.45662226979701 51.302050671149914
      vertex 169.06012562496852 80.61377584337751 51.749132733669654
      vertex 169.69220149751342 78.19047727200856 54.57913184189648
    endloop
  endfacet
  facet normal 0.9876883405951372 0.14592177714626814 0.05637886844287619
    outer loop
      vertex 169.91 76.92043025853806 54.05075081789054
      vertex 169.69220149751342 79.45662226979701 51.302050671149914
      vertex 169.69220149751342 78.19047727200856 54.57913184189648
    endloop
  endfacet
  facet normal 0.891006524188373 0.4234814911949048 0.16361784887075786
    outer loop
      vertex 169.06012562496852 80.61377584337751 51.749132733669654
      vertex 169.06012562496852 79.33462766618312 55.059869192290435
      vertex 169.69220149751342 78.19047727200856 54.57913184189648
    endloop
  endfacet
  facet normal 0.7071067811865395 0.6595878863163659 0.2548407742585947
    outer loop
      vertex 169.06012562496852 80.61377584337751 51.749132733669654
      vertex 168.0756443727015 81.53209811884945 52.103939067374725
      vertex 169.06012562496852 79.33462766618312 55.059869192290435
    endloop
  endfacet
  facet normal 0.7071067811865418 0.6595878863163643 0.25484077425859275
    outer loop
      vertex 168.0756443727015 81.53209811884945 52.103939067374725
      vertex 168.0756443727015 80.23269701490835 55.46709486581053
      vertex 169.06012562496852 79.33462766618312 55.059869192290435
    endloop
  endfacet
  facet normal -5.07902974700938e-16 0.360399279202162 -0.932798134405597
    outer loop
      vertex 165.45999999999998 82.32485935035795 52.41023317954847
      vertex 166.8351256249685 82.12169731356214 52.331738756240995
      vertex 165.45999999999998 80.41262317482648 51.67141465718404
    endloop
  endfacet
  facet normal -2.358730956802041e-15 0.3603992792021625 -0.9327981344055967
    outer loop
      vertex 168.0756443727015 81.53209811884945 52.103939067374725
      vertex 166.20164078649987 80.30305263812762 51.62908058618675
      vertex 166.8351256249685 82.12169731356214 52.331738756240995
    endloop
  endfacet
  facet normal -0.15643446504024192 0.9213138414813028 0.3559621660268659
    outer loop
      vertex 164.08487437503146 82.12169731356214 52.331738756240995
      vertex 165.45999999999998 81.02390207667203 55.77741671144146
      vertex 165.45999999999998 82.32485935035795 52.41023317954847
    endloop
  endfacet
  facet normal 0.15643446504024192 0.9213138414813028 0.35596216602686587
    outer loop
      vertex 165.45999999999998 82.32485935035795 52.41023317954847
      vertex 166.8351256249685 80.82074003987621 55.698922288133986
      vertex 166.8351256249685 82.12169731356214 52.331738756240995
    endloop
  endfacet
  facet normal 0.4539904997395436 0.8311292235061273 0.32111810908190996
    outer loop
      vertex 168.0756443727015 81.53209811884945 52.103939067374725
      vertex 166.8351256249685 82.12169731356214 52.331738756240995
      vertex 168 80.26709343460311 55.485013372460294
    endloop
  endfacet
  facet normal 0.707106781186544 -0.6595878863163614 -0.2548407742585941
    outer loop
      vertex 163.5183592135001 77.75987508032956 55.792297147250196
      vertex 163.5183592135001 79.48979162049994 51.31486610210333
      vertex 164.04931539449805 78.25515001541557 55.98365337216978
    endloop
  endfacet
  facet normal 0.45399049973954647 -0.8311292235061251 -0.32111810908191185
    outer loop
      vertex 164.04931539449805 78.25515001541557 55.98365337216978
      vertex 164.04931539449805 79.98506655558595 51.50622232702292
      vertex 164.71835921350012 78.57313609795725 56.10651163133361
    endloop
  endfacet
  facet normal 0.15643446504022995 -0.9213138414813041 -0.3559621660268679
    outer loop
      vertex 164.71835921350012 78.57313609795725 56.10651163133361
      vertex 164.71835921350012 80.30305263812762 51.62908058618675
      vertex 165.45999999999998 78.6827066346561 56.1488457023309
    endloop
  endfacet
  facet normal -0.4539904997395518 0.8311292235061227 0.32111810908191
    outer loop
      vertex 162.84435562729848 81.53209811884945 52.103939067374725
      vertex 162.84435562729848 80.23114084516352 55.471122599267716
      vertex 164.08487437503146 80.82074003987621 55.698922288133986
    endloop
  endfacet
  facet normal -0.15643446504024192 0.9213138414813028 0.35596216602686587
    outer loop
      vertex 164.08487437503146 82.12169731356214 52.331738756240995
      vertex 164.08487437503146 80.82074003987621 55.698922288133986
      vertex 165.45999999999998 81.02390207667203 55.77741671144146
    endloop
  endfacet
  facet normal 2.8660811735871257e-15 0.3603992792021616 -0.932798134405597
    outer loop
      vertex 162.84435562729848 80.23114084516352 55.471122599267716
      vertex 168 90.4 59.4
      vertex 164.08487437503146 80.82074003987621 55.698922288133986
    endloop
  endfacet
  facet normal -0.15643446504022412 -0.9213138414813052 -0.35596216602686775
    outer loop
      vertex 165.45999999999998 78.6827066346561 56.1488457023309
      vertex 165.45999999999998 80.41262317482648 51.67141465718404
      vertex 166.20164078649987 78.57313609795725 56.10651163133361
    endloop
  endfacet
  facet normal -0.7071067811865629 -0.6595878863163437 -0.2548407742585876
    outer loop
      vertex 166.87068460550194 78.25515001541557 55.98365337216978
      vertex 166.87068460550194 79.98506655558595 51.506222327022925
      vertex 167.40164078649985 77.75987508032956 55.792297147250196
    endloop
  endfacet
  facet normal -0.4539904997395464 -0.831129223506125 -0.32111810908191224
    outer loop
      vertex 166.87068460550194 78.25515001541557 55.98365337216978
      vertex 166.20164078649987 78.57313609795725 56.10651163133361
      vertex 166.20164078649987 80.30305263812762 51.62908058618675
    endloop
  endfacet
  facet normal 0.45399049973953925 0.8311292235061288 0.3211181090819124
    outer loop
      vertex 166.8351256249685 82.12169731356214 52.331738756240995
      vertex 166.8351256249685 80.82074003987621 55.698922288133986
      vertex 168 80.26709343460311 55.485013372460294
    endloop
  endfacet
  facet normal 0.45399049973953315 0.8311292235061325 0.3211181090819116
    outer loop
      vertex 168.0756443727015 81.53209811884945 52.103939067374725
      vertex 168 80.26709343460311 55.485013372460294
      vertex 168.0756443727015 80.23269701490835 55.46709486581053
    endloop
  endfacet
  facet normal 0.156434465040242 0.9213138414813028 0.35596216602686587
    outer loop
      vertex 165.45999999999998 82.32485935035795 52.41023317954847
      vertex 165.45999999999998 81.02390207667203 55.77741671144146
      vertex 166.8351256249685 80.82074003987621 55.698922288133986
    endloop
  endfacet
  facet normal -0.18061263926446877 0.3544722632476232 -0.9174576225232589
    outer loop
      vertex 169.91 76.92043025853806 54.05075081789054
      vertex 169.73049516849971 77.96573618001202 54.48995671389778
      vertex 169.73049516849971 90.67408350874715 59.4
    endloop
  endfacet
  facet normal -0.056988869836039575 0.3598135632462894 -0.9312821636962771
    outer loop
      vertex 169.73049516849971 77.96573618001202 54.48995671389778
      vertex 169.69220149751342 78.19047727200856 54.57913184189648
      vertex 169.73049516849971 90.67408350874715 59.4
    endloop
  endfacet
  facet normal 4.3331067746609866e-16 0.3603992792021624 -0.9327981344055967
    outer loop
      vertex 164.08487437503146 80.82074003987621 55.698922288133986
      vertex 168 90.4 59.4
      vertex 165.45999999999998 81.02390207667203 55.77741671144146
    endloop
  endfacet
  facet normal -3.9591138797678477e-16 0.3603992792021626 -0.9327981344055967
    outer loop
      vertex 165.45999999999998 81.02390207667203 55.77741671144146
      vertex 168 90.4 59.4
      vertex 166.8351256249685 80.82074003987621 55.698922288133986
    endloop
  endfacet
  facet normal 5.245892585252803e-15 0.360399279202162 -0.9327981344055969
    outer loop
      vertex 166.8351256249685 80.82074003987621 55.698922288133986
      vertex 168 90.4 59.4
      vertex 168 80.26709343460311 55.485013372460294
    endloop
  endfacet
  facet normal -0.056988869835941175 0.3598135632462911 -0.9312821636962825
    outer loop
      vertex 169.06012562496852 79.33462766618312 55.059869192290435
      vertex 169.73049516849971 90.67408350874715 59.4
      vertex 169.69220149751342 78.19047727200856 54.57913184189648
    endloop
  endfacet
  facet normal -0.056988869835941064 0.3598135632462911 -0.9312821636962824
    outer loop
      vertex 169.06012562496852 79.33462766618312 55.059869192290435
      vertex 168.0756443727015 80.23269701490835 55.46709486581053
      vertex 169.73049516849971 90.67408350874715 59.4
    endloop
  endfacet
  facet normal -0.056988869836002334 0.3598135632462984 -0.9312821636962759
    outer loop
      vertex 168.0756443727015 80.23269701490835 55.46709486581053
      vertex 168 80.26709343460311 55.485013372460294
      vertex 169.73049516849971 90.67408350874715 59.4
    endloop
  endfacet
  facet normal -0.05698886983594055 0.35981356324629066 -0.9312821636962828
    outer loop
      vertex 168 80.26709343460311 55.485013372460294
      vertex 168 90.4 59.4
      vertex 169.73049516849971 90.67408350874715 59.4
    endloop
  endfacet
  facet normal 0 0 1
    outer loop
      vertex 170.47213595499957 88.39154786963877 62
      vertex 172.7022820183398 89.52786404500043 62
      vertex 174.47213595499957 91.29771798166021 62
    endloop
  endfacet
  facet normal 0 0 -1
    outer loop
      vertex 168 90.4 59.4
      vertex 168 101.6 59.4
      vertex 169.73049516849971 90.67408350874715 59.4
    endloop
  endfacet
  facet normal 0 0 1
    outer loop
      vertex 168 88 62
      vertex 170.47213595499957 88.39154786963877 62
      vertex 168 104 62
    endloop
  endfacet
  facet normal 0 0 -1
    outer loop
      vertex 169.73049516849971 90.67408350874715 59.4
      vertex 168 101.6 59.4
      vertex 173.32591649125285 94.2695048315003 59.4
    endloop
  endfacet
  facet normal 0 0 -1
    outer loop
      vertex 169.73049516849971 90.67408350874715 59.4
      vertex 173.32591649125285 94.2695048315003 59.4
      vertex 171.29159741283786 91.4695048315003 59.4
    endloop
  endfacet
  facet normal 0 0 -1
    outer loop
      vertex 171.29159741283786 91.4695048315003 59.4
      vertex 173.32591649125285 94.2695048315003 59.4
      vertex 172.5304951684997 92.70840258716215 59.4
    endloop
  endfacet
  facet normal 0 0 1
    outer loop
      vertex 174.47213595499957 91.29771798166021 62
      vertex 175.60845213036123 93.52786404500043 62
      vertex 176 96 62
    endloop
  endfacet
  facet normal 0 0 -1
    outer loop
      vertex 173.32591649125285 94.2695048315003 59.4
      vertex 168 101.6 59.4
      vertex 173.6 96 59.4
    endloop
  endfacet
  facet normal 0 0 1
    outer loop
      vertex 170.47213595499957 88.39154786963877 62
      vertex 174.47213595499957 91.29771798166021 62
      vertex 168 104 62
    endloop
  endfacet
  facet normal 0 0 1
    outer loop
      vertex 174.47213595499957 91.29771798166021 62
      vertex 176 96 62
      vertex 168 104 62
    endloop
  endfacet
  facet normal 0 0 -1
    outer loop
      vertex 168 101.6 59.4
      vertex 169.73049516849971 101.32591649125285 59.4
      vertex 171.29159741283786 100.5304951684997 59.4
    endloop
  endfacet
  facet normal 0 0 1
    outer loop
      vertex 168 104 62
      vertex 172.7022820183398 102.47213595499957 62
      vertex 170.47213595499957 103.60845213036123 62
    endloop
  endfacet
  facet normal 0 0 -1
    outer loop
      vertex 173.6 96 59.4
      vertex 168 101.6 59.4
      vertex 173.32591649125285 97.7304951684997 59.4
    endloop
  endfacet
  facet normal 0 0 -1
    outer loop
      vertex 168 101.6 59.4
      vertex 171.29159741283786 100.5304951684997 59.4
      vertex 173.32591649125285 97.7304951684997 59.4
    endloop
  endfacet
  facet normal 0 0 -1
    outer loop
      vertex 171.29159741283786 100.5304951684997 59.4
      vertex 172.5304951684997 99.29159741283785 59.4
      vertex 173.32591649125285 97.7304951684997 59.4
    endloop
  endfacet
  facet normal 0 0 1
    outer loop
      vertex 176 96 62
      vertex 174.47213595499957 100.70228201833979 62
      vertex 168 104 62
    endloop
  endfacet
  facet normal 0 0 1
    outer loop
      vertex 176 96 62
      vertex 175.60845213036123 98.47213595499957 62
      vertex 174.47213595499957 100.70228201833979 62
    endloop
  endfacet
  facet normal 0 0 1
    outer loop
      vertex 168 104 62
      vertex 174.47213595499957 100.70228201833979 62
      vertex 172.7022820183398 102.47213595499957 62
    endloop
  endfacet
endsolid OpenSCAD_Model
