solid OpenSCAD_Model
  facet normal 0 0 -1
    outer loop
      vertex -79.31114100664854 -36.706067979335785 0
      vertex -77.64618124197033 -35.54758313903115 0
      vertex -78.19606797397137 -37.2742260619998 0
    endloop
  endfacet
  facet normal 0 0 -1
    outer loop
      vertex -79.31114100664854 -36.706067979335785 0
      vertex -80.19606797397137 -35.82114101201296 0
      vertex -78.07758313903115 -35.116181241970324 0
    endloop
  endfacet
  facet normal 0 0 -1
    outer loop
      vertex -80.19606797397137 -35.82114101201296 0
      vertex -78.35456020677555 -34.572583139031146 0
      vertex -78.07758313903115 -35.116181241970324 0
    endloop
  endfacet
  facet normal 0 0 -1
    outer loop
      vertex -78.19606797397137 -37.2742260619998 0
      vertex -76.5 -35.92 0
      vertex -76.96000000089407 -37.46999999880791 0
    endloop
  endfacet
  facet normal 0 0 -1
    outer loop
      vertex -78.19606797397137 -37.2742260619998 0
      vertex -77.10258313903115 -35.82456020677555 0
      vertex -76.5 -35.92 0
    endloop
  endfacet
  facet normal 0 0 -1
    outer loop
      vertex -76.96000000089407 -37.46999999880791 0
      vertex -76.5 -35.92 0
      vertex -75.89741686096885 -35.82456020677555 0
    endloop
  endfacet
  facet normal 0 0 -1
    outer loop
      vertex -79.31114100664854 -36.706067979335785 0
      vertex -78.07758313903115 -35.116181241970324 0
      vertex -77.64618124197033 -35.54758313903115 0
    endloop
  endfacet
  facet normal 0 0 -1
    outer loop
      vertex -78.19606797397137 -37.2742260619998 0
      vertex -77.64618124197033 -35.54758313903115 0
      vertex -77.10258313903115 -35.82456020677555 0
    endloop
  endfacet
  facet normal 0 0 -1
    outer loop
      vertex -76.96000000089407 -37.46999999880791 0
      vertex -75.89741686096885 -35.82456020677555 0
      vertex -75.35381875802967 -35.54758313903115 0
    endloop
  endfacet
  facet normal 0 0 -1
    outer loop
      vertex -80.19606797397137 -35.82114101201296 0
      vertex -80.76422606408596 -34.706067979335785 0
      vertex -78.35456020677555 -34.572583139031146 0
    endloop
  endfacet
  facet normal 0 0 -1
    outer loop
      vertex -80.76422606408596 -34.706067979335785 0
      vertex -78.45 -33.97 0
      vertex -78.35456020677555 -34.572583139031146 0
    endloop
  endfacet
  facet normal 0 0 -1
    outer loop
      vertex -80.76422606408596 -34.706067979335785 0
      vertex -78.35456020677555 -33.36741686096885 0
      vertex -78.45 -33.97 0
    endloop
  endfacet
  facet normal 0 0 -1
    outer loop
      vertex -80.76422606408596 -34.706067979335785 0
      vertex -80.96000000089407 -33.46999999880791 0
      vertex -78.07758313903115 -32.823818758029674 0
    endloop
  endfacet
  facet normal 0 0 -1
    outer loop
      vertex -80.76422606408596 -34.706067979335785 0
      vertex -78.07758313903115 -32.823818758029674 0
      vertex -78.35456020677555 -33.36741686096885 0
    endloop
  endfacet
  facet normal 0 0 -1
    outer loop
      vertex -80.96000000089407 -33.46999999880791 0
      vertex -77.64618124197033 -32.39241686096885 0
      vertex -78.07758313903115 -32.823818758029674 0
    endloop
  endfacet
  facet normal 0 0 -1
    outer loop
      vertex -76.96000000089407 -37.46999999880791 0
      vertex -75.35381875802967 -35.54758313903115 0
      vertex -74.92241686096885 -35.116181241970324 0
    endloop
  endfacet
  facet normal 0 0 -1
    outer loop
      vertex -76.96000000089407 -37.46999999880791 0
      vertex -74.92241686096885 -35.116181241970324 0
      vertex -66.25 -25.61999999731779 0
    endloop
  endfacet
  facet normal 0 0 -1
    outer loop
      vertex -66.25 -25.61999999731779 0
      vertex -74.92241686096885 -35.116181241970324 0
      vertex -74.64543979322445 -34.572583139031146 0
    endloop
  endfacet
  facet normal 0 0 -1
    outer loop
      vertex -67.42557050287724 -25.23803398758173 0
      vertex -74.64543979322445 -34.572583139031146 0
      vertex -74.55 -33.97 0
    endloop
  endfacet
  facet normal 0 0 -1
    outer loop
      vertex -67.42557050287724 -25.23803398758173 0
      vertex -74.55 -33.97 0
      vertex -74.64543979322445 -33.36741686096885 0
    endloop
  endfacet
  facet normal 0 0 -1
    outer loop
      vertex -67.42557050287724 -25.23803398758173 0
      vertex -74.64543979322445 -33.36741686096885 0
      vertex -74.92241686096885 -32.823818758029674 0
    endloop
  endfacet
  facet normal 0 0 -1
    outer loop
      vertex -80.96000000089407 -33.46999999880791 0
      vertex -67.42557050287724 -25.23803398758173 0
      vertex -77.64618124197033 -32.39241686096885 0
    endloop
  endfacet
  facet normal 0 0 -1
    outer loop
      vertex -67.42557050287724 -25.23803398758173 0
      vertex -77.10258313903115 -32.115439793224446 0
      vertex -77.64618124197033 -32.39241686096885 0
    endloop
  endfacet
  facet normal 0 0 -1
    outer loop
      vertex -67.42557050287724 -25.23803398758173 0
      vertex -76.5 -32.019999999999996 0
      vertex -77.10258313903115 -32.115439793224446 0
    endloop
  endfacet
  facet normal 0 0 -1
    outer loop
      vertex -67.42557050287724 -25.23803398758173 0
      vertex -75.89741686096885 -32.115439793224446 0
      vertex -76.5 -32.019999999999996 0
    endloop
  endfacet
  facet normal 0 0 -1
    outer loop
      vertex -67.42557050287724 -25.23803398758173 0
      vertex -75.35381875802967 -32.39241686096885 0
      vertex -75.89741686096885 -32.115439793224446 0
    endloop
  endfacet
  facet normal 0 0 -1
    outer loop
      vertex -67.42557050287724 -25.23803398758173 0
      vertex -74.92241686096885 -32.823818758029674 0
      vertex -75.35381875802967 -32.39241686096885 0
    endloop
  endfacet
  facet normal 0 0 -1
    outer loop
      vertex -67.42557050287724 -25.23803398758173 0
      vertex -66.86803399026394 -25.522113032639027 0
      vertex -74.64543979322445 -34.572583139031146 0
    endloop
  endfacet
  facet normal 0 0 -1
    outer loop
      vertex -66.86803399026394 -25.522113032639027 0
      vertex -66.25 -25.61999999731779 0
      vertex -74.64543979322445 -34.572583139031146 0
    endloop
  endfacet
  facet normal 0 0 -1
    outer loop
      vertex -80.96000000089407 -33.46999999880791 0
      vertex -80.96000000089407 -18.25 0
      vertex -68.25 -23.61999999731779 0
    endloop
  endfacet
  facet normal 0 0 -1
    outer loop
      vertex -80.96000000089407 -33.46999999880791 0
      vertex -67.86803399026394 -24.795570507645607 0
      vertex -67.42557050287724 -25.23803398758173 0
    endloop
  endfacet
  facet normal 0 0 -1
    outer loop
      vertex -80.96000000089407 -33.46999999880791 0
      vertex -68.15211303532124 -24.23803398758173 0
      vertex -67.86803399026394 -24.795570507645607 0
    endloop
  endfacet
  facet normal 0 0 -1
    outer loop
      vertex -80.96000000089407 -33.46999999880791 0
      vertex -68.25 -23.61999999731779 0
      vertex -68.15211303532124 -24.23803398758173 0
    endloop
  endfacet
  facet normal 0 0 -1
    outer loop
      vertex -68.25 -23.61999999731779 0
      vertex -80.96000000089407 -18.25 0
      vertex -68.25 -18.25 0
    endloop
  endfacet
  facet normal -0.45399049623154547 -0.8910065259757839 0
    outer loop
      vertex -79.31114100664854 -36.706067979335785 0
      vertex -78.19606797397137 -37.2742260619998 0
      vertex -79.31114100664854 -36.706067979335785 3.6
    endloop
  endfacet
  facet normal -0.7071067811865476 -0.7071067811865476 -1.2321265205598635e-17
    outer loop
      vertex -79.31114100664854 -36.706067979335785 0
      vertex -80.19606797397137 -35.82114101201296 3.6
      vertex -80.19606797397137 -35.82114101201296 0
    endloop
  endfacet
  facet normal -0.1564344671364511 -0.9876883402631291 0
    outer loop
      vertex -78.19606797397137 -37.2742260619998 0
      vertex -76.96000000089407 -37.46999999880791 0
      vertex -78.19606797397137 -37.2742260619998 3.6
    endloop
  endfacet
  facet normal 0.7071067811865475 0.7071067811865475 3.6318843834690755e-18
    outer loop
      vertex -77.64618124197033 -35.54758313903115 0
      vertex -78.07758313903115 -35.116181241970324 0
      vertex -78.07758313903115 -35.116181241970324 3.6
    endloop
  endfacet
  facet normal 0.4539904997395525 0.8910065241883651 6.186373338243017e-18
    outer loop
      vertex -77.10258313903115 -35.82456020677555 0
      vertex -77.64618124197033 -35.54758313903115 0
      vertex -77.64618124197033 -35.54758313903115 3.6
    endloop
  endfacet
  facet normal 0.15643446504022904 0.987688340595138 0
    outer loop
      vertex -77.10258313903115 -35.82456020677555 0
      vertex -77.10258313903115 -35.82456020677555 3.6
      vertex -76.5 -35.92 0
    endloop
  endfacet
  facet normal -0.15643446504022904 0.987688340595138 0
    outer loop
      vertex -76.5 -35.92 0
      vertex -76.5 -35.92 3.6
      vertex -75.89741686096885 -35.82456020677555 0
    endloop
  endfacet
  facet normal -0.8910065235675684 -0.4539905009579345 0
    outer loop
      vertex -80.19606797397137 -35.82114101201296 0
      vertex -80.76422606408596 -34.706067979335785 3.6
      vertex -80.76422606408596 -34.706067979335785 0
    endloop
  endfacet
  facet normal 0.9876883405951359 0.15643446504024222 2.856550276979694e-19
    outer loop
      vertex -78.35456020677555 -34.572583139031146 0
      vertex -78.45 -33.97 0
      vertex -78.45 -33.97 3.6
    endloop
  endfacet
  facet normal -0.9876883404088199 -0.15643446621659463 0
    outer loop
      vertex -80.76422606408596 -34.706067979335785 0
      vertex -80.96000000089407 -33.46999999880791 3.6
      vertex -80.96000000089407 -33.46999999880791 0
    endloop
  endfacet
  facet normal 0.9876883405951359 -0.15643446504024222 -2.856550276979694e-19
    outer loop
      vertex -78.45 -33.97 0
      vertex -78.35456020677555 -33.36741686096885 0
      vertex -78.35456020677555 -33.36741686096885 3.6
    endloop
  endfacet
  facet normal 0.8910065241883722 0.45399049973953853 -3.228526420924682e-18
    outer loop
      vertex -78.07758313903115 -35.116181241970324 0
      vertex -78.35456020677555 -34.572583139031146 0
      vertex -78.35456020677555 -34.572583139031146 3.6
    endloop
  endfacet
  facet normal 0.8910065241883722 -0.45399049973953853 3.228526420924682e-18
    outer loop
      vertex -78.35456020677555 -33.36741686096885 0
      vertex -78.07758313903115 -32.823818758029674 0
      vertex -78.07758313903115 -32.823818758029674 3.6
    endloop
  endfacet
  facet normal -0.4539904997395525 0.8910065241883651 0
    outer loop
      vertex -75.89741686096885 -35.82456020677555 0
      vertex -75.89741686096885 -35.82456020677555 3.6
      vertex -75.35381875802967 -35.54758313903115 0
    endloop
  endfacet
  facet normal -0.7071067811865475 0.7071067811865475 -3.6318843834690755e-18
    outer loop
      vertex -74.92241686096885 -35.116181241970324 0
      vertex -75.35381875802967 -35.54758313903115 0
      vertex -75.35381875802967 -35.54758313903115 3.6
    endloop
  endfacet
  facet normal -0.8910065241883722 0.45399049973953853 3.228526420924682e-18
    outer loop
      vertex -74.64543979322445 -34.572583139031146 0
      vertex -74.92241686096885 -35.116181241970324 0
      vertex -74.92241686096885 -35.116181241970324 3.6
    endloop
  endfacet
  facet normal -0.9876883405951359 0.15643446504024222 -2.856550276979694e-19
    outer loop
      vertex -74.55 -33.97 0
      vertex -74.64543979322445 -34.572583139031146 0
      vertex -74.64543979322445 -34.572583139031146 3.6
    endloop
  endfacet
  facet normal -0.9876883405951359 -0.15643446504024222 2.856550276979694e-19
    outer loop
      vertex -74.64543979322445 -33.36741686096885 0
      vertex -74.55 -33.97 0
      vertex -74.55 -33.97 3.6
    endloop
  endfacet
  facet normal -0.8910065241883722 -0.45399049973953853 -3.228526420924682e-18
    outer loop
      vertex -74.92241686096885 -32.823818758029674 0
      vertex -74.64543979322445 -33.36741686096885 0
      vertex -74.64543979322445 -33.36741686096885 3.6
    endloop
  endfacet
  facet normal 0.7071067811865475 -0.7071067811865475 0
    outer loop
      vertex -77.64618124197033 -32.39241686096885 0
      vertex -77.64618124197033 -32.39241686096885 3.6
      vertex -78.07758313903115 -32.823818758029674 0
    endloop
  endfacet
  facet normal 0.4539904997395525 -0.8910065241883651 -6.186373338243017e-18
    outer loop
      vertex -77.64618124197033 -32.39241686096885 0
      vertex -77.10258313903115 -32.115439793224446 0
      vertex -77.10258313903115 -32.115439793224446 3.6
    endloop
  endfacet
  facet normal 0.15643446504022904 -0.987688340595138 0
    outer loop
      vertex -76.5 -32.019999999999996 0
      vertex -76.5 -32.019999999999996 3.6
      vertex -77.10258313903115 -32.115439793224446 0
    endloop
  endfacet
  facet normal -0.15643446504022904 -0.987688340595138 0
    outer loop
      vertex -75.89741686096885 -32.115439793224446 0
      vertex -75.89741686096885 -32.115439793224446 3.6
      vertex -76.5 -32.019999999999996 0
    endloop
  endfacet
  facet normal -0.4539904997395525 -0.8910065241883651 0
    outer loop
      vertex -75.35381875802967 -32.39241686096885 0
      vertex -75.35381875802967 -32.39241686096885 3.6
      vertex -75.89741686096885 -32.115439793224446 0
    endloop
  endfacet
  facet normal -0.7071067811865475 -0.7071067811865475 0
    outer loop
      vertex -74.92241686096885 -32.823818758029674 0
      vertex -74.92241686096885 -32.823818758029674 3.6
      vertex -75.35381875802967 -32.39241686096885 0
    endloop
  endfacet
  facet normal -1 0 0
    outer loop
      vertex -80.96000000089407 -33.46999999880791 0
      vertex -80.96000000089407 -18.25 3.6
      vertex -80.96000000089407 -18.25 0
    endloop
  endfacet
  facet normal 0.9876883413286764 0.1564344604088496 0
    outer loop
      vertex -68.15211303532124 -24.23803398758173 0
      vertex -68.25 -23.61999999731779 0
      vertex -68.15211303532124 -24.23803398758173 3.6
    endloop
  endfacet
  facet normal 0.4539905033661498 0.8910065223405214 0
    outer loop
      vertex -67.42557050287724 -25.23803398758173 0
      vertex -66.86803399026394 -25.522113032639027 3.6
      vertex -66.86803399026394 -25.522113032639027 0
    endloop
  endfacet
  facet normal 0.7071067752331115 0.7071067871399834 0
    outer loop
      vertex -67.42557050287724 -25.23803398758173 0
      vertex -67.86803399026394 -24.795570507645607 0
      vertex -67.42557050287724 -25.23803398758173 3.6
    endloop
  endfacet
  facet normal 0.8910065247946155 0.453990498549719 0
    outer loop
      vertex -68.15211303532124 -24.23803398758173 0
      vertex -67.86803399026394 -24.795570507645607 3.6
      vertex -67.86803399026394 -24.795570507645607 0
    endloop
  endfacet
  facet normal 0.1564344604088496 0.9876883413286764 0
    outer loop
      vertex -66.86803399026394 -25.522113032639027 0
      vertex -66.25 -25.61999999731779 3.6
      vertex -66.25 -25.61999999731779 0
    endloop
  endfacet
  facet normal 1 0 0
    outer loop
      vertex -68.25 -23.61999999731779 0
      vertex -68.25 -18.25 0
      vertex -68.25 -23.61999999731779 3.6
    endloop
  endfacet
  facet normal 0 1 0
    outer loop
      vertex -80.96000000089407 -18.25 0
      vertex -68.25 -18.25 3.6
      vertex -68.25 -18.25 0
    endloop
  endfacet
  facet normal 0 0 -1
    outer loop
      vertex -76.96000000089407 -37.46999999880791 0
      vertex -66.25 -25.61999999731779 0
      vertex 80.46000000089407 -37.46999999880791 0
    endloop
  endfacet
  facet normal 0 -1 0
    outer loop
      vertex -76.96000000089407 -37.46999999880791 0
      vertex 80.46000000089407 -37.46999999880791 0
      vertex -76.96000000089407 -37.46999999880791 3.6
    endloop
  endfacet
  facet normal -0.45399049623154547 -0.8910065259757839 0
    outer loop
      vertex -78.19606797397137 -37.2742260619998 0
      vertex -78.19606797397137 -37.2742260619998 3.6
      vertex -79.31114100664854 -36.706067979335785 3.6
    endloop
  endfacet
  facet normal -0.7071067811865476 -0.7071067811865476 0
    outer loop
      vertex -79.31114100664854 -36.706067979335785 0
      vertex -79.31114100664854 -36.706067979335785 3.6
      vertex -80.19606797397137 -35.82114101201296 3.6
    endloop
  endfacet
  facet normal -0.8910065235675684 -0.4539905009579345 0
    outer loop
      vertex -80.19606797397137 -35.82114101201296 0
      vertex -80.19606797397137 -35.82114101201296 3.6
      vertex -80.76422606408596 -34.706067979335785 3.6
    endloop
  endfacet
  facet normal -0.1564344671364511 -0.9876883402631291 0
    outer loop
      vertex -76.96000000089407 -37.46999999880791 0
      vertex -76.96000000089407 -37.46999999880791 3.6
      vertex -78.19606797397137 -37.2742260619998 3.6
    endloop
  endfacet
  facet normal 0.4539904997395525 0.8910065241883651 0
    outer loop
      vertex -77.10258313903115 -35.82456020677555 0
      vertex -77.64618124197033 -35.54758313903115 3.6
      vertex -77.10258313903115 -35.82456020677555 3.6
    endloop
  endfacet
  facet normal 0.7071067811865475 0.7071067811865475 3.6318843834690755e-18
    outer loop
      vertex -78.07758313903115 -35.116181241970324 3.6
      vertex -77.64618124197033 -35.54758313903115 3.6
      vertex -77.64618124197033 -35.54758313903115 0
    endloop
  endfacet
  facet normal 0.15643446504022904 0.987688340595138 0
    outer loop
      vertex -76.5 -35.92 0
      vertex -77.10258313903115 -35.82456020677555 3.6
      vertex -76.5 -35.92 3.6
    endloop
  endfacet
  facet normal -0.15643446504022904 0.987688340595138 0
    outer loop
      vertex -75.89741686096885 -35.82456020677555 0
      vertex -76.5 -35.92 3.6
      vertex -75.89741686096885 -35.82456020677555 3.6
    endloop
  endfacet
  facet normal -0.9876883404088199 -0.15643446621659463 0
    outer loop
      vertex -80.76422606408596 -34.706067979335785 0
      vertex -80.76422606408596 -34.706067979335785 3.6
      vertex -80.96000000089407 -33.46999999880791 3.6
    endloop
  endfacet
  facet normal 0.9876883405951359 0.15643446504024222 2.856550276979694e-19
    outer loop
      vertex -78.45 -33.97 3.6
      vertex -78.35456020677555 -34.572583139031146 3.6
      vertex -78.35456020677555 -34.572583139031146 0
    endloop
  endfacet
  facet normal 0.9876883405951359 -0.15643446504024222 0
    outer loop
      vertex -78.45 -33.97 0
      vertex -78.35456020677555 -33.36741686096885 3.6
      vertex -78.45 -33.97 3.6
    endloop
  endfacet
  facet normal 0.8910065241883722 0.45399049973953853 0
    outer loop
      vertex -78.07758313903115 -35.116181241970324 0
      vertex -78.35456020677555 -34.572583139031146 3.6
      vertex -78.07758313903115 -35.116181241970324 3.6
    endloop
  endfacet
  facet normal 0.8910065241883722 -0.45399049973953853 0
    outer loop
      vertex -78.35456020677555 -33.36741686096885 0
      vertex -78.07758313903115 -32.823818758029674 3.6
      vertex -78.35456020677555 -33.36741686096885 3.6
    endloop
  endfacet
  facet normal -0.4539904997395525 0.8910065241883651 0
    outer loop
      vertex -75.35381875802967 -35.54758313903115 0
      vertex -75.89741686096885 -35.82456020677555 3.6
      vertex -75.35381875802967 -35.54758313903115 3.6
    endloop
  endfacet
  facet normal -0.7071067811865475 0.7071067811865475 -3.6318843834690755e-18
    outer loop
      vertex -75.35381875802967 -35.54758313903115 3.6
      vertex -74.92241686096885 -35.116181241970324 3.6
      vertex -74.92241686096885 -35.116181241970324 0
    endloop
  endfacet
  facet normal -0.8910065241883722 0.45399049973953853 3.228526420924682e-18
    outer loop
      vertex -74.92241686096885 -35.116181241970324 3.6
      vertex -74.64543979322445 -34.572583139031146 3.6
      vertex -74.64543979322445 -34.572583139031146 0
    endloop
  endfacet
  facet normal -0.9876883405951359 0.15643446504024222 0
    outer loop
      vertex -74.55 -33.97 0
      vertex -74.64543979322445 -34.572583139031146 3.6
      vertex -74.55 -33.97 3.6
    endloop
  endfacet
  facet normal -0.9876883405951359 -0.15643446504024222 0
    outer loop
      vertex -74.64543979322445 -33.36741686096885 0
      vertex -74.55 -33.97 3.6
      vertex -74.64543979322445 -33.36741686096885 3.6
    endloop
  endfacet
  facet normal -0.8910065241883722 -0.45399049973953853 0
    outer loop
      vertex -74.92241686096885 -32.823818758029674 0
      vertex -74.64543979322445 -33.36741686096885 3.6
      vertex -74.92241686096885 -32.823818758029674 3.6
    endloop
  endfacet
  facet normal 0.7071067811865475 -0.7071067811865475 0
    outer loop
      vertex -78.07758313903115 -32.823818758029674 0
      vertex -77.64618124197033 -32.39241686096885 3.6
      vertex -78.07758313903115 -32.823818758029674 3.6
    endloop
  endfacet
  facet normal 0.4539904997395525 -0.8910065241883651 0
    outer loop
      vertex -77.64618124197033 -32.39241686096885 0
      vertex -77.10258313903115 -32.115439793224446 3.6
      vertex -77.64618124197033 -32.39241686096885 3.6
    endloop
  endfacet
  facet normal 0.15643446504022904 -0.987688340595138 0
    outer loop
      vertex -77.10258313903115 -32.115439793224446 0
      vertex -76.5 -32.019999999999996 3.6
      vertex -77.10258313903115 -32.115439793224446 3.6
    endloop
  endfacet
  facet normal -0.15643446504022904 -0.987688340595138 0
    outer loop
      vertex -76.5 -32.019999999999996 0
      vertex -75.89741686096885 -32.115439793224446 3.6
      vertex -76.5 -32.019999999999996 3.6
    endloop
  endfacet
  facet normal -1 0 0
    outer loop
      vertex -80.96000000089407 -33.46999999880791 0
      vertex -80.96000000089407 -33.46999999880791 3.6
      vertex -80.96000000089407 -18.25 3.6
    endloop
  endfacet
  facet normal -0.7071067811865475 -0.7071067811865475 0
    outer loop
      vertex -75.35381875802967 -32.39241686096885 0
      vertex -74.92241686096885 -32.823818758029674 3.6
      vertex -75.35381875802967 -32.39241686096885 3.6
    endloop
  endfacet
  facet normal -0.4539904997395525 -0.8910065241883651 0
    outer loop
      vertex -75.89741686096885 -32.115439793224446 0
      vertex -75.35381875802967 -32.39241686096885 3.6
      vertex -75.89741686096885 -32.115439793224446 3.6
    endloop
  endfacet
  facet normal 0.8910065247946155 0.453990498549719 0
    outer loop
      vertex -68.15211303532124 -24.23803398758173 0
      vertex -68.15211303532124 -24.23803398758173 3.6
      vertex -67.86803399026394 -24.795570507645607 3.6
    endloop
  endfacet
  facet normal 0.9876883413286764 0.1564344604088496 0
    outer loop
      vertex -68.25 -23.61999999731779 0
      vertex -68.25 -23.61999999731779 3.6
      vertex -68.15211303532124 -24.23803398758173 3.6
    endloop
  endfacet
  facet normal 0.4539905033661498 0.8910065223405214 0
    outer loop
      vertex -67.42557050287724 -25.23803398758173 0
      vertex -67.42557050287724 -25.23803398758173 3.6
      vertex -66.86803399026394 -25.522113032639027 3.6
    endloop
  endfacet
  facet normal 0.7071067752331115 0.7071067871399834 0
    outer loop
      vertex -67.86803399026394 -24.795570507645607 0
      vertex -67.86803399026394 -24.795570507645607 3.6
      vertex -67.42557050287724 -25.23803398758173 3.6
    endloop
  endfacet
  facet normal 0.1564344604088496 0.9876883413286764 0
    outer loop
      vertex -66.86803399026394 -25.522113032639027 0
      vertex -66.86803399026394 -25.522113032639027 3.6
      vertex -66.25 -25.61999999731779 3.6
    endloop
  endfacet
  facet normal 1 0 0
    outer loop
      vertex -68.25 -18.25 0
      vertex -68.25 -18.25 3.6
      vertex -68.25 -23.61999999731779 3.6
    endloop
  endfacet
  facet normal 0 0 1
    outer loop
      vertex -79.31114100664854 -36.706067979335785 3.6
      vertex -78.19606797397137 -37.2742260619998 3.6
      vertex -77.64618124197033 -35.54758313903115 3.6
    endloop
  endfacet
  facet normal 0 0 1
    outer loop
      vertex -79.31114100664854 -36.706067979335785 3.6
      vertex -78.07758313903115 -35.116181241970324 3.6
      vertex -80.19606797397137 -35.82114101201296 3.6
    endloop
  endfacet
  facet normal 0 0 1
    outer loop
      vertex -80.19606797397137 -35.82114101201296 3.6
      vertex -78.07758313903115 -35.116181241970324 3.6
      vertex -78.35456020677555 -34.572583139031146 3.6
    endloop
  endfacet
  facet normal 0 0 1
    outer loop
      vertex -78.19606797397137 -37.2742260619998 3.6
      vertex -76.96000000089407 -37.46999999880791 3.6
      vertex -77.10258313903115 -35.82456020677555 3.6
    endloop
  endfacet
  facet normal 0 0 1
    outer loop
      vertex -76.96000000089407 -37.46999999880791 3.6
      vertex -76.5 -35.92 3.6
      vertex -77.10258313903115 -35.82456020677555 3.6
    endloop
  endfacet
  facet normal 0 0 1
    outer loop
      vertex -76.96000000089407 -37.46999999880791 3.6
      vertex -75.89741686096885 -35.82456020677555 3.6
      vertex -76.5 -35.92 3.6
    endloop
  endfacet
  facet normal 0 0 1
    outer loop
      vertex -79.31114100664854 -36.706067979335785 3.6
      vertex -77.64618124197033 -35.54758313903115 3.6
      vertex -78.07758313903115 -35.116181241970324 3.6
    endloop
  endfacet
  facet normal 0 0 1
    outer loop
      vertex -78.19606797397137 -37.2742260619998 3.6
      vertex -77.10258313903115 -35.82456020677555 3.6
      vertex -77.64618124197033 -35.54758313903115 3.6
    endloop
  endfacet
  facet normal 0 0 1
    outer loop
      vertex -76.96000000089407 -37.46999999880791 3.6
      vertex -75.35381875802967 -35.54758313903115 3.6
      vertex -75.89741686096885 -35.82456020677555 3.6
    endloop
  endfacet
  facet normal 0 0 1
    outer loop
      vertex -80.19606797397137 -35.82114101201296 3.6
      vertex -78.45 -33.97 3.6
      vertex -80.76422606408596 -34.706067979335785 3.6
    endloop
  endfacet
  facet normal 0 0 1
    outer loop
      vertex -80.19606797397137 -35.82114101201296 3.6
      vertex -78.35456020677555 -34.572583139031146 3.6
      vertex -78.45 -33.97 3.6
    endloop
  endfacet
  facet normal 0 0 1
    outer loop
      vertex -80.76422606408596 -34.706067979335785 3.6
      vertex -78.45 -33.97 3.6
      vertex -78.35456020677555 -33.36741686096885 3.6
    endloop
  endfacet
  facet normal 0 0 1
    outer loop
      vertex -80.76422606408596 -34.706067979335785 3.6
      vertex -77.64618124197033 -32.39241686096885 3.6
      vertex -80.96000000089407 -33.46999999880791 3.6
    endloop
  endfacet
  facet normal 0 0 1
    outer loop
      vertex -80.76422606408596 -34.706067979335785 3.6
      vertex -78.35456020677555 -33.36741686096885 3.6
      vertex -78.07758313903115 -32.823818758029674 3.6
    endloop
  endfacet
  facet normal 0 0 1
    outer loop
      vertex -80.76422606408596 -34.706067979335785 3.6
      vertex -78.07758313903115 -32.823818758029674 3.6
      vertex -77.64618124197033 -32.39241686096885 3.6
    endloop
  endfacet
  facet normal 0 0 1
    outer loop
      vertex -76.96000000089407 -37.46999999880791 3.6
      vertex -74.92241686096885 -35.116181241970324 3.6
      vertex -75.35381875802967 -35.54758313903115 3.6
    endloop
  endfacet
  facet normal 0 0 1
    outer loop
      vertex -80.96000000089407 -33.46999999880791 3.6
      vertex -77.64618124197033 -32.39241686096885 3.6
      vertex -77.10258313903115 -32.115439793224446 3.6
    endloop
  endfacet
  facet normal 0 0 1
    outer loop
      vertex -76.96000000089407 -37.46999999880791 3.6
      vertex -66.25 -25.61999999731779 3.6
      vertex -74.92241686096885 -35.116181241970324 3.6
    endloop
  endfacet
  facet normal 0 0 1
    outer loop
      vertex -66.86803399026394 -25.522113032639027 3.6
      vertex -74.64543979322445 -34.572583139031146 3.6
      vertex -74.92241686096885 -35.116181241970324 3.6
    endloop
  endfacet
  facet normal 0 0 1
    outer loop
      vertex -67.42557050287724 -25.23803398758173 3.6
      vertex -74.55 -33.97 3.6
      vertex -74.64543979322445 -34.572583139031146 3.6
    endloop
  endfacet
  facet normal 0 0 1
    outer loop
      vertex -67.42557050287724 -25.23803398758173 3.6
      vertex -74.64543979322445 -33.36741686096885 3.6
      vertex -74.55 -33.97 3.6
    endloop
  endfacet
  facet normal 0 0 1
    outer loop
      vertex -67.42557050287724 -25.23803398758173 3.6
      vertex -74.92241686096885 -32.823818758029674 3.6
      vertex -74.64543979322445 -33.36741686096885 3.6
    endloop
  endfacet
  facet normal 0 0 1
    outer loop
      vertex -80.96000000089407 -33.46999999880791 3.6
      vertex -77.10258313903115 -32.115439793224446 3.6
      vertex -67.42557050287724 -25.23803398758173 3.6
    endloop
  endfacet
  facet normal 0 0 1
    outer loop
      vertex -67.42557050287724 -25.23803398758173 3.6
      vertex -77.10258313903115 -32.115439793224446 3.6
      vertex -76.5 -32.019999999999996 3.6
    endloop
  endfacet
  facet normal 0 0 1
    outer loop
      vertex -67.42557050287724 -25.23803398758173 3.6
      vertex -76.5 -32.019999999999996 3.6
      vertex -75.89741686096885 -32.115439793224446 3.6
    endloop
  endfacet
  facet normal 0 0 1
    outer loop
      vertex -67.42557050287724 -25.23803398758173 3.6
      vertex -75.89741686096885 -32.115439793224446 3.6
      vertex -75.35381875802967 -32.39241686096885 3.6
    endloop
  endfacet
  facet normal 0 0 1
    outer loop
      vertex -67.42557050287724 -25.23803398758173 3.6
      vertex -75.35381875802967 -32.39241686096885 3.6
      vertex -74.92241686096885 -32.823818758029674 3.6
    endloop
  endfacet
  facet normal 0 0 1
    outer loop
      vertex -66.86803399026394 -25.522113032639027 3.6
      vertex -74.92241686096885 -35.116181241970324 3.6
      vertex -66.25 -25.61999999731779 3.6
    endloop
  endfacet
  facet normal 0 0 1
    outer loop
      vertex -67.42557050287724 -25.23803398758173 3.6
      vertex -74.64543979322445 -34.572583139031146 3.6
      vertex -66.86803399026394 -25.522113032639027 3.6
    endloop
  endfacet
  facet normal 0 0 1
    outer loop
      vertex -80.96000000089407 -33.46999999880791 3.6
      vertex -68.25 -23.61999999731779 3.6
      vertex -80.96000000089407 -18.25 3.6
    endloop
  endfacet
  facet normal 0 0 1
    outer loop
      vertex -80.96000000089407 -33.46999999880791 3.6
      vertex -67.42557050287724 -25.23803398758173 3.6
      vertex -67.86803399026394 -24.795570507645607 3.6
    endloop
  endfacet
  facet normal 0 0 1
    outer loop
      vertex -80.96000000089407 -33.46999999880791 3.6
      vertex -67.86803399026394 -24.795570507645607 3.6
      vertex -68.15211303532124 -24.23803398758173 3.6
    endloop
  endfacet
  facet normal 0 0 1
    outer loop
      vertex -80.96000000089407 -33.46999999880791 3.6
      vertex -68.15211303532124 -24.23803398758173 3.6
      vertex -68.25 -23.61999999731779 3.6
    endloop
  endfacet
  facet normal 0 0 1
    outer loop
      vertex -68.25 -23.61999999731779 3.6
      vertex -68.25 -18.25 3.6
      vertex -80.96000000089407 -18.25 3.6
    endloop
  endfacet
  facet normal 0 1 0
    outer loop
      vertex -80.96000000089407 -18.25 0
      vertex -80.96000000089407 -18.25 3.6
      vertex -68.25 -18.25 3.6
    endloop
  endfacet
  facet normal 0 1 0
    outer loop
      vertex -66.25 -25.61999999731779 0
      vertex -66.25 -25.61999999731779 3.6
      vertex 73.25 -25.61999999731779 3.6
    endloop
  endfacet
  facet normal 0 0 1
    outer loop
      vertex -76.96000000089407 -37.46999999880791 3.6
      vertex 80.46000000089407 -37.46999999880791 3.6
      vertex -66.25 -25.61999999731779 3.6
    endloop
  endfacet
  facet normal 0 -1 0
    outer loop
      vertex -80.96000000089407 18.25 0
      vertex -68.25 18.25 0
      vertex -80.96000000089407 18.25 3.6
    endloop
  endfacet
  facet normal 0 0 -1
    outer loop
      vertex -80.96000000089407 18.25 0
      vertex -68.25 23.61999999731779 0
      vertex -68.25 18.25 0
    endloop
  endfacet
  facet normal 0 0 -1
    outer loop
      vertex -80.96000000089407 18.25 0
      vertex -80.96000000089407 33.46999999880791 0
      vertex -68.25 23.61999999731779 0
    endloop
  endfacet
  facet normal 0 0 -1
    outer loop
      vertex -68.25 23.61999999731779 0
      vertex -80.96000000089407 33.46999999880791 0
      vertex -68.15211303532124 24.23803398758173 0
    endloop
  endfacet
  facet normal 0 0 -1
    outer loop
      vertex -68.15211303532124 24.23803398758173 0
      vertex -80.96000000089407 33.46999999880791 0
      vertex -67.86803399026394 24.795570507645607 0
    endloop
  endfacet
  facet normal 0 0 -1
    outer loop
      vertex -67.86803399026394 24.795570507645607 0
      vertex -80.96000000089407 33.46999999880791 0
      vertex -67.42557050287724 25.23803398758173 0
    endloop
  endfacet
  facet normal 0 0 -1
    outer loop
      vertex -80.96000000089407 33.46999999880791 0
      vertex -77.64618124197033 32.39241686096885 0
      vertex -77.10258313903115 32.115439793224446 0
    endloop
  endfacet
  facet normal 0 0 -1
    outer loop
      vertex -67.42557050287724 25.23803398758173 0
      vertex -80.96000000089407 33.46999999880791 0
      vertex -77.10258313903115 32.115439793224446 0
    endloop
  endfacet
  facet normal 0 0 -1
    outer loop
      vertex -67.42557050287724 25.23803398758173 0
      vertex -77.10258313903115 32.115439793224446 0
      vertex -76.5 32.019999999999996 0
    endloop
  endfacet
  facet normal 0 0 -1
    outer loop
      vertex -67.42557050287724 25.23803398758173 0
      vertex -76.5 32.019999999999996 0
      vertex -75.89741686096885 32.115439793224446 0
    endloop
  endfacet
  facet normal 0 0 -1
    outer loop
      vertex -67.42557050287724 25.23803398758173 0
      vertex -75.89741686096885 32.115439793224446 0
      vertex -75.35381875802967 32.39241686096885 0
    endloop
  endfacet
  facet normal 0 0 -1
    outer loop
      vertex -67.42557050287724 25.23803398758173 0
      vertex -75.35381875802967 32.39241686096885 0
      vertex -74.92241686096885 32.823818758029674 0
    endloop
  endfacet
  facet normal 0 0 -1
    outer loop
      vertex -67.42557050287724 25.23803398758173 0
      vertex -74.92241686096885 32.823818758029674 0
      vertex -74.64543979322445 33.36741686096885 0
    endloop
  endfacet
  facet normal 0 0 -1
    outer loop
      vertex -67.42557050287724 25.23803398758173 0
      vertex -74.64543979322445 33.36741686096885 0
      vertex -74.55 33.97 0
    endloop
  endfacet
  facet normal 0 0 -1
    outer loop
      vertex -67.42557050287724 25.23803398758173 0
      vertex -74.55 33.97 0
      vertex -74.64543979322445 34.572583139031146 0
    endloop
  endfacet
  facet normal 0 0 -1
    outer loop
      vertex -66.86803399026394 25.522113032639027 0
      vertex -74.64543979322445 34.572583139031146 0
      vertex -74.92241686096885 35.116181241970324 0
    endloop
  endfacet
  facet normal 0 0 -1
    outer loop
      vertex -66.25 25.61999999731779 0
      vertex -74.92241686096885 35.116181241970324 0
      vertex -76.96000000089407 37.46999999880791 0
    endloop
  endfacet
  facet normal 0 0 -1
    outer loop
      vertex -80.96000000089407 33.46999999880791 0
      vertex -80.76422606408596 34.706067979335785 0
      vertex -77.64618124197033 32.39241686096885 0
    endloop
  endfacet
  facet normal 0 0 -1
    outer loop
      vertex -80.76422606408596 34.706067979335785 0
      vertex -78.07758313903115 32.823818758029674 0
      vertex -77.64618124197033 32.39241686096885 0
    endloop
  endfacet
  facet normal 0 0 -1
    outer loop
      vertex -80.76422606408596 34.706067979335785 0
      vertex -78.35456020677555 33.36741686096885 0
      vertex -78.07758313903115 32.823818758029674 0
    endloop
  endfacet
  facet normal 0 0 -1
    outer loop
      vertex -80.76422606408596 34.706067979335785 0
      vertex -80.19606797397137 35.82114101201296 0
      vertex -78.45 33.97 0
    endloop
  endfacet
  facet normal 0 0 -1
    outer loop
      vertex -80.76422606408596 34.706067979335785 0
      vertex -78.45 33.97 0
      vertex -78.35456020677555 33.36741686096885 0
    endloop
  endfacet
  facet normal 0 0 -1
    outer loop
      vertex -80.19606797397137 35.82114101201296 0
      vertex -78.35456020677555 34.572583139031146 0
      vertex -78.45 33.97 0
    endloop
  endfacet
  facet normal 0 0 -1
    outer loop
      vertex -80.19606797397137 35.82114101201296 0
      vertex -78.07758313903115 35.116181241970324 0
      vertex -78.35456020677555 34.572583139031146 0
    endloop
  endfacet
  facet normal 0 0 -1
    outer loop
      vertex -80.19606797397137 35.82114101201296 0
      vertex -79.31114100664854 36.706067979335785 0
      vertex -78.07758313903115 35.116181241970324 0
    endloop
  endfacet
  facet normal 0 0 -1
    outer loop
      vertex -79.31114100664854 36.706067979335785 0
      vertex -78.19606797397137 37.2742260619998 0
      vertex -77.64618124197033 35.54758313903115 0
    endloop
  endfacet
  facet normal 0 0 -1
    outer loop
      vertex -79.31114100664854 36.706067979335785 0
      vertex -77.64618124197033 35.54758313903115 0
      vertex -78.07758313903115 35.116181241970324 0
    endloop
  endfacet
  facet normal 0 0 -1
    outer loop
      vertex -78.19606797397137 37.2742260619998 0
      vertex -77.10258313903115 35.82456020677555 0
      vertex -77.64618124197033 35.54758313903115 0
    endloop
  endfacet
  facet normal 0 0 -1
    outer loop
      vertex -76.96000000089407 37.46999999880791 0
      vertex -75.35381875802967 35.54758313903115 0
      vertex -75.89741686096885 35.82456020677555 0
    endloop
  endfacet
  facet normal 0 0 -1
    outer loop
      vertex -78.19606797397137 37.2742260619998 0
      vertex -76.96000000089407 37.46999999880791 0
      vertex -77.10258313903115 35.82456020677555 0
    endloop
  endfacet
  facet normal 0 0 -1
    outer loop
      vertex -76.96000000089407 37.46999999880791 0
      vertex -76.5 35.92 0
      vertex -77.10258313903115 35.82456020677555 0
    endloop
  endfacet
  facet normal 0 0 -1
    outer loop
      vertex -76.96000000089407 37.46999999880791 0
      vertex -75.89741686096885 35.82456020677555 0
      vertex -76.5 35.92 0
    endloop
  endfacet
  facet normal 0 0 -1
    outer loop
      vertex -76.96000000089407 37.46999999880791 0
      vertex -74.92241686096885 35.116181241970324 0
      vertex -75.35381875802967 35.54758313903115 0
    endloop
  endfacet
  facet normal 0 0 -1
    outer loop
      vertex -67.42557050287724 25.23803398758173 0
      vertex -74.64543979322445 34.572583139031146 0
      vertex -66.86803399026394 25.522113032639027 0
    endloop
  endfacet
  facet normal 0 0 -1
    outer loop
      vertex -66.86803399026394 25.522113032639027 0
      vertex -74.92241686096885 35.116181241970324 0
      vertex -66.25 25.61999999731779 0
    endloop
  endfacet
  facet normal 1 0 0
    outer loop
      vertex -68.25 18.25 0
      vertex -68.25 23.61999999731779 0
      vertex -68.25 18.25 3.6
    endloop
  endfacet
  facet normal 0.9876883413286764 -0.1564344604088496 0
    outer loop
      vertex -68.25 23.61999999731779 0
      vertex -68.15211303532124 24.23803398758173 0
      vertex -68.25 23.61999999731779 3.6
    endloop
  endfacet
  facet normal 0.8910065247946155 -0.453990498549719 0
    outer loop
      vertex -68.15211303532124 24.23803398758173 0
      vertex -67.86803399026394 24.795570507645607 0
      vertex -68.15211303532124 24.23803398758173 3.6
    endloop
  endfacet
  facet normal 0.7071067752331115 -0.7071067871399834 0
    outer loop
      vertex -67.86803399026394 24.795570507645607 0
      vertex -67.42557050287724 25.23803398758173 0
      vertex -67.86803399026394 24.795570507645607 3.6
    endloop
  endfacet
  facet normal 0.4539905033661498 -0.8910065223405214 0
    outer loop
      vertex -67.42557050287724 25.23803398758173 0
      vertex -66.86803399026394 25.522113032639027 0
      vertex -67.42557050287724 25.23803398758173 3.6
    endloop
  endfacet
  facet normal 0.1564344604088496 -0.9876883413286764 0
    outer loop
      vertex -66.86803399026394 25.522113032639027 0
      vertex -66.25 25.61999999731779 0
      vertex -66.86803399026394 25.522113032639027 3.6
    endloop
  endfacet
  facet normal -1 0 0
    outer loop
      vertex -80.96000000089407 18.25 0
      vertex -80.96000000089407 33.46999999880791 3.6
      vertex -80.96000000089407 33.46999999880791 0
    endloop
  endfacet
  facet normal 0.7071067811865475 0.7071067811865475 3.6318843834690755e-18
    outer loop
      vertex -77.64618124197033 32.39241686096885 0
      vertex -78.07758313903115 32.823818758029674 0
      vertex -78.07758313903115 32.823818758029674 3.6
    endloop
  endfacet
  facet normal 0.4539904997395525 0.8910065241883651 0
    outer loop
      vertex -77.64618124197033 32.39241686096885 0
      vertex -77.64618124197033 32.39241686096885 3.6
      vertex -77.10258313903115 32.115439793224446 0
    endloop
  endfacet
  facet normal 0.15643446504022904 0.987688340595138 0
    outer loop
      vertex -77.10258313903115 32.115439793224446 0
      vertex -77.10258313903115 32.115439793224446 3.6
      vertex -76.5 32.019999999999996 0
    endloop
  endfacet
  facet normal -0.15643446504022904 0.987688340595138 0
    outer loop
      vertex -76.5 32.019999999999996 0
      vertex -76.5 32.019999999999996 3.6
      vertex -75.89741686096885 32.115439793224446 0
    endloop
  endfacet
  facet normal -0.4539904997395525 0.8910065241883651 0
    outer loop
      vertex -75.89741686096885 32.115439793224446 0
      vertex -75.89741686096885 32.115439793224446 3.6
      vertex -75.35381875802967 32.39241686096885 0
    endloop
  endfacet
  facet normal -0.7071067811865475 0.7071067811865475 0
    outer loop
      vertex -75.35381875802967 32.39241686096885 0
      vertex -75.35381875802967 32.39241686096885 3.6
      vertex -74.92241686096885 32.823818758029674 0
    endloop
  endfacet
  facet normal 0.9876883405951359 0.15643446504024222 2.856550276979694e-19
    outer loop
      vertex -78.35456020677555 33.36741686096885 0
      vertex -78.45 33.97 0
      vertex -78.45 33.97 3.6
    endloop
  endfacet
  facet normal -0.9876883404088199 0.15643446621659463 0
    outer loop
      vertex -80.96000000089407 33.46999999880791 0
      vertex -80.76422606408596 34.706067979335785 3.6
      vertex -80.76422606408596 34.706067979335785 0
    endloop
  endfacet
  facet normal 0.9876883405951359 -0.15643446504024222 -2.856550276979694e-19
    outer loop
      vertex -78.45 33.97 0
      vertex -78.35456020677555 34.572583139031146 0
      vertex -78.35456020677555 34.572583139031146 3.6
    endloop
  endfacet
  facet normal 0.8910065241883722 0.45399049973953853 -3.228526420924682e-18
    outer loop
      vertex -78.07758313903115 32.823818758029674 0
      vertex -78.35456020677555 33.36741686096885 0
      vertex -78.35456020677555 33.36741686096885 3.6
    endloop
  endfacet
  facet normal 0.8910065241883722 -0.45399049973953853 3.228526420924682e-18
    outer loop
      vertex -78.35456020677555 34.572583139031146 0
      vertex -78.07758313903115 35.116181241970324 0
      vertex -78.07758313903115 35.116181241970324 3.6
    endloop
  endfacet
  facet normal -0.8910065235675684 0.4539905009579345 0
    outer loop
      vertex -80.76422606408596 34.706067979335785 0
      vertex -80.19606797397137 35.82114101201296 3.6
      vertex -80.19606797397137 35.82114101201296 0
    endloop
  endfacet
  facet normal -0.7071067811865476 0.7071067811865476 1.2321265205598635e-17
    outer loop
      vertex -80.19606797397137 35.82114101201296 0
      vertex -79.31114100664854 36.706067979335785 3.6
      vertex -79.31114100664854 36.706067979335785 0
    endloop
  endfacet
  facet normal -0.45399049623154547 0.8910065259757839 -1.2321265205166078e-17
    outer loop
      vertex -79.31114100664854 36.706067979335785 0
      vertex -78.19606797397137 37.2742260619998 3.6
      vertex -78.19606797397137 37.2742260619998 0
    endloop
  endfacet
  facet normal 0.7071067811865475 -0.7071067811865475 -3.6318843834690755e-18
    outer loop
      vertex -78.07758313903115 35.116181241970324 0
      vertex -77.64618124197033 35.54758313903115 0
      vertex -77.64618124197033 35.54758313903115 3.6
    endloop
  endfacet
  facet normal 0.4539904997395525 -0.8910065241883651 0
    outer loop
      vertex -77.10258313903115 35.82456020677555 0
      vertex -77.10258313903115 35.82456020677555 3.6
      vertex -77.64618124197033 35.54758313903115 0
    endloop
  endfacet
  facet normal 0.15643446504022904 -0.987688340595138 0
    outer loop
      vertex -76.5 35.92 0
      vertex -76.5 35.92 3.6
      vertex -77.10258313903115 35.82456020677555 0
    endloop
  endfacet
  facet normal -0.15643446504022904 -0.987688340595138 0
    outer loop
      vertex -75.89741686096885 35.82456020677555 0
      vertex -75.89741686096885 35.82456020677555 3.6
      vertex -76.5 35.92 0
    endloop
  endfacet
  facet normal -0.1564344671364511 0.9876883402631291 0
    outer loop
      vertex -78.19606797397137 37.2742260619998 0
      vertex -76.96000000089407 37.46999999880791 3.6
      vertex -76.96000000089407 37.46999999880791 0
    endloop
  endfacet
  facet normal -0.8910065241883722 0.45399049973953853 0
    outer loop
      vertex -74.92241686096885 32.823818758029674 0
      vertex -74.92241686096885 32.823818758029674 3.6
      vertex -74.64543979322445 33.36741686096885 0
    endloop
  endfacet
  facet normal -0.9876883405951359 0.15643446504024222 -2.856550276979694e-19
    outer loop
      vertex -74.55 33.97 0
      vertex -74.64543979322445 33.36741686096885 0
      vertex -74.64543979322445 33.36741686096885 3.6
    endloop
  endfacet
  facet normal -0.9876883405951359 -0.15643446504024222 2.856550276979694e-19
    outer loop
      vertex -74.64543979322445 34.572583139031146 0
      vertex -74.55 33.97 0
      vertex -74.55 33.97 3.6
    endloop
  endfacet
  facet normal -0.8910065241883722 -0.45399049973953853 -3.228526420924682e-18
    outer loop
      vertex -74.92241686096885 35.116181241970324 0
      vertex -74.64543979322445 34.572583139031146 0
      vertex -74.64543979322445 34.572583139031146 3.6
    endloop
  endfacet
  facet normal -0.4539904997395525 -0.8910065241883651 6.186373338243017e-18
    outer loop
      vertex -75.89741686096885 35.82456020677555 0
      vertex -75.35381875802967 35.54758313903115 0
      vertex -75.35381875802967 35.54758313903115 3.6
    endloop
  endfacet
  facet normal -0.7071067811865475 -0.7071067811865475 3.6318843834690755e-18
    outer loop
      vertex -75.35381875802967 35.54758313903115 0
      vertex -74.92241686096885 35.116181241970324 0
      vertex -74.92241686096885 35.116181241970324 3.6
    endloop
  endfacet
  facet normal 0 0 -1
    outer loop
      vertex -66.25 25.61999999731779 0
      vertex -76.96000000089407 37.46999999880791 0
      vertex 80.46000000089407 37.46999999880791 0
    endloop
  endfacet
  facet normal 0 -1 0
    outer loop
      vertex -66.25 25.61999999731779 0
      vertex 73.25 25.61999999731779 0
      vertex -66.25 25.61999999731779 3.6
    endloop
  endfacet
  facet normal 0 -1 0
    outer loop
      vertex -68.25 18.25 0
      vertex -68.25 18.25 3.6
      vertex -80.96000000089407 18.25 3.6
    endloop
  endfacet
  facet normal -1 0 0
    outer loop
      vertex -80.96000000089407 18.25 0
      vertex -80.96000000089407 18.25 3.6
      vertex -80.96000000089407 33.46999999880791 3.6
    endloop
  endfacet
  facet normal 1 0 0
    outer loop
      vertex -68.25 23.61999999731779 0
      vertex -68.25 23.61999999731779 3.6
      vertex -68.25 18.25 3.6
    endloop
  endfacet
  facet normal 0.9876883413286764 -0.1564344604088496 0
    outer loop
      vertex -68.15211303532124 24.23803398758173 0
      vertex -68.15211303532124 24.23803398758173 3.6
      vertex -68.25 23.61999999731779 3.6
    endloop
  endfacet
  facet normal 0.8910065247946155 -0.453990498549719 0
    outer loop
      vertex -67.86803399026394 24.795570507645607 0
      vertex -67.86803399026394 24.795570507645607 3.6
      vertex -68.15211303532124 24.23803398758173 3.6
    endloop
  endfacet
  facet normal 0.7071067752331115 -0.7071067871399834 0
    outer loop
      vertex -67.42557050287724 25.23803398758173 0
      vertex -67.42557050287724 25.23803398758173 3.6
      vertex -67.86803399026394 24.795570507645607 3.6
    endloop
  endfacet
  facet normal 0.4539905033661498 -0.8910065223405214 0
    outer loop
      vertex -66.86803399026394 25.522113032639027 0
      vertex -66.86803399026394 25.522113032639027 3.6
      vertex -67.42557050287724 25.23803398758173 3.6
    endloop
  endfacet
  facet normal 0.1564344604088496 -0.9876883413286764 0
    outer loop
      vertex -66.25 25.61999999731779 0
      vertex -66.25 25.61999999731779 3.6
      vertex -66.86803399026394 25.522113032639027 3.6
    endloop
  endfacet
  facet normal 0.7071067811865475 0.7071067811865475 0
    outer loop
      vertex -77.64618124197033 32.39241686096885 0
      vertex -78.07758313903115 32.823818758029674 3.6
      vertex -77.64618124197033 32.39241686096885 3.6
    endloop
  endfacet
  facet normal 0.4539904997395525 0.8910065241883651 6.186373338243017e-18
    outer loop
      vertex -77.64618124197033 32.39241686096885 3.6
      vertex -77.10258313903115 32.115439793224446 3.6
      vertex -77.10258313903115 32.115439793224446 0
    endloop
  endfacet
  facet normal 0.15643446504022904 0.987688340595138 0
    outer loop
      vertex -76.5 32.019999999999996 0
      vertex -77.10258313903115 32.115439793224446 3.6
      vertex -76.5 32.019999999999996 3.6
    endloop
  endfacet
  facet normal -0.15643446504022904 0.987688340595138 0
    outer loop
      vertex -75.89741686096885 32.115439793224446 0
      vertex -76.5 32.019999999999996 3.6
      vertex -75.89741686096885 32.115439793224446 3.6
    endloop
  endfacet
  facet normal -0.4539904997395525 0.8910065241883651 0
    outer loop
      vertex -75.35381875802967 32.39241686096885 0
      vertex -75.89741686096885 32.115439793224446 3.6
      vertex -75.35381875802967 32.39241686096885 3.6
    endloop
  endfacet
  facet normal -0.7071067811865475 0.7071067811865475 0
    outer loop
      vertex -74.92241686096885 32.823818758029674 0
      vertex -75.35381875802967 32.39241686096885 3.6
      vertex -74.92241686096885 32.823818758029674 3.6
    endloop
  endfacet
  facet normal -0.9876883404088199 0.15643446621659463 0
    outer loop
      vertex -80.96000000089407 33.46999999880791 0
      vertex -80.96000000089407 33.46999999880791 3.6
      vertex -80.76422606408596 34.706067979335785 3.6
    endloop
  endfacet
  facet normal 0.9876883405951359 0.15643446504024222 0
    outer loop
      vertex -78.35456020677555 33.36741686096885 0
      vertex -78.45 33.97 3.6
      vertex -78.35456020677555 33.36741686096885 3.6
    endloop
  endfacet
  facet normal -0.8910065235675684 0.4539905009579345 0
    outer loop
      vertex -80.76422606408596 34.706067979335785 0
      vertex -80.76422606408596 34.706067979335785 3.6
      vertex -80.19606797397137 35.82114101201296 3.6
    endloop
  endfacet
  facet normal 0.9876883405951359 -0.15643446504024222 -2.856550276979694e-19
    outer loop
      vertex -78.35456020677555 34.572583139031146 3.6
      vertex -78.45 33.97 3.6
      vertex -78.45 33.97 0
    endloop
  endfacet
  facet normal 0.8910065241883722 0.45399049973953853 0
    outer loop
      vertex -78.07758313903115 32.823818758029674 0
      vertex -78.35456020677555 33.36741686096885 3.6
      vertex -78.07758313903115 32.823818758029674 3.6
    endloop
  endfacet
  facet normal 0.8910065241883722 -0.45399049973953853 0
    outer loop
      vertex -78.35456020677555 34.572583139031146 0
      vertex -78.07758313903115 35.116181241970324 3.6
      vertex -78.35456020677555 34.572583139031146 3.6
    endloop
  endfacet
  facet normal -0.7071067811865476 0.7071067811865476 0
    outer loop
      vertex -80.19606797397137 35.82114101201296 0
      vertex -80.19606797397137 35.82114101201296 3.6
      vertex -79.31114100664854 36.706067979335785 3.6
    endloop
  endfacet
  facet normal -0.45399049623154547 0.8910065259757839 0
    outer loop
      vertex -79.31114100664854 36.706067979335785 0
      vertex -79.31114100664854 36.706067979335785 3.6
      vertex -78.19606797397137 37.2742260619998 3.6
    endloop
  endfacet
  facet normal 0.7071067811865475 -0.7071067811865475 -3.6318843834690755e-18
    outer loop
      vertex -77.64618124197033 35.54758313903115 3.6
      vertex -78.07758313903115 35.116181241970324 3.6
      vertex -78.07758313903115 35.116181241970324 0
    endloop
  endfacet
  facet normal 0.4539904997395525 -0.8910065241883651 0
    outer loop
      vertex -77.64618124197033 35.54758313903115 0
      vertex -77.10258313903115 35.82456020677555 3.6
      vertex -77.64618124197033 35.54758313903115 3.6
    endloop
  endfacet
  facet normal 0.15643446504022904 -0.987688340595138 0
    outer loop
      vertex -77.10258313903115 35.82456020677555 0
      vertex -76.5 35.92 3.6
      vertex -77.10258313903115 35.82456020677555 3.6
    endloop
  endfacet
  facet normal -0.15643446504022904 -0.987688340595138 0
    outer loop
      vertex -76.5 35.92 0
      vertex -75.89741686096885 35.82456020677555 3.6
      vertex -76.5 35.92 3.6
    endloop
  endfacet
  facet normal -0.1564344671364511 0.9876883402631291 0
    outer loop
      vertex -78.19606797397137 37.2742260619998 0
      vertex -78.19606797397137 37.2742260619998 3.6
      vertex -76.96000000089407 37.46999999880791 3.6
    endloop
  endfacet
  facet normal -0.8910065241883722 0.45399049973953853 3.228526420924682e-18
    outer loop
      vertex -74.92241686096885 32.823818758029674 3.6
      vertex -74.64543979322445 33.36741686096885 3.6
      vertex -74.64543979322445 33.36741686096885 0
    endloop
  endfacet
  facet normal -0.9876883405951359 0.15643446504024222 0
    outer loop
      vertex -74.55 33.97 0
      vertex -74.64543979322445 33.36741686096885 3.6
      vertex -74.55 33.97 3.6
    endloop
  endfacet
  facet normal -0.9876883405951359 -0.15643446504024222 2.856550276979694e-19
    outer loop
      vertex -74.55 33.97 3.6
      vertex -74.64543979322445 34.572583139031146 3.6
      vertex -74.64543979322445 34.572583139031146 0
    endloop
  endfacet
  facet normal -0.8910065241883722 -0.45399049973953853 -3.228526420924682e-18
    outer loop
      vertex -74.64543979322445 34.572583139031146 3.6
      vertex -74.92241686096885 35.116181241970324 3.6
      vertex -74.92241686096885 35.116181241970324 0
    endloop
  endfacet
  facet normal -0.7071067811865475 -0.7071067811865475 3.6318843834690755e-18
    outer loop
      vertex -74.92241686096885 35.116181241970324 3.6
      vertex -75.35381875802967 35.54758313903115 3.6
      vertex -75.35381875802967 35.54758313903115 0
    endloop
  endfacet
  facet normal -0.4539904997395525 -0.8910065241883651 0
    outer loop
      vertex -75.89741686096885 35.82456020677555 0
      vertex -75.35381875802967 35.54758313903115 3.6
      vertex -75.89741686096885 35.82456020677555 3.6
    endloop
  endfacet
  facet normal 0 0 1
    outer loop
      vertex -80.96000000089407 18.25 3.6
      vertex -68.25 18.25 3.6
      vertex -68.25 23.61999999731779 3.6
    endloop
  endfacet
  facet normal 0 0 1
    outer loop
      vertex -80.96000000089407 18.25 3.6
      vertex -68.25 23.61999999731779 3.6
      vertex -80.96000000089407 33.46999999880791 3.6
    endloop
  endfacet
  facet normal 0 0 1
    outer loop
      vertex -68.25 23.61999999731779 3.6
      vertex -68.15211303532124 24.23803398758173 3.6
      vertex -80.96000000089407 33.46999999880791 3.6
    endloop
  endfacet
  facet normal 0 0 1
    outer loop
      vertex -68.15211303532124 24.23803398758173 3.6
      vertex -67.86803399026394 24.795570507645607 3.6
      vertex -80.96000000089407 33.46999999880791 3.6
    endloop
  endfacet
  facet normal 0 0 1
    outer loop
      vertex -67.86803399026394 24.795570507645607 3.6
      vertex -67.42557050287724 25.23803398758173 3.6
      vertex -80.96000000089407 33.46999999880791 3.6
    endloop
  endfacet
  facet normal 0 0 1
    outer loop
      vertex -67.42557050287724 25.23803398758173 3.6
      vertex -77.64618124197033 32.39241686096885 3.6
      vertex -80.96000000089407 33.46999999880791 3.6
    endloop
  endfacet
  facet normal 0 0 1
    outer loop
      vertex -67.42557050287724 25.23803398758173 3.6
      vertex -76.5 32.019999999999996 3.6
      vertex -77.10258313903115 32.115439793224446 3.6
    endloop
  endfacet
  facet normal 0 0 1
    outer loop
      vertex -67.42557050287724 25.23803398758173 3.6
      vertex -75.89741686096885 32.115439793224446 3.6
      vertex -76.5 32.019999999999996 3.6
    endloop
  endfacet
  facet normal 0 0 1
    outer loop
      vertex -67.42557050287724 25.23803398758173 3.6
      vertex -77.10258313903115 32.115439793224446 3.6
      vertex -77.64618124197033 32.39241686096885 3.6
    endloop
  endfacet
  facet normal 0 0 1
    outer loop
      vertex -67.42557050287724 25.23803398758173 3.6
      vertex -75.35381875802967 32.39241686096885 3.6
      vertex -75.89741686096885 32.115439793224446 3.6
    endloop
  endfacet
  facet normal 0 0 1
    outer loop
      vertex -67.42557050287724 25.23803398758173 3.6
      vertex -74.92241686096885 32.823818758029674 3.6
      vertex -75.35381875802967 32.39241686096885 3.6
    endloop
  endfacet
  facet normal 0 0 1
    outer loop
      vertex -67.42557050287724 25.23803398758173 3.6
      vertex -74.64543979322445 33.36741686096885 3.6
      vertex -74.92241686096885 32.823818758029674 3.6
    endloop
  endfacet
  facet normal 0 0 1
    outer loop
      vertex -67.42557050287724 25.23803398758173 3.6
      vertex -74.55 33.97 3.6
      vertex -74.64543979322445 33.36741686096885 3.6
    endloop
  endfacet
  facet normal 0 0 1
    outer loop
      vertex -67.42557050287724 25.23803398758173 3.6
      vertex -74.64543979322445 34.572583139031146 3.6
      vertex -74.55 33.97 3.6
    endloop
  endfacet
  facet normal 0 0 1
    outer loop
      vertex -66.25 25.61999999731779 3.6
      vertex -74.92241686096885 35.116181241970324 3.6
      vertex -74.64543979322445 34.572583139031146 3.6
    endloop
  endfacet
  facet normal 0 0 1
    outer loop
      vertex -66.25 25.61999999731779 3.6
      vertex -76.96000000089407 37.46999999880791 3.6
      vertex -74.92241686096885 35.116181241970324 3.6
    endloop
  endfacet
  facet normal 0 0 1
    outer loop
      vertex -80.96000000089407 33.46999999880791 3.6
      vertex -78.07758313903115 32.823818758029674 3.6
      vertex -80.76422606408596 34.706067979335785 3.6
    endloop
  endfacet
  facet normal 0 0 1
    outer loop
      vertex -80.96000000089407 33.46999999880791 3.6
      vertex -77.64618124197033 32.39241686096885 3.6
      vertex -78.07758313903115 32.823818758029674 3.6
    endloop
  endfacet
  facet normal 0 0 1
    outer loop
      vertex -80.76422606408596 34.706067979335785 3.6
      vertex -78.07758313903115 32.823818758029674 3.6
      vertex -78.35456020677555 33.36741686096885 3.6
    endloop
  endfacet
  facet normal 0 0 1
    outer loop
      vertex -80.76422606408596 34.706067979335785 3.6
      vertex -78.35456020677555 34.572583139031146 3.6
      vertex -80.19606797397137 35.82114101201296 3.6
    endloop
  endfacet
  facet normal 0 0 1
    outer loop
      vertex -80.76422606408596 34.706067979335785 3.6
      vertex -78.35456020677555 33.36741686096885 3.6
      vertex -78.45 33.97 3.6
    endloop
  endfacet
  facet normal 0 0 1
    outer loop
      vertex -80.76422606408596 34.706067979335785 3.6
      vertex -78.45 33.97 3.6
      vertex -78.35456020677555 34.572583139031146 3.6
    endloop
  endfacet
  facet normal 0 0 1
    outer loop
      vertex -80.19606797397137 35.82114101201296 3.6
      vertex -78.35456020677555 34.572583139031146 3.6
      vertex -78.07758313903115 35.116181241970324 3.6
    endloop
  endfacet
  facet normal 0 0 1
    outer loop
      vertex -80.19606797397137 35.82114101201296 3.6
      vertex -78.07758313903115 35.116181241970324 3.6
      vertex -79.31114100664854 36.706067979335785 3.6
    endloop
  endfacet
  facet normal 0 0 1
    outer loop
      vertex -79.31114100664854 36.706067979335785 3.6
      vertex -77.64618124197033 35.54758313903115 3.6
      vertex -78.19606797397137 37.2742260619998 3.6
    endloop
  endfacet
  facet normal 0 0 1
    outer loop
      vertex -79.31114100664854 36.706067979335785 3.6
      vertex -78.07758313903115 35.116181241970324 3.6
      vertex -77.64618124197033 35.54758313903115 3.6
    endloop
  endfacet
  facet normal 0 0 1
    outer loop
      vertex -78.19606797397137 37.2742260619998 3.6
      vertex -77.64618124197033 35.54758313903115 3.6
      vertex -77.10258313903115 35.82456020677555 3.6
    endloop
  endfacet
  facet normal 0 0 1
    outer loop
      vertex -76.96000000089407 37.46999999880791 3.6
      vertex -75.89741686096885 35.82456020677555 3.6
      vertex -75.35381875802967 35.54758313903115 3.6
    endloop
  endfacet
  facet normal 0 0 1
    outer loop
      vertex -78.19606797397137 37.2742260619998 3.6
      vertex -77.10258313903115 35.82456020677555 3.6
      vertex -76.5 35.92 3.6
    endloop
  endfacet
  facet normal 0 0 1
    outer loop
      vertex -78.19606797397137 37.2742260619998 3.6
      vertex -76.5 35.92 3.6
      vertex -76.96000000089407 37.46999999880791 3.6
    endloop
  endfacet
  facet normal 0 0 1
    outer loop
      vertex -76.96000000089407 37.46999999880791 3.6
      vertex -76.5 35.92 3.6
      vertex -75.89741686096885 35.82456020677555 3.6
    endloop
  endfacet
  facet normal 0 0 1
    outer loop
      vertex -76.96000000089407 37.46999999880791 3.6
      vertex -75.35381875802967 35.54758313903115 3.6
      vertex -74.92241686096885 35.116181241970324 3.6
    endloop
  endfacet
  facet normal 0 0 1
    outer loop
      vertex -67.42557050287724 25.23803398758173 3.6
      vertex -66.86803399026394 25.522113032639027 3.6
      vertex -74.64543979322445 34.572583139031146 3.6
    endloop
  endfacet
  facet normal 0 0 1
    outer loop
      vertex -66.86803399026394 25.522113032639027 3.6
      vertex -66.25 25.61999999731779 3.6
      vertex -74.64543979322445 34.572583139031146 3.6
    endloop
  endfacet
  facet normal 0 1 0
    outer loop
      vertex -76.96000000089407 37.46999999880791 0
      vertex -76.96000000089407 37.46999999880791 3.6
      vertex 80.46000000089407 37.46999999880791 3.6
    endloop
  endfacet
  facet normal 0 0 1
    outer loop
      vertex -66.25 25.61999999731779 3.6
      vertex 80.46000000089407 37.46999999880791 3.6
      vertex -76.96000000089407 37.46999999880791 3.6
    endloop
  endfacet
  facet normal 0 0 -1
    outer loop
      vertex -66.25 -25.61999999731779 0
      vertex 73.25 -25.61999999731779 0
      vertex 80.46000000089407 -37.46999999880791 0
    endloop
  endfacet
  facet normal 0 1 0
    outer loop
      vertex -66.25 -25.61999999731779 0
      vertex 73.25 -25.61999999731779 3.6
      vertex 73.25 -25.61999999731779 0
    endloop
  endfacet
  facet normal 0 0 -1
    outer loop
      vertex 80.46000000089407 -37.46999999880791 0
      vertex 80.96 -35.92 0
      vertex 81.69606797397137 -37.2742260619998 0
    endloop
  endfacet
  facet normal 0 0 -1
    outer loop
      vertex 80.46000000089407 -37.46999999880791 0
      vertex 80.35741686096884 -35.82456020677555 0
      vertex 80.96 -35.92 0
    endloop
  endfacet
  facet normal 0 0 -1
    outer loop
      vertex 81.69606797397137 -37.2742260619998 0
      vertex 80.96 -35.92 0
      vertex 81.56258313903115 -35.82456020677555 0
    endloop
  endfacet
  facet normal 0 0 -1
    outer loop
      vertex 80.46000000089407 -37.46999999880791 0
      vertex 79.38241686096885 -35.116181241970324 0
      vertex 79.81381875802967 -35.54758313903115 0
    endloop
  endfacet
  facet normal 0 0 -1
    outer loop
      vertex 80.46000000089407 -37.46999999880791 0
      vertex 79.10543979322445 -34.572583139031146 0
      vertex 79.38241686096885 -35.116181241970324 0
    endloop
  endfacet
  facet normal 0 0 -1
    outer loop
      vertex 80.46000000089407 -37.46999999880791 0
      vertex 79.81381875802967 -35.54758313903115 0
      vertex 80.35741686096884 -35.82456020677555 0
    endloop
  endfacet
  facet normal 0 0 -1
    outer loop
      vertex 81.69606797397137 -37.2742260619998 0
      vertex 81.56258313903115 -35.82456020677555 0
      vertex 82.10618124197032 -35.54758313903115 0
    endloop
  endfacet
  facet normal 0 0 -1
    outer loop
      vertex 81.69606797397137 -37.2742260619998 0
      vertex 82.10618124197032 -35.54758313903115 0
      vertex 82.81114100664854 -36.706067979335785 0
    endloop
  endfacet
  facet normal 0 0 -1
    outer loop
      vertex 82.81114100664854 -36.706067979335785 0
      vertex 82.10618124197032 -35.54758313903115 0
      vertex 82.53758313903114 -35.116181241970324 0
    endloop
  endfacet
  facet normal 0 0 -1
    outer loop
      vertex 82.81114100664854 -36.706067979335785 0
      vertex 82.53758313903114 -35.116181241970324 0
      vertex 83.69606797397137 -35.82114101201296 0
    endloop
  endfacet
  facet normal 0 0 -1
    outer loop
      vertex 83.69606797397137 -35.82114101201296 0
      vertex 82.53758313903114 -35.116181241970324 0
      vertex 82.81456020677554 -34.572583139031146 0
    endloop
  endfacet
  facet normal 0 0 -1
    outer loop
      vertex 83.69606797397137 -35.82114101201296 0
      vertex 82.81456020677554 -34.572583139031146 0
      vertex 84.26422606408596 -34.706067979335785 0
    endloop
  endfacet
  facet normal 0 0 -1
    outer loop
      vertex 84.26422606408596 -34.706067979335785 0
      vertex 82.81456020677554 -34.572583139031146 0
      vertex 82.91 -33.97 0
    endloop
  endfacet
  facet normal 0 0 -1
    outer loop
      vertex 84.26422606408596 -34.706067979335785 0
      vertex 82.91 -33.97 0
      vertex 82.81456020677554 -33.36741686096885 0
    endloop
  endfacet
  facet normal 0 0 -1
    outer loop
      vertex 84.46000000089407 -33.46999999880791 0
      vertex 82.53758313903114 -32.823818758029674 0
      vertex 82.10618124197032 -32.39241686096885 0
    endloop
  endfacet
  facet normal 0 0 -1
    outer loop
      vertex 84.26422606408596 -34.706067979335785 0
      vertex 82.53758313903114 -32.823818758029674 0
      vertex 84.46000000089407 -33.46999999880791 0
    endloop
  endfacet
  facet normal 0 0 -1
    outer loop
      vertex 84.26422606408596 -34.706067979335785 0
      vertex 82.81456020677554 -33.36741686096885 0
      vertex 82.53758313903114 -32.823818758029674 0
    endloop
  endfacet
  facet normal 0 0 -1
    outer loop
      vertex 80.46000000089407 -37.46999999880791 0
      vertex 74.42557050287724 -25.23803398758173 0
      vertex 79.10543979322445 -34.572583139031146 0
    endloop
  endfacet
  facet normal 0 0 -1
    outer loop
      vertex 74.42557050287724 -25.23803398758173 0
      vertex 79.00999999999999 -33.97 0
      vertex 79.10543979322445 -34.572583139031146 0
    endloop
  endfacet
  facet normal 0 0 -1
    outer loop
      vertex 74.42557050287724 -25.23803398758173 0
      vertex 79.10543979322445 -33.36741686096885 0
      vertex 79.00999999999999 -33.97 0
    endloop
  endfacet
  facet normal 0 0 -1
    outer loop
      vertex 74.42557050287724 -25.23803398758173 0
      vertex 79.38241686096885 -32.823818758029674 0
      vertex 79.10543979322445 -33.36741686096885 0
    endloop
  endfacet
  facet normal 0 0 -1
    outer loop
      vertex 80.46000000089407 -37.46999999880791 0
      vertex 73.25 -25.61999999731779 0
      vertex 73.86803399026394 -25.522113032639027 0
    endloop
  endfacet
  facet normal 0 0 -1
    outer loop
      vertex 80.46000000089407 -37.46999999880791 0
      vertex 73.86803399026394 -25.522113032639027 0
      vertex 74.42557050287724 -25.23803398758173 0
    endloop
  endfacet
  facet normal 0 0 -1
    outer loop
      vertex 74.42557050287724 -25.23803398758173 0
      vertex 79.81381875802967 -32.39241686096885 0
      vertex 79.38241686096885 -32.823818758029674 0
    endloop
  endfacet
  facet normal 0 0 -1
    outer loop
      vertex 74.42557050287724 -25.23803398758173 0
      vertex 80.35741686096884 -32.115439793224446 0
      vertex 79.81381875802967 -32.39241686096885 0
    endloop
  endfacet
  facet normal 0 0 -1
    outer loop
      vertex 74.42557050287724 -25.23803398758173 0
      vertex 80.96 -32.019999999999996 0
      vertex 80.35741686096884 -32.115439793224446 0
    endloop
  endfacet
  facet normal 0 0 -1
    outer loop
      vertex 74.42557050287724 -25.23803398758173 0
      vertex 81.56258313903115 -32.115439793224446 0
      vertex 80.96 -32.019999999999996 0
    endloop
  endfacet
  facet normal 0 0 -1
    outer loop
      vertex 74.42557050287724 -25.23803398758173 0
      vertex 82.10618124197032 -32.39241686096885 0
      vertex 81.56258313903115 -32.115439793224446 0
    endloop
  endfacet
  facet normal 0 0 -1
    outer loop
      vertex 84.46000000089407 -33.46999999880791 0
      vertex 82.10618124197032 -32.39241686096885 0
      vertex 74.42557050287724 -25.23803398758173 0
    endloop
  endfacet
  facet normal 0 0 -1
    outer loop
      vertex 84.46000000089407 -33.46999999880791 0
      vertex 74.42557050287724 -25.23803398758173 0
      vertex 74.86803399026394 -24.795570507645607 0
    endloop
  endfacet
  facet normal 0 0 -1
    outer loop
      vertex 84.46000000089407 -33.46999999880791 0
      vertex 74.86803399026394 -24.795570507645607 0
      vertex 75.15211303532124 -24.23803398758173 0
    endloop
  endfacet
  facet normal 0.8910065241883722 0.45399049973953853 -3.228526420924682e-18
    outer loop
      vertex 79.38241686096885 -35.116181241970324 0
      vertex 79.10543979322445 -34.572583139031146 0
      vertex 79.10543979322445 -34.572583139031146 3.6
    endloop
  endfacet
  facet normal 0.9876883405951359 0.15643446504024222 2.856550276979694e-19
    outer loop
      vertex 79.10543979322445 -34.572583139031146 0
      vertex 79.00999999999999 -33.97 0
      vertex 79.00999999999999 -33.97 3.6
    endloop
  endfacet
  facet normal 0.9876883405951359 -0.15643446504024222 -2.856550276979694e-19
    outer loop
      vertex 79.00999999999999 -33.97 0
      vertex 79.10543979322445 -33.36741686096885 0
      vertex 79.10543979322445 -33.36741686096885 3.6
    endloop
  endfacet
  facet normal 0.8910065241883722 -0.45399049973953853 3.228526420924682e-18
    outer loop
      vertex 79.10543979322445 -33.36741686096885 0
      vertex 79.38241686096885 -32.823818758029674 0
      vertex 79.38241686096885 -32.823818758029674 3.6
    endloop
  endfacet
  facet normal 0.1564344671364511 -0.9876883402631291 0
    outer loop
      vertex 80.46000000089407 -37.46999999880791 0
      vertex 81.69606797397137 -37.2742260619998 0
      vertex 80.46000000089407 -37.46999999880791 3.6
    endloop
  endfacet
  facet normal 0.15643446504022904 0.987688340595138 0
    outer loop
      vertex 80.35741686096884 -35.82456020677555 0
      vertex 80.35741686096884 -35.82456020677555 3.6
      vertex 80.96 -35.92 0
    endloop
  endfacet
  facet normal 0.7071067811865475 0.7071067811865475 3.6318843834690755e-18
    outer loop
      vertex 79.81381875802967 -35.54758313903115 0
      vertex 79.38241686096885 -35.116181241970324 0
      vertex 79.38241686096885 -35.116181241970324 3.6
    endloop
  endfacet
  facet normal 0.4539904997395525 0.8910065241883651 0
    outer loop
      vertex 79.81381875802967 -35.54758313903115 0
      vertex 79.81381875802967 -35.54758313903115 3.6
      vertex 80.35741686096884 -35.82456020677555 0
    endloop
  endfacet
  facet normal -0.15643446504022904 0.987688340595138 0
    outer loop
      vertex 80.96 -35.92 0
      vertex 80.96 -35.92 3.6
      vertex 81.56258313903115 -35.82456020677555 0
    endloop
  endfacet
  facet normal -0.4539904997395525 0.8910065241883651 0
    outer loop
      vertex 81.56258313903115 -35.82456020677555 0
      vertex 81.56258313903115 -35.82456020677555 3.6
      vertex 82.10618124197032 -35.54758313903115 0
    endloop
  endfacet
  facet normal 0.45399049623154547 -0.8910065259757839 0
    outer loop
      vertex 81.69606797397137 -37.2742260619998 0
      vertex 82.81114100664854 -36.706067979335785 0
      vertex 81.69606797397137 -37.2742260619998 3.6
    endloop
  endfacet
  facet normal 0.7071067811865476 -0.7071067811865476 0
    outer loop
      vertex 82.81114100664854 -36.706067979335785 0
      vertex 83.69606797397137 -35.82114101201296 0
      vertex 82.81114100664854 -36.706067979335785 3.6
    endloop
  endfacet
  facet normal -0.7071067811865475 0.7071067811865475 0
    outer loop
      vertex 82.10618124197032 -35.54758313903115 0
      vertex 82.10618124197032 -35.54758313903115 3.6
      vertex 82.53758313903114 -35.116181241970324 0
    endloop
  endfacet
  facet normal 0.8910065235675684 -0.4539905009579345 0
    outer loop
      vertex 83.69606797397137 -35.82114101201296 0
      vertex 84.26422606408596 -34.706067979335785 0
      vertex 83.69606797397137 -35.82114101201296 3.6
    endloop
  endfacet
  facet normal -0.8910065241883722 0.45399049973953853 3.228526420924682e-18
    outer loop
      vertex 82.81456020677554 -34.572583139031146 0
      vertex 82.53758313903114 -35.116181241970324 0
      vertex 82.53758313903114 -35.116181241970324 3.6
    endloop
  endfacet
  facet normal -0.9876883405951359 0.15643446504024222 -2.856550276979694e-19
    outer loop
      vertex 82.91 -33.97 0
      vertex 82.81456020677554 -34.572583139031146 0
      vertex 82.81456020677554 -34.572583139031146 3.6
    endloop
  endfacet
  facet normal 0.9876883404088199 -0.15643446621659463 0
    outer loop
      vertex 84.26422606408596 -34.706067979335785 0
      vertex 84.46000000089407 -33.46999999880791 0
      vertex 84.26422606408596 -34.706067979335785 3.6
    endloop
  endfacet
  facet normal -0.9876883405951359 -0.15643446504024222 2.856550276979694e-19
    outer loop
      vertex 82.81456020677554 -33.36741686096885 0
      vertex 82.91 -33.97 0
      vertex 82.91 -33.97 3.6
    endloop
  endfacet
  facet normal -0.8910065241883722 -0.45399049973953853 -3.228526420924682e-18
    outer loop
      vertex 82.53758313903114 -32.823818758029674 0
      vertex 82.81456020677554 -33.36741686096885 0
      vertex 82.81456020677554 -33.36741686096885 3.6
    endloop
  endfacet
  facet normal 0.7071067811865475 -0.7071067811865475 0
    outer loop
      vertex 79.81381875802967 -32.39241686096885 0
      vertex 79.81381875802967 -32.39241686096885 3.6
      vertex 79.38241686096885 -32.823818758029674 0
    endloop
  endfacet
  facet normal 0.4539904997395525 -0.8910065241883651 0
    outer loop
      vertex 80.35741686096884 -32.115439793224446 0
      vertex 80.35741686096884 -32.115439793224446 3.6
      vertex 79.81381875802967 -32.39241686096885 0
    endloop
  endfacet
  facet normal 0.15643446504022904 -0.987688340595138 0
    outer loop
      vertex 80.96 -32.019999999999996 0
      vertex 80.96 -32.019999999999996 3.6
      vertex 80.35741686096884 -32.115439793224446 0
    endloop
  endfacet
  facet normal -0.15643446504022904 -0.987688340595138 0
    outer loop
      vertex 81.56258313903115 -32.115439793224446 0
      vertex 81.56258313903115 -32.115439793224446 3.6
      vertex 80.96 -32.019999999999996 0
    endloop
  endfacet
  facet normal -0.7071067811865475 -0.7071067811865475 0
    outer loop
      vertex 82.53758313903114 -32.823818758029674 0
      vertex 82.53758313903114 -32.823818758029674 3.6
      vertex 82.10618124197032 -32.39241686096885 0
    endloop
  endfacet
  facet normal -0.4539904997395525 -0.8910065241883651 0
    outer loop
      vertex 82.10618124197032 -32.39241686096885 0
      vertex 82.10618124197032 -32.39241686096885 3.6
      vertex 81.56258313903115 -32.115439793224446 0
    endloop
  endfacet
  facet normal -0.1564344604088496 0.9876883413286764 0
    outer loop
      vertex 73.25 -25.61999999731779 0
      vertex 73.86803399026394 -25.522113032639027 3.6
      vertex 73.86803399026394 -25.522113032639027 0
    endloop
  endfacet
  facet normal -0.4539905033661498 0.8910065223405214 0
    outer loop
      vertex 73.86803399026394 -25.522113032639027 0
      vertex 74.42557050287724 -25.23803398758173 3.6
      vertex 74.42557050287724 -25.23803398758173 0
    endloop
  endfacet
  facet normal -0.7071067752331115 0.7071067871399834 0
    outer loop
      vertex 74.42557050287724 -25.23803398758173 0
      vertex 74.86803399026394 -24.795570507645607 3.6
      vertex 74.86803399026394 -24.795570507645607 0
    endloop
  endfacet
  facet normal -0.8910065247946155 0.453990498549719 0
    outer loop
      vertex 74.86803399026394 -24.795570507645607 0
      vertex 75.15211303532124 -24.23803398758173 3.6
      vertex 75.15211303532124 -24.23803398758173 0
    endloop
  endfacet
  facet normal -0.9876883413286764 0.1564344604088496 0
    outer loop
      vertex 75.15211303532124 -24.23803398758173 0
      vertex 75.25 -23.61999999731779 3.6
      vertex 75.25 -23.61999999731779 0
    endloop
  endfacet
  facet normal 0 0 -1
    outer loop
      vertex 75.15211303532124 -24.23803398758173 0
      vertex 75.25 -23.61999999731779 0
      vertex 84.46000000089407 33.46999999880791 0
    endloop
  endfacet
  facet normal 0 0 -1
    outer loop
      vertex 84.46000000089407 -33.46999999880791 0
      vertex 75.15211303532124 -24.23803398758173 0
      vertex 84.46000000089407 33.46999999880791 0
    endloop
  endfacet
  facet normal 1 0 0
    outer loop
      vertex 84.46000000089407 -33.46999999880791 0
      vertex 84.46000000089407 33.46999999880791 0
      vertex 84.46000000089407 -33.46999999880791 3.6
    endloop
  endfacet
  facet normal 0 -1 0
    outer loop
      vertex -76.96000000089407 -37.46999999880791 3.6
      vertex 80.46000000089407 -37.46999999880791 0
      vertex 80.46000000089407 -37.46999999880791 3.6
    endloop
  endfacet
  facet normal 0 0 1
    outer loop
      vertex -66.25 -25.61999999731779 3.6
      vertex 80.46000000089407 -37.46999999880791 3.6
      vertex 73.25 -25.61999999731779 3.6
    endloop
  endfacet
  facet normal 0.8910065241883722 0.45399049973953853 0
    outer loop
      vertex 79.38241686096885 -35.116181241970324 0
      vertex 79.10543979322445 -34.572583139031146 3.6
      vertex 79.38241686096885 -35.116181241970324 3.6
    endloop
  endfacet
  facet normal 0.9876883405951359 0.15643446504024222 0
    outer loop
      vertex 79.10543979322445 -34.572583139031146 0
      vertex 79.00999999999999 -33.97 3.6
      vertex 79.10543979322445 -34.572583139031146 3.6
    endloop
  endfacet
  facet normal 0.9876883405951359 -0.15643446504024222 0
    outer loop
      vertex 79.00999999999999 -33.97 0
      vertex 79.10543979322445 -33.36741686096885 3.6
      vertex 79.00999999999999 -33.97 3.6
    endloop
  endfacet
  facet normal 0.8910065241883722 -0.45399049973953853 3.228526420924682e-18
    outer loop
      vertex 79.38241686096885 -32.823818758029674 3.6
      vertex 79.10543979322445 -33.36741686096885 3.6
      vertex 79.10543979322445 -33.36741686096885 0
    endloop
  endfacet
  facet normal 0.1564344671364511 -0.9876883402631291 0
    outer loop
      vertex 81.69606797397137 -37.2742260619998 0
      vertex 81.69606797397137 -37.2742260619998 3.6
      vertex 80.46000000089407 -37.46999999880791 3.6
    endloop
  endfacet
  facet normal 0.4539904997395525 0.8910065241883651 0
    outer loop
      vertex 80.35741686096884 -35.82456020677555 0
      vertex 79.81381875802967 -35.54758313903115 3.6
      vertex 80.35741686096884 -35.82456020677555 3.6
    endloop
  endfacet
  facet normal 0.7071067811865475 0.7071067811865475 0
    outer loop
      vertex 79.81381875802967 -35.54758313903115 0
      vertex 79.38241686096885 -35.116181241970324 3.6
      vertex 79.81381875802967 -35.54758313903115 3.6
    endloop
  endfacet
  facet normal 0.15643446504022904 0.987688340595138 1.2801583844548997e-18
    outer loop
      vertex 80.35741686096884 -35.82456020677555 3.6
      vertex 80.96 -35.92 3.6
      vertex 80.96 -35.92 0
    endloop
  endfacet
  facet normal -0.15643446504022904 0.987688340595138 0
    outer loop
      vertex 81.56258313903115 -35.82456020677555 0
      vertex 80.96 -35.92 3.6
      vertex 81.56258313903115 -35.82456020677555 3.6
    endloop
  endfacet
  facet normal 0.45399049623154547 -0.8910065259757839 0
    outer loop
      vertex 82.81114100664854 -36.706067979335785 0
      vertex 82.81114100664854 -36.706067979335785 3.6
      vertex 81.69606797397137 -37.2742260619998 3.6
    endloop
  endfacet
  facet normal -0.4539904997395525 0.8910065241883651 0
    outer loop
      vertex 82.10618124197032 -35.54758313903115 0
      vertex 81.56258313903115 -35.82456020677555 3.6
      vertex 82.10618124197032 -35.54758313903115 3.6
    endloop
  endfacet
  facet normal -0.7071067811865475 0.7071067811865475 0
    outer loop
      vertex 82.53758313903114 -35.116181241970324 0
      vertex 82.10618124197032 -35.54758313903115 3.6
      vertex 82.53758313903114 -35.116181241970324 3.6
    endloop
  endfacet
  facet normal 0.7071067811865476 -0.7071067811865476 0
    outer loop
      vertex 83.69606797397137 -35.82114101201296 0
      vertex 83.69606797397137 -35.82114101201296 3.6
      vertex 82.81114100664854 -36.706067979335785 3.6
    endloop
  endfacet
  facet normal -0.8910065241883722 0.45399049973953853 3.228526420924682e-18
    outer loop
      vertex 82.53758313903114 -35.116181241970324 3.6
      vertex 82.81456020677554 -34.572583139031146 3.6
      vertex 82.81456020677554 -34.572583139031146 0
    endloop
  endfacet
  facet normal -0.9876883405951359 0.15643446504024222 0
    outer loop
      vertex 82.91 -33.97 0
      vertex 82.81456020677554 -34.572583139031146 3.6
      vertex 82.91 -33.97 3.6
    endloop
  endfacet
  facet normal 0.8910065235675684 -0.4539905009579345 0
    outer loop
      vertex 84.26422606408596 -34.706067979335785 0
      vertex 84.26422606408596 -34.706067979335785 3.6
      vertex 83.69606797397137 -35.82114101201296 3.6
    endloop
  endfacet
  facet normal -0.9876883405951359 -0.15643446504024222 0
    outer loop
      vertex 82.81456020677554 -33.36741686096885 0
      vertex 82.91 -33.97 3.6
      vertex 82.81456020677554 -33.36741686096885 3.6
    endloop
  endfacet
  facet normal -0.8910065241883722 -0.45399049973953853 -3.228526420924682e-18
    outer loop
      vertex 82.81456020677554 -33.36741686096885 3.6
      vertex 82.53758313903114 -32.823818758029674 3.6
      vertex 82.53758313903114 -32.823818758029674 0
    endloop
  endfacet
  facet normal 0.9876883404088199 -0.15643446621659463 0
    outer loop
      vertex 84.46000000089407 -33.46999999880791 0
      vertex 84.46000000089407 -33.46999999880791 3.6
      vertex 84.26422606408596 -34.706067979335785 3.6
    endloop
  endfacet
  facet normal 0.7071067811865475 -0.7071067811865475 0
    outer loop
      vertex 79.38241686096885 -32.823818758029674 0
      vertex 79.81381875802967 -32.39241686096885 3.6
      vertex 79.38241686096885 -32.823818758029674 3.6
    endloop
  endfacet
  facet normal 0.4539904997395525 -0.8910065241883651 0
    outer loop
      vertex 79.81381875802967 -32.39241686096885 0
      vertex 80.35741686096884 -32.115439793224446 3.6
      vertex 79.81381875802967 -32.39241686096885 3.6
    endloop
  endfacet
  facet normal 0.15643446504022904 -0.987688340595138 -1.2801583844548997e-18
    outer loop
      vertex 80.96 -32.019999999999996 3.6
      vertex 80.35741686096884 -32.115439793224446 3.6
      vertex 80.35741686096884 -32.115439793224446 0
    endloop
  endfacet
  facet normal -0.4539904997395525 -0.8910065241883651 6.186373338243017e-18
    outer loop
      vertex 82.10618124197032 -32.39241686096885 3.6
      vertex 81.56258313903115 -32.115439793224446 3.6
      vertex 81.56258313903115 -32.115439793224446 0
    endloop
  endfacet
  facet normal -0.15643446504022904 -0.987688340595138 0
    outer loop
      vertex 80.96 -32.019999999999996 0
      vertex 81.56258313903115 -32.115439793224446 3.6
      vertex 80.96 -32.019999999999996 3.6
    endloop
  endfacet
  facet normal -0.7071067811865475 -0.7071067811865475 0
    outer loop
      vertex 82.10618124197032 -32.39241686096885 0
      vertex 82.53758313903114 -32.823818758029674 3.6
      vertex 82.10618124197032 -32.39241686096885 3.6
    endloop
  endfacet
  facet normal -0.1564344604088496 0.9876883413286764 0
    outer loop
      vertex 73.25 -25.61999999731779 0
      vertex 73.25 -25.61999999731779 3.6
      vertex 73.86803399026394 -25.522113032639027 3.6
    endloop
  endfacet
  facet normal -0.4539905033661498 0.8910065223405214 0
    outer loop
      vertex 73.86803399026394 -25.522113032639027 0
      vertex 73.86803399026394 -25.522113032639027 3.6
      vertex 74.42557050287724 -25.23803398758173 3.6
    endloop
  endfacet
  facet normal -0.7071067752331115 0.7071067871399834 0
    outer loop
      vertex 74.42557050287724 -25.23803398758173 0
      vertex 74.42557050287724 -25.23803398758173 3.6
      vertex 74.86803399026394 -24.795570507645607 3.6
    endloop
  endfacet
  facet normal -0.8910065247946155 0.453990498549719 0
    outer loop
      vertex 74.86803399026394 -24.795570507645607 0
      vertex 74.86803399026394 -24.795570507645607 3.6
      vertex 75.15211303532124 -24.23803398758173 3.6
    endloop
  endfacet
  facet normal -0.9876883413286764 0.1564344604088496 0
    outer loop
      vertex 75.15211303532124 -24.23803398758173 0
      vertex 75.15211303532124 -24.23803398758173 3.6
      vertex 75.25 -23.61999999731779 3.6
    endloop
  endfacet
  facet normal 0 0 1
    outer loop
      vertex 80.46000000089407 -37.46999999880791 3.6
      vertex 81.69606797397137 -37.2742260619998 3.6
      vertex 80.35741686096884 -35.82456020677555 3.6
    endloop
  endfacet
  facet normal 0 0 1
    outer loop
      vertex 81.69606797397137 -37.2742260619998 3.6
      vertex 80.96 -35.92 3.6
      vertex 80.35741686096884 -35.82456020677555 3.6
    endloop
  endfacet
  facet normal 0 0 1
    outer loop
      vertex 81.69606797397137 -37.2742260619998 3.6
      vertex 81.56258313903115 -35.82456020677555 3.6
      vertex 80.96 -35.92 3.6
    endloop
  endfacet
  facet normal 0 0 1
    outer loop
      vertex 80.46000000089407 -37.46999999880791 3.6
      vertex 79.81381875802967 -35.54758313903115 3.6
      vertex 79.38241686096885 -35.116181241970324 3.6
    endloop
  endfacet
  facet normal 0 0 1
    outer loop
      vertex 80.46000000089407 -37.46999999880791 3.6
      vertex 79.38241686096885 -35.116181241970324 3.6
      vertex 79.10543979322445 -34.572583139031146 3.6
    endloop
  endfacet
  facet normal 0 0 1
    outer loop
      vertex 80.46000000089407 -37.46999999880791 3.6
      vertex 80.35741686096884 -35.82456020677555 3.6
      vertex 79.81381875802967 -35.54758313903115 3.6
    endloop
  endfacet
  facet normal 0 0 1
    outer loop
      vertex 81.69606797397137 -37.2742260619998 3.6
      vertex 82.81114100664854 -36.706067979335785 3.6
      vertex 81.56258313903115 -35.82456020677555 3.6
    endloop
  endfacet
  facet normal 0 0 1
    outer loop
      vertex 82.81114100664854 -36.706067979335785 3.6
      vertex 82.10618124197032 -35.54758313903115 3.6
      vertex 81.56258313903115 -35.82456020677555 3.6
    endloop
  endfacet
  facet normal 0 0 1
    outer loop
      vertex 82.81114100664854 -36.706067979335785 3.6
      vertex 83.69606797397137 -35.82114101201296 3.6
      vertex 82.10618124197032 -35.54758313903115 3.6
    endloop
  endfacet
  facet normal 0 0 1
    outer loop
      vertex 83.69606797397137 -35.82114101201296 3.6
      vertex 82.53758313903114 -35.116181241970324 3.6
      vertex 82.10618124197032 -35.54758313903115 3.6
    endloop
  endfacet
  facet normal 0 0 1
    outer loop
      vertex 83.69606797397137 -35.82114101201296 3.6
      vertex 84.26422606408596 -34.706067979335785 3.6
      vertex 82.53758313903114 -35.116181241970324 3.6
    endloop
  endfacet
  facet normal 0 0 1
    outer loop
      vertex 84.26422606408596 -34.706067979335785 3.6
      vertex 82.81456020677554 -34.572583139031146 3.6
      vertex 82.53758313903114 -35.116181241970324 3.6
    endloop
  endfacet
  facet normal 0 0 1
    outer loop
      vertex 84.26422606408596 -34.706067979335785 3.6
      vertex 82.91 -33.97 3.6
      vertex 82.81456020677554 -34.572583139031146 3.6
    endloop
  endfacet
  facet normal 0 0 1
    outer loop
      vertex 84.26422606408596 -34.706067979335785 3.6
      vertex 82.81456020677554 -33.36741686096885 3.6
      vertex 82.91 -33.97 3.6
    endloop
  endfacet
  facet normal 0 0 1
    outer loop
      vertex 84.46000000089407 -33.46999999880791 3.6
      vertex 82.10618124197032 -32.39241686096885 3.6
      vertex 82.53758313903114 -32.823818758029674 3.6
    endloop
  endfacet
  facet normal 0 0 1
    outer loop
      vertex 84.26422606408596 -34.706067979335785 3.6
      vertex 84.46000000089407 -33.46999999880791 3.6
      vertex 82.81456020677554 -33.36741686096885 3.6
    endloop
  endfacet
  facet normal 0 0 1
    outer loop
      vertex 84.46000000089407 -33.46999999880791 3.6
      vertex 82.53758313903114 -32.823818758029674 3.6
      vertex 82.81456020677554 -33.36741686096885 3.6
    endloop
  endfacet
  facet normal 0 0 1
    outer loop
      vertex 80.46000000089407 -37.46999999880791 3.6
      vertex 79.10543979322445 -34.572583139031146 3.6
      vertex 74.42557050287724 -25.23803398758173 3.6
    endloop
  endfacet
  facet normal 0 0 1
    outer loop
      vertex 74.42557050287724 -25.23803398758173 3.6
      vertex 79.10543979322445 -34.572583139031146 3.6
      vertex 79.00999999999999 -33.97 3.6
    endloop
  endfacet
  facet normal 0 0 1
    outer loop
      vertex 74.42557050287724 -25.23803398758173 3.6
      vertex 79.00999999999999 -33.97 3.6
      vertex 79.10543979322445 -33.36741686096885 3.6
    endloop
  endfacet
  facet normal 0 0 1
    outer loop
      vertex 74.42557050287724 -25.23803398758173 3.6
      vertex 79.10543979322445 -33.36741686096885 3.6
      vertex 79.38241686096885 -32.823818758029674 3.6
    endloop
  endfacet
  facet normal 0 0 1
    outer loop
      vertex 80.46000000089407 -37.46999999880791 3.6
      vertex 73.86803399026394 -25.522113032639027 3.6
      vertex 73.25 -25.61999999731779 3.6
    endloop
  endfacet
  facet normal 0 0 1
    outer loop
      vertex 80.46000000089407 -37.46999999880791 3.6
      vertex 74.42557050287724 -25.23803398758173 3.6
      vertex 73.86803399026394 -25.522113032639027 3.6
    endloop
  endfacet
  facet normal 0 0 1
    outer loop
      vertex 74.42557050287724 -25.23803398758173 3.6
      vertex 79.38241686096885 -32.823818758029674 3.6
      vertex 79.81381875802967 -32.39241686096885 3.6
    endloop
  endfacet
  facet normal 0 0 1
    outer loop
      vertex 74.42557050287724 -25.23803398758173 3.6
      vertex 79.81381875802967 -32.39241686096885 3.6
      vertex 80.35741686096884 -32.115439793224446 3.6
    endloop
  endfacet
  facet normal 0 0 1
    outer loop
      vertex 74.42557050287724 -25.23803398758173 3.6
      vertex 80.35741686096884 -32.115439793224446 3.6
      vertex 80.96 -32.019999999999996 3.6
    endloop
  endfacet
  facet normal 0 0 1
    outer loop
      vertex 74.42557050287724 -25.23803398758173 3.6
      vertex 80.96 -32.019999999999996 3.6
      vertex 81.56258313903115 -32.115439793224446 3.6
    endloop
  endfacet
  facet normal 0 0 1
    outer loop
      vertex 74.42557050287724 -25.23803398758173 3.6
      vertex 81.56258313903115 -32.115439793224446 3.6
      vertex 82.10618124197032 -32.39241686096885 3.6
    endloop
  endfacet
  facet normal 0 0 1
    outer loop
      vertex 84.46000000089407 -33.46999999880791 3.6
      vertex 74.42557050287724 -25.23803398758173 3.6
      vertex 82.10618124197032 -32.39241686096885 3.6
    endloop
  endfacet
  facet normal 0 0 1
    outer loop
      vertex 84.46000000089407 -33.46999999880791 3.6
      vertex 74.86803399026394 -24.795570507645607 3.6
      vertex 74.42557050287724 -25.23803398758173 3.6
    endloop
  endfacet
  facet normal 0 0 1
    outer loop
      vertex 84.46000000089407 -33.46999999880791 3.6
      vertex 75.15211303532124 -24.23803398758173 3.6
      vertex 74.86803399026394 -24.795570507645607 3.6
    endloop
  endfacet
  facet normal -1 0 0
    outer loop
      vertex 75.25 -23.61999999731779 0
      vertex 75.25 -23.61999999731779 3.6
      vertex 75.25 23.61999999731779 3.6
    endloop
  endfacet
  facet normal 0 0 1
    outer loop
      vertex 75.15211303532124 -24.23803398758173 3.6
      vertex 84.46000000089407 33.46999999880791 3.6
      vertex 75.25 -23.61999999731779 3.6
    endloop
  endfacet
  facet normal 0 0 1
    outer loop
      vertex 84.46000000089407 -33.46999999880791 3.6
      vertex 84.46000000089407 33.46999999880791 3.6
      vertex 75.15211303532124 -24.23803398758173 3.6
    endloop
  endfacet
  facet normal 0 0 -1
    outer loop
      vertex -66.25 25.61999999731779 0
      vertex 80.46000000089407 37.46999999880791 0
      vertex 73.25 25.61999999731779 0
    endloop
  endfacet
  facet normal 0 1 0
    outer loop
      vertex -76.96000000089407 37.46999999880791 0
      vertex 80.46000000089407 37.46999999880791 3.6
      vertex 80.46000000089407 37.46999999880791 0
    endloop
  endfacet
  facet normal 0 0 -1
    outer loop
      vertex 75.25 -23.61999999731779 0
      vertex 75.25 23.61999999731779 0
      vertex 84.46000000089407 33.46999999880791 0
    endloop
  endfacet
  facet normal -1 0 0
    outer loop
      vertex 75.25 -23.61999999731779 0
      vertex 75.25 23.61999999731779 3.6
      vertex 75.25 23.61999999731779 0
    endloop
  endfacet
  facet normal 0 0 -1
    outer loop
      vertex 74.86803399026394 24.795570507645607 0
      vertex 74.42557050287724 25.23803398758173 0
      vertex 84.46000000089407 33.46999999880791 0
    endloop
  endfacet
  facet normal 0 0 -1
    outer loop
      vertex 75.25 23.61999999731779 0
      vertex 75.15211303532124 24.23803398758173 0
      vertex 84.46000000089407 33.46999999880791 0
    endloop
  endfacet
  facet normal 0 0 -1
    outer loop
      vertex 75.15211303532124 24.23803398758173 0
      vertex 74.86803399026394 24.795570507645607 0
      vertex 84.46000000089407 33.46999999880791 0
    endloop
  endfacet
  facet normal 0 0 -1
    outer loop
      vertex 73.25 25.61999999731779 0
      vertex 80.46000000089407 37.46999999880791 0
      vertex 73.86803399026394 25.522113032639027 0
    endloop
  endfacet
  facet normal 0 0 -1
    outer loop
      vertex 73.86803399026394 25.522113032639027 0
      vertex 80.46000000089407 37.46999999880791 0
      vertex 74.42557050287724 25.23803398758173 0
    endloop
  endfacet
  facet normal 0 0 -1
    outer loop
      vertex 74.42557050287724 25.23803398758173 0
      vertex 79.38241686096885 32.823818758029674 0
      vertex 79.81381875802967 32.39241686096885 0
    endloop
  endfacet
  facet normal 0 0 -1
    outer loop
      vertex 74.42557050287724 25.23803398758173 0
      vertex 80.35741686096884 32.115439793224446 0
      vertex 80.96 32.019999999999996 0
    endloop
  endfacet
  facet normal 0 0 -1
    outer loop
      vertex 74.42557050287724 25.23803398758173 0
      vertex 80.96 32.019999999999996 0
      vertex 81.56258313903115 32.115439793224446 0
    endloop
  endfacet
  facet normal 0 0 -1
    outer loop
      vertex 74.42557050287724 25.23803398758173 0
      vertex 79.81381875802967 32.39241686096885 0
      vertex 80.35741686096884 32.115439793224446 0
    endloop
  endfacet
  facet normal 0 0 -1
    outer loop
      vertex 74.42557050287724 25.23803398758173 0
      vertex 79.10543979322445 33.36741686096885 0
      vertex 79.38241686096885 32.823818758029674 0
    endloop
  endfacet
  facet normal 0 0 -1
    outer loop
      vertex 74.42557050287724 25.23803398758173 0
      vertex 79.00999999999999 33.97 0
      vertex 79.10543979322445 33.36741686096885 0
    endloop
  endfacet
  facet normal 0 0 -1
    outer loop
      vertex 74.42557050287724 25.23803398758173 0
      vertex 79.10543979322445 34.572583139031146 0
      vertex 79.00999999999999 33.97 0
    endloop
  endfacet
  facet normal 0 0 -1
    outer loop
      vertex 74.42557050287724 25.23803398758173 0
      vertex 80.46000000089407 37.46999999880791 0
      vertex 79.10543979322445 34.572583139031146 0
    endloop
  endfacet
  facet normal 0 0 -1
    outer loop
      vertex 74.42557050287724 25.23803398758173 0
      vertex 81.56258313903115 32.115439793224446 0
      vertex 82.10618124197032 32.39241686096885 0
    endloop
  endfacet
  facet normal 0 0 -1
    outer loop
      vertex 74.42557050287724 25.23803398758173 0
      vertex 82.10618124197032 32.39241686096885 0
      vertex 84.46000000089407 33.46999999880791 0
    endloop
  endfacet
  facet normal 0 0 -1
    outer loop
      vertex 84.46000000089407 33.46999999880791 0
      vertex 82.10618124197032 32.39241686096885 0
      vertex 82.53758313903114 32.823818758029674 0
    endloop
  endfacet
  facet normal 0 0 -1
    outer loop
      vertex 84.46000000089407 33.46999999880791 0
      vertex 82.53758313903114 32.823818758029674 0
      vertex 82.81456020677554 33.36741686096885 0
    endloop
  endfacet
  facet normal 0 0 -1
    outer loop
      vertex 84.46000000089407 33.46999999880791 0
      vertex 82.81456020677554 33.36741686096885 0
      vertex 84.26422606408596 34.706067979335785 0
    endloop
  endfacet
  facet normal 0 0 -1
    outer loop
      vertex 84.26422606408596 34.706067979335785 0
      vertex 82.81456020677554 33.36741686096885 0
      vertex 82.91 33.97 0
    endloop
  endfacet
  facet normal 0 0 -1
    outer loop
      vertex 84.26422606408596 34.706067979335785 0
      vertex 82.91 33.97 0
      vertex 82.81456020677554 34.572583139031146 0
    endloop
  endfacet
  facet normal 0 0 -1
    outer loop
      vertex 84.26422606408596 34.706067979335785 0
      vertex 82.81456020677554 34.572583139031146 0
      vertex 82.53758313903114 35.116181241970324 0
    endloop
  endfacet
  facet normal 0 0 -1
    outer loop
      vertex 80.46000000089407 37.46999999880791 0
      vertex 79.38241686096885 35.116181241970324 0
      vertex 79.10543979322445 34.572583139031146 0
    endloop
  endfacet
  facet normal 0 0 -1
    outer loop
      vertex 80.46000000089407 37.46999999880791 0
      vertex 79.81381875802967 35.54758313903115 0
      vertex 79.38241686096885 35.116181241970324 0
    endloop
  endfacet
  facet normal 0 0 -1
    outer loop
      vertex 80.46000000089407 37.46999999880791 0
      vertex 80.35741686096884 35.82456020677555 0
      vertex 79.81381875802967 35.54758313903115 0
    endloop
  endfacet
  facet normal 0 0 -1
    outer loop
      vertex 81.69606797397137 37.2742260619998 0
      vertex 80.96 35.92 0
      vertex 80.35741686096884 35.82456020677555 0
    endloop
  endfacet
  facet normal 0 0 -1
    outer loop
      vertex 80.46000000089407 37.46999999880791 0
      vertex 81.69606797397137 37.2742260619998 0
      vertex 80.35741686096884 35.82456020677555 0
    endloop
  endfacet
  facet normal 0 0 -1
    outer loop
      vertex 81.69606797397137 37.2742260619998 0
      vertex 81.56258313903115 35.82456020677555 0
      vertex 80.96 35.92 0
    endloop
  endfacet
  facet normal 0 0 -1
    outer loop
      vertex 83.69606797397137 35.82114101201296 0
      vertex 82.53758313903114 35.116181241970324 0
      vertex 82.10618124197032 35.54758313903115 0
    endloop
  endfacet
  facet normal 0 0 -1
    outer loop
      vertex 82.81114100664854 36.706067979335785 0
      vertex 82.10618124197032 35.54758313903115 0
      vertex 81.56258313903115 35.82456020677555 0
    endloop
  endfacet
  facet normal 0 0 -1
    outer loop
      vertex 83.69606797397137 35.82114101201296 0
      vertex 82.10618124197032 35.54758313903115 0
      vertex 82.81114100664854 36.706067979335785 0
    endloop
  endfacet
  facet normal 0 0 -1
    outer loop
      vertex 84.26422606408596 34.706067979335785 0
      vertex 82.53758313903114 35.116181241970324 0
      vertex 83.69606797397137 35.82114101201296 0
    endloop
  endfacet
  facet normal 0 0 -1
    outer loop
      vertex 81.69606797397137 37.2742260619998 0
      vertex 82.81114100664854 36.706067979335785 0
      vertex 81.56258313903115 35.82456020677555 0
    endloop
  endfacet
  facet normal -0.1564344604088496 -0.9876883413286764 0
    outer loop
      vertex 73.25 25.61999999731779 0
      vertex 73.86803399026394 25.522113032639027 0
      vertex 73.25 25.61999999731779 3.6
    endloop
  endfacet
  facet normal -0.4539905033661498 -0.8910065223405214 0
    outer loop
      vertex 73.86803399026394 25.522113032639027 0
      vertex 74.42557050287724 25.23803398758173 0
      vertex 73.86803399026394 25.522113032639027 3.6
    endloop
  endfacet
  facet normal -0.9876883413286764 -0.1564344604088496 0
    outer loop
      vertex 75.25 23.61999999731779 0
      vertex 75.15211303532124 24.23803398758173 3.6
      vertex 75.15211303532124 24.23803398758173 0
    endloop
  endfacet
  facet normal -0.7071067752331115 -0.7071067871399834 0
    outer loop
      vertex 74.86803399026394 24.795570507645607 0
      vertex 74.42557050287724 25.23803398758173 3.6
      vertex 74.42557050287724 25.23803398758173 0
    endloop
  endfacet
  facet normal -0.8910065247946155 -0.453990498549719 0
    outer loop
      vertex 75.15211303532124 24.23803398758173 0
      vertex 74.86803399026394 24.795570507645607 3.6
      vertex 74.86803399026394 24.795570507645607 0
    endloop
  endfacet
  facet normal 0.15643446504022904 0.987688340595138 1.2801583844548997e-18
    outer loop
      vertex 80.96 32.019999999999996 0
      vertex 80.35741686096884 32.115439793224446 0
      vertex 80.35741686096884 32.115439793224446 3.6
    endloop
  endfacet
  facet normal 0.7071067811865475 0.7071067811865475 3.6318843834690755e-18
    outer loop
      vertex 79.81381875802967 32.39241686096885 0
      vertex 79.38241686096885 32.823818758029674 0
      vertex 79.38241686096885 32.823818758029674 3.6
    endloop
  endfacet
  facet normal 0.4539904997395525 0.8910065241883651 0
    outer loop
      vertex 79.81381875802967 32.39241686096885 0
      vertex 79.81381875802967 32.39241686096885 3.6
      vertex 80.35741686096884 32.115439793224446 0
    endloop
  endfacet
  facet normal -0.15643446504022904 0.987688340595138 0
    outer loop
      vertex 80.96 32.019999999999996 0
      vertex 80.96 32.019999999999996 3.6
      vertex 81.56258313903115 32.115439793224446 0
    endloop
  endfacet
  facet normal -0.4539904997395525 0.8910065241883651 -6.186373338243017e-18
    outer loop
      vertex 82.10618124197032 32.39241686096885 0
      vertex 81.56258313903115 32.115439793224446 0
      vertex 81.56258313903115 32.115439793224446 3.6
    endloop
  endfacet
  facet normal -0.7071067811865475 0.7071067811865475 0
    outer loop
      vertex 82.10618124197032 32.39241686096885 0
      vertex 82.10618124197032 32.39241686096885 3.6
      vertex 82.53758313903114 32.823818758029674 0
    endloop
  endfacet
  facet normal 0.8910065241883722 0.45399049973953853 -3.228526420924682e-18
    outer loop
      vertex 79.38241686096885 32.823818758029674 0
      vertex 79.10543979322445 33.36741686096885 0
      vertex 79.10543979322445 33.36741686096885 3.6
    endloop
  endfacet
  facet normal 0.9876883405951359 0.15643446504024222 2.856550276979694e-19
    outer loop
      vertex 79.10543979322445 33.36741686096885 0
      vertex 79.00999999999999 33.97 0
      vertex 79.00999999999999 33.97 3.6
    endloop
  endfacet
  facet normal 0.9876883405951359 -0.15643446504024222 -2.856550276979694e-19
    outer loop
      vertex 79.00999999999999 33.97 0
      vertex 79.10543979322445 34.572583139031146 0
      vertex 79.10543979322445 34.572583139031146 3.6
    endloop
  endfacet
  facet normal 0.8910065241883722 -0.45399049973953853 3.228526420924682e-18
    outer loop
      vertex 79.10543979322445 34.572583139031146 0
      vertex 79.38241686096885 35.116181241970324 0
      vertex 79.38241686096885 35.116181241970324 3.6
    endloop
  endfacet
  facet normal -0.8910065241883722 0.45399049973953853 3.228526420924682e-18
    outer loop
      vertex 82.81456020677554 33.36741686096885 0
      vertex 82.53758313903114 32.823818758029674 0
      vertex 82.53758313903114 32.823818758029674 3.6
    endloop
  endfacet
  facet normal -0.9876883405951359 0.15643446504024222 -2.856550276979694e-19
    outer loop
      vertex 82.91 33.97 0
      vertex 82.81456020677554 33.36741686096885 0
      vertex 82.81456020677554 33.36741686096885 3.6
    endloop
  endfacet
  facet normal 0.9876883404088199 0.15643446621659463 0
    outer loop
      vertex 84.46000000089407 33.46999999880791 0
      vertex 84.26422606408596 34.706067979335785 0
      vertex 84.46000000089407 33.46999999880791 3.6
    endloop
  endfacet
  facet normal -0.9876883405951359 -0.15643446504024222 2.856550276979694e-19
    outer loop
      vertex 82.81456020677554 34.572583139031146 0
      vertex 82.91 33.97 0
      vertex 82.91 33.97 3.6
    endloop
  endfacet
  facet normal -0.8910065241883722 -0.45399049973953853 -3.228526420924682e-18
    outer loop
      vertex 82.53758313903114 35.116181241970324 0
      vertex 82.81456020677554 34.572583139031146 0
      vertex 82.81456020677554 34.572583139031146 3.6
    endloop
  endfacet
  facet normal 0.8910065235675684 0.4539905009579345 0
    outer loop
      vertex 84.26422606408596 34.706067979335785 0
      vertex 83.69606797397137 35.82114101201296 0
      vertex 84.26422606408596 34.706067979335785 3.6
    endloop
  endfacet
  facet normal 0.7071067811865475 -0.7071067811865475 -3.6318843834690755e-18
    outer loop
      vertex 79.38241686096885 35.116181241970324 0
      vertex 79.81381875802967 35.54758313903115 0
      vertex 79.81381875802967 35.54758313903115 3.6
    endloop
  endfacet
  facet normal 0.4539904997395525 -0.8910065241883651 0
    outer loop
      vertex 80.35741686096884 35.82456020677555 0
      vertex 80.35741686096884 35.82456020677555 3.6
      vertex 79.81381875802967 35.54758313903115 0
    endloop
  endfacet
  facet normal 0.15643446504022904 -0.987688340595138 -1.2801583844548997e-18
    outer loop
      vertex 80.35741686096884 35.82456020677555 0
      vertex 80.96 35.92 0
      vertex 80.96 35.92 3.6
    endloop
  endfacet
  facet normal -0.15643446504022904 -0.987688340595138 0
    outer loop
      vertex 81.56258313903115 35.82456020677555 0
      vertex 81.56258313903115 35.82456020677555 3.6
      vertex 80.96 35.92 0
    endloop
  endfacet
  facet normal 0.1564344671364511 0.9876883402631291 0
    outer loop
      vertex 80.46000000089407 37.46999999880791 0
      vertex 81.69606797397137 37.2742260619998 3.6
      vertex 81.69606797397137 37.2742260619998 0
    endloop
  endfacet
  facet normal -0.7071067811865475 -0.7071067811865475 3.6318843834690755e-18
    outer loop
      vertex 82.10618124197032 35.54758313903115 0
      vertex 82.53758313903114 35.116181241970324 0
      vertex 82.53758313903114 35.116181241970324 3.6
    endloop
  endfacet
  facet normal -0.4539904997395525 -0.8910065241883651 0
    outer loop
      vertex 82.10618124197032 35.54758313903115 0
      vertex 82.10618124197032 35.54758313903115 3.6
      vertex 81.56258313903115 35.82456020677555 0
    endloop
  endfacet
  facet normal 0.7071067811865476 0.7071067811865476 0
    outer loop
      vertex 83.69606797397137 35.82114101201296 0
      vertex 82.81114100664854 36.706067979335785 0
      vertex 83.69606797397137 35.82114101201296 3.6
    endloop
  endfacet
  facet normal 0.45399049623154547 0.8910065259757839 1.2321265205166078e-17
    outer loop
      vertex 81.69606797397137 37.2742260619998 0
      vertex 82.81114100664854 36.706067979335785 3.6
      vertex 82.81114100664854 36.706067979335785 0
    endloop
  endfacet
  facet normal 0 -1 0
    outer loop
      vertex -66.25 25.61999999731779 3.6
      vertex 73.25 25.61999999731779 0
      vertex 73.25 25.61999999731779 3.6
    endloop
  endfacet
  facet normal 0 0 1
    outer loop
      vertex -66.25 25.61999999731779 3.6
      vertex 73.25 25.61999999731779 3.6
      vertex 80.46000000089407 37.46999999880791 3.6
    endloop
  endfacet
  facet normal 1 0 0
    outer loop
      vertex 84.46000000089407 -33.46999999880791 3.6
      vertex 84.46000000089407 33.46999999880791 0
      vertex 84.46000000089407 33.46999999880791 3.6
    endloop
  endfacet
  facet normal 0 0 1
    outer loop
      vertex 75.25 -23.61999999731779 3.6
      vertex 84.46000000089407 33.46999999880791 3.6
      vertex 75.25 23.61999999731779 3.6
    endloop
  endfacet
  facet normal -0.1564344604088496 -0.9876883413286764 0
    outer loop
      vertex 73.86803399026394 25.522113032639027 0
      vertex 73.86803399026394 25.522113032639027 3.6
      vertex 73.25 25.61999999731779 3.6
    endloop
  endfacet
  facet normal -0.9876883413286764 -0.1564344604088496 0
    outer loop
      vertex 75.25 23.61999999731779 0
      vertex 75.25 23.61999999731779 3.6
      vertex 75.15211303532124 24.23803398758173 3.6
    endloop
  endfacet
  facet normal -0.8910065247946155 -0.453990498549719 0
    outer loop
      vertex 75.15211303532124 24.23803398758173 0
      vertex 75.15211303532124 24.23803398758173 3.6
      vertex 74.86803399026394 24.795570507645607 3.6
    endloop
  endfacet
  facet normal -0.7071067752331115 -0.7071067871399834 0
    outer loop
      vertex 74.86803399026394 24.795570507645607 0
      vertex 74.86803399026394 24.795570507645607 3.6
      vertex 74.42557050287724 25.23803398758173 3.6
    endloop
  endfacet
  facet normal -0.4539905033661498 -0.8910065223405214 0
    outer loop
      vertex 74.42557050287724 25.23803398758173 0
      vertex 74.42557050287724 25.23803398758173 3.6
      vertex 73.86803399026394 25.522113032639027 3.6
    endloop
  endfacet
  facet normal 0.7071067811865475 0.7071067811865475 0
    outer loop
      vertex 79.81381875802967 32.39241686096885 0
      vertex 79.38241686096885 32.823818758029674 3.6
      vertex 79.81381875802967 32.39241686096885 3.6
    endloop
  endfacet
  facet normal 0.4539904997395525 0.8910065241883651 0
    outer loop
      vertex 80.35741686096884 32.115439793224446 0
      vertex 79.81381875802967 32.39241686096885 3.6
      vertex 80.35741686096884 32.115439793224446 3.6
    endloop
  endfacet
  facet normal 0.15643446504022904 0.987688340595138 0
    outer loop
      vertex 80.96 32.019999999999996 0
      vertex 80.35741686096884 32.115439793224446 3.6
      vertex 80.96 32.019999999999996 3.6
    endloop
  endfacet
  facet normal -0.15643446504022904 0.987688340595138 0
    outer loop
      vertex 81.56258313903115 32.115439793224446 0
      vertex 80.96 32.019999999999996 3.6
      vertex 81.56258313903115 32.115439793224446 3.6
    endloop
  endfacet
  facet normal -0.4539904997395525 0.8910065241883651 0
    outer loop
      vertex 82.10618124197032 32.39241686096885 0
      vertex 81.56258313903115 32.115439793224446 3.6
      vertex 82.10618124197032 32.39241686096885 3.6
    endloop
  endfacet
  facet normal -0.7071067811865475 0.7071067811865475 0
    outer loop
      vertex 82.53758313903114 32.823818758029674 0
      vertex 82.10618124197032 32.39241686096885 3.6
      vertex 82.53758313903114 32.823818758029674 3.6
    endloop
  endfacet
  facet normal 0.8910065241883722 0.45399049973953853 -3.228526420924682e-18
    outer loop
      vertex 79.10543979322445 33.36741686096885 3.6
      vertex 79.38241686096885 32.823818758029674 3.6
      vertex 79.38241686096885 32.823818758029674 0
    endloop
  endfacet
  facet normal 0.9876883405951359 0.15643446504024222 0
    outer loop
      vertex 79.10543979322445 33.36741686096885 0
      vertex 79.00999999999999 33.97 3.6
      vertex 79.10543979322445 33.36741686096885 3.6
    endloop
  endfacet
  facet normal 0.9876883405951359 -0.15643446504024222 0
    outer loop
      vertex 79.00999999999999 33.97 0
      vertex 79.10543979322445 34.572583139031146 3.6
      vertex 79.00999999999999 33.97 3.6
    endloop
  endfacet
  facet normal 0.8910065241883722 -0.45399049973953853 0
    outer loop
      vertex 79.10543979322445 34.572583139031146 0
      vertex 79.38241686096885 35.116181241970324 3.6
      vertex 79.10543979322445 34.572583139031146 3.6
    endloop
  endfacet
  facet normal -0.8910065241883722 0.45399049973953853 3.228526420924682e-18
    outer loop
      vertex 82.53758313903114 32.823818758029674 3.6
      vertex 82.81456020677554 33.36741686096885 3.6
      vertex 82.81456020677554 33.36741686096885 0
    endloop
  endfacet
  facet normal -0.9876883405951359 0.15643446504024222 0
    outer loop
      vertex 82.91 33.97 0
      vertex 82.81456020677554 33.36741686096885 3.6
      vertex 82.91 33.97 3.6
    endloop
  endfacet
  facet normal -0.9876883405951359 -0.15643446504024222 0
    outer loop
      vertex 82.81456020677554 34.572583139031146 0
      vertex 82.91 33.97 3.6
      vertex 82.81456020677554 34.572583139031146 3.6
    endloop
  endfacet
  facet normal -0.8910065241883722 -0.45399049973953853 -3.228526420924682e-18
    outer loop
      vertex 82.81456020677554 34.572583139031146 3.6
      vertex 82.53758313903114 35.116181241970324 3.6
      vertex 82.53758313903114 35.116181241970324 0
    endloop
  endfacet
  facet normal 0.9876883404088199 0.15643446621659463 0
    outer loop
      vertex 84.26422606408596 34.706067979335785 0
      vertex 84.26422606408596 34.706067979335785 3.6
      vertex 84.46000000089407 33.46999999880791 3.6
    endloop
  endfacet
  facet normal 0.7071067811865475 -0.7071067811865475 0
    outer loop
      vertex 79.38241686096885 35.116181241970324 0
      vertex 79.81381875802967 35.54758313903115 3.6
      vertex 79.38241686096885 35.116181241970324 3.6
    endloop
  endfacet
  facet normal 0.4539904997395525 -0.8910065241883651 0
    outer loop
      vertex 79.81381875802967 35.54758313903115 0
      vertex 80.35741686096884 35.82456020677555 3.6
      vertex 79.81381875802967 35.54758313903115 3.6
    endloop
  endfacet
  facet normal 0.15643446504022904 -0.987688340595138 0
    outer loop
      vertex 80.35741686096884 35.82456020677555 0
      vertex 80.96 35.92 3.6
      vertex 80.35741686096884 35.82456020677555 3.6
    endloop
  endfacet
  facet normal -0.15643446504022904 -0.987688340595138 0
    outer loop
      vertex 80.96 35.92 0
      vertex 81.56258313903115 35.82456020677555 3.6
      vertex 80.96 35.92 3.6
    endloop
  endfacet
  facet normal -0.4539904997395525 -0.8910065241883651 0
    outer loop
      vertex 81.56258313903115 35.82456020677555 0
      vertex 82.10618124197032 35.54758313903115 3.6
      vertex 81.56258313903115 35.82456020677555 3.6
    endloop
  endfacet
  facet normal 0.1564344671364511 0.9876883402631291 0
    outer loop
      vertex 80.46000000089407 37.46999999880791 0
      vertex 80.46000000089407 37.46999999880791 3.6
      vertex 81.69606797397137 37.2742260619998 3.6
    endloop
  endfacet
  facet normal -0.7071067811865475 -0.7071067811865475 0
    outer loop
      vertex 82.10618124197032 35.54758313903115 0
      vertex 82.53758313903114 35.116181241970324 3.6
      vertex 82.10618124197032 35.54758313903115 3.6
    endloop
  endfacet
  facet normal 0.8910065235675684 0.4539905009579345 0
    outer loop
      vertex 83.69606797397137 35.82114101201296 0
      vertex 83.69606797397137 35.82114101201296 3.6
      vertex 84.26422606408596 34.706067979335785 3.6
    endloop
  endfacet
  facet normal 0.7071067811865476 0.7071067811865476 0
    outer loop
      vertex 82.81114100664854 36.706067979335785 0
      vertex 82.81114100664854 36.706067979335785 3.6
      vertex 83.69606797397137 35.82114101201296 3.6
    endloop
  endfacet
  facet normal 0.45399049623154547 0.8910065259757839 0
    outer loop
      vertex 81.69606797397137 37.2742260619998 0
      vertex 81.69606797397137 37.2742260619998 3.6
      vertex 82.81114100664854 36.706067979335785 3.6
    endloop
  endfacet
  facet normal 0 0 1
    outer loop
      vertex 74.86803399026394 24.795570507645607 3.6
      vertex 84.46000000089407 33.46999999880791 3.6
      vertex 74.42557050287724 25.23803398758173 3.6
    endloop
  endfacet
  facet normal 0 0 1
    outer loop
      vertex 75.25 23.61999999731779 3.6
      vertex 84.46000000089407 33.46999999880791 3.6
      vertex 75.15211303532124 24.23803398758173 3.6
    endloop
  endfacet
  facet normal 0 0 1
    outer loop
      vertex 75.15211303532124 24.23803398758173 3.6
      vertex 84.46000000089407 33.46999999880791 3.6
      vertex 74.86803399026394 24.795570507645607 3.6
    endloop
  endfacet
  facet normal 0 0 1
    outer loop
      vertex 73.25 25.61999999731779 3.6
      vertex 73.86803399026394 25.522113032639027 3.6
      vertex 80.46000000089407 37.46999999880791 3.6
    endloop
  endfacet
  facet normal 0 0 1
    outer loop
      vertex 73.86803399026394 25.522113032639027 3.6
      vertex 74.42557050287724 25.23803398758173 3.6
      vertex 80.46000000089407 37.46999999880791 3.6
    endloop
  endfacet
  facet normal 0 0 1
    outer loop
      vertex 74.42557050287724 25.23803398758173 3.6
      vertex 79.81381875802967 32.39241686096885 3.6
      vertex 79.38241686096885 32.823818758029674 3.6
    endloop
  endfacet
  facet normal 0 0 1
    outer loop
      vertex 74.42557050287724 25.23803398758173 3.6
      vertex 80.96 32.019999999999996 3.6
      vertex 80.35741686096884 32.115439793224446 3.6
    endloop
  endfacet
  facet normal 0 0 1
    outer loop
      vertex 74.42557050287724 25.23803398758173 3.6
      vertex 81.56258313903115 32.115439793224446 3.6
      vertex 80.96 32.019999999999996 3.6
    endloop
  endfacet
  facet normal 0 0 1
    outer loop
      vertex 74.42557050287724 25.23803398758173 3.6
      vertex 80.35741686096884 32.115439793224446 3.6
      vertex 79.81381875802967 32.39241686096885 3.6
    endloop
  endfacet
  facet normal 0 0 1
    outer loop
      vertex 74.42557050287724 25.23803398758173 3.6
      vertex 79.38241686096885 32.823818758029674 3.6
      vertex 79.10543979322445 33.36741686096885 3.6
    endloop
  endfacet
  facet normal 0 0 1
    outer loop
      vertex 74.42557050287724 25.23803398758173 3.6
      vertex 79.10543979322445 33.36741686096885 3.6
      vertex 79.00999999999999 33.97 3.6
    endloop
  endfacet
  facet normal 0 0 1
    outer loop
      vertex 74.42557050287724 25.23803398758173 3.6
      vertex 79.00999999999999 33.97 3.6
      vertex 79.10543979322445 34.572583139031146 3.6
    endloop
  endfacet
  facet normal 0 0 1
    outer loop
      vertex 74.42557050287724 25.23803398758173 3.6
      vertex 79.10543979322445 34.572583139031146 3.6
      vertex 80.46000000089407 37.46999999880791 3.6
    endloop
  endfacet
  facet normal 0 0 1
    outer loop
      vertex 74.42557050287724 25.23803398758173 3.6
      vertex 82.10618124197032 32.39241686096885 3.6
      vertex 81.56258313903115 32.115439793224446 3.6
    endloop
  endfacet
  facet normal 0 0 1
    outer loop
      vertex 74.42557050287724 25.23803398758173 3.6
      vertex 84.46000000089407 33.46999999880791 3.6
      vertex 82.10618124197032 32.39241686096885 3.6
    endloop
  endfacet
  facet normal 0 0 1
    outer loop
      vertex 84.46000000089407 33.46999999880791 3.6
      vertex 82.53758313903114 32.823818758029674 3.6
      vertex 82.10618124197032 32.39241686096885 3.6
    endloop
  endfacet
  facet normal 0 0 1
    outer loop
      vertex 84.26422606408596 34.706067979335785 3.6
      vertex 82.81456020677554 33.36741686096885 3.6
      vertex 82.53758313903114 32.823818758029674 3.6
    endloop
  endfacet
  facet normal 0 0 1
    outer loop
      vertex 84.46000000089407 33.46999999880791 3.6
      vertex 84.26422606408596 34.706067979335785 3.6
      vertex 82.53758313903114 32.823818758029674 3.6
    endloop
  endfacet
  facet normal 0 0 1
    outer loop
      vertex 84.26422606408596 34.706067979335785 3.6
      vertex 82.91 33.97 3.6
      vertex 82.81456020677554 33.36741686096885 3.6
    endloop
  endfacet
  facet normal 0 0 1
    outer loop
      vertex 84.26422606408596 34.706067979335785 3.6
      vertex 82.81456020677554 34.572583139031146 3.6
      vertex 82.91 33.97 3.6
    endloop
  endfacet
  facet normal 0 0 1
    outer loop
      vertex 84.26422606408596 34.706067979335785 3.6
      vertex 83.69606797397137 35.82114101201296 3.6
      vertex 82.81456020677554 34.572583139031146 3.6
    endloop
  endfacet
  facet normal 0 0 1
    outer loop
      vertex 80.46000000089407 37.46999999880791 3.6
      vertex 79.10543979322445 34.572583139031146 3.6
      vertex 79.38241686096885 35.116181241970324 3.6
    endloop
  endfacet
  facet normal 0 0 1
    outer loop
      vertex 80.46000000089407 37.46999999880791 3.6
      vertex 79.38241686096885 35.116181241970324 3.6
      vertex 79.81381875802967 35.54758313903115 3.6
    endloop
  endfacet
  facet normal 0 0 1
    outer loop
      vertex 80.46000000089407 37.46999999880791 3.6
      vertex 79.81381875802967 35.54758313903115 3.6
      vertex 80.35741686096884 35.82456020677555 3.6
    endloop
  endfacet
  facet normal 0 0 1
    outer loop
      vertex 81.69606797397137 37.2742260619998 3.6
      vertex 81.56258313903115 35.82456020677555 3.6
      vertex 82.10618124197032 35.54758313903115 3.6
    endloop
  endfacet
  facet normal 0 0 1
    outer loop
      vertex 80.46000000089407 37.46999999880791 3.6
      vertex 80.35741686096884 35.82456020677555 3.6
      vertex 80.96 35.92 3.6
    endloop
  endfacet
  facet normal 0 0 1
    outer loop
      vertex 81.69606797397137 37.2742260619998 3.6
      vertex 80.96 35.92 3.6
      vertex 81.56258313903115 35.82456020677555 3.6
    endloop
  endfacet
  facet normal 0 0 1
    outer loop
      vertex 80.46000000089407 37.46999999880791 3.6
      vertex 80.96 35.92 3.6
      vertex 81.69606797397137 37.2742260619998 3.6
    endloop
  endfacet
  facet normal 0 0 1
    outer loop
      vertex 83.69606797397137 35.82114101201296 3.6
      vertex 82.53758313903114 35.116181241970324 3.6
      vertex 82.81456020677554 34.572583139031146 3.6
    endloop
  endfacet
  facet normal 0 0 1
    outer loop
      vertex 82.81114100664854 36.706067979335785 3.6
      vertex 82.10618124197032 35.54758313903115 3.6
      vertex 82.53758313903114 35.116181241970324 3.6
    endloop
  endfacet
  facet normal 0 0 1
    outer loop
      vertex 83.69606797397137 35.82114101201296 3.6
      vertex 82.81114100664854 36.706067979335785 3.6
      vertex 82.53758313903114 35.116181241970324 3.6
    endloop
  endfacet
  facet normal 0 0 1
    outer loop
      vertex 81.69606797397137 37.2742260619998 3.6
      vertex 82.10618124197032 35.54758313903115 3.6
      vertex 82.81114100664854 36.706067979335785 3.6
    endloop
  endfacet
endsolid OpenSCAD_Model
