solid OpenSCAD_Model
  facet normal 0 0 -1
    outer loop
      vertex 3.297717981660215 1.5278640450004204 0
      vertex 1.5278640450004204 3.297717981660215 0
      vertex 5.52786404500042 0.39154786963877175 0
    endloop
  endfacet
  facet normal 0 0 -1
    outer loop
      vertex 1.5278640450004204 3.297717981660215 0
      vertex 0.39154786963877175 5.52786404500042 0
      vertex 0 8 0
    endloop
  endfacet
  facet normal 0 0 -1
    outer loop
      vertex 1.5278640450004204 3.297717981660215 0
      vertex 0 8 0
      vertex 5.52786404500042 0.39154786963877175 0
    endloop
  endfacet
  facet normal 0 0 -1
    outer loop
      vertex 5.52786404500042 0.39154786963877175 0
      vertex 7.342604385933925 11.836881039375369 0
      vertex 8.336881039375367 9.885503233952688 0
    endloop
  endfacet
  facet normal 0 0 -1
    outer loop
      vertex 5.52786404500042 0.39154786963877175 0
      vertex 7 14 0
      vertex 7.342604385933925 11.836881039375369 0
    endloop
  endfacet
  facet normal 0 0 -1
    outer loop
      vertex 5.52786404500042 0.39154786963877175 0
      vertex 9.885503233952688 8.336881039375367 0
      vertex 11.836881039375369 7.342604385933925 0
    endloop
  endfacet
  facet normal 0 0 -1
    outer loop
      vertex 5.52786404500042 0.39154786963877175 0
      vertex 11.836881039375369 7.342604385933925 0
      vertex 14 7 0
    endloop
  endfacet
  facet normal 0 0 -1
    outer loop
      vertex 5.52786404500042 0.39154786963877175 0
      vertex 14 7 0
      vertex 16.163118960624633 7.342604385933925 0
    endloop
  endfacet
  facet normal 0 0 -1
    outer loop
      vertex 5.52786404500042 0.39154786963877175 0
      vertex 16.163118960624633 7.342604385933925 0
      vertex 18.11449676604731 8.336881039375367 0
    endloop
  endfacet
  facet normal -0.4539904997395462 -0.8910065241883682 0
    outer loop
      vertex 9.885503233952688 8.336881039375367 -3.5
      vertex 11.836881039375369 7.342604385933925 -3.5
      vertex 9.885503233952688 8.336881039375367 0
    endloop
  endfacet
  facet normal -0.7071067811865476 -0.7071067811865476 -2.4048214225933797e-17
    outer loop
      vertex 9.885503233952688 8.336881039375367 -3.5
      vertex 8.336881039375367 9.885503233952688 0
      vertex 8.336881039375367 9.885503233952688 -3.5
    endloop
  endfacet
  facet normal -0.8910065241883682 -0.4539904997395462 1.37559125965806e-17
    outer loop
      vertex 8.336881039375367 9.885503233952688 -3.5
      vertex 7.342604385933925 11.836881039375369 0
      vertex 7.342604385933925 11.836881039375369 -3.5
    endloop
  endfacet
  facet normal -0.1564344650402311 -0.9876883405951377 0
    outer loop
      vertex 11.836881039375369 7.342604385933925 -3.5
      vertex 14 7 -3.5
      vertex 11.836881039375369 7.342604385933925 0
    endloop
  endfacet
  facet normal 0 0 -1
    outer loop
      vertex 5.52786404500042 0.39154786963877175 0
      vertex 8.336881039375367 9.885503233952688 0
      vertex 9.885503233952688 8.336881039375367 0
    endloop
  endfacet
  facet normal -0.8910065241883682 -0.4539904997395462 0
    outer loop
      vertex 8.336881039375367 9.885503233952688 -3.5
      vertex 8.336881039375367 9.885503233952688 0
      vertex 7.342604385933925 11.836881039375369 0
    endloop
  endfacet
  facet normal -0.7071067811865476 -0.7071067811865476 0
    outer loop
      vertex 9.885503233952688 8.336881039375367 -3.5
      vertex 9.885503233952688 8.336881039375367 0
      vertex 8.336881039375367 9.885503233952688 0
    endloop
  endfacet
  facet normal -0.4539904997395462 -0.8910065241883682 0
    outer loop
      vertex 11.836881039375369 7.342604385933925 -3.5
      vertex 11.836881039375369 7.342604385933925 0
      vertex 9.885503233952688 8.336881039375367 0
    endloop
  endfacet
  facet normal -0.1564344650402311 -0.9876883405951377 0
    outer loop
      vertex 14 7 -3.5
      vertex 14 7 0
      vertex 11.836881039375369 7.342604385933925 0
    endloop
  endfacet
  facet normal 0 0 -1
    outer loop
      vertex 7 14 -3.5
      vertex 7.342604385933925 16.163118960624633 -3.5
      vertex 7.342604385933925 11.836881039375369 -3.5
    endloop
  endfacet
  facet normal -0.9876883405951377 -0.1564344650402311 0
    outer loop
      vertex 7 14 -3.5
      vertex 7.342604385933925 11.836881039375369 -3.5
      vertex 7 14 0
    endloop
  endfacet
  facet normal -0.9876883405951378 0.15643446504023098 -2.358706916067562e-18
    outer loop
      vertex 7 14 -3.5
      vertex 7.342604385933925 16.163118960624633 0
      vertex 7.342604385933925 16.163118960624633 -3.5
    endloop
  endfacet
  facet normal -0.9876883405951377 -0.1564344650402311 -5.1486645884025354e-18
    outer loop
      vertex 7 14 0
      vertex 7.342604385933925 11.836881039375369 -3.5
      vertex 7.342604385933925 11.836881039375369 0
    endloop
  endfacet
  facet normal -0.9876883405951378 0.15643446504023098 0
    outer loop
      vertex 7 14 -3.5
      vertex 7 14 0
      vertex 7.342604385933925 16.163118960624633 0
    endloop
  endfacet
  facet normal 0 0 -1
    outer loop
      vertex 8.336881039375367 9.885503233952688 -3.5
      vertex 7.342604385933925 11.836881039375369 -3.5
      vertex 8.336881039375367 18.11449676604731 -3.5
    endloop
  endfacet
  facet normal 0 0 -1
    outer loop
      vertex 9.885503233952688 8.336881039375367 -3.5
      vertex 8.336881039375367 9.885503233952688 -3.5
      vertex 9.885503233952688 19.663118960624633 -3.5
    endloop
  endfacet
  facet normal 0 0 -1
    outer loop
      vertex 7.342604385933925 11.836881039375369 -3.5
      vertex 7.342604385933925 16.163118960624633 -3.5
      vertex 8.336881039375367 18.11449676604731 -3.5
    endloop
  endfacet
  facet normal 0 0 -1
    outer loop
      vertex 8.336881039375367 9.885503233952688 -3.5
      vertex 8.336881039375367 18.11449676604731 -3.5
      vertex 9.885503233952688 19.663118960624633 -3.5
    endloop
  endfacet
  facet normal 0 0 -1
    outer loop
      vertex 9.885503233952688 8.336881039375367 -3.5
      vertex 9.885503233952688 19.663118960624633 -3.5
      vertex 11.836881039375369 20.657395614066075 -3.5
    endloop
  endfacet
  facet normal 0 0 -1
    outer loop
      vertex 9.885503233952688 8.336881039375367 -3.5
      vertex 11.836881039375369 20.657395614066075 -3.5
      vertex 11.836881039375369 7.342604385933925 -3.5
    endloop
  endfacet
  facet normal 0 0 -1
    outer loop
      vertex 11.836881039375369 7.342604385933925 -3.5
      vertex 14 21 -3.5
      vertex 14 7 -3.5
    endloop
  endfacet
  facet normal 0 0 -1
    outer loop
      vertex 11.836881039375369 7.342604385933925 -3.5
      vertex 11.836881039375369 20.657395614066075 -3.5
      vertex 14 21 -3.5
    endloop
  endfacet
  facet normal -0.8910065241883678 0.4539904997395468 0
    outer loop
      vertex 7.342604385933925 16.163118960624633 -3.5
      vertex 7.342604385933925 16.163118960624633 0
      vertex 8.336881039375367 18.11449676604731 0
    endloop
  endfacet
  facet normal -0.8910065241883678 0.4539904997395468 -1.1103251728582134e-17
    outer loop
      vertex 7.342604385933925 16.163118960624633 -3.5
      vertex 8.336881039375367 18.11449676604731 0
      vertex 8.336881039375367 18.11449676604731 -3.5
    endloop
  endfacet
  facet normal -0.7071067811865479 0.7071067811865471 -2.2619152380527564e-17
    outer loop
      vertex 8.336881039375367 18.11449676604731 -3.5
      vertex 9.885503233952688 19.663118960624633 0
      vertex 9.885503233952688 19.663118960624633 -3.5
    endloop
  endfacet
  facet normal -0.45399049973954647 0.891006524188368 9.577770706650314e-18
    outer loop
      vertex 9.885503233952688 19.663118960624633 -3.5
      vertex 11.836881039375369 20.657395614066075 0
      vertex 11.836881039375369 20.657395614066075 -3.5
    endloop
  endfacet
  facet normal -0.1564344650402307 0.9876883405951378 7.318136191680714e-19
    outer loop
      vertex 11.836881039375369 20.657395614066075 -3.5
      vertex 14 21 0
      vertex 14 21 -3.5
    endloop
  endfacet
  facet normal -0.7071067811865479 0.7071067811865471 0
    outer loop
      vertex 8.336881039375367 18.11449676604731 -3.5
      vertex 8.336881039375367 18.11449676604731 0
      vertex 9.885503233952688 19.663118960624633 0
    endloop
  endfacet
  facet normal -0.45399049973954647 0.891006524188368 0
    outer loop
      vertex 9.885503233952688 19.663118960624633 -3.5
      vertex 9.885503233952688 19.663118960624633 0
      vertex 11.836881039375369 20.657395614066075 0
    endloop
  endfacet
  facet normal -0.1564344650402307 0.9876883405951378 0
    outer loop
      vertex 11.836881039375369 20.657395614066075 -3.5
      vertex 11.836881039375369 20.657395614066075 0
      vertex 14 21 0
    endloop
  endfacet
  facet normal 0 0 1
    outer loop
      vertex 5.400000000000006 2.3999999999999986 3
      vertex 19.261644243122586 18.097949016875162 3
      vertex 18.597949016875162 18.761644243122586 3
    endloop
  endfacet
  facet normal 0 0 1
    outer loop
      vertex 5.400000000000006 2.3999999999999986 3
      vertex 18.597949016875162 18.761644243122586 3
      vertex 18.171830451114545 19.597949016875162 3
    endloop
  endfacet
  facet normal 0 0 1
    outer loop
      vertex 5.400000000000006 2.3999999999999986 3
      vertex 18.171830451114545 19.597949016875162 3
      vertex 18.025000000000006 20.525000000000006 3
    endloop
  endfacet
  facet normal 0.15643446504023098 -0.9876883405951378 0
    outer loop
      vertex 14 7 -3.5
      vertex 16.163118960624633 7.342604385933925 -3.5
      vertex 14 7 0
    endloop
  endfacet
  facet normal 0.4539904997395468 -0.8910065241883678 0
    outer loop
      vertex 16.163118960624633 7.342604385933925 -3.5
      vertex 18.11449676604731 8.336881039375367 -3.5
      vertex 16.163118960624633 7.342604385933925 0
    endloop
  endfacet
  facet normal 0.7071067811865471 -0.7071067811865479 0
    outer loop
      vertex 18.11449676604731 8.336881039375367 -3.5
      vertex 19.663118960624633 9.885503233952688 -3.5
      vertex 18.11449676604731 8.336881039375367 0
    endloop
  endfacet
  facet normal 0.891006524188368 -0.45399049973954647 0
    outer loop
      vertex 19.663118960624633 9.885503233952688 -3.5
      vertex 20.657395614066075 11.836881039375369 -3.5
      vertex 19.663118960624633 9.885503233952688 0
    endloop
  endfacet
  facet normal 0.15643446504023098 -0.9876883405951378 -2.358706916067562e-18
    outer loop
      vertex 14 7 0
      vertex 16.163118960624633 7.342604385933925 -3.5
      vertex 16.163118960624633 7.342604385933925 0
    endloop
  endfacet
  facet normal 0.4539904997395468 -0.8910065241883678 0
    outer loop
      vertex 18.11449676604731 8.336881039375367 -3.5
      vertex 18.11449676604731 8.336881039375367 0
      vertex 16.163118960624633 7.342604385933925 0
    endloop
  endfacet
  facet normal 0.7071067811865471 -0.7071067811865479 0
    outer loop
      vertex 19.663118960624633 9.885503233952688 -3.5
      vertex 19.663118960624633 9.885503233952688 0
      vertex 18.11449676604731 8.336881039375367 0
    endloop
  endfacet
  facet normal 0.891006524188368 -0.45399049973954647 9.577770706650314e-18
    outer loop
      vertex 19.663118960624633 9.885503233952688 0
      vertex 20.657395614066075 11.836881039375369 -3.5
      vertex 20.657395614066075 11.836881039375369 0
    endloop
  endfacet
  facet normal 0 0 -1
    outer loop
      vertex 14 7 -3.5
      vertex 16.163118960624633 20.657395614066075 -3.5
      vertex 16.163118960624633 7.342604385933925 -3.5
    endloop
  endfacet
  facet normal 0 0 -1
    outer loop
      vertex 16.163118960624633 7.342604385933925 -3.5
      vertex 18.11449676604731 19.663118960624633 -3.5
      vertex 18.11449676604731 8.336881039375367 -3.5
    endloop
  endfacet
  facet normal 0 0 -1
    outer loop
      vertex 14 7 -3.5
      vertex 14 21 -3.5
      vertex 16.163118960624633 20.657395614066075 -3.5
    endloop
  endfacet
  facet normal 0 0 -1
    outer loop
      vertex 16.163118960624633 7.342604385933925 -3.5
      vertex 16.163118960624633 20.657395614066075 -3.5
      vertex 18.11449676604731 19.663118960624633 -3.5
    endloop
  endfacet
  facet normal 0 0 -1
    outer loop
      vertex 18.11449676604731 8.336881039375367 -3.5
      vertex 19.663118960624633 18.11449676604731 -3.5
      vertex 19.663118960624633 9.885503233952688 -3.5
    endloop
  endfacet
  facet normal 0 0 -1
    outer loop
      vertex 19.663118960624633 9.885503233952688 -3.5
      vertex 20.657395614066075 16.163118960624633 -3.5
      vertex 20.657395614066075 11.836881039375369 -3.5
    endloop
  endfacet
  facet normal 0 0 -1
    outer loop
      vertex 20.657395614066075 11.836881039375369 -3.5
      vertex 20.657395614066075 16.163118960624633 -3.5
      vertex 21 14 -3.5
    endloop
  endfacet
  facet normal 0.9876883405951378 -0.1564344650402307 0
    outer loop
      vertex 20.657395614066075 11.836881039375369 -3.5
      vertex 21 14 -3.5
      vertex 20.657395614066075 11.836881039375369 0
    endloop
  endfacet
  facet normal 0 0 -1
    outer loop
      vertex 18.11449676604731 8.336881039375367 -3.5
      vertex 18.11449676604731 19.663118960624633 -3.5
      vertex 19.663118960624633 18.11449676604731 -3.5
    endloop
  endfacet
  facet normal 0 0 -1
    outer loop
      vertex 19.663118960624633 9.885503233952688 -3.5
      vertex 19.663118960624633 18.11449676604731 -3.5
      vertex 20.657395614066075 16.163118960624633 -3.5
    endloop
  endfacet
  facet normal 0.9876883405951378 0.15643446504023056 0
    outer loop
      vertex 21 14 -3.5
      vertex 20.657395614066075 16.163118960624633 -3.5
      vertex 21 14 0
    endloop
  endfacet
  facet normal 0.8910065241883678 0.45399049973954714 0
    outer loop
      vertex 20.657395614066075 16.163118960624633 -3.5
      vertex 19.663118960624633 18.11449676604731 -3.5
      vertex 20.657395614066075 16.163118960624633 0
    endloop
  endfacet
  facet normal 0.9876883405951378 -0.1564344650402307 0
    outer loop
      vertex 21 14 -3.5
      vertex 21 14 0
      vertex 20.657395614066075 11.836881039375369 0
    endloop
  endfacet
  facet normal 0.9876883405951378 0.15643446504023056 0
    outer loop
      vertex 20.657395614066075 16.163118960624633 -3.5
      vertex 20.657395614066075 16.163118960624633 0
      vertex 21 14 0
    endloop
  endfacet
  facet normal 0.15643446504023056 0.9876883405951378 6.775557885302228e-18
    outer loop
      vertex 14 21 -3.5
      vertex 16.163118960624633 20.657395614066075 0
      vertex 16.163118960624633 20.657395614066075 -3.5
    endloop
  endfacet
  facet normal 0.45399049973954714 0.8910065241883678 0
    outer loop
      vertex 18.11449676604731 19.663118960624633 -3.5
      vertex 16.163118960624633 20.657395614066075 -3.5
      vertex 18.11449676604731 19.663118960624633 0
    endloop
  endfacet
  facet normal 0.7071067811865476 0.7071067811865476 1.1351427147411593e-17
    outer loop
      vertex 18.11449676604731 19.663118960624633 -3.5
      vertex 19.663118960624633 18.11449676604731 0
      vertex 19.663118960624633 18.11449676604731 -3.5
    endloop
  endfacet
  facet normal 0.15643446504023056 0.9876883405951378 0
    outer loop
      vertex 14 21 -3.5
      vertex 14 21 0
      vertex 16.163118960624633 20.657395614066075 0
    endloop
  endfacet
  facet normal 0.45399049973954714 0.8910065241883678 0
    outer loop
      vertex 16.163118960624633 20.657395614066075 -3.5
      vertex 16.163118960624633 20.657395614066075 0
      vertex 18.11449676604731 19.663118960624633 0
    endloop
  endfacet
  facet normal 0.7071067811865476 0.7071067811865476 0
    outer loop
      vertex 18.11449676604731 19.663118960624633 -3.5
      vertex 18.11449676604731 19.663118960624633 0
      vertex 19.663118960624633 18.11449676604731 0
    endloop
  endfacet
  facet normal 0.8910065241883678 0.45399049973954714 -1.22304315746484e-17
    outer loop
      vertex 20.657395614066075 16.163118960624633 0
      vertex 19.663118960624633 18.11449676604731 -3.5
      vertex 19.663118960624633 18.11449676604731 0
    endloop
  endfacet
  facet normal 0 0 1
    outer loop
      vertex 5.400000000000006 2.3999999999999986 3
      vertex 21.025000000000006 17.525000000000006 3
      vertex 20.097949016875162 17.671830451114545 3
    endloop
  endfacet
  facet normal 0 0 1
    outer loop
      vertex 5.400000000000006 2.3999999999999986 3
      vertex 21.95205098312485 17.671830451114545 3
      vertex 21.025000000000006 17.525000000000006 3
    endloop
  endfacet
  facet normal 0 0 1
    outer loop
      vertex 5.400000000000006 2.3999999999999986 3
      vertex 20.097949016875162 17.671830451114545 3
      vertex 19.261644243122586 18.097949016875162 3
    endloop
  endfacet
  facet normal 0 0 1
    outer loop
      vertex 5.400000000000006 2.3999999999999986 3
      vertex 22.788355756877426 18.097949016875162 3
      vertex 21.95205098312485 17.671830451114545 3
    endloop
  endfacet
  facet normal 0 0 1
    outer loop
      vertex 20.377786404500046 20.054771798166026 3
      vertex 20.554771798166026 19.877786404500046 3
      vertex 20.77778640450005 19.764154786963882 3
    endloop
  endfacet
  facet normal 0 0 1
    outer loop
      vertex 20.377786404500046 20.054771798166026 3
      vertex 20.77778640450005 19.764154786963882 3
      vertex 20.264154786963882 20.27778640450005 3
    endloop
  endfacet
  facet normal 0 0 1
    outer loop
      vertex 21.025000000000006 19.725000000000005 3
      vertex 20.264154786963882 20.772213595499963 3
      vertex 20.77778640450005 19.764154786963882 3
    endloop
  endfacet
  facet normal 0 0 1
    outer loop
      vertex 20.264154786963882 20.27778640450005 3
      vertex 20.77778640450005 19.764154786963882 3
      vertex 20.225000000000005 20.525000000000006 3
    endloop
  endfacet
  facet normal 0 0 1
    outer loop
      vertex 20.77778640450005 19.764154786963882 3
      vertex 20.264154786963882 20.772213595499963 3
      vertex 20.225000000000005 20.525000000000006 3
    endloop
  endfacet
  facet normal 0 0 1
    outer loop
      vertex 20.264154786963882 20.772213595499963 3
      vertex 21.272213595499963 19.764154786963882 3
      vertex 20.377786404500046 20.995228201833985 3
    endloop
  endfacet
  facet normal 0 0 1
    outer loop
      vertex 20.377786404500046 20.995228201833985 3
      vertex 21.272213595499963 19.764154786963882 3
      vertex 20.554771798166026 21.172213595499965 3
    endloop
  endfacet
  facet normal 0 0 1
    outer loop
      vertex 21.025000000000006 19.725000000000005 3
      vertex 21.272213595499963 19.764154786963882 3
      vertex 20.264154786963882 20.772213595499963 3
    endloop
  endfacet
  facet normal 0 0 1
    outer loop
      vertex 21.272213595499963 19.764154786963882 3
      vertex 21.495228201833985 19.877786404500046 3
      vertex 20.77778640450005 21.28584521303613 3
    endloop
  endfacet
  facet normal 0 0 1
    outer loop
      vertex 21.495228201833985 19.877786404500046 3
      vertex 21.672213595499965 20.054771798166026 3
      vertex 21.672213595499965 20.995228201833985 3
    endloop
  endfacet
  facet normal 0 0 1
    outer loop
      vertex 21.672213595499965 20.054771798166026 3
      vertex 21.78584521303613 20.27778640450005 3
      vertex 21.78584521303613 20.772213595499963 3
    endloop
  endfacet
  facet normal 0 0 1
    outer loop
      vertex 21.272213595499963 19.764154786963882 3
      vertex 20.77778640450005 21.28584521303613 3
      vertex 20.554771798166026 21.172213595499965 3
    endloop
  endfacet
  facet normal 0 0 1
    outer loop
      vertex 21.495228201833985 19.877786404500046 3
      vertex 21.025000000000006 21.325000000000006 3
      vertex 20.77778640450005 21.28584521303613 3
    endloop
  endfacet
  facet normal 0 0 1
    outer loop
      vertex 21.495228201833985 19.877786404500046 3
      vertex 21.272213595499963 21.28584521303613 3
      vertex 21.025000000000006 21.325000000000006 3
    endloop
  endfacet
  facet normal 0 0 1
    outer loop
      vertex 21.495228201833985 19.877786404500046 3
      vertex 21.495228201833985 21.172213595499965 3
      vertex 21.272213595499963 21.28584521303613 3
    endloop
  endfacet
  facet normal 0 0 1
    outer loop
      vertex 21.672213595499965 20.054771798166026 3
      vertex 21.78584521303613 20.772213595499963 3
      vertex 21.672213595499965 20.995228201833985 3
    endloop
  endfacet
  facet normal 0 0 1
    outer loop
      vertex 21.495228201833985 19.877786404500046 3
      vertex 21.672213595499965 20.995228201833985 3
      vertex 21.495228201833985 21.172213595499965 3
    endloop
  endfacet
  facet normal 0 0 1
    outer loop
      vertex 21.78584521303613 20.27778640450005 3
      vertex 21.825000000000006 20.525000000000006 3
      vertex 21.78584521303613 20.772213595499963 3
    endloop
  endfacet
  facet normal -0.7071067811865476 -0.7071067811865476 0
    outer loop
      vertex 3.297717981660215 1.5278640450004204 0
      vertex 3.297717981660215 1.5278640450004204 26
      vertex 1.5278640450004204 3.297717981660215 0
    endloop
  endfacet
  facet normal -0.8910065241883679 -0.4539904997395466 2.875599741148439e-18
    outer loop
      vertex 1.5278640450004204 3.297717981660215 0
      vertex 0.39154786963877175 5.52786404500042 26
      vertex 0.39154786963877175 5.52786404500042 0
    endloop
  endfacet
  facet normal -0.4539904997395466 -0.8910065241883679 0
    outer loop
      vertex 3.297717981660215 1.5278640450004204 0
      vertex 5.52786404500042 0.39154786963877175 0
      vertex 3.297717981660215 1.5278640450004204 26
    endloop
  endfacet
  facet normal -0.15643446504023098 -0.9876883405951377 0
    outer loop
      vertex 5.52786404500042 0.39154786963877175 0
      vertex 8 0 0
      vertex 5.52786404500042 0.39154786963877175 26
    endloop
  endfacet
  facet normal -0.9876883405951377 -0.15643446504023098 0
    outer loop
      vertex 0.39154786963877175 5.52786404500042 0
      vertex 0.39154786963877175 5.52786404500042 26
      vertex 0 8 0
    endloop
  endfacet
  facet normal 0.8910065255514752 0.45399049706429795 0
    outer loop
      vertex 2.9729490146040973 3.6366442456841455 3
      vertex 2.546830454468733 4.47294901460409 3
      vertex 2.546830454468733 4.47294901460409 26.057252379449764
    endloop
  endfacet
  facet normal 0.7071067811865475 0.7071067811865475 0
    outer loop
      vertex 2.9729490146040973 3.6366442456841455 3
      vertex 2.9729490146040973 3.6366442456841455 26.046549542951798
      vertex 3.6366442456841526 2.9729490146040902 3
    endloop
  endfacet
  facet normal 0.9876883401022011 0.15643446815250964 0
    outer loop
      vertex 2.546830454468733 4.47294901460409 3
      vertex 2.4000000000000057 5.399999999999999 3
      vertex 2.4000000000000057 5.399999999999999 26.07761038417063
    endloop
  endfacet
  facet normal 0.15643446815250964 0.9876883401022012 0
    outer loop
      vertex 4.472949014604097 2.5468304544687257 3
      vertex 4.472949014604097 2.5468304544687257 26.042212042525474
      vertex 5.400000000000006 2.3999999999999986 3
    endloop
  endfacet
  facet normal 0.45399049706429784 0.8910065255514753 0
    outer loop
      vertex 4.472949014604097 2.5468304544687257 3
      vertex 3.6366442456841526 2.9729490146040902 3
      vertex 3.6366442456841526 2.9729490146040902 26.042212042442948
    endloop
  endfacet
  facet normal -0.9876883405951378 -0.15643446504023048 0
    outer loop
      vertex 18.025000000000006 20.525000000000006 3
      vertex 18.171830451114545 19.597949016875162 3
      vertex 18.025000000000006 20.525000000000006 15
    endloop
  endfacet
  facet normal -0.9876883405951378 0.15643446504023048 -1.0199411227052747e-18
    outer loop
      vertex 18.025000000000006 20.525000000000006 3
      vertex 18.171830451114545 21.45205098312485 15
      vertex 18.171830451114545 21.45205098312485 3
    endloop
  endfacet
  facet normal -0.4539904997395463 -0.8910065241883682 -1.6432354372619023e-18
    outer loop
      vertex 19.261644243122586 18.097949016875162 3
      vertex 20.097949016875162 17.671830451114545 3
      vertex 20.097949016875162 17.671830451114545 15
    endloop
  endfacet
  facet normal -0.7071067811865476 -0.7071067811865476 -2.565780554953215e-19
    outer loop
      vertex 19.261644243122586 18.097949016875162 3
      vertex 18.597949016875162 18.761644243122586 15
      vertex 18.597949016875162 18.761644243122586 3
    endloop
  endfacet
  facet normal -0.8910065241883682 -0.4539904997395463 -1.6432354372619023e-18
    outer loop
      vertex 18.597949016875162 18.761644243122586 3
      vertex 18.171830451114545 19.597949016875162 15
      vertex 18.171830451114545 19.597949016875162 3
    endloop
  endfacet
  facet normal -0.15643446504023048 -0.9876883405951378 1.0199411227052747e-18
    outer loop
      vertex 20.097949016875162 17.671830451114545 3
      vertex 21.025000000000006 17.525000000000006 3
      vertex 21.025000000000006 17.525000000000006 15
    endloop
  endfacet
  facet normal 0.15643446504023048 -0.9876883405951378 -1.0199411227052747e-18
    outer loop
      vertex 21.025000000000006 17.525000000000006 3
      vertex 21.95205098312485 17.671830451114545 3
      vertex 21.95205098312485 17.671830451114545 15
    endloop
  endfacet
  facet normal 0.15643446504023106 0.9876883405951377 8.463810272895875e-21
    outer loop
      vertex 21.025000000000006 19.725000000000005 3
      vertex 20.77778640450005 19.764154786963882 3
      vertex 20.77778640450005 19.764154786963882 15
    endloop
  endfacet
  facet normal -0.15643446504023106 0.9876883405951377 0
    outer loop
      vertex 21.025000000000006 19.725000000000005 3
      vertex 21.025000000000006 19.725000000000005 15
      vertex 21.272213595499963 19.764154786963882 3
    endloop
  endfacet
  facet normal -0.8910065241883682 0.4539904997395463 1.6432354372619023e-18
    outer loop
      vertex 18.171830451114545 21.45205098312485 3
      vertex 18.597949016875162 22.288355756877426 15
      vertex 18.597949016875162 22.288355756877426 3
    endloop
  endfacet
  facet normal 0.8910065241883703 0.45399049973954214 -4.826697793085696e-19
    outer loop
      vertex 20.377786404500046 20.054771798166026 3
      vertex 20.264154786963882 20.27778640450005 3
      vertex 20.264154786963882 20.27778640450005 15
    endloop
  endfacet
  facet normal 0.9876883405951377 0.15643446504023106 8.463810272895875e-21
    outer loop
      vertex 20.264154786963882 20.27778640450005 3
      vertex 20.225000000000005 20.525000000000006 3
      vertex 20.225000000000005 20.525000000000006 15
    endloop
  endfacet
  facet normal 0.7071067811865476 0.7071067811865476 0
    outer loop
      vertex 20.377786404500046 20.054771798166026 3
      vertex 20.377786404500046 20.054771798166026 15
      vertex 20.554771798166026 19.877786404500046 3
    endloop
  endfacet
  facet normal 0.45399049973954214 0.8910065241883703 0
    outer loop
      vertex 20.554771798166026 19.877786404500046 3
      vertex 20.554771798166026 19.877786404500046 15
      vertex 20.77778640450005 19.764154786963882 3
    endloop
  endfacet
  facet normal 0.9876883405951377 -0.15643446504023106 -8.463810272895875e-21
    outer loop
      vertex 20.225000000000005 20.525000000000006 3
      vertex 20.264154786963882 20.772213595499963 3
      vertex 20.264154786963882 20.772213595499963 15
    endloop
  endfacet
  facet normal 0.8910065241883703 -0.45399049973954214 4.826697793085696e-19
    outer loop
      vertex 20.264154786963882 20.772213595499963 3
      vertex 20.377786404500046 20.995228201833985 3
      vertex 20.377786404500046 20.995228201833985 15
    endloop
  endfacet
  facet normal 0.7071067811865476 -0.7071067811865476 5.406465837302979e-19
    outer loop
      vertex 20.377786404500046 20.995228201833985 3
      vertex 20.554771798166026 21.172213595499965 3
      vertex 20.554771798166026 21.172213595499965 15
    endloop
  endfacet
  facet normal -0.45399049973954214 0.8910065241883703 0
    outer loop
      vertex 21.272213595499963 19.764154786963882 3
      vertex 21.272213595499963 19.764154786963882 15
      vertex 21.495228201833985 19.877786404500046 3
    endloop
  endfacet
  facet normal -0.7071067811865476 0.7071067811865476 0
    outer loop
      vertex 21.495228201833985 19.877786404500046 3
      vertex 21.495228201833985 19.877786404500046 15
      vertex 21.672213595499965 20.054771798166026 3
    endloop
  endfacet
  facet normal -0.8910065241883703 0.45399049973954214 0
    outer loop
      vertex 21.672213595499965 20.054771798166026 3
      vertex 21.672213595499965 20.054771798166026 15
      vertex 21.78584521303613 20.27778640450005 3
    endloop
  endfacet
  facet normal -0.8910065241883703 -0.45399049973954214 -4.826697793085696e-19
    outer loop
      vertex 21.672213595499965 20.995228201833985 3
      vertex 21.78584521303613 20.772213595499963 3
      vertex 21.78584521303613 20.772213595499963 15
    endloop
  endfacet
  facet normal -0.7071067811865476 -0.7071067811865476 0
    outer loop
      vertex 21.672213595499965 20.995228201833985 3
      vertex 21.672213595499965 20.995228201833985 15
      vertex 21.495228201833985 21.172213595499965 3
    endloop
  endfacet
  facet normal 0.45399049973954214 -0.8910065241883703 4.826697793085696e-19
    outer loop
      vertex 20.554771798166026 21.172213595499965 3
      vertex 20.77778640450005 21.28584521303613 3
      vertex 20.77778640450005 21.28584521303613 15
    endloop
  endfacet
  facet normal 0.15643446504023106 -0.9876883405951377 -8.463810272895875e-21
    outer loop
      vertex 20.77778640450005 21.28584521303613 3
      vertex 21.025000000000006 21.325000000000006 3
      vertex 21.025000000000006 21.325000000000006 15
    endloop
  endfacet
  facet normal -0.15643446504023106 -0.9876883405951377 8.463810272895875e-21
    outer loop
      vertex 21.025000000000006 21.325000000000006 3
      vertex 21.272213595499963 21.28584521303613 3
      vertex 21.272213595499963 21.28584521303613 15
    endloop
  endfacet
  facet normal -0.45399049973954214 -0.8910065241883703 -4.826697793085696e-19
    outer loop
      vertex 21.272213595499963 21.28584521303613 3
      vertex 21.495228201833985 21.172213595499965 3
      vertex 21.495228201833985 21.172213595499965 15
    endloop
  endfacet
  facet normal 0.4539904997395463 -0.8910065241883682 1.6432354372619023e-18
    outer loop
      vertex 21.95205098312485 17.671830451114545 3
      vertex 22.788355756877426 18.097949016875162 3
      vertex 22.788355756877426 18.097949016875162 15
    endloop
  endfacet
  facet normal 0.7071067811865476 -0.7071067811865476 0
    outer loop
      vertex 22.788355756877426 18.097949016875162 3
      vertex 23.45205098312485 18.761644243122586 3
      vertex 22.788355756877426 18.097949016875162 15
    endloop
  endfacet
  facet normal 0.8910065241883682 -0.4539904997395463 0
    outer loop
      vertex 23.45205098312485 18.761644243122586 3
      vertex 23.878169548885467 19.597949016875162 3
      vertex 23.45205098312485 18.761644243122586 15
    endloop
  endfacet
  facet normal -0.9876883405951377 0.15643446504023106 0
    outer loop
      vertex 21.78584521303613 20.27778640450005 3
      vertex 21.78584521303613 20.27778640450005 15
      vertex 21.825000000000006 20.525000000000006 3
    endloop
  endfacet
  facet normal -0.9876883405951377 -0.15643446504023106 0
    outer loop
      vertex 21.825000000000006 20.525000000000006 3
      vertex 21.825000000000006 20.525000000000006 15
      vertex 21.78584521303613 20.772213595499963 3
    endloop
  endfacet
  facet normal 0.7071067811865476 0.7071067811865476 0
    outer loop
      vertex 23.45205098312485 22.288355756877426 3
      vertex 22.788355756877426 22.95205098312485 3
      vertex 23.45205098312485 22.288355756877426 15
    endloop
  endfacet
  facet normal 0.9876883405951378 -0.15643446504023048 0
    outer loop
      vertex 23.878169548885467 19.597949016875162 3
      vertex 24.025000000000006 20.525000000000006 3
      vertex 23.878169548885467 19.597949016875162 15
    endloop
  endfacet
  facet normal 0.9876883405951378 0.15643446504023048 0
    outer loop
      vertex 24.025000000000006 20.525000000000006 3
      vertex 23.878169548885467 21.45205098312485 3
      vertex 24.025000000000006 20.525000000000006 15
    endloop
  endfacet
  facet normal 0.8910065241883682 0.4539904997395463 -1.6432354372619023e-18
    outer loop
      vertex 23.45205098312485 22.288355756877426 3
      vertex 23.878169548885467 21.45205098312485 15
      vertex 23.878169548885467 21.45205098312485 3
    endloop
  endfacet
  facet normal -0.9876883405951378 -0.15643446504023048 0
    outer loop
      vertex 18.171830451114545 19.597949016875162 3
      vertex 18.171830451114545 19.597949016875162 15
      vertex 18.025000000000006 20.525000000000006 15
    endloop
  endfacet
  facet normal -0.9876883405951378 0.15643446504023048 0
    outer loop
      vertex 18.025000000000006 20.525000000000006 3
      vertex 18.025000000000006 20.525000000000006 15
      vertex 18.171830451114545 21.45205098312485 15
    endloop
  endfacet
  facet normal -0.7071067811865476 -0.7071067811865476 0
    outer loop
      vertex 19.261644243122586 18.097949016875162 3
      vertex 19.261644243122586 18.097949016875162 15
      vertex 18.597949016875162 18.761644243122586 15
    endloop
  endfacet
  facet normal -0.4539904997395463 -0.8910065241883682 0
    outer loop
      vertex 19.261644243122586 18.097949016875162 3
      vertex 20.097949016875162 17.671830451114545 15
      vertex 19.261644243122586 18.097949016875162 15
    endloop
  endfacet
  facet normal -0.8910065241883682 -0.4539904997395463 0
    outer loop
      vertex 18.597949016875162 18.761644243122586 3
      vertex 18.597949016875162 18.761644243122586 15
      vertex 18.171830451114545 19.597949016875162 15
    endloop
  endfacet
  facet normal -0.15643446504023048 -0.9876883405951378 0
    outer loop
      vertex 20.097949016875162 17.671830451114545 3
      vertex 21.025000000000006 17.525000000000006 15
      vertex 20.097949016875162 17.671830451114545 15
    endloop
  endfacet
  facet normal 0.15643446504023048 -0.9876883405951378 0
    outer loop
      vertex 21.025000000000006 17.525000000000006 3
      vertex 21.95205098312485 17.671830451114545 15
      vertex 21.025000000000006 17.525000000000006 15
    endloop
  endfacet
  facet normal 0.15643446504023106 0.9876883405951377 0
    outer loop
      vertex 21.025000000000006 19.725000000000005 3
      vertex 20.77778640450005 19.764154786963882 15
      vertex 21.025000000000006 19.725000000000005 15
    endloop
  endfacet
  facet normal -0.15643446504023106 0.9876883405951377 0
    outer loop
      vertex 21.272213595499963 19.764154786963882 3
      vertex 21.025000000000006 19.725000000000005 15
      vertex 21.272213595499963 19.764154786963882 15
    endloop
  endfacet
  facet normal -0.8910065241883682 0.4539904997395463 0
    outer loop
      vertex 18.171830451114545 21.45205098312485 3
      vertex 18.171830451114545 21.45205098312485 15
      vertex 18.597949016875162 22.288355756877426 15
    endloop
  endfacet
  facet normal -0.7071067811865476 0.7071067811865476 0
    outer loop
      vertex 18.597949016875162 22.288355756877426 3
      vertex 18.597949016875162 22.288355756877426 15
      vertex 19.261644243122586 22.95205098312485 15
    endloop
  endfacet
  facet normal 0.8910065241883703 0.45399049973954214 0
    outer loop
      vertex 20.377786404500046 20.054771798166026 3
      vertex 20.264154786963882 20.27778640450005 15
      vertex 20.377786404500046 20.054771798166026 15
    endloop
  endfacet
  facet normal 0.9876883405951377 0.15643446504023106 0
    outer loop
      vertex 20.264154786963882 20.27778640450005 3
      vertex 20.225000000000005 20.525000000000006 15
      vertex 20.264154786963882 20.27778640450005 15
    endloop
  endfacet
  facet normal 0.7071067811865476 0.7071067811865476 0
    outer loop
      vertex 20.554771798166026 19.877786404500046 3
      vertex 20.377786404500046 20.054771798166026 15
      vertex 20.554771798166026 19.877786404500046 15
    endloop
  endfacet
  facet normal 0.45399049973954214 0.8910065241883703 0
    outer loop
      vertex 20.77778640450005 19.764154786963882 3
      vertex 20.554771798166026 19.877786404500046 15
      vertex 20.77778640450005 19.764154786963882 15
    endloop
  endfacet
  facet normal 0.9876883405951377 -0.15643446504023106 0
    outer loop
      vertex 20.225000000000005 20.525000000000006 3
      vertex 20.264154786963882 20.772213595499963 15
      vertex 20.225000000000005 20.525000000000006 15
    endloop
  endfacet
  facet normal 0.8910065241883703 -0.45399049973954214 0
    outer loop
      vertex 20.264154786963882 20.772213595499963 3
      vertex 20.377786404500046 20.995228201833985 15
      vertex 20.264154786963882 20.772213595499963 15
    endloop
  endfacet
  facet normal 0.7071067811865476 -0.7071067811865476 0
    outer loop
      vertex 20.377786404500046 20.995228201833985 3
      vertex 20.554771798166026 21.172213595499965 15
      vertex 20.377786404500046 20.995228201833985 15
    endloop
  endfacet
  facet normal -0.45399049973954214 0.8910065241883703 0
    outer loop
      vertex 21.495228201833985 19.877786404500046 3
      vertex 21.272213595499963 19.764154786963882 15
      vertex 21.495228201833985 19.877786404500046 15
    endloop
  endfacet
  facet normal -0.7071067811865476 0.7071067811865476 0
    outer loop
      vertex 21.672213595499965 20.054771798166026 3
      vertex 21.495228201833985 19.877786404500046 15
      vertex 21.672213595499965 20.054771798166026 15
    endloop
  endfacet
  facet normal -0.8910065241883703 0.45399049973954214 0
    outer loop
      vertex 21.78584521303613 20.27778640450005 3
      vertex 21.672213595499965 20.054771798166026 15
      vertex 21.78584521303613 20.27778640450005 15
    endloop
  endfacet
  facet normal -0.8910065241883703 -0.45399049973954214 0
    outer loop
      vertex 21.672213595499965 20.995228201833985 3
      vertex 21.78584521303613 20.772213595499963 15
      vertex 21.672213595499965 20.995228201833985 15
    endloop
  endfacet
  facet normal -0.7071067811865476 -0.7071067811865476 0
    outer loop
      vertex 21.495228201833985 21.172213595499965 3
      vertex 21.672213595499965 20.995228201833985 15
      vertex 21.495228201833985 21.172213595499965 15
    endloop
  endfacet
  facet normal 0.45399049973954214 -0.8910065241883703 0
    outer loop
      vertex 20.554771798166026 21.172213595499965 3
      vertex 20.77778640450005 21.28584521303613 15
      vertex 20.554771798166026 21.172213595499965 15
    endloop
  endfacet
  facet normal 0.15643446504023106 -0.9876883405951377 0
    outer loop
      vertex 20.77778640450005 21.28584521303613 3
      vertex 21.025000000000006 21.325000000000006 15
      vertex 20.77778640450005 21.28584521303613 15
    endloop
  endfacet
  facet normal -0.15643446504023106 -0.9876883405951377 0
    outer loop
      vertex 21.025000000000006 21.325000000000006 3
      vertex 21.272213595499963 21.28584521303613 15
      vertex 21.025000000000006 21.325000000000006 15
    endloop
  endfacet
  facet normal -0.45399049973954214 -0.8910065241883703 0
    outer loop
      vertex 21.272213595499963 21.28584521303613 3
      vertex 21.495228201833985 21.172213595499965 15
      vertex 21.272213595499963 21.28584521303613 15
    endloop
  endfacet
  facet normal 0.4539904997395463 -0.8910065241883682 0
    outer loop
      vertex 21.95205098312485 17.671830451114545 3
      vertex 22.788355756877426 18.097949016875162 15
      vertex 21.95205098312485 17.671830451114545 15
    endloop
  endfacet
  facet normal 0.7071067811865476 -0.7071067811865476 0
    outer loop
      vertex 23.45205098312485 18.761644243122586 3
      vertex 23.45205098312485 18.761644243122586 15
      vertex 22.788355756877426 18.097949016875162 15
    endloop
  endfacet
  facet normal 0.8910065241883682 -0.4539904997395463 0
    outer loop
      vertex 23.878169548885467 19.597949016875162 3
      vertex 23.878169548885467 19.597949016875162 15
      vertex 23.45205098312485 18.761644243122586 15
    endloop
  endfacet
  facet normal -0.9876883405951377 0.15643446504023106 0
    outer loop
      vertex 21.825000000000006 20.525000000000006 3
      vertex 21.78584521303613 20.27778640450005 15
      vertex 21.825000000000006 20.525000000000006 15
    endloop
  endfacet
  facet normal -0.9876883405951377 -0.15643446504023106 0
    outer loop
      vertex 21.78584521303613 20.772213595499963 3
      vertex 21.825000000000006 20.525000000000006 15
      vertex 21.78584521303613 20.772213595499963 15
    endloop
  endfacet
  facet normal 0.9876883405951378 -0.15643446504023048 0
    outer loop
      vertex 24.025000000000006 20.525000000000006 3
      vertex 24.025000000000006 20.525000000000006 15
      vertex 23.878169548885467 19.597949016875162 15
    endloop
  endfacet
  facet normal 0.9876883405951378 0.15643446504023048 0
    outer loop
      vertex 23.878169548885467 21.45205098312485 3
      vertex 23.878169548885467 21.45205098312485 15
      vertex 24.025000000000006 20.525000000000006 15
    endloop
  endfacet
  facet normal 0.8910065241883682 0.4539904997395463 0
    outer loop
      vertex 23.45205098312485 22.288355756877426 3
      vertex 23.45205098312485 22.288355756877426 15
      vertex 23.878169548885467 21.45205098312485 15
    endloop
  endfacet
  facet normal 0 0 -1
    outer loop
      vertex 5.52786404500042 0.39154786963877175 0
      vertex 0 8 0
      vertex 0 84.65 0
    endloop
  endfacet
  facet normal 0 0 -1
    outer loop
      vertex 5.52786404500042 0.39154786963877175 0
      vertex 7.937572959870463 77.0636956716565 0
      vertex 7 14 0
    endloop
  endfacet
  facet normal 0 0 1
    outer loop
      vertex 2.546830454468733 4.47294901460409 3
      vertex 2.4000000000000057 73.65 3
      vertex 2.4000000000000057 5.399999999999999 3
    endloop
  endfacet
  facet normal 0 0 1
    outer loop
      vertex 2.9729490146040973 3.6366442456841455 3
      vertex 2.546830454468733 74.57705098539591 3
      vertex 2.546830454468733 4.47294901460409 3
    endloop
  endfacet
  facet normal 0 0 1
    outer loop
      vertex 2.9729490146040973 3.6366442456841455 3
      vertex 3.6366442456841526 2.9729490146040902 3
      vertex 2.9729490146040973 75.41335575431586 3
    endloop
  endfacet
  facet normal 0 0 1
    outer loop
      vertex 4.472949014604097 2.5468304544687257 3
      vertex 3.6366442456841526 76.07705098539591 3
      vertex 3.6366442456841526 2.9729490146040902 3
    endloop
  endfacet
  facet normal 0 0 1
    outer loop
      vertex 4.472949014604097 2.5468304544687257 3
      vertex 5.400000000000006 2.3999999999999986 3
      vertex 4.472949014604097 76.50316954553128 3
    endloop
  endfacet
  facet normal 0 0 1
    outer loop
      vertex 5.400000000000006 2.3999999999999986 3
      vertex 18.025000000000006 20.525000000000006 3
      vertex 5.400000000000006 76.65 3
    endloop
  endfacet
  facet normal 0 0 -1
    outer loop
      vertex 7 14 0
      vertex 7.937572959870463 77.0636956716565 0
      vertex 7.342604385933925 16.163118960624633 0
    endloop
  endfacet
  facet normal 0 0 -1
    outer loop
      vertex 7.342604385933925 16.163118960624633 0
      vertex 7.937572959870463 77.0636956716565 0
      vertex 8.336881039375367 18.11449676604731 0
    endloop
  endfacet
  facet normal 0 0 -1
    outer loop
      vertex 8.336881039375367 18.11449676604731 0
      vertex 7.937572959870463 77.0636956716565 0
      vertex 9.885503233952688 19.663118960624633 0
    endloop
  endfacet
  facet normal 0 0 -1
    outer loop
      vertex 9.885503233952688 19.663118960624633 0
      vertex 7.937572959870463 77.0636956716565 0
      vertex 11.836881039375369 20.657395614066075 0
    endloop
  endfacet
  facet normal 0 0 -1
    outer loop
      vertex 11.836881039375369 20.657395614066075 0
      vertex 7.937572959870463 77.0636956716565 0
      vertex 14 21 0
    endloop
  endfacet
  facet normal 0 0 1
    outer loop
      vertex 18.025000000000006 20.525000000000006 3
      vertex 18.171830451114545 21.45205098312485 3
      vertex 18.025000000000006 58.525000000000006 3
    endloop
  endfacet
  facet normal 0 0 1
    outer loop
      vertex 18.171830451114545 21.45205098312485 3
      vertex 18.597949016875162 22.288355756877426 3
      vertex 18.171830451114545 57.59794901687516 3
    endloop
  endfacet
  facet normal 0 0 1
    outer loop
      vertex 18.597949016875162 22.288355756877426 3
      vertex 19.261644243122586 22.95205098312485 3
      vertex 19.261644243122586 56.09794901687516 3
    endloop
  endfacet
  facet normal 0 0 1
    outer loop
      vertex 23.45205098312485 22.288355756877426 3
      vertex 23.878169548885467 21.45205098312485 3
      vertex 23.878169548885467 57.59794901687516 3
    endloop
  endfacet
  facet normal 0 0 1
    outer loop
      vertex 19.261644243122586 22.95205098312485 3
      vertex 20.097949016875162 23.378169548885467 3
      vertex 20.097949016875162 55.671830451114545 3
    endloop
  endfacet
  facet normal 0 0 1
    outer loop
      vertex 20.097949016875162 23.378169548885467 3
      vertex 21.025000000000006 23.525000000000006 3
      vertex 21.025000000000006 55.525000000000006 3
    endloop
  endfacet
  facet normal 0 0 1
    outer loop
      vertex 21.025000000000006 23.525000000000006 3
      vertex 21.95205098312485 23.378169548885467 3
      vertex 21.95205098312485 55.671830451114545 3
    endloop
  endfacet
  facet normal 0 0 1
    outer loop
      vertex 18.597949016875162 22.288355756877426 3
      vertex 19.261644243122586 56.09794901687516 3
      vertex 18.597949016875162 56.76164424312259 3
    endloop
  endfacet
  facet normal 0 0 1
    outer loop
      vertex 19.261644243122586 22.95205098312485 3
      vertex 20.097949016875162 55.671830451114545 3
      vertex 19.261644243122586 56.09794901687516 3
    endloop
  endfacet
  facet normal 0 0 1
    outer loop
      vertex 20.097949016875162 23.378169548885467 3
      vertex 21.025000000000006 55.525000000000006 3
      vertex 20.097949016875162 55.671830451114545 3
    endloop
  endfacet
  facet normal 0 0 1
    outer loop
      vertex 21.025000000000006 23.525000000000006 3
      vertex 21.95205098312485 55.671830451114545 3
      vertex 21.025000000000006 55.525000000000006 3
    endloop
  endfacet
  facet normal 0 0 1
    outer loop
      vertex 21.95205098312485 23.378169548885467 3
      vertex 22.788355756877426 22.95205098312485 3
      vertex 22.788355756877426 56.09794901687516 3
    endloop
  endfacet
  facet normal 0 0 1
    outer loop
      vertex 23.45205098312485 22.288355756877426 3
      vertex 23.45205098312485 56.76164424312259 3
      vertex 22.788355756877426 22.95205098312485 3
    endloop
  endfacet
  facet normal 0 0 1
    outer loop
      vertex 21.95205098312485 23.378169548885467 3
      vertex 22.788355756877426 56.09794901687516 3
      vertex 21.95205098312485 55.671830451114545 3
    endloop
  endfacet
  facet normal -1 0 0
    outer loop
      vertex 0 8 0
      vertex 0 8 26
      vertex 0 84.65 0
    endloop
  endfacet
  facet normal -0.7071067811865476 0.7071067811865476 2.565780554953215e-19
    outer loop
      vertex 18.597949016875162 22.288355756877426 3
      vertex 19.261644243122586 22.95205098312485 15
      vertex 19.261644243122586 22.95205098312485 3
    endloop
  endfacet
  facet normal -0.4539904997395463 0.8910065241883682 0
    outer loop
      vertex 19.261644243122586 22.95205098312485 3
      vertex 19.261644243122586 22.95205098312485 15
      vertex 20.097949016875162 23.378169548885467 3
    endloop
  endfacet
  facet normal -0.15643446504023048 0.9876883405951378 0
    outer loop
      vertex 20.097949016875162 23.378169548885467 3
      vertex 20.097949016875162 23.378169548885467 15
      vertex 21.025000000000006 23.525000000000006 3
    endloop
  endfacet
  facet normal 0.15643446504023048 0.9876883405951378 0
    outer loop
      vertex 21.025000000000006 23.525000000000006 3
      vertex 21.025000000000006 23.525000000000006 15
      vertex 21.95205098312485 23.378169548885467 3
    endloop
  endfacet
  facet normal 0.4539904997395463 0.8910065241883682 0
    outer loop
      vertex 21.95205098312485 23.378169548885467 3
      vertex 21.95205098312485 23.378169548885467 15
      vertex 22.788355756877426 22.95205098312485 3
    endloop
  endfacet
  facet normal -0.4539904997395463 0.8910065241883682 0
    outer loop
      vertex 20.097949016875162 23.378169548885467 3
      vertex 19.261644243122586 22.95205098312485 15
      vertex 20.097949016875162 23.378169548885467 15
    endloop
  endfacet
  facet normal -0.15643446504023048 0.9876883405951378 0
    outer loop
      vertex 21.025000000000006 23.525000000000006 3
      vertex 20.097949016875162 23.378169548885467 15
      vertex 21.025000000000006 23.525000000000006 15
    endloop
  endfacet
  facet normal 0.15643446504023048 0.9876883405951378 0
    outer loop
      vertex 21.95205098312485 23.378169548885467 3
      vertex 21.025000000000006 23.525000000000006 15
      vertex 21.95205098312485 23.378169548885467 15
    endloop
  endfacet
  facet normal 0.4539904997395463 0.8910065241883682 0
    outer loop
      vertex 22.788355756877426 22.95205098312485 3
      vertex 21.95205098312485 23.378169548885467 15
      vertex 22.788355756877426 22.95205098312485 15
    endloop
  endfacet
  facet normal 0.7071067811865476 0.7071067811865476 0
    outer loop
      vertex 22.788355756877426 22.95205098312485 3
      vertex 22.788355756877426 22.95205098312485 15
      vertex 23.45205098312485 22.288355756877426 15
    endloop
  endfacet
  facet normal 0 0 1
    outer loop
      vertex 5.400000000000006 2.3999999999999986 3
      vertex 116.95205098312485 36.671830451114545 3
      vertex 22.788355756877426 18.097949016875162 3
    endloop
  endfacet
  facet normal 0 0 1
    outer loop
      vertex 24.025000000000006 20.525000000000006 3
      vertex 113.17183045111454 38.59794901687516 3
      vertex 23.878169548885467 21.45205098312485 3
    endloop
  endfacet
  facet normal 0 0 1
    outer loop
      vertex 22.788355756877426 18.097949016875162 3
      vertex 116.95205098312485 36.671830451114545 3
      vertex 23.45205098312485 18.761644243122586 3
    endloop
  endfacet
  facet normal 0 0 1
    outer loop
      vertex 23.45205098312485 18.761644243122586 3
      vertex 116.95205098312485 36.671830451114545 3
      vertex 23.878169548885467 19.597949016875162 3
    endloop
  endfacet
  facet normal 0 0 1
    outer loop
      vertex 23.878169548885467 19.597949016875162 3
      vertex 116.95205098312485 36.671830451114545 3
      vertex 24.025000000000006 20.525000000000006 3
    endloop
  endfacet
  facet normal 0 0 1
    outer loop
      vertex 23.878169548885467 21.45205098312485 3
      vertex 113.025 39.525000000000006 3
      vertex 23.878169548885467 57.59794901687516 3
    endloop
  endfacet
  facet normal -0.7071067811865476 -0.7071067811865476 0
    outer loop
      vertex 1.5278640450004204 3.297717981660215 0
      vertex 3.297717981660215 1.5278640450004204 26
      vertex 1.5278640450004204 3.297717981660215 26
    endloop
  endfacet
  facet normal -0.8910065241883679 -0.4539904997395466 0
    outer loop
      vertex 1.5278640450004204 3.297717981660215 0
      vertex 1.5278640450004204 3.297717981660215 26
      vertex 0.39154786963877175 5.52786404500042 26
    endloop
  endfacet
  facet normal 0.7071067811865475 0.7071067811865475 0
    outer loop
      vertex 3.6366442456841526 2.9729490146040902 3
      vertex 2.9729490146040973 3.6366442456841455 26.046549542951798
      vertex 3.6366442456841526 2.9729490146040902 26.042212042442948
    endloop
  endfacet
  facet normal 0.8910065255514753 0.4539904970642979 0
    outer loop
      vertex 2.9729490146040973 3.6366442456841455 3
      vertex 2.546830454468733 4.47294901460409 26.057252379449764
      vertex 2.9729490146040973 3.6366442456841455 26.046549542951798
    endloop
  endfacet
  facet normal 0.9876883401022011 0.15643446815250964 0
    outer loop
      vertex 2.546830454468733 4.47294901460409 3
      vertex 2.4000000000000057 5.399999999999999 26.07761038417063
      vertex 2.546830454468733 4.47294901460409 26.057252379449764
    endloop
  endfacet
  facet normal -0.4539904997395466 -0.8910065241883679 0
    outer loop
      vertex 5.52786404500042 0.39154786963877175 0
      vertex 5.52786404500042 0.39154786963877175 26
      vertex 3.297717981660215 1.5278640450004204 26
    endloop
  endfacet
  facet normal -0.15643446504023098 -0.9876883405951377 0
    outer loop
      vertex 8 0 0
      vertex 8 0 26
      vertex 5.52786404500042 0.39154786963877175 26
    endloop
  endfacet
  facet normal 0.45399049706429795 0.8910065255514753 0
    outer loop
      vertex 4.472949014604097 2.5468304544687257 3
      vertex 3.6366442456841526 2.9729490146040902 26.042212042442948
      vertex 4.472949014604097 2.5468304544687257 26.042212042525474
    endloop
  endfacet
  facet normal 0.15643446815250964 0.9876883401022012 0
    outer loop
      vertex 5.400000000000006 2.3999999999999986 3
      vertex 4.472949014604097 2.5468304544687257 26.042212042525474
      vertex 5.400000000000006 2.3999999999999986 26.05070586158795
    endloop
  endfacet
  facet normal 0 1 0
    outer loop
      vertex 5.400000000000006 2.3999999999999986 3
      vertex 5.400000000000006 2.3999999999999986 26.05070586158795
      vertex 5.52786404500042 2.3999999999999986 26.05240579596507
    endloop
  endfacet
  facet normal 0 1 0
    outer loop
      vertex 5.400000000000006 2.3999999999999986 3
      vertex 5.52786404500042 2.3999999999999986 26.05240579596507
      vertex 8 2.3999999999999986 26.06262230919765
    endloop
  endfacet
  facet normal -0.9876883405951377 -0.15643446504023098 0
    outer loop
      vertex 0 8 0
      vertex 0.39154786963877175 5.52786404500042 26
      vertex 0 8 26
    endloop
  endfacet
  facet normal 0 0 1
    outer loop
      vertex 18.025000000000006 20.525000000000006 15
      vertex 18.171830451114545 19.597949016875162 15
      vertex 18.171830451114545 21.45205098312485 15
    endloop
  endfacet
  facet normal 0 0 1
    outer loop
      vertex 19.261644243122586 18.097949016875162 15
      vertex 18.597949016875162 22.288355756877426 15
      vertex 18.597949016875162 18.761644243122586 15
    endloop
  endfacet
  facet normal 0 0 1
    outer loop
      vertex 19.261644243122586 18.097949016875162 15
      vertex 20.097949016875162 17.671830451114545 15
      vertex 19.261644243122586 22.95205098312485 15
    endloop
  endfacet
  facet normal 0 0 1
    outer loop
      vertex 21.025000000000006 17.525000000000006 15
      vertex 21.95205098312485 17.671830451114545 15
      vertex 21.025000000000006 19.725000000000005 15
    endloop
  endfacet
  facet normal 0 0 1
    outer loop
      vertex 20.097949016875162 17.671830451114545 15
      vertex 21.025000000000006 17.525000000000006 15
      vertex 20.554771798166026 19.877786404500046 15
    endloop
  endfacet
  facet normal 0 0 1
    outer loop
      vertex 20.097949016875162 17.671830451114545 15
      vertex 20.554771798166026 19.877786404500046 15
      vertex 20.377786404500046 20.054771798166026 15
    endloop
  endfacet
  facet normal 0 0 1
    outer loop
      vertex 20.097949016875162 17.671830451114545 15
      vertex 20.377786404500046 20.054771798166026 15
      vertex 20.264154786963882 20.27778640450005 15
    endloop
  endfacet
  facet normal 0 0 1
    outer loop
      vertex 20.097949016875162 17.671830451114545 15
      vertex 20.264154786963882 20.27778640450005 15
      vertex 20.225000000000005 20.525000000000006 15
    endloop
  endfacet
  facet normal 0 0 1
    outer loop
      vertex 21.025000000000006 17.525000000000006 15
      vertex 20.77778640450005 19.764154786963882 15
      vertex 20.554771798166026 19.877786404500046 15
    endloop
  endfacet
  facet normal 0 0 1
    outer loop
      vertex 21.025000000000006 17.525000000000006 15
      vertex 21.025000000000006 19.725000000000005 15
      vertex 20.77778640450005 19.764154786963882 15
    endloop
  endfacet
  facet normal 0 0 1
    outer loop
      vertex 21.025000000000006 19.725000000000005 15
      vertex 21.95205098312485 17.671830451114545 15
      vertex 21.272213595499963 19.764154786963882 15
    endloop
  endfacet
  facet normal 0 0 1
    outer loop
      vertex 21.272213595499963 19.764154786963882 15
      vertex 21.95205098312485 17.671830451114545 15
      vertex 21.495228201833985 19.877786404500046 15
    endloop
  endfacet
  facet normal 0 0 1
    outer loop
      vertex 21.495228201833985 19.877786404500046 15
      vertex 21.95205098312485 17.671830451114545 15
      vertex 21.672213595499965 20.054771798166026 15
    endloop
  endfacet
  facet normal 0 0 1
    outer loop
      vertex 18.597949016875162 18.761644243122586 15
      vertex 18.171830451114545 21.45205098312485 15
      vertex 18.171830451114545 19.597949016875162 15
    endloop
  endfacet
  facet normal 0 0 1
    outer loop
      vertex 18.597949016875162 18.761644243122586 15
      vertex 18.597949016875162 22.288355756877426 15
      vertex 18.171830451114545 21.45205098312485 15
    endloop
  endfacet
  facet normal 0 0 1
    outer loop
      vertex 19.261644243122586 18.097949016875162 15
      vertex 19.261644243122586 22.95205098312485 15
      vertex 18.597949016875162 22.288355756877426 15
    endloop
  endfacet
  facet normal 0 0 1
    outer loop
      vertex 20.097949016875162 17.671830451114545 15
      vertex 20.097949016875162 23.378169548885467 15
      vertex 19.261644243122586 22.95205098312485 15
    endloop
  endfacet
  facet normal 0 0 1
    outer loop
      vertex 20.097949016875162 17.671830451114545 15
      vertex 20.225000000000005 20.525000000000006 15
      vertex 20.097949016875162 23.378169548885467 15
    endloop
  endfacet
  facet normal 0 0 1
    outer loop
      vertex 20.225000000000005 20.525000000000006 15
      vertex 20.264154786963882 20.772213595499963 15
      vertex 20.097949016875162 23.378169548885467 15
    endloop
  endfacet
  facet normal 0 0 1
    outer loop
      vertex 20.264154786963882 20.772213595499963 15
      vertex 20.377786404500046 20.995228201833985 15
      vertex 20.097949016875162 23.378169548885467 15
    endloop
  endfacet
  facet normal 0 0 1
    outer loop
      vertex 20.377786404500046 20.995228201833985 15
      vertex 20.554771798166026 21.172213595499965 15
      vertex 20.097949016875162 23.378169548885467 15
    endloop
  endfacet
  facet normal 0 0 1
    outer loop
      vertex 20.554771798166026 21.172213595499965 15
      vertex 20.77778640450005 21.28584521303613 15
      vertex 20.097949016875162 23.378169548885467 15
    endloop
  endfacet
  facet normal 0 0 1
    outer loop
      vertex 20.77778640450005 21.28584521303613 15
      vertex 21.025000000000006 21.325000000000006 15
      vertex 20.097949016875162 23.378169548885467 15
    endloop
  endfacet
  facet normal 0 0 1
    outer loop
      vertex 21.672213595499965 20.995228201833985 15
      vertex 21.95205098312485 23.378169548885467 15
      vertex 21.495228201833985 21.172213595499965 15
    endloop
  endfacet
  facet normal 0 0 1
    outer loop
      vertex 21.272213595499963 21.28584521303613 15
      vertex 21.495228201833985 21.172213595499965 15
      vertex 21.025000000000006 23.525000000000006 15
    endloop
  endfacet
  facet normal 0 0 1
    outer loop
      vertex 21.025000000000006 21.325000000000006 15
      vertex 21.272213595499963 21.28584521303613 15
      vertex 21.025000000000006 23.525000000000006 15
    endloop
  endfacet
  facet normal 0 0 1
    outer loop
      vertex 21.672213595499965 20.054771798166026 15
      vertex 21.95205098312485 17.671830451114545 15
      vertex 21.78584521303613 20.27778640450005 15
    endloop
  endfacet
  facet normal 0 0 1
    outer loop
      vertex 21.95205098312485 17.671830451114545 15
      vertex 21.825000000000006 20.525000000000006 15
      vertex 21.78584521303613 20.27778640450005 15
    endloop
  endfacet
  facet normal 0 0 1
    outer loop
      vertex 21.95205098312485 17.671830451114545 15
      vertex 22.788355756877426 18.097949016875162 15
      vertex 21.95205098312485 23.378169548885467 15
    endloop
  endfacet
  facet normal 0 0 1
    outer loop
      vertex 21.95205098312485 17.671830451114545 15
      vertex 21.95205098312485 23.378169548885467 15
      vertex 21.825000000000006 20.525000000000006 15
    endloop
  endfacet
  facet normal 0 0 1
    outer loop
      vertex 22.788355756877426 18.097949016875162 15
      vertex 23.45205098312485 18.761644243122586 15
      vertex 22.788355756877426 22.95205098312485 15
    endloop
  endfacet
  facet normal 0 0 1
    outer loop
      vertex 21.825000000000006 20.525000000000006 15
      vertex 21.95205098312485 23.378169548885467 15
      vertex 21.78584521303613 20.772213595499963 15
    endloop
  endfacet
  facet normal 0 0 1
    outer loop
      vertex 21.672213595499965 20.995228201833985 15
      vertex 21.78584521303613 20.772213595499963 15
      vertex 21.95205098312485 23.378169548885467 15
    endloop
  endfacet
  facet normal 0 0 1
    outer loop
      vertex 22.788355756877426 18.097949016875162 15
      vertex 22.788355756877426 22.95205098312485 15
      vertex 21.95205098312485 23.378169548885467 15
    endloop
  endfacet
  facet normal 0 0 1
    outer loop
      vertex 23.45205098312485 18.761644243122586 15
      vertex 23.45205098312485 22.288355756877426 15
      vertex 22.788355756877426 22.95205098312485 15
    endloop
  endfacet
  facet normal 0 0 1
    outer loop
      vertex 23.45205098312485 18.761644243122586 15
      vertex 23.878169548885467 19.597949016875162 15
      vertex 23.45205098312485 22.288355756877426 15
    endloop
  endfacet
  facet normal 0 0 1
    outer loop
      vertex 23.878169548885467 19.597949016875162 15
      vertex 24.025000000000006 20.525000000000006 15
      vertex 23.878169548885467 21.45205098312485 15
    endloop
  endfacet
  facet normal 0 0 1
    outer loop
      vertex 23.878169548885467 19.597949016875162 15
      vertex 23.878169548885467 21.45205098312485 15
      vertex 23.45205098312485 22.288355756877426 15
    endloop
  endfacet
  facet normal -0.026074882432282547 -0.026074882432282547 0.9993198692172018
    outer loop
      vertex 3.297717981660215 1.5278640450004204 26
      vertex 3.297717981660215 3.311875278628028 26.046549542951798
      vertex 1.5278640450004204 3.297717981660215 26
    endloop
  endfacet
  facet normal -0.013289161405628979 -0.02608144778404052 0.9995714863233263
    outer loop
      vertex 3.297717981660215 1.5278640450004204 26
      vertex 3.6366442456841526 2.9729490146040902 26.042212042442948
      vertex 3.297717981660215 3.311875278628028 26.046549542951798
    endloop
  endfacet
  facet normal -0.026074882432282547 -0.026074882432282547 0.9993198692172018
    outer loop
      vertex 1.5278640450004204 3.297717981660215 26
      vertex 3.297717981660215 3.311875278628028 26.046549542951798
      vertex 2.9729490146040973 3.6366442456841455 26.046549542951798
    endloop
  endfacet
  facet normal -0.02607488243228278 -0.026074882432281538 0.9993198692172017
    outer loop
      vertex 1.5278640450004204 3.297717981660215 26
      vertex 2.9729490146040973 3.6366442456841455 26.046549542951798
      vertex 2.546830454468733 4.47294901460409 26.057252379449764
    endloop
  endfacet
  facet normal 0.7071067811865475 0.7071067811865475 1.3587086950325957e-15
    outer loop
      vertex 3.297717981660215 3.311875278628028 26.046549542951798
      vertex 3.6366442456841526 2.9729490146040902 26.042212042442948
      vertex 2.9729490146040973 3.6366442456841455 26.046549542951798
    endloop
  endfacet
  facet normal -0.026074882432282797 -0.02607488243228153 0.9993198692172017
    outer loop
      vertex 1.5278640450004204 3.297717981660215 26
      vertex 2.546830454468733 4.47294901460409 26.057252379449764
      vertex 2.4000000000000057 5.399999999999999 26.07761038417063
    endloop
  endfacet
  facet normal -0.013289161405627954 -0.026081447784039025 0.9995714863233263
    outer loop
      vertex 3.297717981660215 1.5278640450004204 26
      vertex 5.52786404500042 0.39154786963877175 26
      vertex 4.472949014604097 2.5468304544687257 26.042212042525474
    endloop
  endfacet
  facet normal -0.01328916140562606 -0.0260814477840412 0.9995714863233262
    outer loop
      vertex 3.297717981660215 1.5278640450004204 26
      vertex 4.472949014604097 2.5468304544687257 26.042212042525474
      vertex 3.6366442456841526 2.9729490146040902 26.042212042442948
    endloop
  endfacet
  facet normal -0.013289161405628937 -0.026081447784039508 0.9995714863233263
    outer loop
      vertex 4.472949014604097 2.5468304544687257 26.042212042525474
      vertex 5.52786404500042 0.39154786963877175 26
      vertex 5.400000000000006 2.3999999999999986 26.05070586158795
    endloop
  endfacet
  facet normal -0.004131225065959949 -0.026083528517668108 0.9996512304396581
    outer loop
      vertex 5.52786404500042 0.39154786963877175 26
      vertex 8 0 26
      vertex 8 2.3999999999999986 26.06262230919765
    endloop
  endfacet
  facet normal -0.013289161405637412 -0.026081447784040042 0.999571486323326
    outer loop
      vertex 5.400000000000006 2.3999999999999986 26.05070586158795
      vertex 5.52786404500042 0.39154786963877175 26
      vertex 5.52786404500042 2.3999999999999986 26.05240579596507
    endloop
  endfacet
  facet normal -0.004131225065959179 -0.026083528517669055 0.999651230439658
    outer loop
      vertex 5.52786404500042 0.39154786963877175 26
      vertex 8 2.3999999999999986 26.06262230919765
      vertex 5.52786404500042 2.3999999999999986 26.05240579596507
    endloop
  endfacet
  facet normal 1 0 0
    outer loop
      vertex 2.4000000000000057 5.399999999999999 3
      vertex 2.4000000000000057 73.65 27.858432301978848
      vertex 2.4000000000000057 5.399999999999999 26.07761038417063
    endloop
  endfacet
  facet normal 0 0 1
    outer loop
      vertex 21.025000000000006 21.325000000000006 15
      vertex 21.025000000000006 23.525000000000006 15
      vertex 20.097949016875162 23.378169548885467 15
    endloop
  endfacet
  facet normal 0 0 1
    outer loop
      vertex 21.495228201833985 21.172213595499965 15
      vertex 21.95205098312485 23.378169548885467 15
      vertex 21.025000000000006 23.525000000000006 15
    endloop
  endfacet
  facet normal -0.02607488243228206 -0.026074882432281836 0.9993198692172018
    outer loop
      vertex 1.5278640450004204 3.297717981660215 26
      vertex 2.4000000000000057 5.399999999999999 26.07761038417063
      vertex 2.4000000000000057 73.65 27.858432301978848
    endloop
  endfacet
  facet normal -0.05112529712449277 -0.026049639997893396 0.9983524529192646
    outer loop
      vertex 1.5278640450004204 3.297717981660215 26
      vertex 0.39154786963877175 82.17786404500043 28
      vertex 0.39154786963877175 5.52786404500042 26
    endloop
  endfacet
  facet normal -0.16249747056424982 -0.02573707092947154 0.9863732433719967
    outer loop
      vertex 0.39154786963877175 5.52786404500042 26
      vertex 0 84.65 28
      vertex 0 8 26
    endloop
  endfacet
  facet normal 0 0 -1
    outer loop
      vertex 5.52786404500042 0.39154786963877175 0
      vertex 0 84.65 0
      vertex 3.469504831500295 81.35840258716216 0
    endloop
  endfacet
  facet normal 0 0 -1
    outer loop
      vertex 5.52786404500042 0.39154786963877175 0
      vertex 4.70840258716215 80.11950483150031 0
      vertex 7.937572959870463 77.0636956716565 0
    endloop
  endfacet
  facet normal 0 0 -1
    outer loop
      vertex 5.52786404500042 0.39154786963877175 0
      vertex 3.469504831500295 81.35840258716216 0
      vertex 4.70840258716215 80.11950483150031 0
    endloop
  endfacet
  facet normal 0 0 1
    outer loop
      vertex 2.546830454468733 4.47294901460409 3
      vertex 2.546830454468733 74.57705098539591 3
      vertex 2.4000000000000057 73.65 3
    endloop
  endfacet
  facet normal 0 0 1
    outer loop
      vertex 2.9729490146040973 3.6366442456841455 3
      vertex 2.9729490146040973 75.41335575431586 3
      vertex 2.546830454468733 74.57705098539591 3
    endloop
  endfacet
  facet normal 0 0 1
    outer loop
      vertex 3.6366442456841526 2.9729490146040902 3
      vertex 3.6366442456841526 76.07705098539591 3
      vertex 2.9729490146040973 75.41335575431586 3
    endloop
  endfacet
  facet normal 0 0 1
    outer loop
      vertex 4.472949014604097 2.5468304544687257 3
      vertex 4.472949014604097 76.50316954553128 3
      vertex 3.6366442456841526 76.07705098539591 3
    endloop
  endfacet
  facet normal 0 0 1
    outer loop
      vertex 5.400000000000006 2.3999999999999986 3
      vertex 5.400000000000006 76.65 3
      vertex 4.472949014604097 76.50316954553128 3
    endloop
  endfacet
  facet normal 0 0 1
    outer loop
      vertex 18.025000000000006 20.525000000000006 3
      vertex 18.025000000000006 58.525000000000006 3
      vertex 5.400000000000006 76.65 3
    endloop
  endfacet
  facet normal 0 0 1
    outer loop
      vertex 18.025000000000006 58.525000000000006 3
      vertex 18.171830451114545 59.45205098312485 3
      vertex 5.400000000000006 76.65 3
    endloop
  endfacet
  facet normal 0 0 1
    outer loop
      vertex 18.171830451114545 59.45205098312485 3
      vertex 18.597949016875162 60.28835575687742 3
      vertex 5.400000000000006 76.65 3
    endloop
  endfacet
  facet normal 0 0 1
    outer loop
      vertex 18.597949016875162 60.28835575687742 3
      vertex 19.261644243122586 60.95205098312485 3
      vertex 5.400000000000006 76.65 3
    endloop
  endfacet
  facet normal 0 0 1
    outer loop
      vertex 18.171830451114545 21.45205098312485 3
      vertex 18.171830451114545 57.59794901687516 3
      vertex 18.025000000000006 58.525000000000006 3
    endloop
  endfacet
  facet normal 0 0 1
    outer loop
      vertex 18.597949016875162 22.288355756877426 3
      vertex 18.597949016875162 56.76164424312259 3
      vertex 18.171830451114545 57.59794901687516 3
    endloop
  endfacet
  facet normal 0 0 1
    outer loop
      vertex 22.788355756877426 22.95205098312485 3
      vertex 23.45205098312485 56.76164424312259 3
      vertex 22.788355756877426 56.09794901687516 3
    endloop
  endfacet
  facet normal 0 0 1
    outer loop
      vertex 23.45205098312485 22.288355756877426 3
      vertex 23.878169548885467 57.59794901687516 3
      vertex 23.45205098312485 56.76164424312259 3
    endloop
  endfacet
  facet normal 0 0 1
    outer loop
      vertex 20.77778640450005 57.764154786963886 3
      vertex 20.377786404500046 58.05477179816603 3
      vertex 20.554771798166026 57.87778640450005 3
    endloop
  endfacet
  facet normal 0 0 1
    outer loop
      vertex 20.77778640450005 57.764154786963886 3
      vertex 20.264154786963882 58.27778640450005 3
      vertex 20.377786404500046 58.05477179816603 3
    endloop
  endfacet
  facet normal 0 0 1
    outer loop
      vertex 20.77778640450005 57.764154786963886 3
      vertex 20.225000000000005 58.525000000000006 3
      vertex 20.264154786963882 58.27778640450005 3
    endloop
  endfacet
  facet normal 0 0 1
    outer loop
      vertex 20.77778640450005 57.764154786963886 3
      vertex 20.264154786963882 58.77221359549996 3
      vertex 20.225000000000005 58.525000000000006 3
    endloop
  endfacet
  facet normal 0 0 1
    outer loop
      vertex 20.77778640450005 57.764154786963886 3
      vertex 20.377786404500046 58.99522820183398 3
      vertex 20.264154786963882 58.77221359549996 3
    endloop
  endfacet
  facet normal 0 0 1
    outer loop
      vertex 20.77778640450005 57.764154786963886 3
      vertex 20.554771798166026 59.17221359549996 3
      vertex 20.377786404500046 58.99522820183398 3
    endloop
  endfacet
  facet normal 0 0 1
    outer loop
      vertex 20.77778640450005 57.764154786963886 3
      vertex 20.77778640450005 59.285845213036126 3
      vertex 20.554771798166026 59.17221359549996 3
    endloop
  endfacet
  facet normal 0 0 1
    outer loop
      vertex 20.77778640450005 57.764154786963886 3
      vertex 21.025000000000006 57.72500000000001 3
      vertex 21.495228201833985 59.17221359549996 3
    endloop
  endfacet
  facet normal 0 0 1
    outer loop
      vertex 21.025000000000006 57.72500000000001 3
      vertex 21.272213595499963 57.764154786963886 3
      vertex 21.495228201833985 59.17221359549996 3
    endloop
  endfacet
  facet normal 0 0 1
    outer loop
      vertex 21.272213595499963 57.764154786963886 3
      vertex 21.495228201833985 57.87778640450005 3
      vertex 21.495228201833985 59.17221359549996 3
    endloop
  endfacet
  facet normal 0 0 1
    outer loop
      vertex 21.495228201833985 57.87778640450005 3
      vertex 21.672213595499965 58.05477179816603 3
      vertex 21.672213595499965 58.99522820183398 3
    endloop
  endfacet
  facet normal 0 0 1
    outer loop
      vertex 20.77778640450005 57.764154786963886 3
      vertex 21.025000000000006 59.325 3
      vertex 20.77778640450005 59.285845213036126 3
    endloop
  endfacet
  facet normal 0 0 1
    outer loop
      vertex 20.77778640450005 57.764154786963886 3
      vertex 21.272213595499963 59.285845213036126 3
      vertex 21.025000000000006 59.325 3
    endloop
  endfacet
  facet normal 0 0 1
    outer loop
      vertex 20.77778640450005 57.764154786963886 3
      vertex 21.495228201833985 59.17221359549996 3
      vertex 21.272213595499963 59.285845213036126 3
    endloop
  endfacet
  facet normal 0 0 1
    outer loop
      vertex 21.495228201833985 57.87778640450005 3
      vertex 21.672213595499965 58.99522820183398 3
      vertex 21.495228201833985 59.17221359549996 3
    endloop
  endfacet
  facet normal 0 0 1
    outer loop
      vertex 21.672213595499965 58.05477179816603 3
      vertex 21.78584521303613 58.77221359549996 3
      vertex 21.672213595499965 58.99522820183398 3
    endloop
  endfacet
  facet normal 0 0 1
    outer loop
      vertex 19.261644243122586 60.95205098312485 3
      vertex 20.097949016875162 61.37816954888547 3
      vertex 5.400000000000006 76.65 3
    endloop
  endfacet
  facet normal 0 0 1
    outer loop
      vertex 20.097949016875162 61.37816954888547 3
      vertex 21.025000000000006 61.525000000000006 3
      vertex 5.400000000000006 76.65 3
    endloop
  endfacet
  facet normal 0 0 1
    outer loop
      vertex 21.025000000000006 61.525000000000006 3
      vertex 21.95205098312485 61.37816954888547 3
      vertex 5.400000000000006 76.65 3
    endloop
  endfacet
  facet normal 0 0 1
    outer loop
      vertex 21.95205098312485 61.37816954888547 3
      vertex 22.788355756877426 60.95205098312485 3
      vertex 5.400000000000006 76.65 3
    endloop
  endfacet
  facet normal 0 0 1
    outer loop
      vertex 21.672213595499965 58.05477179816603 3
      vertex 21.78584521303613 58.27778640450005 3
      vertex 21.825000000000006 58.525000000000006 3
    endloop
  endfacet
  facet normal 0 0 1
    outer loop
      vertex 21.672213595499965 58.05477179816603 3
      vertex 21.825000000000006 58.525000000000006 3
      vertex 21.78584521303613 58.77221359549996 3
    endloop
  endfacet
  facet normal 1 0 0
    outer loop
      vertex 2.4000000000000057 5.399999999999999 3
      vertex 2.4000000000000057 73.65 3
      vertex 2.4000000000000057 73.65 27.858432301978848
    endloop
  endfacet
  facet normal -0.4539904997395463 -0.8910065241883682 -1.6432354372619023e-18
    outer loop
      vertex 19.261644243122586 56.09794901687516 3
      vertex 20.097949016875162 55.671830451114545 3
      vertex 20.097949016875162 55.671830451114545 15
    endloop
  endfacet
  facet normal -0.15643446504023048 -0.9876883405951378 1.0199411227052747e-18
    outer loop
      vertex 20.097949016875162 55.671830451114545 3
      vertex 21.025000000000006 55.525000000000006 3
      vertex 21.025000000000006 55.525000000000006 15
    endloop
  endfacet
  facet normal 0.15643446504023048 -0.9876883405951378 -1.0199411227052747e-18
    outer loop
      vertex 21.025000000000006 55.525000000000006 3
      vertex 21.95205098312485 55.671830451114545 3
      vertex 21.95205098312485 55.671830451114545 15
    endloop
  endfacet
  facet normal 0.4539904997395463 -0.8910065241883682 1.6432354372619023e-18
    outer loop
      vertex 21.95205098312485 55.671830451114545 3
      vertex 22.788355756877426 56.09794901687516 3
      vertex 22.788355756877426 56.09794901687516 15
    endloop
  endfacet
  facet normal 0.7071067811865495 -0.7071067811865457 0
    outer loop
      vertex 22.788355756877426 56.09794901687516 3
      vertex 23.45205098312485 56.76164424312259 3
      vertex 22.788355756877426 56.09794901687516 15
    endloop
  endfacet
  facet normal -0.7071067811865495 -0.7071067811865457 0
    outer loop
      vertex 19.261644243122586 56.09794901687516 3
      vertex 19.261644243122586 56.09794901687516 15
      vertex 18.597949016875162 56.76164424312259 15
    endloop
  endfacet
  facet normal -0.4539904997395463 -0.8910065241883682 0
    outer loop
      vertex 19.261644243122586 56.09794901687516 3
      vertex 20.097949016875162 55.671830451114545 15
      vertex 19.261644243122586 56.09794901687516 15
    endloop
  endfacet
  facet normal -0.15643446504023048 -0.9876883405951378 0
    outer loop
      vertex 20.097949016875162 55.671830451114545 3
      vertex 21.025000000000006 55.525000000000006 15
      vertex 20.097949016875162 55.671830451114545 15
    endloop
  endfacet
  facet normal 0.15643446504023048 -0.9876883405951378 0
    outer loop
      vertex 21.025000000000006 55.525000000000006 3
      vertex 21.95205098312485 55.671830451114545 15
      vertex 21.025000000000006 55.525000000000006 15
    endloop
  endfacet
  facet normal 0.4539904997395463 -0.8910065241883682 0
    outer loop
      vertex 21.95205098312485 55.671830451114545 3
      vertex 22.788355756877426 56.09794901687516 15
      vertex 21.95205098312485 55.671830451114545 15
    endloop
  endfacet
  facet normal -0.9876883405951378 -0.15643446504023048 0
    outer loop
      vertex 18.025000000000006 58.525000000000006 3
      vertex 18.171830451114545 57.59794901687516 3
      vertex 18.025000000000006 58.525000000000006 15
    endloop
  endfacet
  facet normal -0.9876883405951378 0.15643446504023048 -1.0199411227052747e-18
    outer loop
      vertex 18.025000000000006 58.525000000000006 3
      vertex 18.171830451114545 59.45205098312485 15
      vertex 18.171830451114545 59.45205098312485 3
    endloop
  endfacet
  facet normal -0.7071067811865495 -0.7071067811865457 2.3235220817871724e-18
    outer loop
      vertex 19.261644243122586 56.09794901687516 3
      vertex 18.597949016875162 56.76164424312259 15
      vertex 18.597949016875162 56.76164424312259 3
    endloop
  endfacet
  facet normal -0.8910065241883673 -0.4539904997395478 -3.0471130044358843e-19
    outer loop
      vertex 18.597949016875162 56.76164424312259 3
      vertex 18.171830451114545 57.59794901687516 15
      vertex 18.171830451114545 57.59794901687516 3
    endloop
  endfacet
  facet normal 0.45399049973954214 0.8910065241883703 -4.826697793085696e-19
    outer loop
      vertex 20.77778640450005 57.764154786963886 3
      vertex 20.554771798166026 57.87778640450005 3
      vertex 20.554771798166026 57.87778640450005 15
    endloop
  endfacet
  facet normal 0.15643446504023106 0.9876883405951377 0
    outer loop
      vertex 20.77778640450005 57.764154786963886 3
      vertex 20.77778640450005 57.764154786963886 15
      vertex 21.025000000000006 57.72500000000001 3
    endloop
  endfacet
  facet normal -0.15643446504023106 0.9876883405951377 0
    outer loop
      vertex 21.025000000000006 57.72500000000001 3
      vertex 21.025000000000006 57.72500000000001 15
      vertex 21.272213595499963 57.764154786963886 3
    endloop
  endfacet
  facet normal -0.45399049973954214 0.8910065241883703 0
    outer loop
      vertex 21.272213595499963 57.764154786963886 3
      vertex 21.272213595499963 57.764154786963886 15
      vertex 21.495228201833985 57.87778640450005 3
    endloop
  endfacet
  facet normal 0.8910065241883673 0.4539904997395478 -6.824053185907129e-20
    outer loop
      vertex 20.377786404500046 58.05477179816603 3
      vertex 20.264154786963882 58.27778640450005 3
      vertex 20.264154786963882 58.27778640450005 15
    endloop
  endfacet
  facet normal 0.9876883405951377 0.15643446504023106 8.463810272895875e-21
    outer loop
      vertex 20.264154786963882 58.27778640450005 3
      vertex 20.225000000000005 58.525000000000006 3
      vertex 20.225000000000005 58.525000000000006 15
    endloop
  endfacet
  facet normal 0.7071067811865476 0.7071067811865476 0
    outer loop
      vertex 20.377786404500046 58.05477179816603 3
      vertex 20.377786404500046 58.05477179816603 15
      vertex 20.554771798166026 57.87778640450005 3
    endloop
  endfacet
  facet normal 0.9876883405951377 -0.15643446504023106 -8.463810272895875e-21
    outer loop
      vertex 20.225000000000005 58.525000000000006 3
      vertex 20.264154786963882 58.77221359549996 3
      vertex 20.264154786963882 58.77221359549996 15
    endloop
  endfacet
  facet normal 0.8910065241883673 -0.4539904997395478 6.824053185907129e-20
    outer loop
      vertex 20.264154786963882 58.77221359549996 3
      vertex 20.377786404500046 58.99522820183398 3
      vertex 20.377786404500046 58.99522820183398 15
    endloop
  endfacet
  facet normal 0.7071067811865476 -0.7071067811865476 5.406465837302979e-19
    outer loop
      vertex 20.377786404500046 58.99522820183398 3
      vertex 20.554771798166026 59.17221359549996 3
      vertex 20.554771798166026 59.17221359549996 15
    endloop
  endfacet
  facet normal 0.45399049973954214 -0.8910065241883703 4.826697793085696e-19
    outer loop
      vertex 20.554771798166026 59.17221359549996 3
      vertex 20.77778640450005 59.285845213036126 3
      vertex 20.77778640450005 59.285845213036126 15
    endloop
  endfacet
  facet normal -0.7071067811865476 0.7071067811865476 0
    outer loop
      vertex 21.495228201833985 57.87778640450005 3
      vertex 21.495228201833985 57.87778640450005 15
      vertex 21.672213595499965 58.05477179816603 3
    endloop
  endfacet
  facet normal -0.8910065241883673 0.4539904997395478 0
    outer loop
      vertex 21.672213595499965 58.05477179816603 3
      vertex 21.672213595499965 58.05477179816603 15
      vertex 21.78584521303613 58.27778640450005 3
    endloop
  endfacet
  facet normal -0.8910065241883673 -0.4539904997395478 -6.824053185907129e-20
    outer loop
      vertex 21.672213595499965 58.99522820183398 3
      vertex 21.78584521303613 58.77221359549996 3
      vertex 21.78584521303613 58.77221359549996 15
    endloop
  endfacet
  facet normal -0.45399049973954214 -0.8910065241883703 0
    outer loop
      vertex 21.495228201833985 59.17221359549996 3
      vertex 21.495228201833985 59.17221359549996 15
      vertex 21.272213595499963 59.285845213036126 3
    endloop
  endfacet
  facet normal -0.7071067811865476 -0.7071067811865476 -5.406465837302979e-19
    outer loop
      vertex 21.495228201833985 59.17221359549996 3
      vertex 21.672213595499965 58.99522820183398 3
      vertex 21.672213595499965 58.99522820183398 15
    endloop
  endfacet
  facet normal -0.8910065241883673 0.4539904997395478 3.0471130044358843e-19
    outer loop
      vertex 18.171830451114545 59.45205098312485 3
      vertex 18.597949016875162 60.28835575687742 15
      vertex 18.597949016875162 60.28835575687742 3
    endloop
  endfacet
  facet normal -0.7071067811865495 0.7071067811865457 -2.3235220817871724e-18
    outer loop
      vertex 18.597949016875162 60.28835575687742 3
      vertex 19.261644243122586 60.95205098312485 15
      vertex 19.261644243122586 60.95205098312485 3
    endloop
  endfacet
  facet normal -0.4539904997395463 0.8910065241883682 0
    outer loop
      vertex 19.261644243122586 60.95205098312485 3
      vertex 19.261644243122586 60.95205098312485 15
      vertex 20.097949016875162 61.37816954888547 3
    endloop
  endfacet
  facet normal 0.15643446504023106 -0.9876883405951377 -8.463810272895875e-21
    outer loop
      vertex 20.77778640450005 59.285845213036126 3
      vertex 21.025000000000006 59.325 3
      vertex 21.025000000000006 59.325 15
    endloop
  endfacet
  facet normal -0.15643446504023106 -0.9876883405951377 8.463810272895875e-21
    outer loop
      vertex 21.025000000000006 59.325 3
      vertex 21.272213595499963 59.285845213036126 3
      vertex 21.272213595499963 59.285845213036126 15
    endloop
  endfacet
  facet normal -0.15643446504023048 0.9876883405951378 0
    outer loop
      vertex 20.097949016875162 61.37816954888547 3
      vertex 20.097949016875162 61.37816954888547 15
      vertex 21.025000000000006 61.525000000000006 3
    endloop
  endfacet
  facet normal 0.15643446504023048 0.9876883405951378 0
    outer loop
      vertex 21.025000000000006 61.525000000000006 3
      vertex 21.025000000000006 61.525000000000006 15
      vertex 21.95205098312485 61.37816954888547 3
    endloop
  endfacet
  facet normal -0.9876883405951377 0.15643446504023106 0
    outer loop
      vertex 21.78584521303613 58.27778640450005 3
      vertex 21.78584521303613 58.27778640450005 15
      vertex 21.825000000000006 58.525000000000006 3
    endloop
  endfacet
  facet normal -0.9876883405951377 -0.15643446504023106 0
    outer loop
      vertex 21.825000000000006 58.525000000000006 3
      vertex 21.825000000000006 58.525000000000006 15
      vertex 21.78584521303613 58.77221359549996 3
    endloop
  endfacet
  facet normal 0.8910065241883673 -0.4539904997395478 0
    outer loop
      vertex 23.45205098312485 56.76164424312259 3
      vertex 23.878169548885467 57.59794901687516 3
      vertex 23.45205098312485 56.76164424312259 15
    endloop
  endfacet
  facet normal 0.9876883405951378 -0.15643446504023048 0
    outer loop
      vertex 23.878169548885467 57.59794901687516 3
      vertex 24.025000000000006 58.525000000000006 3
      vertex 23.878169548885467 57.59794901687516 15
    endloop
  endfacet
  facet normal 0.9876883405951378 0.15643446504023048 0
    outer loop
      vertex 24.025000000000006 58.525000000000006 3
      vertex 23.878169548885467 59.45205098312485 3
      vertex 24.025000000000006 58.525000000000006 15
    endloop
  endfacet
  facet normal 0.7071067811865495 0.7071067811865457 0
    outer loop
      vertex 23.45205098312485 60.28835575687742 3
      vertex 22.788355756877426 60.95205098312485 3
      vertex 23.45205098312485 60.28835575687742 15
    endloop
  endfacet
  facet normal 0.4539904997395463 0.8910065241883682 0
    outer loop
      vertex 21.95205098312485 61.37816954888547 3
      vertex 21.95205098312485 61.37816954888547 15
      vertex 22.788355756877426 60.95205098312485 3
    endloop
  endfacet
  facet normal 0.8910065241883673 0.4539904997395478 -3.0471130044358843e-19
    outer loop
      vertex 23.45205098312485 60.28835575687742 3
      vertex 23.878169548885467 59.45205098312485 15
      vertex 23.878169548885467 59.45205098312485 3
    endloop
  endfacet
  facet normal -0.9876883405951378 -0.15643446504023048 0
    outer loop
      vertex 18.171830451114545 57.59794901687516 3
      vertex 18.171830451114545 57.59794901687516 15
      vertex 18.025000000000006 58.525000000000006 15
    endloop
  endfacet
  facet normal -0.9876883405951378 0.15643446504023048 0
    outer loop
      vertex 18.025000000000006 58.525000000000006 3
      vertex 18.025000000000006 58.525000000000006 15
      vertex 18.171830451114545 59.45205098312485 15
    endloop
  endfacet
  facet normal -0.8910065241883673 -0.4539904997395478 0
    outer loop
      vertex 18.597949016875162 56.76164424312259 3
      vertex 18.597949016875162 56.76164424312259 15
      vertex 18.171830451114545 57.59794901687516 15
    endloop
  endfacet
  facet normal 0.45399049973954214 0.8910065241883703 0
    outer loop
      vertex 20.77778640450005 57.764154786963886 3
      vertex 20.554771798166026 57.87778640450005 15
      vertex 20.77778640450005 57.764154786963886 15
    endloop
  endfacet
  facet normal 0.15643446504023106 0.9876883405951377 0
    outer loop
      vertex 21.025000000000006 57.72500000000001 3
      vertex 20.77778640450005 57.764154786963886 15
      vertex 21.025000000000006 57.72500000000001 15
    endloop
  endfacet
  facet normal -0.15643446504023106 0.9876883405951377 0
    outer loop
      vertex 21.272213595499963 57.764154786963886 3
      vertex 21.025000000000006 57.72500000000001 15
      vertex 21.272213595499963 57.764154786963886 15
    endloop
  endfacet
  facet normal -0.45399049973954214 0.8910065241883703 0
    outer loop
      vertex 21.495228201833985 57.87778640450005 3
      vertex 21.272213595499963 57.764154786963886 15
      vertex 21.495228201833985 57.87778640450005 15
    endloop
  endfacet
  facet normal 0.8910065241883673 0.4539904997395478 0
    outer loop
      vertex 20.377786404500046 58.05477179816603 3
      vertex 20.264154786963882 58.27778640450005 15
      vertex 20.377786404500046 58.05477179816603 15
    endloop
  endfacet
  facet normal 0.9876883405951377 0.15643446504023106 0
    outer loop
      vertex 20.264154786963882 58.27778640450005 3
      vertex 20.225000000000005 58.525000000000006 15
      vertex 20.264154786963882 58.27778640450005 15
    endloop
  endfacet
  facet normal 0.7071067811865476 0.7071067811865476 0
    outer loop
      vertex 20.554771798166026 57.87778640450005 3
      vertex 20.377786404500046 58.05477179816603 15
      vertex 20.554771798166026 57.87778640450005 15
    endloop
  endfacet
  facet normal 0.9876883405951377 -0.15643446504023106 0
    outer loop
      vertex 20.225000000000005 58.525000000000006 3
      vertex 20.264154786963882 58.77221359549996 15
      vertex 20.225000000000005 58.525000000000006 15
    endloop
  endfacet
  facet normal 0.8910065241883673 -0.4539904997395478 0
    outer loop
      vertex 20.264154786963882 58.77221359549996 3
      vertex 20.377786404500046 58.99522820183398 15
      vertex 20.264154786963882 58.77221359549996 15
    endloop
  endfacet
  facet normal 0.7071067811865476 -0.7071067811865476 0
    outer loop
      vertex 20.377786404500046 58.99522820183398 3
      vertex 20.554771798166026 59.17221359549996 15
      vertex 20.377786404500046 58.99522820183398 15
    endloop
  endfacet
  facet normal 0.45399049973954214 -0.8910065241883703 0
    outer loop
      vertex 20.554771798166026 59.17221359549996 3
      vertex 20.77778640450005 59.285845213036126 15
      vertex 20.554771798166026 59.17221359549996 15
    endloop
  endfacet
  facet normal -0.7071067811865476 0.7071067811865476 0
    outer loop
      vertex 21.672213595499965 58.05477179816603 3
      vertex 21.495228201833985 57.87778640450005 15
      vertex 21.672213595499965 58.05477179816603 15
    endloop
  endfacet
  facet normal -0.8910065241883673 0.4539904997395478 0
    outer loop
      vertex 21.78584521303613 58.27778640450005 3
      vertex 21.672213595499965 58.05477179816603 15
      vertex 21.78584521303613 58.27778640450005 15
    endloop
  endfacet
  facet normal -0.8910065241883673 -0.4539904997395478 0
    outer loop
      vertex 21.672213595499965 58.99522820183398 3
      vertex 21.78584521303613 58.77221359549996 15
      vertex 21.672213595499965 58.99522820183398 15
    endloop
  endfacet
  facet normal -0.45399049973954214 -0.8910065241883703 0
    outer loop
      vertex 21.272213595499963 59.285845213036126 3
      vertex 21.495228201833985 59.17221359549996 15
      vertex 21.272213595499963 59.285845213036126 15
    endloop
  endfacet
  facet normal -0.7071067811865476 -0.7071067811865476 0
    outer loop
      vertex 21.495228201833985 59.17221359549996 3
      vertex 21.672213595499965 58.99522820183398 15
      vertex 21.495228201833985 59.17221359549996 15
    endloop
  endfacet
  facet normal -0.8910065241883673 0.4539904997395478 0
    outer loop
      vertex 18.171830451114545 59.45205098312485 3
      vertex 18.171830451114545 59.45205098312485 15
      vertex 18.597949016875162 60.28835575687742 15
    endloop
  endfacet
  facet normal -0.7071067811865495 0.7071067811865457 0
    outer loop
      vertex 18.597949016875162 60.28835575687742 3
      vertex 18.597949016875162 60.28835575687742 15
      vertex 19.261644243122586 60.95205098312485 15
    endloop
  endfacet
  facet normal -0.4539904997395463 0.8910065241883682 0
    outer loop
      vertex 20.097949016875162 61.37816954888547 3
      vertex 19.261644243122586 60.95205098312485 15
      vertex 20.097949016875162 61.37816954888547 15
    endloop
  endfacet
  facet normal 0.15643446504023106 -0.9876883405951377 0
    outer loop
      vertex 20.77778640450005 59.285845213036126 3
      vertex 21.025000000000006 59.325 15
      vertex 20.77778640450005 59.285845213036126 15
    endloop
  endfacet
  facet normal -0.15643446504023106 -0.9876883405951377 0
    outer loop
      vertex 21.025000000000006 59.325 3
      vertex 21.272213595499963 59.285845213036126 15
      vertex 21.025000000000006 59.325 15
    endloop
  endfacet
  facet normal -0.15643446504023048 0.9876883405951378 0
    outer loop
      vertex 21.025000000000006 61.525000000000006 3
      vertex 20.097949016875162 61.37816954888547 15
      vertex 21.025000000000006 61.525000000000006 15
    endloop
  endfacet
  facet normal 0.15643446504023048 0.9876883405951378 0
    outer loop
      vertex 21.95205098312485 61.37816954888547 3
      vertex 21.025000000000006 61.525000000000006 15
      vertex 21.95205098312485 61.37816954888547 15
    endloop
  endfacet
  facet normal 0.7071067811865495 -0.7071067811865457 0
    outer loop
      vertex 23.45205098312485 56.76164424312259 3
      vertex 23.45205098312485 56.76164424312259 15
      vertex 22.788355756877426 56.09794901687516 15
    endloop
  endfacet
  facet normal -0.9876883405951377 0.15643446504023106 0
    outer loop
      vertex 21.825000000000006 58.525000000000006 3
      vertex 21.78584521303613 58.27778640450005 15
      vertex 21.825000000000006 58.525000000000006 15
    endloop
  endfacet
  facet normal -0.9876883405951377 -0.15643446504023106 0
    outer loop
      vertex 21.78584521303613 58.77221359549996 3
      vertex 21.825000000000006 58.525000000000006 15
      vertex 21.78584521303613 58.77221359549996 15
    endloop
  endfacet
  facet normal 0.8910065241883673 -0.4539904997395478 0
    outer loop
      vertex 23.878169548885467 57.59794901687516 3
      vertex 23.878169548885467 57.59794901687516 15
      vertex 23.45205098312485 56.76164424312259 15
    endloop
  endfacet
  facet normal 0.9876883405951378 -0.15643446504023048 0
    outer loop
      vertex 24.025000000000006 58.525000000000006 3
      vertex 24.025000000000006 58.525000000000006 15
      vertex 23.878169548885467 57.59794901687516 15
    endloop
  endfacet
  facet normal 0.9876883405951378 0.15643446504023048 0
    outer loop
      vertex 23.878169548885467 59.45205098312485 3
      vertex 23.878169548885467 59.45205098312485 15
      vertex 24.025000000000006 58.525000000000006 15
    endloop
  endfacet
  facet normal 0.4539904997395463 0.8910065241883682 0
    outer loop
      vertex 22.788355756877426 60.95205098312485 3
      vertex 21.95205098312485 61.37816954888547 15
      vertex 22.788355756877426 60.95205098312485 15
    endloop
  endfacet
  facet normal 0.7071067811865495 0.7071067811865457 0
    outer loop
      vertex 22.788355756877426 60.95205098312485 3
      vertex 22.788355756877426 60.95205098312485 15
      vertex 23.45205098312485 60.28835575687742 15
    endloop
  endfacet
  facet normal 0.8910065241883673 0.4539904997395478 0
    outer loop
      vertex 23.45205098312485 60.28835575687742 3
      vertex 23.45205098312485 60.28835575687742 15
      vertex 23.878169548885467 59.45205098312485 15
    endloop
  endfacet
  facet normal 0 0 -1
    outer loop
      vertex 7.937572959870463 77.0636956716565 0
      vertex 4.70840258716215 80.11950483150031 0
      vertex 6.269504831500295 79.32408350874715 0
    endloop
  endfacet
  facet normal 0 0 -1
    outer loop
      vertex 7.937572959870463 77.0636956716565 0
      vertex 6.269504831500295 79.32408350874715 0
      vertex 8 79.05000000000001 0
    endloop
  endfacet
  facet normal 0 0 -1
    outer loop
      vertex 0 84.65 0
      vertex 2.4000000000000004 84.65 0
      vertex 2.674083508747141 82.9195048315003 0
    endloop
  endfacet
  facet normal 0 0 -1
    outer loop
      vertex 3.469504831500295 81.35840258716216 0
      vertex 0 84.65 0
      vertex 2.674083508747141 82.9195048315003 0
    endloop
  endfacet
  facet normal 0.8910065241883681 0.45399049973954664 2.044836688169777e-17
    outer loop
      vertex 3.469504831500295 81.35840258716216 0
      vertex 2.674083508747141 82.9195048315003 0
      vertex 2.674083508747141 82.9195048315003 2.6
    endloop
  endfacet
  facet normal 0.9876883405951378 0.15643446504023156 -1.2549380731169523e-18
    outer loop
      vertex 2.674083508747141 82.9195048315003 0
      vertex 2.4000000000000004 84.65 0
      vertex 2.4000000000000004 84.65 2.6
    endloop
  endfacet
  facet normal 0.8910065241883681 0.45399049973954664 0
    outer loop
      vertex 3.469504831500295 81.35840258716216 0
      vertex 2.674083508747141 82.9195048315003 2.6
      vertex 3.469504831500295 81.35840258716216 2.6
    endloop
  endfacet
  facet normal 0.9876883405951378 0.15643446504023156 0
    outer loop
      vertex 2.674083508747141 82.9195048315003 0
      vertex 2.4000000000000004 84.65 2.6
      vertex 2.674083508747141 82.9195048315003 2.6
    endloop
  endfacet
  facet normal 0.45399049973954775 0.8910065241883673 0
    outer loop
      vertex 4.70840258716215 80.11950483150031 0
      vertex 4.70840258716215 80.11950483150031 2.6
      vertex 6.269504831500295 79.32408350874715 0
    endloop
  endfacet
  facet normal 0.7071067811865467 0.7071067811865482 0
    outer loop
      vertex 3.469504831500295 81.35840258716216 0
      vertex 3.469504831500295 81.35840258716216 2.6
      vertex 4.70840258716215 80.11950483150031 0
    endloop
  endfacet
  facet normal 0.15643446504023065 0.9876883405951378 0
    outer loop
      vertex 6.269504831500295 79.32408350874715 0
      vertex 6.269504831500295 79.32408350874715 2.6
      vertex 8 79.05000000000001 0
    endloop
  endfacet
  facet normal 0.7071067811865467 0.7071067811865482 0
    outer loop
      vertex 4.70840258716215 80.11950483150031 0
      vertex 3.469504831500295 81.35840258716216 2.6
      vertex 4.70840258716215 80.11950483150031 2.6
    endloop
  endfacet
  facet normal 0.45399049973954775 0.8910065241883673 0
    outer loop
      vertex 6.269504831500295 79.32408350874715 0
      vertex 4.70840258716215 80.11950483150031 2.6
      vertex 6.269504831500295 79.32408350874715 2.6
    endloop
  endfacet
  facet normal 0 0 -1
    outer loop
      vertex 4.70840258716215 80.11950483150031 2.6
      vertex 10.258359213500126 85.36746436089163 2.6
      vertex 6.269504831500295 79.32408350874715 2.6
    endloop
  endfacet
  facet normal 0 0 -1
    outer loop
      vertex 3.469504831500295 81.35840258716216 2.6
      vertex 2.674083508747141 82.9195048315003 2.6
      vertex 9.058359213500125 86.23931539449808 2.6
    endloop
  endfacet
  facet normal 0 0 -1
    outer loop
      vertex 3.469504831500295 81.35840258716216 2.6
      vertex 9.589315394498065 85.70835921350013 2.6
      vertex 4.70840258716215 80.11950483150031 2.6
    endloop
  endfacet
  facet normal 1 0 0
    outer loop
      vertex 2.4000000000000004 84.65 0
      vertex 2.4000000000000004 89.65380825953298 2.6
      vertex 2.4000000000000004 84.65 2.6
    endloop
  endfacet
  facet normal 1 0 0
    outer loop
      vertex 2.4000000000000004 84.65 0
      vertex 2.4000000000000004 90.22441797333937 0
      vertex 2.4000000000000004 89.65380825953298 2.6
    endloop
  endfacet
  facet normal 0 0 -1
    outer loop
      vertex 2.674083508747141 82.9195048315003 2.6
      vertex 2.4000000000000004 84.65 2.6
      vertex 8.717464360891633 86.90835921350013 2.6
    endloop
  endfacet
  facet normal 0 0 -1
    outer loop
      vertex 2.4000000000000004 84.65 2.6
      vertex 2.4000000000000004 89.65380825953298 2.6
      vertex 8.6 87.65 2.6
    endloop
  endfacet
  facet normal 0 0 -1
    outer loop
      vertex 2.674083508747141 82.9195048315003 2.6
      vertex 8.717464360891633 86.90835921350013 2.6
      vertex 9.058359213500125 86.23931539449808 2.6
    endloop
  endfacet
  facet normal 0 0 -1
    outer loop
      vertex 2.4000000000000004 84.65 2.6
      vertex 8.6 87.65 2.6
      vertex 8.717464360891633 86.90835921350013 2.6
    endloop
  endfacet
  facet normal 0 0 -1
    outer loop
      vertex 2.4000000000000004 89.65380825953298 2.6
      vertex 2.4000000000000004 92.65 2.6
      vertex 8.6 87.65 2.6
    endloop
  endfacet
  facet normal 0 0 -1
    outer loop
      vertex 8.6 87.65 2.6
      vertex 2.4000000000000004 92.65 2.6
      vertex 8.717464360891633 88.39164078649988 2.6
    endloop
  endfacet
  facet normal 0 0 -1
    outer loop
      vertex 8.717464360891633 88.39164078649988 2.6
      vertex 2.4000000000000004 92.65 2.6
      vertex 9.058359213500125 89.06068460550193 2.6
    endloop
  endfacet
  facet normal 0.15643446504023065 0.9876883405951378 0
    outer loop
      vertex 8 79.05000000000001 0
      vertex 6.269504831500295 79.32408350874715 2.6
      vertex 8 79.05000000000001 2.6
    endloop
  endfacet
  facet normal 0 0 -1
    outer loop
      vertex 6.269504831500295 79.32408350874715 2.6
      vertex 11 85.25 2.6
      vertex 8 79.05000000000001 2.6
    endloop
  endfacet
  facet normal 0 1 0
    outer loop
      vertex 8 79.05000000000001 0
      vertex 8 79.05000000000001 2.6
      vertex 16 79.05000000000001 2.6
    endloop
  endfacet
  facet normal 0 0 -1
    outer loop
      vertex 3.469504831500295 81.35840258716216 2.6
      vertex 9.058359213500125 86.23931539449808 2.6
      vertex 9.589315394498065 85.70835921350013 2.6
    endloop
  endfacet
  facet normal 0 0 -1
    outer loop
      vertex 4.70840258716215 80.11950483150031 2.6
      vertex 9.589315394498065 85.70835921350013 2.6
      vertex 10.258359213500126 85.36746436089163 2.6
    endloop
  endfacet
  facet normal 0 0 -1
    outer loop
      vertex 8 79.05000000000001 2.6
      vertex 11 85.25 2.6
      vertex 11.741640786499874 85.36746436089163 2.6
    endloop
  endfacet
  facet normal 0 0 -1
    outer loop
      vertex 6.269504831500295 79.32408350874715 2.6
      vertex 10.258359213500126 85.36746436089163 2.6
      vertex 11 85.25 2.6
    endloop
  endfacet
  facet normal 0 0 -1
    outer loop
      vertex 8 79.05000000000001 2.6
      vertex 11.741640786499874 85.36746436089163 2.6
      vertex 16 79.05000000000001 2.6
    endloop
  endfacet
  facet normal 0 0 -1
    outer loop
      vertex 11.741640786499874 85.36746436089163 2.6
      vertex 12.410684605501935 85.70835921350013 2.6
      vertex 16 79.05000000000001 2.6
    endloop
  endfacet
  facet normal 0 0 -1
    outer loop
      vertex 12.410684605501935 85.70835921350013 2.6
      vertex 12.941640786499875 86.23931539449808 2.6
      vertex 16 79.05000000000001 2.6
    endloop
  endfacet
  facet normal 0 0 -1
    outer loop
      vertex 12.941640786499875 86.23931539449808 2.6
      vertex 13.282535639108367 86.90835921350013 2.6
      vertex 16 79.05000000000001 2.6
    endloop
  endfacet
  facet normal 0 0 -1
    outer loop
      vertex 13.282535639108367 86.90835921350013 2.6
      vertex 13.4 87.65 2.6
      vertex 16 79.05000000000001 2.6
    endloop
  endfacet
  facet normal 0 0 -1
    outer loop
      vertex 13.4 87.65 2.6
      vertex 13.282535639108367 88.39164078649988 2.6
      vertex 16 79.05000000000001 2.6
    endloop
  endfacet
  facet normal 0 0 -1
    outer loop
      vertex 13.282535639108367 88.39164078649988 2.6
      vertex 12.941640786499875 89.06068460550193 2.6
      vertex 16 92.65 2.6
    endloop
  endfacet
  facet normal 0 0 -1
    outer loop
      vertex 13.282535639108367 88.39164078649988 2.6
      vertex 16 92.65 2.6
      vertex 16 79.05000000000001 2.6
    endloop
  endfacet
  facet normal 0.9876883401022012 -0.15643446815250964 0
    outer loop
      vertex 2.4000000000000057 73.65 3
      vertex 2.546830454468733 74.57705098539591 3
      vertex 2.546830454468733 74.57705098539591 27.886452691799192
    endloop
  endfacet
  facet normal 0.8910065255514753 -0.45399049706429795 0
    outer loop
      vertex 2.546830454468733 74.57705098539591 3
      vertex 2.9729490146040973 75.41335575431586 3
      vertex 2.9729490146040973 75.41335575431586 27.919392635153535
    endloop
  endfacet
  facet normal 0.7071067811865475 -0.7071067811865475 0
    outer loop
      vertex 2.9729490146040973 75.41335575431586 3
      vertex 3.6366442456841526 76.07705098539591 3
      vertex 3.6366442456841526 76.07705098539591 27.94969024128944
    endloop
  endfacet
  facet normal 0.45399049706429795 -0.8910065255514752 0
    outer loop
      vertex 3.6366442456841526 76.07705098539591 3
      vertex 4.472949014604097 76.50316954553128 3
      vertex 4.472949014604097 76.50316954553128 27.971927348228345
    endloop
  endfacet
  facet normal 0.15643446815250964 -0.9876883401022013 0
    outer loop
      vertex 4.472949014604097 76.50316954553128 3
      vertex 5.400000000000006 76.65 3
      vertex 5.400000000000006 76.65 27.9880835523903
    endloop
  endfacet
  facet normal 0.8910065241883673 0.4539904997395478 -1.7723648546377527e-18
    outer loop
      vertex 9.058359213500125 86.23931539449808 2.6
      vertex 8.717464360891633 86.90835921350013 2.6
      vertex 8.717464360891633 86.90835921350013 9.2
    endloop
  endfacet
  facet normal 0.9876883405951373 0.1564344650402334 9.422003642868815e-19
    outer loop
      vertex 8.717464360891633 86.90835921350013 2.6
      vertex 8.6 87.65 2.6
      vertex 8.6 87.65 9.2
    endloop
  endfacet
  facet normal 0.7071067811865522 0.7071067811865429 0
    outer loop
      vertex 9.058359213500125 86.23931539449808 2.6
      vertex 9.058359213500125 86.23931539449808 9.2
      vertex 9.589315394498065 85.70835921350013 2.6
    endloop
  endfacet
  facet normal 0.4539904997395525 0.8910065241883649 0
    outer loop
      vertex 9.589315394498065 85.70835921350013 2.6
      vertex 9.589315394498065 85.70835921350013 9.2
      vertex 10.258359213500126 85.36746436089163 2.6
    endloop
  endfacet
  facet normal 0.15643446504023067 0.9876883405951378 0
    outer loop
      vertex 10.258359213500126 85.36746436089163 2.6
      vertex 10.258359213500126 85.36746436089163 9.2
      vertex 11 85.25 2.6
    endloop
  endfacet
  facet normal 0.9876883405951373 -0.1564344650402334 -9.422003642868815e-19
    outer loop
      vertex 8.6 87.65 2.6
      vertex 8.717464360891633 88.39164078649988 2.6
      vertex 8.717464360891633 88.39164078649988 9.2
    endloop
  endfacet
  facet normal 0.8910065241883673 -0.4539904997395478 1.7723648546377527e-18
    outer loop
      vertex 8.717464360891633 88.39164078649988 2.6
      vertex 9.058359213500125 89.06068460550193 2.6
      vertex 9.058359213500125 89.06068460550193 9.2
    endloop
  endfacet
  facet normal 0.7071067811865522 -0.7071067811865429 1.1275754159711782e-18
    outer loop
      vertex 9.058359213500125 89.06068460550193 2.6
      vertex 9.589315394498065 89.59164078649988 2.6
      vertex 9.589315394498065 89.59164078649988 9.2
    endloop
  endfacet
  facet normal 0.4539904997395525 -0.8910065241883649 2.435723187586402e-19
    outer loop
      vertex 9.589315394498065 89.59164078649988 2.6
      vertex 10.258359213500126 89.93253563910838 2.6
      vertex 10.258359213500126 89.93253563910838 9.2
    endloop
  endfacet
  facet normal 0.15643446504023067 -0.9876883405951378 -6.470009901527595e-19
    outer loop
      vertex 10.258359213500126 89.93253563910838 2.6
      vertex 11 90.05000000000001 2.6
      vertex 11 90.05000000000001 9.2
    endloop
  endfacet
  facet normal -0.15643446504023067 0.9876883405951378 0
    outer loop
      vertex 11 85.25 2.6
      vertex 11 85.25 9.2
      vertex 11.741640786499874 85.36746436089163 2.6
    endloop
  endfacet
  facet normal -0.4539904997395525 0.8910065241883649 0
    outer loop
      vertex 11.741640786499874 85.36746436089163 2.6
      vertex 11.741640786499874 85.36746436089163 9.2
      vertex 12.410684605501935 85.70835921350013 2.6
    endloop
  endfacet
  facet normal -0.7071067811865522 0.7071067811865429 0
    outer loop
      vertex 12.410684605501935 85.70835921350013 2.6
      vertex 12.410684605501935 85.70835921350013 9.2
      vertex 12.941640786499875 86.23931539449808 2.6
    endloop
  endfacet
  facet normal -0.8910065241883673 0.4539904997395478 0
    outer loop
      vertex 12.941640786499875 86.23931539449808 2.6
      vertex 12.941640786499875 86.23931539449808 9.2
      vertex 13.282535639108367 86.90835921350013 2.6
    endloop
  endfacet
  facet normal -0.9876883405951373 0.1564344650402334 0
    outer loop
      vertex 13.282535639108367 86.90835921350013 2.6
      vertex 13.282535639108367 86.90835921350013 9.2
      vertex 13.4 87.65 2.6
    endloop
  endfacet
  facet normal -0.15643446504023067 -0.9876883405951378 6.470009901527595e-19
    outer loop
      vertex 11 90.05000000000001 2.6
      vertex 11.741640786499874 89.93253563910838 2.6
      vertex 11.741640786499874 89.93253563910838 9.2
    endloop
  endfacet
  facet normal -0.4539904997395525 -0.8910065241883649 -2.435723187586402e-19
    outer loop
      vertex 11.741640786499874 89.93253563910838 2.6
      vertex 12.410684605501935 89.59164078649988 2.6
      vertex 12.410684605501935 89.59164078649988 9.2
    endloop
  endfacet
  facet normal -0.9876883405951373 -0.1564344650402334 0
    outer loop
      vertex 13.4 87.65 2.6
      vertex 13.4 87.65 9.2
      vertex 13.282535639108367 88.39164078649988 2.6
    endloop
  endfacet
  facet normal -0.8910065241883673 -0.4539904997395478 0
    outer loop
      vertex 13.282535639108367 88.39164078649988 2.6
      vertex 13.282535639108367 88.39164078649988 9.2
      vertex 12.941640786499875 89.06068460550193 2.6
    endloop
  endfacet
  facet normal -0.7071067811865522 -0.7071067811865429 -1.1275754159711782e-18
    outer loop
      vertex 12.410684605501935 89.59164078649988 2.6
      vertex 12.941640786499875 89.06068460550193 2.6
      vertex 12.941640786499875 89.06068460550193 9.2
    endloop
  endfacet
  facet normal 0.8910065241883673 0.4539904997395478 0
    outer loop
      vertex 9.058359213500125 86.23931539449808 2.6
      vertex 8.717464360891633 86.90835921350013 9.2
      vertex 9.058359213500125 86.23931539449808 9.2
    endloop
  endfacet
  facet normal 0.9876883405951373 0.1564344650402334 0
    outer loop
      vertex 8.717464360891633 86.90835921350013 2.6
      vertex 8.6 87.65 9.2
      vertex 8.717464360891633 86.90835921350013 9.2
    endloop
  endfacet
  facet normal 0.7071067811865522 0.7071067811865429 0
    outer loop
      vertex 9.589315394498065 85.70835921350013 2.6
      vertex 9.058359213500125 86.23931539449808 9.2
      vertex 9.589315394498065 85.70835921350013 9.2
    endloop
  endfacet
  facet normal 0.15643446504023067 0.9876883405951378 0
    outer loop
      vertex 11 85.25 2.6
      vertex 10.258359213500126 85.36746436089163 9.2
      vertex 11 85.25 9.2
    endloop
  endfacet
  facet normal 0.4539904997395525 0.8910065241883649 0
    outer loop
      vertex 10.258359213500126 85.36746436089163 2.6
      vertex 9.589315394498065 85.70835921350013 9.2
      vertex 10.258359213500126 85.36746436089163 9.2
    endloop
  endfacet
  facet normal 0.9876883405951373 -0.1564344650402334 0
    outer loop
      vertex 8.6 87.65 2.6
      vertex 8.717464360891633 88.39164078649988 9.2
      vertex 8.6 87.65 9.2
    endloop
  endfacet
  facet normal 0.8910065241883673 -0.4539904997395478 0
    outer loop
      vertex 8.717464360891633 88.39164078649988 2.6
      vertex 9.058359213500125 89.06068460550193 9.2
      vertex 8.717464360891633 88.39164078649988 9.2
    endloop
  endfacet
  facet normal 0.7071067811865522 -0.7071067811865429 0
    outer loop
      vertex 9.058359213500125 89.06068460550193 2.6
      vertex 9.589315394498065 89.59164078649988 9.2
      vertex 9.058359213500125 89.06068460550193 9.2
    endloop
  endfacet
  facet normal 0.4539904997395525 -0.8910065241883649 0
    outer loop
      vertex 9.589315394498065 89.59164078649988 2.6
      vertex 10.258359213500126 89.93253563910838 9.2
      vertex 9.589315394498065 89.59164078649988 9.2
    endloop
  endfacet
  facet normal 0.15643446504023067 -0.9876883405951378 0
    outer loop
      vertex 10.258359213500126 89.93253563910838 2.6
      vertex 11 90.05000000000001 9.2
      vertex 10.258359213500126 89.93253563910838 9.2
    endloop
  endfacet
  facet normal -0.15643446504023067 0.9876883405951378 0
    outer loop
      vertex 11.741640786499874 85.36746436089163 2.6
      vertex 11 85.25 9.2
      vertex 11.741640786499874 85.36746436089163 9.2
    endloop
  endfacet
  facet normal -0.4539904997395525 0.8910065241883649 0
    outer loop
      vertex 12.410684605501935 85.70835921350013 2.6
      vertex 11.741640786499874 85.36746436089163 9.2
      vertex 12.410684605501935 85.70835921350013 9.2
    endloop
  endfacet
  facet normal -0.7071067811865522 0.7071067811865429 0
    outer loop
      vertex 12.941640786499875 86.23931539449808 2.6
      vertex 12.410684605501935 85.70835921350013 9.2
      vertex 12.941640786499875 86.23931539449808 9.2
    endloop
  endfacet
  facet normal -0.8910065241883673 0.4539904997395478 0
    outer loop
      vertex 13.282535639108367 86.90835921350013 2.6
      vertex 12.941640786499875 86.23931539449808 9.2
      vertex 13.282535639108367 86.90835921350013 9.2
    endloop
  endfacet
  facet normal -0.9876883405951373 0.1564344650402334 0
    outer loop
      vertex 13.4 87.65 2.6
      vertex 13.282535639108367 86.90835921350013 9.2
      vertex 13.4 87.65 9.2
    endloop
  endfacet
  facet normal -0.15643446504023067 -0.9876883405951378 0
    outer loop
      vertex 11 90.05000000000001 2.6
      vertex 11.741640786499874 89.93253563910838 9.2
      vertex 11 90.05000000000001 9.2
    endloop
  endfacet
  facet normal -0.7071067811865522 -0.7071067811865429 0
    outer loop
      vertex 12.410684605501935 89.59164078649988 2.6
      vertex 12.941640786499875 89.06068460550193 9.2
      vertex 12.410684605501935 89.59164078649988 9.2
    endloop
  endfacet
  facet normal -0.4539904997395525 -0.8910065241883649 0
    outer loop
      vertex 11.741640786499874 89.93253563910838 2.6
      vertex 12.410684605501935 89.59164078649988 9.2
      vertex 11.741640786499874 89.93253563910838 9.2
    endloop
  endfacet
  facet normal -0.9876883405951373 -0.1564344650402334 0
    outer loop
      vertex 13.282535639108367 88.39164078649988 2.6
      vertex 13.4 87.65 9.2
      vertex 13.282535639108367 88.39164078649988 9.2
    endloop
  endfacet
  facet normal -0.8910065241883673 -0.4539904997395478 0
    outer loop
      vertex 12.941640786499875 89.06068460550193 2.6
      vertex 13.282535639108367 88.39164078649988 9.2
      vertex 12.941640786499875 89.06068460550193 9.2
    endloop
  endfacet
  facet normal 0 0 1
    outer loop
      vertex 2.674083508747141 82.9195048315003 12.6
      vertex 16 92.65 12.6
      vertex 2.4000000000000004 84.65 12.6
    endloop
  endfacet
  facet normal 0 0 1
    outer loop
      vertex 2.4000000000000004 84.65 12.6
      vertex 16 92.65 12.6
      vertex 2.4000000000000004 92.65 12.6
    endloop
  endfacet
  facet normal 0 0 1
    outer loop
      vertex 4.70840258716215 80.11950483150031 12.6
      vertex 6.269504831500295 79.32408350874715 12.6
      vertex 16 92.65 12.6
    endloop
  endfacet
  facet normal 0 0 1
    outer loop
      vertex 6.269504831500295 79.32408350874715 12.6
      vertex 8 79.05000000000001 12.6
      vertex 16 92.65 12.6
    endloop
  endfacet
  facet normal 0 0 1
    outer loop
      vertex 8 79.05000000000001 12.6
      vertex 16 79.05000000000001 12.6
      vertex 16 92.65 12.6
    endloop
  endfacet
  facet normal 0 0 -1
    outer loop
      vertex 9.058359213500125 86.23931539449808 9.2
      vertex 8.717464360891633 86.90835921350013 9.2
      vertex 8.717464360891633 88.39164078649988 9.2
    endloop
  endfacet
  facet normal 0 0 -1
    outer loop
      vertex 9.058359213500125 86.23931539449808 9.2
      vertex 9.058359213500125 89.06068460550193 9.2
      vertex 9.589315394498065 85.70835921350013 9.2
    endloop
  endfacet
  facet normal 0 0 -1
    outer loop
      vertex 9.589315394498065 85.70835921350013 9.2
      vertex 9.589315394498065 89.59164078649988 9.2
      vertex 10.258359213500126 85.36746436089163 9.2
    endloop
  endfacet
  facet normal 0 0 -1
    outer loop
      vertex 10.258359213500126 85.36746436089163 9.2
      vertex 10.258359213500126 89.93253563910838 9.2
      vertex 11 85.25 9.2
    endloop
  endfacet
  facet normal 0 0 -1
    outer loop
      vertex 8.717464360891633 86.90835921350013 9.2
      vertex 8.6 87.65 9.2
      vertex 8.717464360891633 88.39164078649988 9.2
    endloop
  endfacet
  facet normal 0 0 -1
    outer loop
      vertex 9.058359213500125 86.23931539449808 9.2
      vertex 8.717464360891633 88.39164078649988 9.2
      vertex 9.058359213500125 89.06068460550193 9.2
    endloop
  endfacet
  facet normal 0 0 -1
    outer loop
      vertex 9.589315394498065 85.70835921350013 9.2
      vertex 9.058359213500125 89.06068460550193 9.2
      vertex 9.589315394498065 89.59164078649988 9.2
    endloop
  endfacet
  facet normal 0 0 -1
    outer loop
      vertex 10.258359213500126 85.36746436089163 9.2
      vertex 9.589315394498065 89.59164078649988 9.2
      vertex 10.258359213500126 89.93253563910838 9.2
    endloop
  endfacet
  facet normal 0 0 -1
    outer loop
      vertex 10.258359213500126 89.93253563910838 9.2
      vertex 11 90.05000000000001 9.2
      vertex 11 85.25 9.2
    endloop
  endfacet
  facet normal 0 0 -1
    outer loop
      vertex 11 85.25 9.2
      vertex 11 90.05000000000001 9.2
      vertex 11.741640786499874 85.36746436089163 9.2
    endloop
  endfacet
  facet normal 0 0 -1
    outer loop
      vertex 11.741640786499874 85.36746436089163 9.2
      vertex 11.741640786499874 89.93253563910838 9.2
      vertex 12.410684605501935 85.70835921350013 9.2
    endloop
  endfacet
  facet normal 0 0 -1
    outer loop
      vertex 12.410684605501935 85.70835921350013 9.2
      vertex 12.410684605501935 89.59164078649988 9.2
      vertex 12.941640786499875 86.23931539449808 9.2
    endloop
  endfacet
  facet normal 0 0 -1
    outer loop
      vertex 12.941640786499875 86.23931539449808 9.2
      vertex 12.941640786499875 89.06068460550193 9.2
      vertex 13.282535639108367 86.90835921350013 9.2
    endloop
  endfacet
  facet normal 0 0 -1
    outer loop
      vertex 11.741640786499874 85.36746436089163 9.2
      vertex 11 90.05000000000001 9.2
      vertex 11.741640786499874 89.93253563910838 9.2
    endloop
  endfacet
  facet normal 0 0 -1
    outer loop
      vertex 12.410684605501935 85.70835921350013 9.2
      vertex 11.741640786499874 89.93253563910838 9.2
      vertex 12.410684605501935 89.59164078649988 9.2
    endloop
  endfacet
  facet normal 0 0 -1
    outer loop
      vertex 13.282535639108367 86.90835921350013 9.2
      vertex 13.282535639108367 88.39164078649988 9.2
      vertex 13.4 87.65 9.2
    endloop
  endfacet
  facet normal 0 0 -1
    outer loop
      vertex 13.282535639108367 86.90835921350013 9.2
      vertex 12.941640786499875 89.06068460550193 9.2
      vertex 13.282535639108367 88.39164078649988 9.2
    endloop
  endfacet
  facet normal 0 0 -1
    outer loop
      vertex 12.941640786499875 86.23931539449808 9.2
      vertex 12.410684605501935 89.59164078649988 9.2
      vertex 12.941640786499875 89.06068460550193 9.2
    endloop
  endfacet
  facet normal 0 0 1
    outer loop
      vertex 3.469504831500295 81.35840258716216 12.6
      vertex 4.70840258716215 80.11950483150031 12.6
      vertex 16 92.65 12.6
    endloop
  endfacet
  facet normal 0 0 1
    outer loop
      vertex 3.469504831500295 81.35840258716216 12.6
      vertex 16 92.65 12.6
      vertex 2.674083508747141 82.9195048315003 12.6
    endloop
  endfacet
  facet normal 0 -1 0
    outer loop
      vertex 5.400000000000006 76.65 3
      vertex 48.025000000000006 76.65 12
      vertex 32.025000000000006 76.65 12
    endloop
  endfacet
  facet normal 1 0 0
    outer loop
      vertex 16 79.05000000000001 2.6
      vertex 16 92.65 2.6
      vertex 16 92.65 12.6
    endloop
  endfacet
  facet normal 1 0 0
    outer loop
      vertex 16 79.05000000000001 2.6
      vertex 16 92.65 12.6
      vertex 16 79.05000000000001 12.6
    endloop
  endfacet
  facet normal 0 0 1
    outer loop
      vertex 23.878169548885467 57.59794901687516 3
      vertex 113.17183045111454 40.45205098312485 3
      vertex 24.025000000000006 58.525000000000006 3
    endloop
  endfacet
  facet normal 0 0 1
    outer loop
      vertex 24.025000000000006 58.525000000000006 3
      vertex 113.17183045111454 40.45205098312485 3
      vertex 23.878169548885467 59.45205098312485 3
    endloop
  endfacet
  facet normal 0 0 1
    outer loop
      vertex 23.45205098312485 60.28835575687742 3
      vertex 23.878169548885467 59.45205098312485 3
      vertex 113.17183045111454 40.45205098312485 3
    endloop
  endfacet
  facet normal 0 0 1
    outer loop
      vertex 23.45205098312485 60.28835575687742 3
      vertex 113.17183045111454 40.45205098312485 3
      vertex 22.788355756877426 60.95205098312485 3
    endloop
  endfacet
  facet normal 0 0 1
    outer loop
      vertex 22.788355756877426 60.95205098312485 3
      vertex 113.17183045111454 40.45205098312485 3
      vertex 5.400000000000006 76.65 3
    endloop
  endfacet
  facet normal 0 0 1
    outer loop
      vertex 32.025000000000006 79.05000000000001 12
      vertex 32.025000000000006 76.65 12
      vertex 48.025000000000006 79.05000000000001 12
    endloop
  endfacet
  facet normal 0 0 1
    outer loop
      vertex 48.025000000000006 79.05000000000001 12
      vertex 32.025000000000006 76.65 12
      vertex 48.025000000000006 76.65 12
    endloop
  endfacet
  facet normal -1 0 0
    outer loop
      vertex 0 8 26
      vertex 0 84.65 28
      vertex 0 84.65 0
    endloop
  endfacet
  facet normal 0 0 1
    outer loop
      vertex 20.097949016875162 55.671830451114545 15
      vertex 21.025000000000006 55.525000000000006 15
      vertex 20.554771798166026 57.87778640450005 15
    endloop
  endfacet
  facet normal 0 0 1
    outer loop
      vertex 21.025000000000006 55.525000000000006 15
      vertex 21.95205098312485 55.671830451114545 15
      vertex 21.025000000000006 57.72500000000001 15
    endloop
  endfacet
  facet normal 0 0 1
    outer loop
      vertex 18.025000000000006 58.525000000000006 15
      vertex 18.171830451114545 57.59794901687516 15
      vertex 18.171830451114545 59.45205098312485 15
    endloop
  endfacet
  facet normal 0 0 1
    outer loop
      vertex 19.261644243122586 56.09794901687516 15
      vertex 18.597949016875162 60.28835575687742 15
      vertex 18.597949016875162 56.76164424312259 15
    endloop
  endfacet
  facet normal 0 0 1
    outer loop
      vertex 19.261644243122586 56.09794901687516 15
      vertex 20.097949016875162 55.671830451114545 15
      vertex 19.261644243122586 60.95205098312485 15
    endloop
  endfacet
  facet normal 0 0 1
    outer loop
      vertex 18.597949016875162 56.76164424312259 15
      vertex 18.171830451114545 59.45205098312485 15
      vertex 18.171830451114545 57.59794901687516 15
    endloop
  endfacet
  facet normal 0 0 1
    outer loop
      vertex 18.597949016875162 56.76164424312259 15
      vertex 18.597949016875162 60.28835575687742 15
      vertex 18.171830451114545 59.45205098312485 15
    endloop
  endfacet
  facet normal 0 0 1
    outer loop
      vertex 19.261644243122586 56.09794901687516 15
      vertex 19.261644243122586 60.95205098312485 15
      vertex 18.597949016875162 60.28835575687742 15
    endloop
  endfacet
  facet normal 0 0 1
    outer loop
      vertex 21.025000000000006 55.525000000000006 15
      vertex 20.77778640450005 57.764154786963886 15
      vertex 20.554771798166026 57.87778640450005 15
    endloop
  endfacet
  facet normal 0 0 1
    outer loop
      vertex 20.097949016875162 55.671830451114545 15
      vertex 20.377786404500046 58.05477179816603 15
      vertex 20.264154786963882 58.27778640450005 15
    endloop
  endfacet
  facet normal 0 0 1
    outer loop
      vertex 20.097949016875162 55.671830451114545 15
      vertex 20.554771798166026 57.87778640450005 15
      vertex 20.377786404500046 58.05477179816603 15
    endloop
  endfacet
  facet normal 0 0 1
    outer loop
      vertex 20.097949016875162 55.671830451114545 15
      vertex 20.264154786963882 58.27778640450005 15
      vertex 20.225000000000005 58.525000000000006 15
    endloop
  endfacet
  facet normal 0 0 1
    outer loop
      vertex 21.025000000000006 55.525000000000006 15
      vertex 21.025000000000006 57.72500000000001 15
      vertex 20.77778640450005 57.764154786963886 15
    endloop
  endfacet
  facet normal 0 0 1
    outer loop
      vertex 21.95205098312485 55.671830451114545 15
      vertex 21.272213595499963 57.764154786963886 15
      vertex 21.025000000000006 57.72500000000001 15
    endloop
  endfacet
  facet normal 0 0 1
    outer loop
      vertex 21.95205098312485 55.671830451114545 15
      vertex 21.495228201833985 57.87778640450005 15
      vertex 21.272213595499963 57.764154786963886 15
    endloop
  endfacet
  facet normal 0 0 1
    outer loop
      vertex 21.95205098312485 55.671830451114545 15
      vertex 21.672213595499965 58.05477179816603 15
      vertex 21.495228201833985 57.87778640450005 15
    endloop
  endfacet
  facet normal 0 0 1
    outer loop
      vertex 20.097949016875162 55.671830451114545 15
      vertex 20.225000000000005 58.525000000000006 15
      vertex 20.097949016875162 61.37816954888547 15
    endloop
  endfacet
  facet normal 0 0 1
    outer loop
      vertex 20.097949016875162 55.671830451114545 15
      vertex 20.097949016875162 61.37816954888547 15
      vertex 19.261644243122586 60.95205098312485 15
    endloop
  endfacet
  facet normal 0 0 1
    outer loop
      vertex 20.225000000000005 58.525000000000006 15
      vertex 20.264154786963882 58.77221359549996 15
      vertex 20.097949016875162 61.37816954888547 15
    endloop
  endfacet
  facet normal 0 0 1
    outer loop
      vertex 20.264154786963882 58.77221359549996 15
      vertex 20.377786404500046 58.99522820183398 15
      vertex 20.097949016875162 61.37816954888547 15
    endloop
  endfacet
  facet normal 0 0 1
    outer loop
      vertex 20.377786404500046 58.99522820183398 15
      vertex 20.554771798166026 59.17221359549996 15
      vertex 20.097949016875162 61.37816954888547 15
    endloop
  endfacet
  facet normal 0 0 1
    outer loop
      vertex 20.554771798166026 59.17221359549996 15
      vertex 20.77778640450005 59.285845213036126 15
      vertex 20.097949016875162 61.37816954888547 15
    endloop
  endfacet
  facet normal 0 0 1
    outer loop
      vertex 20.77778640450005 59.285845213036126 15
      vertex 21.025000000000006 59.325 15
      vertex 20.097949016875162 61.37816954888547 15
    endloop
  endfacet
  facet normal 0 0 1
    outer loop
      vertex 21.495228201833985 59.17221359549996 15
      vertex 21.672213595499965 58.99522820183398 15
      vertex 21.95205098312485 61.37816954888547 15
    endloop
  endfacet
  facet normal 0 0 1
    outer loop
      vertex 21.495228201833985 59.17221359549996 15
      vertex 21.025000000000006 61.525000000000006 15
      vertex 21.272213595499963 59.285845213036126 15
    endloop
  endfacet
  facet normal 0 0 1
    outer loop
      vertex 21.025000000000006 59.325 15
      vertex 21.272213595499963 59.285845213036126 15
      vertex 21.025000000000006 61.525000000000006 15
    endloop
  endfacet
  facet normal 0 0 1
    outer loop
      vertex 21.025000000000006 59.325 15
      vertex 21.025000000000006 61.525000000000006 15
      vertex 20.097949016875162 61.37816954888547 15
    endloop
  endfacet
  facet normal 0 0 1
    outer loop
      vertex 21.495228201833985 59.17221359549996 15
      vertex 21.95205098312485 61.37816954888547 15
      vertex 21.025000000000006 61.525000000000006 15
    endloop
  endfacet
  facet normal 0 0 1
    outer loop
      vertex 21.95205098312485 55.671830451114545 15
      vertex 21.78584521303613 58.27778640450005 15
      vertex 21.672213595499965 58.05477179816603 15
    endloop
  endfacet
  facet normal 0 0 1
    outer loop
      vertex 21.95205098312485 55.671830451114545 15
      vertex 21.825000000000006 58.525000000000006 15
      vertex 21.78584521303613 58.27778640450005 15
    endloop
  endfacet
  facet normal 0 0 1
    outer loop
      vertex 21.95205098312485 55.671830451114545 15
      vertex 22.788355756877426 56.09794901687516 15
      vertex 21.95205098312485 61.37816954888547 15
    endloop
  endfacet
  facet normal 0 0 1
    outer loop
      vertex 21.95205098312485 55.671830451114545 15
      vertex 21.95205098312485 61.37816954888547 15
      vertex 21.825000000000006 58.525000000000006 15
    endloop
  endfacet
  facet normal 0 0 1
    outer loop
      vertex 22.788355756877426 56.09794901687516 15
      vertex 23.45205098312485 56.76164424312259 15
      vertex 22.788355756877426 60.95205098312485 15
    endloop
  endfacet
  facet normal 0 0 1
    outer loop
      vertex 23.45205098312485 56.76164424312259 15
      vertex 23.878169548885467 57.59794901687516 15
      vertex 23.45205098312485 60.28835575687742 15
    endloop
  endfacet
  facet normal 0 0 1
    outer loop
      vertex 23.878169548885467 57.59794901687516 15
      vertex 24.025000000000006 58.525000000000006 15
      vertex 23.878169548885467 59.45205098312485 15
    endloop
  endfacet
  facet normal 0 0 1
    outer loop
      vertex 23.878169548885467 57.59794901687516 15
      vertex 23.878169548885467 59.45205098312485 15
      vertex 23.45205098312485 60.28835575687742 15
    endloop
  endfacet
  facet normal 0 0 1
    outer loop
      vertex 21.825000000000006 58.525000000000006 15
      vertex 21.95205098312485 61.37816954888547 15
      vertex 21.78584521303613 58.77221359549996 15
    endloop
  endfacet
  facet normal 0 0 1
    outer loop
      vertex 21.672213595499965 58.99522820183398 15
      vertex 21.78584521303613 58.77221359549996 15
      vertex 21.95205098312485 61.37816954888547 15
    endloop
  endfacet
  facet normal 0 0 1
    outer loop
      vertex 22.788355756877426 56.09794901687516 15
      vertex 22.788355756877426 60.95205098312485 15
      vertex 21.95205098312485 61.37816954888547 15
    endloop
  endfacet
  facet normal 0 0 1
    outer loop
      vertex 23.45205098312485 56.76164424312259 15
      vertex 23.45205098312485 60.28835575687742 15
      vertex 22.788355756877426 60.95205098312485 15
    endloop
  endfacet
  facet normal -0.026074882432280785 -0.026074882432281846 0.9993198692172018
    outer loop
      vertex 1.5278640450004204 3.297717981660215 26
      vertex 2.4000000000000057 73.65 27.858432301978848
      vertex 1.5278640450004204 79.94771798166022 28
    endloop
  endfacet
  facet normal -0.05112529712449298 -0.0260496399978934 0.9983524529192646
    outer loop
      vertex 1.5278640450004204 3.297717981660215 26
      vertex 1.5278640450004204 79.94771798166022 28
      vertex 0.39154786963877175 82.17786404500043 28
    endloop
  endfacet
  facet normal -0.16249747056424935 -0.02573707092947154 0.9863732433719968
    outer loop
      vertex 0.39154786963877175 5.52786404500042 26
      vertex 0.39154786963877175 82.17786404500043 28
      vertex 0 84.65 28
    endloop
  endfacet
  facet normal 0.9876883401022011 -0.15643446815250964 0
    outer loop
      vertex 2.4000000000000057 73.65 3
      vertex 2.546830454468733 74.57705098539591 27.886452691799192
      vertex 2.4000000000000057 73.65 27.858432301978848
    endloop
  endfacet
  facet normal 0.8910065255514753 -0.4539904970642979 0
    outer loop
      vertex 2.546830454468733 74.57705098539591 3
      vertex 2.9729490146040973 75.41335575431586 27.919392635153535
      vertex 2.546830454468733 74.57705098539591 27.886452691799192
    endloop
  endfacet
  facet normal 0.7071067811865456 -0.7071067811865495 0
    outer loop
      vertex 2.9729490146040973 75.41335575431586 3
      vertex 3.297717981660215 75.73812472137197 27.93634078738086
      vertex 2.9729490146040973 75.41335575431586 27.919392635153535
    endloop
  endfacet
  facet normal 0.7071067811865493 -0.7071067811865456 -9.949350397180993e-17
    outer loop
      vertex 2.9729490146040973 75.41335575431586 3
      vertex 3.6366442456841526 76.07705098539591 27.94969024128944
      vertex 3.297717981660215 75.73812472137197 27.93634078738086
    endloop
  endfacet
  facet normal 0.4539904970642979 -0.8910065255514751 0
    outer loop
      vertex 3.6366442456841526 76.07705098539591 3
      vertex 4.472949014604097 76.50316954553128 27.971927348228345
      vertex 3.6366442456841526 76.07705098539591 27.94969024128944
    endloop
  endfacet
  facet normal 0.15643446815250964 -0.9876883401022012 0
    outer loop
      vertex 4.472949014604097 76.50316954553128 3
      vertex 5.400000000000006 76.65 27.9880835523903
      vertex 4.472949014604097 76.50316954553128 27.971927348228345
    endloop
  endfacet
  facet normal 0 -1 0
    outer loop
      vertex 5.400000000000006 76.65 3
      vertex 5.52786404500042 76.65 27.989783486767415
      vertex 5.400000000000006 76.65 27.9880835523903
    endloop
  endfacet
  facet normal 0 -1 0
    outer loop
      vertex 5.400000000000006 76.65 3
      vertex 8 76.65 28
      vertex 5.52786404500042 76.65 27.989783486767415
    endloop
  endfacet
  facet normal 0.891006524188368 0.45399049973954664 4.15357452284486e-18
    outer loop
      vertex 3.469504831500295 81.35840258716216 12.6
      vertex 2.674083508747141 82.9195048315003 12.6
      vertex 2.674083508747141 82.9195048315003 25.4
    endloop
  endfacet
  facet normal 0.9876883405951375 0.15643446504023156 -2.549092961018809e-19
    outer loop
      vertex 2.674083508747141 82.9195048315003 12.6
      vertex 2.4000000000000004 84.65 12.6
      vertex 2.4000000000000004 84.65 25.4
    endloop
  endfacet
  facet normal 0.45399049973954775 0.8910065241883673 0
    outer loop
      vertex 4.70840258716215 80.11950483150031 12.6
      vertex 4.70840258716215 80.11950483150031 25.4
      vertex 6.269504831500295 79.32408350874715 12.6
    endloop
  endfacet
  facet normal 0.7071067811865468 0.7071067811865482 0
    outer loop
      vertex 3.469504831500295 81.35840258716216 12.6
      vertex 3.469504831500295 81.35840258716216 25.4
      vertex 4.70840258716215 80.11950483150031 12.6
    endloop
  endfacet
  facet normal 0.1564344650402307 0.9876883405951378 0
    outer loop
      vertex 6.269504831500295 79.32408350874715 12.6
      vertex 6.269504831500295 79.32408350874715 25.4
      vertex 8 79.05000000000001 12.6
    endloop
  endfacet
  facet normal 1 0 0
    outer loop
      vertex 2.4000000000000004 84.65 12.6
      vertex 2.4000000000000004 92.65 12.6
      vertex 2.4000000000000004 84.65 25.4
    endloop
  endfacet
  facet normal 0 1 0
    outer loop
      vertex 8 79.05000000000001 12.6
      vertex 8 79.05000000000001 25.4
      vertex 16 79.05000000000001 12.6
    endloop
  endfacet
  facet normal 0 -1 0
    outer loop
      vertex 5.400000000000006 76.65 3
      vertex 32.025000000000006 76.65 12
      vertex 8 76.65 28
    endloop
  endfacet
  facet normal 0 1 0
    outer loop
      vertex 16 79.05000000000001 12.6
      vertex 8 79.05000000000001 25.4
      vertex 32.025000000000006 79.05000000000001 12
    endloop
  endfacet
  facet normal 0 1 0
    outer loop
      vertex 8 79.05000000000001 25.4
      vertex 32.025000000000006 79.05000000000001 24
      vertex 32.025000000000006 79.05000000000001 12
    endloop
  endfacet
  facet normal -0.026074882432288195 -0.02607488243228285 0.9993198692172016
    outer loop
      vertex 2.4000000000000057 73.65 27.858432301978848
      vertex 2.546830454468733 74.57705098539591 27.886452691799192
      vertex 1.5278640450004204 79.94771798166022 28
    endloop
  endfacet
  facet normal -0.026074882432276913 -0.02607488243228072 0.999319869217202
    outer loop
      vertex 2.546830454468733 74.57705098539591 27.886452691799192
      vertex 2.9729490146040973 75.41335575431586 27.919392635153535
      vertex 1.5278640450004204 79.94771798166022 28
    endloop
  endfacet
  facet normal -0.026074882432281704 -0.02607488243228224 0.9993198692172017
    outer loop
      vertex 2.9729490146040973 75.41335575431586 27.919392635153535
      vertex 3.297717981660215 75.73812472137197 27.93634078738086
      vertex 1.5278640450004204 79.94771798166022 28
    endloop
  endfacet
  facet normal -0.013289161405631713 -0.026081447784040507 0.9995714863233262
    outer loop
      vertex 3.297717981660215 75.73812472137197 27.93634078738086
      vertex 3.6366442456841526 76.07705098539591 27.94969024128944
      vertex 3.297717981660215 78.17786404500043 28
    endloop
  endfacet
  facet normal -0.0260748824322824 -0.026074882432282533 0.9993198692172017
    outer loop
      vertex 3.297717981660215 75.73812472137197 27.93634078738086
      vertex 3.297717981660215 78.17786404500043 28
      vertex 1.5278640450004204 79.94771798166022 28
    endloop
  endfacet
  facet normal -0.013289161405626793 -0.026081447784039716 0.9995714863233263
    outer loop
      vertex 3.297717981660215 78.17786404500043 28
      vertex 3.6366442456841526 76.07705098539591 27.94969024128944
      vertex 4.472949014604097 76.50316954553128 27.971927348228345
    endloop
  endfacet
  facet normal -0.013289161405631012 -0.02608144778404268 0.999571486323326
    outer loop
      vertex 3.297717981660215 78.17786404500043 28
      vertex 4.472949014604097 76.50316954553128 27.971927348228345
      vertex 5.400000000000006 76.65 27.9880835523903
    endloop
  endfacet
  facet normal -0.013289161405627314 -0.02608144778403759 0.9995714863233263
    outer loop
      vertex 3.297717981660215 78.17786404500043 28
      vertex 5.400000000000006 76.65 27.9880835523903
      vertex 5.52786404500042 77.04154786963878 28
    endloop
  endfacet
  facet normal -0.013289161405609642 -0.026081447784043366 0.9995714863233265
    outer loop
      vertex 5.400000000000006 76.65 27.9880835523903
      vertex 5.52786404500042 76.65 27.989783486767415
      vertex 5.52786404500042 77.04154786963878 28
    endloop
  endfacet
  facet normal -0.004131225065960613 -0.026083528517672372 0.999651230439658
    outer loop
      vertex 5.52786404500042 76.65 27.989783486767415
      vertex 8 76.65 28
      vertex 5.52786404500042 77.04154786963878 28
    endloop
  endfacet
  facet normal 0.891006524188368 0.45399049973954664 0
    outer loop
      vertex 3.469504831500295 81.35840258716216 12.6
      vertex 2.674083508747141 82.9195048315003 25.4
      vertex 3.469504831500295 81.35840258716216 25.4
    endloop
  endfacet
  facet normal 0.9876883405951375 0.15643446504023156 0
    outer loop
      vertex 2.674083508747141 82.9195048315003 12.6
      vertex 2.4000000000000004 84.65 25.4
      vertex 2.674083508747141 82.9195048315003 25.4
    endloop
  endfacet
  facet normal 0.7071067811865468 0.7071067811865482 0
    outer loop
      vertex 4.70840258716215 80.11950483150031 12.6
      vertex 3.469504831500295 81.35840258716216 25.4
      vertex 4.70840258716215 80.11950483150031 25.4
    endloop
  endfacet
  facet normal 0.45399049973954775 0.8910065241883673 0
    outer loop
      vertex 6.269504831500295 79.32408350874715 12.6
      vertex 4.70840258716215 80.11950483150031 25.4
      vertex 6.269504831500295 79.32408350874715 25.4
    endloop
  endfacet
  facet normal 1 0 0
    outer loop
      vertex 2.4000000000000004 84.65 25.4
      vertex 2.4000000000000004 92.65 12.6
      vertex 2.4000000000000004 90.22441797333937 27.55375239879021
    endloop
  endfacet
  facet normal 0.1564344650402307 0.9876883405951378 0
    outer loop
      vertex 8 79.05000000000001 12.6
      vertex 6.269504831500295 79.32408350874715 25.4
      vertex 8 79.05000000000001 25.4
    endloop
  endfacet
  facet normal 0.915494023108525 0.1450000084705025 -0.37529413957071256
    outer loop
      vertex 2.674083508747141 82.9195048315003 25.4
      vertex 2.4000000000000004 84.65 25.4
      vertex 2.4177667137837693 90.24218468712314 27.60395700350376
    endloop
  endfacet
  facet normal 0.9154940231085171 0.14500000847050915 -0.3752941395707294
    outer loop
      vertex 2.4000000000000004 84.65 25.4
      vertex 2.4000000000000004 90.22441797333937 27.55375239879021
      vertex 2.4177667137837693 90.24218468712314 27.60395700350376
    endloop
  endfacet
  facet normal 0.05698886983594087 0.35981356324629094 -0.9312821636962826
    outer loop
      vertex 6.269504831500295 79.32408350874715 25.4
      vertex 8 85.7794117647059 28
      vertex 8 79.05000000000001 25.4
    endloop
  endfacet
  facet normal 0 -1 0
    outer loop
      vertex 8 76.65 28
      vertex 32.025000000000006 76.65 12
      vertex 32.025000000000006 76.65 24
    endloop
  endfacet
  facet normal 2.6146504815480237e-16 0.36039927920216003 -0.9327981344055978
    outer loop
      vertex 14.155467797470394 85.7794117647059 28
      vertex 34.64987437503149 86.20085546574177 28.162830520854772
      vertex 36.025000000000006 85.99769342894596 28.084336097547304
    endloop
  endfacet
  facet normal 2.07896560392271e-16 0.3603992792021623 -0.9327981344055968
    outer loop
      vertex 14.155467797470394 85.7794117647059 28
      vertex 33.409355627298496 86.79045466045446 28.39063020972104
      vertex 34.64987437503149 86.20085546574177 28.162830520854772
    endloop
  endfacet
  facet normal 2.72945944649578e-17 0.3603992792021633 -0.9327981344055964
    outer loop
      vertex 14.155467797470394 85.7794117647059 28
      vertex 31.792798502486576 88.86593050950691 29.19251860594585
      vertex 32.42487437503149 87.70877693592641 28.74543654342611
    endloop
  endfacet
  facet normal 2.577698045671261e-16 0.36039927920216147 -0.9327981344055972
    outer loop
      vertex 14.155467797470394 85.7794117647059 28
      vertex 32.42487437503149 87.70877693592641 28.74543654342611
      vertex 33.409355627298496 86.79045466045446 28.39063020972104
    endloop
  endfacet
  facet normal 4.3558696722927326e-17 0.3603992792021631 -0.9327981344055964
    outer loop
      vertex 14.155467797470394 85.7794117647059 28
      vertex 31.575000000000003 90.14864512705087 29.688112889996926
      vertex 31.792798502486576 88.86593050950691 29.19251860594585
    endloop
  endfacet
  facet normal 1 0 0
    outer loop
      vertex 32.025000000000006 76.65 24
      vertex 32.025000000000006 76.65 12
      vertex 32.025000000000006 79.05000000000001 12
    endloop
  endfacet
  facet normal 1 0 0
    outer loop
      vertex 32.025000000000006 79.05000000000001 12
      vertex 32.025000000000006 79.05000000000001 24
      vertex 32.025000000000006 76.65 24
    endloop
  endfacet
  facet normal -1 0 0
    outer loop
      vertex 48.025000000000006 79.05000000000001 12
      vertex 48.025000000000006 76.65 12
      vertex 48.025000000000006 79.05000000000001 24
    endloop
  endfacet
  facet normal -1 0 0
    outer loop
      vertex 48.025000000000006 79.05000000000001 24
      vertex 48.025000000000006 76.65 12
      vertex 48.025000000000006 76.65 24
    endloop
  endfacet
  facet normal 0 0 -1
    outer loop
      vertex 32.025000000000006 76.65 24
      vertex 32.025000000000006 79.05000000000001 24
      vertex 48.025000000000006 76.65 24
    endloop
  endfacet
  facet normal 0 0 -1
    outer loop
      vertex 48.025000000000006 76.65 24
      vertex 32.025000000000006 79.05000000000001 24
      vertex 48.025000000000006 79.05000000000001 24
    endloop
  endfacet
  facet normal 2.857160351855299e-16 0.3603992792021624 -0.9327981344055969
    outer loop
      vertex 34.64987437503149 87.5018127394277 24.795646988961774
      vertex 33.409355627298496 88.0914119341404 25.02344667782804
      vertex 35.283359213500134 89.32045741486223 25.498305159016024
    endloop
  endfacet
  facet normal -1.8248357382043552e-15 0.360399279202162 -0.932798134405597
    outer loop
      vertex 34.64987437503149 87.5018127394277 24.795646988961774
      vertex 36.025000000000006 89.21088687816338 25.455971088018735
      vertex 36.025000000000006 87.2986507026319 24.717152565654303
    endloop
  endfacet
  facet normal 1.6459229295953467e-15 0.360399279202163 -0.9327981344055966
    outer loop
      vertex 36.025000000000006 87.2986507026319 24.717152565654303
      vertex 36.76664078649988 89.32045741486223 25.498305159016024
      vertex 37.400125624968524 87.5018127394277 24.795646988961774
    endloop
  endfacet
  facet normal -0.8910065241883683 -0.4234814911949125 -0.16361784887076256
    outer loop
      vertex 32.42487437503149 89.00973420961235 25.37825301153311
      vertex 31.792798502486576 88.86593050950691 29.19251860594585
      vertex 31.792798502486576 90.16688778319285 25.825335074052852
    endloop
  endfacet
  facet normal -0.45399049973954697 -0.8311292235061241 -0.3211181090819134
    outer loop
      vertex 34.64987437503149 87.5018127394277 24.795646988961774
      vertex 33.409355627298496 86.79045466045446 28.39063020972104
      vertex 33.409355627298496 88.0914119341404 25.02344667782804
    endloop
  endfacet
  facet normal -0.15643446504023176 -0.9213138414813035 -0.35596216602686925
    outer loop
      vertex 34.64987437503149 87.5018127394277 24.795646988961774
      vertex 36.025000000000006 87.2986507026319 24.717152565654303
      vertex 34.64987437503149 86.20085546574177 28.162830520854772
    endloop
  endfacet
  facet normal -0.45399049973954697 -0.8311292235061241 -0.3211181090819134
    outer loop
      vertex 34.64987437503149 87.5018127394277 24.795646988961774
      vertex 34.64987437503149 86.20085546574177 28.162830520854772
      vertex 33.409355627298496 86.79045466045446 28.39063020972104
    endloop
  endfacet
  facet normal -0.1564344650402308 -0.9213138414813036 -0.35596216602686886
    outer loop
      vertex 36.025000000000006 87.2986507026319 24.717152565654303
      vertex 36.025000000000006 85.99769342894596 28.084336097547304
      vertex 34.64987437503149 86.20085546574177 28.162830520854772
    endloop
  endfacet
  facet normal 1.48138415527018e-16 0.3603992792021625 -0.9327981344055967
    outer loop
      vertex 33.409355627298496 88.0914119341404 25.02344667782804
      vertex 34.614315394498064 89.63844349740391 25.621163418179854
      vertex 35.283359213500134 89.32045741486223 25.498305159016024
    endloop
  endfacet
  facet normal -4.995485196789934e-15 0.36039927920216613 -0.9327981344055953
    outer loop
      vertex 33.409355627298496 88.0914119341404 25.02344667782804
      vertex 34.08335921350013 90.1337184324899 25.812519643099446
      vertex 34.614315394498064 89.63844349740391 25.621163418179854
    endloop
  endfacet
  facet normal 6.499684726614247e-15 0.3603992792021629 -0.9327981344055966
    outer loop
      vertex 33.409355627298496 88.0914119341404 25.02344667782804
      vertex 33.74246436089163 90.75780125869062 26.05364255322245
      vertex 34.08335921350013 90.1337184324899 25.812519643099446
    endloop
  endfacet
  facet normal 1.629700231739406e-14 0.36039927920216186 -0.9327981344055971
    outer loop
      vertex 33.409355627298496 88.0914119341404 25.02344667782804
      vertex 33.625 91.44960240073681 26.32092935810393
      vertex 33.74246436089163 90.75780125869062 26.05364255322245
    endloop
  endfacet
  facet normal -4.568273613984547e-15 0.3603992792021639 -0.9327981344055962
    outer loop
      vertex 34.64987437503149 87.5018127394277 24.795646988961774
      vertex 35.283359213500134 89.32045741486223 25.498305159016024
      vertex 36.025000000000006 89.21088687816338 25.455971088018735
    endloop
  endfacet
  facet normal -0.7071067811865493 -0.6595878863163559 -0.25484077425859347
    outer loop
      vertex 33.409355627298496 88.0914119341404 25.02344667782804
      vertex 32.42487437503149 87.70877693592641 28.74543654342611
      vertex 32.42487437503149 89.00973420961235 25.37825301153311
    endloop
  endfacet
  facet normal 0.4539904997395478 0.8311292235061244 0.3211181090819116
    outer loop
      vertex 35.283359213500134 89.32045741486223 25.498305159016024
      vertex 34.614315394498064 89.63844349740391 25.621163418179854
      vertex 35.283359213500134 87.59054087469185 29.97573620416289
    endloop
  endfacet
  facet normal 0.15643446504022535 0.9213138414813049 0.3559621660268677
    outer loop
      vertex 35.283359213500134 89.32045741486223 25.498305159016024
      vertex 35.283359213500134 87.59054087469185 29.97573620416289
      vertex 36.025000000000006 89.21088687816338 25.455971088018735
    endloop
  endfacet
  facet normal 1.8438293406847586e-16 0.36039927920216674 -0.9327981344055951
    outer loop
      vertex 14.155467797470394 85.7794117647059 28
      vertex 36.025000000000006 85.99769342894596 28.084336097547304
      vertex 41.93234325549662 85.77941176470588 28
    endloop
  endfacet
  facet normal -0.8910065241883683 -0.4234814911949125 -0.16361784887076256
    outer loop
      vertex 32.42487437503149 89.00973420961235 25.37825301153311
      vertex 32.42487437503149 87.70877693592641 28.74543654342611
      vertex 31.792798502486576 88.86593050950691 29.19251860594585
    endloop
  endfacet
  facet normal -0.9876883405951369 -0.1459217771462695 -0.056378868442877164
    outer loop
      vertex 31.792798502486576 90.16688778319285 25.825335074052852
      vertex 31.792798502486576 88.86593050950691 29.19251860594585
      vertex 31.575000000000003 90.14864512705087 29.688112889996926
    endloop
  endfacet
  facet normal -0.7071067811865493 -0.6595878863163559 -0.25484077425859347
    outer loop
      vertex 33.409355627298496 88.0914119341404 25.02344667782804
      vertex 33.409355627298496 86.79045466045446 28.39063020972104
      vertex 32.42487437503149 87.70877693592641 28.74543654342611
    endloop
  endfacet
  facet normal 0.7071067811865455 0.6595878863163607 0.25484077425859186
    outer loop
      vertex 34.08335921350013 90.1337184324899 25.812519643099446
      vertex 34.08335921350013 88.40380189231954 30.289950688246307
      vertex 34.614315394498064 89.63844349740391 25.621163418179854
    endloop
  endfacet
  facet normal 0.8910065241883651 0.4234814911949186 0.16361784887076405
    outer loop
      vertex 34.08335921350013 90.1337184324899 25.812519643099446
      vertex 33.74246436089163 90.75780125869062 26.05364255322245
      vertex 33.74246436089163 89.02788471852024 30.53107359836931
    endloop
  endfacet
  facet normal 0.7071067811865542 0.6595878863163517 0.25484077425859053
    outer loop
      vertex 34.614315394498064 89.63844349740391 25.621163418179854
      vertex 34.08335921350013 88.40380189231954 30.289950688246307
      vertex 34.614315394498064 87.90852695723353 30.098594463326716
    endloop
  endfacet
  facet normal 0.8910065241883616 0.4234814911949258 0.1636178488707655
    outer loop
      vertex 34.08335921350013 90.1337184324899 25.812519643099446
      vertex 33.74246436089163 89.02788471852024 30.53107359836931
      vertex 34.08335921350013 88.40380189231954 30.289950688246307
    endloop
  endfacet
  facet normal 0.9876883405951379 0.1459217771462636 0.05637886844287458
    outer loop
      vertex 33.74246436089163 89.02788471852024 30.53107359836931
      vertex 33.74246436089163 90.75780125869062 26.05364255322245
      vertex 33.625 89.71968586056643 30.79836040325079
    endloop
  endfacet
  facet normal 0.45399049973954625 0.8311292235061251 0.321118109081912
    outer loop
      vertex 34.614315394498064 89.63844349740391 25.621163418179854
      vertex 34.614315394498064 87.90852695723353 30.098594463326716
      vertex 35.283359213500134 87.59054087469185 29.97573620416289
    endloop
  endfacet
  facet normal 0.15643446504022535 0.9213138414813049 0.3559621660268677
    outer loop
      vertex 36.025000000000006 89.21088687816338 25.455971088018735
      vertex 35.283359213500134 87.59054087469185 29.97573620416289
      vertex 36.025000000000006 87.480970337993 29.9334021331656
    endloop
  endfacet
  facet normal 0.15643446504023176 -0.9213138414813036 -0.35596216602686886
    outer loop
      vertex 36.025000000000006 87.2986507026319 24.717152565654303
      vertex 37.400125624968524 87.5018127394277 24.795646988961774
      vertex 36.025000000000006 85.99769342894596 28.084336097547304
    endloop
  endfacet
  facet normal 0.45399049973954697 -0.8311292235061241 -0.3211181090819134
    outer loop
      vertex 37.400125624968524 87.5018127394277 24.795646988961774
      vertex 38.640644372701516 88.0914119341404 25.02344667782804
      vertex 37.400125624968524 86.20085546574177 28.162830520854772
    endloop
  endfacet
  facet normal 0.1564344650402309 -0.9213138414813035 -0.35596216602686925
    outer loop
      vertex 37.400125624968524 87.5018127394277 24.795646988961774
      vertex 37.400125624968524 86.20085546574177 28.162830520854772
      vertex 36.025000000000006 85.99769342894596 28.084336097547304
    endloop
  endfacet
  facet normal 0.4539904997395469 -0.8311292235061241 -0.3211181090819134
    outer loop
      vertex 38.640644372701516 88.0914119341404 25.02344667782804
      vertex 38.640644372701516 86.79045466045446 28.39063020972104
      vertex 37.400125624968524 86.20085546574177 28.162830520854772
    endloop
  endfacet
  facet normal 4.984076771587752e-15 0.36039927920216197 -0.932798134405597
    outer loop
      vertex 36.025000000000006 87.2986507026319 24.717152565654303
      vertex 36.025000000000006 89.21088687816338 25.455971088018735
      vertex 36.76664078649988 89.32045741486223 25.498305159016024
    endloop
  endfacet
  facet normal -1.0806821711903802e-17 0.3603992792021625 -0.9327981344055967
    outer loop
      vertex 37.400125624968524 87.5018127394277 24.795646988961774
      vertex 36.76664078649988 89.32045741486223 25.498305159016024
      vertex 37.43568460550195 89.63844349740391 25.621163418179854
    endloop
  endfacet
  facet normal -1.2837117735124308e-15 0.3603992792021643 -0.932798134405596
    outer loop
      vertex 37.400125624968524 87.5018127394277 24.795646988961774
      vertex 37.96664078649988 90.1337184324899 25.812519643099446
      vertex 38.640644372701516 88.0914119341404 25.02344667782804
    endloop
  endfacet
  facet normal 8.966145959352763e-15 0.36039927920216247 -0.9327981344055968
    outer loop
      vertex 37.400125624968524 87.5018127394277 24.795646988961774
      vertex 37.43568460550195 89.63844349740391 25.621163418179854
      vertex 37.96664078649988 90.1337184324899 25.812519643099446
    endloop
  endfacet
  facet normal -6.512350260625852e-15 0.3603992792021629 -0.9327981344055966
    outer loop
      vertex 38.640644372701516 88.0914119341404 25.02344667782804
      vertex 37.96664078649988 90.1337184324899 25.812519643099446
      vertex 38.30753563910838 90.75780125869062 26.05364255322245
    endloop
  endfacet
  facet normal -1.6125644089846563e-14 0.36039927920216186 -0.9327981344055971
    outer loop
      vertex 38.640644372701516 88.0914119341404 25.02344667782804
      vertex 38.30753563910838 90.75780125869062 26.05364255322245
      vertex 38.42500000000001 91.44960240073681 26.32092935810393
    endloop
  endfacet
  facet normal -0.15643446504022535 0.9213138414813049 0.3559621660268677
    outer loop
      vertex 36.025000000000006 89.21088687816338 25.455971088018735
      vertex 36.025000000000006 87.480970337993 29.9334021331656
      vertex 36.76664078649988 89.32045741486223 25.498305159016024
    endloop
  endfacet
  facet normal -0.4539904997395478 0.8311292235061244 0.3211181090819116
    outer loop
      vertex 36.76664078649988 89.32045741486223 25.498305159016024
      vertex 36.76664078649988 87.59054087469185 29.97573620416289
      vertex 37.43568460550195 89.63844349740391 25.621163418179854
    endloop
  endfacet
  facet normal -0.7071067811865455 0.6595878863163599 0.2548407742585937
    outer loop
      vertex 37.43568460550195 89.63844349740391 25.621163418179854
      vertex 37.43568460550195 87.90852695723353 30.098594463326716
      vertex 37.96664078649988 90.1337184324899 25.812519643099446
    endloop
  endfacet
  facet normal 0.7071067811865493 -0.6595878863163559 -0.25484077425859347
    outer loop
      vertex 38.640644372701516 88.0914119341404 25.02344667782804
      vertex 39.62512562496852 89.00973420961235 25.37825301153311
      vertex 38.640644372701516 86.79045466045446 28.39063020972104
    endloop
  endfacet
  facet normal 0.8910065241883683 -0.4234814911949125 -0.16361784887076256
    outer loop
      vertex 39.62512562496852 89.00973420961235 25.37825301153311
      vertex 40.257201497513435 90.16688778319285 25.825335074052852
      vertex 39.62512562496852 87.70877693592641 28.74543654342611
    endloop
  endfacet
  facet normal 0.9876883405951369 -0.1459217771462696 -0.05637886844287721
    outer loop
      vertex 40.257201497513435 90.16688778319285 25.825335074052852
      vertex 40.47500000000001 91.44960240073681 26.320929358103925
      vertex 40.257201497513435 88.86593050950691 29.19251860594585
    endloop
  endfacet
  facet normal -1.3086960402308495e-16 0.3603992792021593 -0.932798134405598
    outer loop
      vertex 36.025000000000006 85.99769342894596 28.084336097547304
      vertex 37.400125624968524 86.20085546574177 28.162830520854772
      vertex 41.93234325549662 85.77941176470588 28
    endloop
  endfacet
  facet normal 0.7071067811865492 -0.6595878863163559 -0.25484077425859347
    outer loop
      vertex 39.62512562496852 89.00973420961235 25.37825301153311
      vertex 39.62512562496852 87.70877693592641 28.74543654342611
      vertex 38.640644372701516 86.79045466045446 28.39063020972104
    endloop
  endfacet
  facet normal -0.8910065241883652 0.4234814911949191 0.16361784887076292
    outer loop
      vertex 37.96664078649988 90.1337184324899 25.812519643099446
      vertex 37.96664078649988 88.40380189231954 30.289950688246307
      vertex 38.30753563910838 90.75780125869062 26.05364255322245
    endloop
  endfacet
  facet normal -0.15643446504022523 0.9213138414813049 0.3559621660268677
    outer loop
      vertex 36.76664078649988 89.32045741486223 25.498305159016024
      vertex 36.025000000000006 87.480970337993 29.9334021331656
      vertex 36.76664078649988 87.59054087469185 29.97573620416289
    endloop
  endfacet
  facet normal -0.4539904997395463 0.8311292235061251 0.321118109081912
    outer loop
      vertex 37.43568460550195 89.63844349740391 25.621163418179854
      vertex 36.76664078649988 87.59054087469185 29.97573620416289
      vertex 37.43568460550195 87.90852695723353 30.098594463326716
    endloop
  endfacet
  facet normal -0.7071067811865543 0.6595878863163525 0.2548407742585887
    outer loop
      vertex 37.96664078649988 90.1337184324899 25.812519643099446
      vertex 37.43568460550195 87.90852695723353 30.098594463326716
      vertex 37.96664078649988 88.40380189231954 30.289950688246307
    endloop
  endfacet
  facet normal -0.8910065241883616 0.4234814911949253 0.16361784887076666
    outer loop
      vertex 37.96664078649988 88.40380189231954 30.289950688246307
      vertex 38.30753563910838 89.02788471852024 30.53107359836931
      vertex 38.30753563910838 90.75780125869062 26.05364255322245
    endloop
  endfacet
  facet normal -0.9876883405951379 0.1459217771462636 0.05637886844287458
    outer loop
      vertex 38.30753563910838 89.02788471852024 30.53107359836931
      vertex 38.42500000000001 89.71968586056643 30.79836040325079
      vertex 38.42500000000001 91.44960240073681 26.32092935810393
    endloop
  endfacet
  facet normal 0.8910065241883685 -0.42348149119491246 -0.16361784887076253
    outer loop
      vertex 40.257201497513435 90.16688778319285 25.825335074052852
      vertex 40.257201497513435 88.86593050950691 29.19251860594585
      vertex 39.62512562496852 87.70877693592641 28.74543654342611
    endloop
  endfacet
  facet normal 0.9876883405951369 -0.1459217771462695 -0.05637886844287712
    outer loop
      vertex 40.257201497513435 88.86593050950691 29.19251860594585
      vertex 40.47500000000001 91.44960240073681 26.320929358103925
      vertex 40.47500000000001 90.14864512705087 29.688112889996926
    endloop
  endfacet
  facet normal 0 0 -1
    outer loop
      vertex 5.52786404500042 0.39154786963877175 0
      vertex 213.9355032339527 8.336881039375367 0
      vertex 8 0 0
    endloop
  endfacet
  facet normal 0 1 0
    outer loop
      vertex 5.400000000000006 2.3999999999999986 3
      vertex 8 2.3999999999999986 26.06262230919765
      vertex 226.65 2.3999999999999986 3
    endloop
  endfacet
  facet normal 0 0 -1
    outer loop
      vertex 5.52786404500042 0.39154786963877175 0
      vertex 18.11449676604731 8.336881039375367 0
      vertex 224.05 79.05000000000001 0
    endloop
  endfacet
  facet normal 0 0 1
    outer loop
      vertex 23.878169548885467 21.45205098312485 3
      vertex 113.17183045111454 38.59794901687516 3
      vertex 113.025 39.525000000000006 3
    endloop
  endfacet
  facet normal 0 0 1
    outer loop
      vertex 24.025000000000006 20.525000000000006 3
      vertex 113.59794901687516 37.76164424312259 3
      vertex 113.17183045111454 38.59794901687516 3
    endloop
  endfacet
  facet normal 0 0 1
    outer loop
      vertex 24.025000000000006 20.525000000000006 3
      vertex 114.26164424312259 37.09794901687516 3
      vertex 113.59794901687516 37.76164424312259 3
    endloop
  endfacet
  facet normal 0 0 1
    outer loop
      vertex 24.025000000000006 20.525000000000006 3
      vertex 115.09794901687516 36.671830451114545 3
      vertex 114.26164424312259 37.09794901687516 3
    endloop
  endfacet
  facet normal 0 0 1
    outer loop
      vertex 24.025000000000006 20.525000000000006 3
      vertex 116.025 36.525000000000006 3
      vertex 115.09794901687516 36.671830451114545 3
    endloop
  endfacet
  facet normal 0 0 1
    outer loop
      vertex 24.025000000000006 20.525000000000006 3
      vertex 116.95205098312485 36.671830451114545 3
      vertex 116.025 36.525000000000006 3
    endloop
  endfacet
  facet normal 0 0 -1
    outer loop
      vertex 14 21 0
      vertex 224.05 79.05000000000001 0
      vertex 16.163118960624633 20.657395614066075 0
    endloop
  endfacet
  facet normal 0 0 -1
    outer loop
      vertex 18.11449676604731 19.663118960624633 0
      vertex 16.163118960624633 20.657395614066075 0
      vertex 224.05 79.05000000000001 0
    endloop
  endfacet
  facet normal 0 0 -1
    outer loop
      vertex 18.11449676604731 8.336881039375367 0
      vertex 19.663118960624633 9.885503233952688 0
      vertex 224.05 79.05000000000001 0
    endloop
  endfacet
  facet normal 0 0 -1
    outer loop
      vertex 19.663118960624633 9.885503233952688 0
      vertex 20.657395614066075 11.836881039375369 0
      vertex 224.05 79.05000000000001 0
    endloop
  endfacet
  facet normal 0 0 -1
    outer loop
      vertex 20.657395614066075 11.836881039375369 0
      vertex 21 14 0
      vertex 224.05 79.05000000000001 0
    endloop
  endfacet
  facet normal 0 0 -1
    outer loop
      vertex 21 14 0
      vertex 20.657395614066075 16.163118960624633 0
      vertex 224.05 79.05000000000001 0
    endloop
  endfacet
  facet normal 0 0 -1
    outer loop
      vertex 20.657395614066075 16.163118960624633 0
      vertex 19.663118960624633 18.11449676604731 0
      vertex 224.05 79.05000000000001 0
    endloop
  endfacet
  facet normal 0 0 -1
    outer loop
      vertex 18.11449676604731 19.663118960624633 0
      vertex 224.05 79.05000000000001 0
      vertex 19.663118960624633 18.11449676604731 0
    endloop
  endfacet
  facet normal 0 0 1
    outer loop
      vertex 115.77778640450005 38.764154786963886 3
      vertex 116.025 38.72500000000001 3
      vertex 115.55477179816603 38.87778640450005 3
    endloop
  endfacet
  facet normal 0 0 1
    outer loop
      vertex 115.55477179816603 38.87778640450005 3
      vertex 116.025 38.72500000000001 3
      vertex 116.27221359549996 38.764154786963886 3
    endloop
  endfacet
  facet normal 0 0 1
    outer loop
      vertex 115.55477179816603 38.87778640450005 3
      vertex 116.27221359549996 38.764154786963886 3
      vertex 115.37778640450004 39.05477179816603 3
    endloop
  endfacet
  facet normal 0 0 1
    outer loop
      vertex 115.37778640450004 39.05477179816603 3
      vertex 116.27221359549996 38.764154786963886 3
      vertex 115.26415478696389 39.27778640450005 3
    endloop
  endfacet
  facet normal 0 0 1
    outer loop
      vertex 115.22500000000001 39.525000000000006 3
      vertex 116.27221359549996 38.764154786963886 3
      vertex 116.49522820183398 38.87778640450005 3
    endloop
  endfacet
  facet normal 0 0 1
    outer loop
      vertex 115.26415478696389 39.27778640450005 3
      vertex 116.27221359549996 38.764154786963886 3
      vertex 115.22500000000001 39.525000000000006 3
    endloop
  endfacet
  facet normal 0 0 1
    outer loop
      vertex 115.22500000000001 39.525000000000006 3
      vertex 116.49522820183398 38.87778640450005 3
      vertex 115.26415478696389 39.77221359549996 3
    endloop
  endfacet
  facet normal 0 0 1
    outer loop
      vertex 115.26415478696389 39.77221359549996 3
      vertex 116.67221359549997 39.05477179816603 3
      vertex 115.37778640450004 39.99522820183398 3
    endloop
  endfacet
  facet normal 0 0 1
    outer loop
      vertex 115.37778640450004 39.99522820183398 3
      vertex 116.78584521303613 39.27778640450005 3
      vertex 115.55477179816603 40.17221359549996 3
    endloop
  endfacet
  facet normal -0.15643446504023048 -0.9876883405951378 1.0199411227052747e-18
    outer loop
      vertex 115.09794901687516 36.671830451114545 3
      vertex 116.025 36.525000000000006 3
      vertex 116.025 36.525000000000006 15
    endloop
  endfacet
  facet normal -0.7071067811865476 -0.7071067811865476 0
    outer loop
      vertex 113.59794901687516 37.76164424312259 3
      vertex 114.26164424312259 37.09794901687516 3
      vertex 113.59794901687516 37.76164424312259 15
    endloop
  endfacet
  facet normal -0.9876883405951378 -0.15643446504023048 1.0199411227052747e-18
    outer loop
      vertex 113.17183045111454 38.59794901687516 3
      vertex 113.025 39.525000000000006 15
      vertex 113.025 39.525000000000006 3
    endloop
  endfacet
  facet normal -0.8910065241883673 -0.4539904997395478 -3.0471130044358843e-19
    outer loop
      vertex 113.59794901687516 37.76164424312259 3
      vertex 113.17183045111454 38.59794901687516 15
      vertex 113.17183045111454 38.59794901687516 3
    endloop
  endfacet
  facet normal -0.4539904997395478 -0.8910065241883673 0
    outer loop
      vertex 115.09794901687516 36.671830451114545 3
      vertex 115.09794901687516 36.671830451114545 15
      vertex 114.26164424312259 37.09794901687516 3
    endloop
  endfacet
  facet normal 0.15643446504023106 0.9876883405951377 0
    outer loop
      vertex 115.77778640450005 38.764154786963886 3
      vertex 115.77778640450005 38.764154786963886 15
      vertex 116.025 38.72500000000001 3
    endloop
  endfacet
  facet normal 0.7071067811865334 0.7071067811865618 -1.0790314602706175e-18
    outer loop
      vertex 115.55477179816603 38.87778640450005 3
      vertex 115.37778640450004 39.05477179816603 3
      vertex 115.37778640450004 39.05477179816603 15
    endloop
  endfacet
  facet normal 0.8910065241883788 0.45399049973952527 -3.756016860607203e-19
    outer loop
      vertex 115.37778640450004 39.05477179816603 3
      vertex 115.26415478696389 39.27778640450005 3
      vertex 115.26415478696389 39.27778640450005 15
    endloop
  endfacet
  facet normal 0.9876883405951377 0.15643446504023106 8.463810272895875e-21
    outer loop
      vertex 115.26415478696389 39.27778640450005 3
      vertex 115.22500000000001 39.525000000000006 3
      vertex 115.22500000000001 39.525000000000006 15
    endloop
  endfacet
  facet normal 0.4539904997395478 0.8910065241883673 -6.824053185907129e-20
    outer loop
      vertex 115.77778640450005 38.764154786963886 3
      vertex 115.55477179816603 38.87778640450005 3
      vertex 115.55477179816603 38.87778640450005 15
    endloop
  endfacet
  facet normal -0.9876883405951378 0.15643446504023048 -1.0199411227052747e-18
    outer loop
      vertex 113.025 39.525000000000006 3
      vertex 113.17183045111454 40.45205098312485 15
      vertex 113.17183045111454 40.45205098312485 3
    endloop
  endfacet
  facet normal -0.8910065241883673 0.4539904997395478 3.0471130044358843e-19
    outer loop
      vertex 113.17183045111454 40.45205098312485 3
      vertex 113.59794901687516 41.28835575687742 15
      vertex 113.59794901687516 41.28835575687742 3
    endloop
  endfacet
  facet normal -0.7071067811865476 0.7071067811865476 2.4883857562120585e-20
    outer loop
      vertex 113.59794901687516 41.28835575687742 3
      vertex 114.26164424312259 41.95205098312485 15
      vertex 114.26164424312259 41.95205098312485 3
    endloop
  endfacet
  facet normal 0.9876883405951377 -0.15643446504023106 -8.463810272895875e-21
    outer loop
      vertex 115.22500000000001 39.525000000000006 3
      vertex 115.26415478696389 39.77221359549996 3
      vertex 115.26415478696389 39.77221359549996 15
    endloop
  endfacet
  facet normal 0.8910065241883788 -0.45399049973952527 3.756016860607203e-19
    outer loop
      vertex 115.26415478696389 39.77221359549996 3
      vertex 115.37778640450004 39.99522820183398 3
      vertex 115.37778640450004 39.99522820183398 15
    endloop
  endfacet
  facet normal 0.7071067811865334 -0.7071067811865618 1.0790314602706175e-18
    outer loop
      vertex 115.37778640450004 39.99522820183398 3
      vertex 115.55477179816603 40.17221359549996 3
      vertex 115.55477179816603 40.17221359549996 15
    endloop
  endfacet
  facet normal 0.4539904997395478 -0.8910065241883673 6.824053185907129e-20
    outer loop
      vertex 115.55477179816603 40.17221359549996 3
      vertex 115.77778640450005 40.285845213036126 3
      vertex 115.77778640450005 40.285845213036126 15
    endloop
  endfacet
  facet normal 0.15643446504023106 -0.9876883405951377 -8.463810272895875e-21
    outer loop
      vertex 115.77778640450005 40.285845213036126 3
      vertex 116.025 40.325 3
      vertex 116.025 40.325 15
    endloop
  endfacet
  facet normal -0.4539904997395478 0.8910065241883673 0
    outer loop
      vertex 114.26164424312259 41.95205098312485 3
      vertex 114.26164424312259 41.95205098312485 15
      vertex 115.09794901687516 42.37816954888547 3
    endloop
  endfacet
  facet normal -0.15643446504023048 0.9876883405951378 0
    outer loop
      vertex 115.09794901687516 42.37816954888547 3
      vertex 115.09794901687516 42.37816954888547 15
      vertex 116.025 42.525000000000006 3
    endloop
  endfacet
  facet normal -0.15643446504023048 -0.9876883405951378 0
    outer loop
      vertex 115.09794901687516 36.671830451114545 3
      vertex 116.025 36.525000000000006 15
      vertex 115.09794901687516 36.671830451114545 15
    endloop
  endfacet
  facet normal -0.7071067811865476 -0.7071067811865476 0
    outer loop
      vertex 114.26164424312259 37.09794901687516 3
      vertex 114.26164424312259 37.09794901687516 15
      vertex 113.59794901687516 37.76164424312259 15
    endloop
  endfacet
  facet normal -0.8910065241883673 -0.4539904997395478 0
    outer loop
      vertex 113.59794901687516 37.76164424312259 3
      vertex 113.59794901687516 37.76164424312259 15
      vertex 113.17183045111454 38.59794901687516 15
    endloop
  endfacet
  facet normal -0.9876883405951378 -0.15643446504023048 0
    outer loop
      vertex 113.17183045111454 38.59794901687516 3
      vertex 113.17183045111454 38.59794901687516 15
      vertex 113.025 39.525000000000006 15
    endloop
  endfacet
  facet normal -0.4539904997395478 -0.8910065241883673 0
    outer loop
      vertex 114.26164424312259 37.09794901687516 3
      vertex 115.09794901687516 36.671830451114545 15
      vertex 114.26164424312259 37.09794901687516 15
    endloop
  endfacet
  facet normal 0.4539904997395478 0.8910065241883673 0
    outer loop
      vertex 115.77778640450005 38.764154786963886 3
      vertex 115.55477179816603 38.87778640450005 15
      vertex 115.77778640450005 38.764154786963886 15
    endloop
  endfacet
  facet normal 0.15643446504023106 0.9876883405951377 8.463810272895875e-21
    outer loop
      vertex 115.77778640450005 38.764154786963886 15
      vertex 116.025 38.72500000000001 15
      vertex 116.025 38.72500000000001 3
    endloop
  endfacet
  facet normal 0.8910065241883788 0.45399049973952527 0
    outer loop
      vertex 115.37778640450004 39.05477179816603 3
      vertex 115.26415478696389 39.27778640450005 15
      vertex 115.37778640450004 39.05477179816603 15
    endloop
  endfacet
  facet normal 0.7071067811865334 0.7071067811865618 0
    outer loop
      vertex 115.55477179816603 38.87778640450005 3
      vertex 115.37778640450004 39.05477179816603 15
      vertex 115.55477179816603 38.87778640450005 15
    endloop
  endfacet
  facet normal 0.9876883405951377 0.15643446504023106 0
    outer loop
      vertex 115.26415478696389 39.27778640450005 3
      vertex 115.22500000000001 39.525000000000006 15
      vertex 115.26415478696389 39.27778640450005 15
    endloop
  endfacet
  facet normal -0.9876883405951378 0.15643446504023048 0
    outer loop
      vertex 113.025 39.525000000000006 3
      vertex 113.025 39.525000000000006 15
      vertex 113.17183045111454 40.45205098312485 15
    endloop
  endfacet
  facet normal -0.8910065241883673 0.4539904997395478 0
    outer loop
      vertex 113.17183045111454 40.45205098312485 3
      vertex 113.17183045111454 40.45205098312485 15
      vertex 113.59794901687516 41.28835575687742 15
    endloop
  endfacet
  facet normal -0.7071067811865476 0.7071067811865476 0
    outer loop
      vertex 113.59794901687516 41.28835575687742 3
      vertex 113.59794901687516 41.28835575687742 15
      vertex 114.26164424312259 41.95205098312485 15
    endloop
  endfacet
  facet normal 0.9876883405951377 -0.15643446504023106 0
    outer loop
      vertex 115.22500000000001 39.525000000000006 3
      vertex 115.26415478696389 39.77221359549996 15
      vertex 115.22500000000001 39.525000000000006 15
    endloop
  endfacet
  facet normal 0.8910065241883788 -0.45399049973952527 0
    outer loop
      vertex 115.26415478696389 39.77221359549996 3
      vertex 115.37778640450004 39.99522820183398 15
      vertex 115.26415478696389 39.77221359549996 15
    endloop
  endfacet
  facet normal 0.7071067811865334 -0.7071067811865618 0
    outer loop
      vertex 115.37778640450004 39.99522820183398 3
      vertex 115.55477179816603 40.17221359549996 15
      vertex 115.37778640450004 39.99522820183398 15
    endloop
  endfacet
  facet normal 0.4539904997395478 -0.8910065241883673 0
    outer loop
      vertex 115.55477179816603 40.17221359549996 3
      vertex 115.77778640450005 40.285845213036126 15
      vertex 115.55477179816603 40.17221359549996 15
    endloop
  endfacet
  facet normal 0.15643446504023106 -0.9876883405951377 0
    outer loop
      vertex 115.77778640450005 40.285845213036126 3
      vertex 116.025 40.325 15
      vertex 115.77778640450005 40.285845213036126 15
    endloop
  endfacet
  facet normal -0.4539904997395478 0.8910065241883673 0
    outer loop
      vertex 115.09794901687516 42.37816954888547 3
      vertex 114.26164424312259 41.95205098312485 15
      vertex 115.09794901687516 42.37816954888547 15
    endloop
  endfacet
  facet normal -0.15643446504023048 0.9876883405951378 -1.0199411227052747e-18
    outer loop
      vertex 115.09794901687516 42.37816954888547 15
      vertex 116.025 42.525000000000006 15
      vertex 116.025 42.525000000000006 3
    endloop
  endfacet
  facet normal 0 -1 0
    outer loop
      vertex 8 0 0
      vertex 224.05 0 26
      vertex 8 0 26
    endloop
  endfacet
  facet normal 0 -0.02608375110457584 0.999659761082897
    outer loop
      vertex 8 0 26
      vertex 224.05 0 26
      vertex 8 2.3999999999999986 26.06262230919765
    endloop
  endfacet
  facet normal 0 0 1
    outer loop
      vertex 113.59794901687516 37.76164424312259 15
      vertex 114.26164424312259 37.09794901687516 15
      vertex 113.59794901687516 41.28835575687742 15
    endloop
  endfacet
  facet normal 0 0 1
    outer loop
      vertex 113.59794901687516 37.76164424312259 15
      vertex 113.17183045111454 40.45205098312485 15
      vertex 113.17183045111454 38.59794901687516 15
    endloop
  endfacet
  facet normal 0 0 1
    outer loop
      vertex 115.09794901687516 36.671830451114545 15
      vertex 116.025 36.525000000000006 15
      vertex 115.55477179816603 38.87778640450005 15
    endloop
  endfacet
  facet normal 0 0 1
    outer loop
      vertex 115.77778640450005 38.764154786963886 15
      vertex 115.55477179816603 38.87778640450005 15
      vertex 116.025 36.525000000000006 15
    endloop
  endfacet
  facet normal 0 0 1
    outer loop
      vertex 115.77778640450005 38.764154786963886 15
      vertex 116.025 36.525000000000006 15
      vertex 116.025 38.72500000000001 15
    endloop
  endfacet
  facet normal 0 0 1
    outer loop
      vertex 115.09794901687516 36.671830451114545 15
      vertex 114.26164424312259 41.95205098312485 15
      vertex 114.26164424312259 37.09794901687516 15
    endloop
  endfacet
  facet normal 0 0 1
    outer loop
      vertex 115.09794901687516 36.671830451114545 15
      vertex 115.55477179816603 38.87778640450005 15
      vertex 115.37778640450004 39.05477179816603 15
    endloop
  endfacet
  facet normal 0 0 1
    outer loop
      vertex 115.09794901687516 36.671830451114545 15
      vertex 115.37778640450004 39.05477179816603 15
      vertex 115.26415478696389 39.27778640450005 15
    endloop
  endfacet
  facet normal 0 0 1
    outer loop
      vertex 115.09794901687516 36.671830451114545 15
      vertex 115.26415478696389 39.27778640450005 15
      vertex 115.22500000000001 39.525000000000006 15
    endloop
  endfacet
  facet normal 0 0 1
    outer loop
      vertex 113.17183045111454 38.59794901687516 15
      vertex 113.17183045111454 40.45205098312485 15
      vertex 113.025 39.525000000000006 15
    endloop
  endfacet
  facet normal 0 0 1
    outer loop
      vertex 113.59794901687516 37.76164424312259 15
      vertex 113.59794901687516 41.28835575687742 15
      vertex 113.17183045111454 40.45205098312485 15
    endloop
  endfacet
  facet normal 0 0 1
    outer loop
      vertex 114.26164424312259 37.09794901687516 15
      vertex 114.26164424312259 41.95205098312485 15
      vertex 113.59794901687516 41.28835575687742 15
    endloop
  endfacet
  facet normal 0 0 1
    outer loop
      vertex 115.09794901687516 36.671830451114545 15
      vertex 115.09794901687516 42.37816954888547 15
      vertex 114.26164424312259 41.95205098312485 15
    endloop
  endfacet
  facet normal 0 0 1
    outer loop
      vertex 115.09794901687516 36.671830451114545 15
      vertex 115.22500000000001 39.525000000000006 15
      vertex 115.09794901687516 42.37816954888547 15
    endloop
  endfacet
  facet normal 0 0 1
    outer loop
      vertex 115.22500000000001 39.525000000000006 15
      vertex 115.26415478696389 39.77221359549996 15
      vertex 115.09794901687516 42.37816954888547 15
    endloop
  endfacet
  facet normal 0 0 1
    outer loop
      vertex 115.26415478696389 39.77221359549996 15
      vertex 115.37778640450004 39.99522820183398 15
      vertex 115.09794901687516 42.37816954888547 15
    endloop
  endfacet
  facet normal 0 0 1
    outer loop
      vertex 115.37778640450004 39.99522820183398 15
      vertex 115.55477179816603 40.17221359549996 15
      vertex 115.09794901687516 42.37816954888547 15
    endloop
  endfacet
  facet normal 0 0 1
    outer loop
      vertex 115.55477179816603 40.17221359549996 15
      vertex 115.77778640450005 40.285845213036126 15
      vertex 115.09794901687516 42.37816954888547 15
    endloop
  endfacet
  facet normal 0 0 1
    outer loop
      vertex 115.77778640450005 40.285845213036126 15
      vertex 116.025 40.325 15
      vertex 115.09794901687516 42.37816954888547 15
    endloop
  endfacet
  facet normal 0 0 1
    outer loop
      vertex 115.09794901687516 42.37816954888547 15
      vertex 116.025 40.325 15
      vertex 116.025 42.525000000000006 15
    endloop
  endfacet
  facet normal 0 0 1
    outer loop
      vertex 5.400000000000006 76.65 3
      vertex 113.17183045111454 40.45205098312485 3
      vertex 113.59794901687516 41.28835575687742 3
    endloop
  endfacet
  facet normal 0 0 1
    outer loop
      vertex 5.400000000000006 76.65 3
      vertex 113.59794901687516 41.28835575687742 3
      vertex 114.26164424312259 41.95205098312485 3
    endloop
  endfacet
  facet normal 0 0 1
    outer loop
      vertex 5.400000000000006 76.65 3
      vertex 114.26164424312259 41.95205098312485 3
      vertex 115.09794901687516 42.37816954888547 3
    endloop
  endfacet
  facet normal 0 0 1
    outer loop
      vertex 23.878169548885467 57.59794901687516 3
      vertex 113.025 39.525000000000006 3
      vertex 113.17183045111454 40.45205098312485 3
    endloop
  endfacet
  facet normal 0 0 -1
    outer loop
      vertex 14 21 0
      vertex 7.937572959870463 77.0636956716565 0
      vertex 224.05 79.05000000000001 0
    endloop
  endfacet
  facet normal 0 0 -1
    outer loop
      vertex 7.937572959870463 77.0636956716565 0
      vertex 8 79.05000000000001 0
      vertex 224.05 79.05000000000001 0
    endloop
  endfacet
  facet normal 0 1 0
    outer loop
      vertex 8 79.05000000000001 0
      vertex 16 79.05000000000001 2.6
      vertex 224.05 79.05000000000001 0
    endloop
  endfacet
  facet normal 0 1 0
    outer loop
      vertex 16 79.05000000000001 2.6
      vertex 16 79.05000000000001 12.6
      vertex 224.05 79.05000000000001 0
    endloop
  endfacet
  facet normal 0 0 1
    outer loop
      vertex 5.400000000000006 76.65 3
      vertex 115.09794901687516 42.37816954888547 3
      vertex 226.65 76.65 3
    endloop
  endfacet
  facet normal 0 1 0
    outer loop
      vertex 16 79.05000000000001 12.6
      vertex 32.025000000000006 79.05000000000001 12
      vertex 224.05 79.05000000000001 0
    endloop
  endfacet
  facet normal 0 1 0
    outer loop
      vertex 224.05 79.05000000000001 0
      vertex 32.025000000000006 79.05000000000001 12
      vertex 48.025000000000006 79.05000000000001 12
    endloop
  endfacet
  facet normal 0 1 0
    outer loop
      vertex 224.05 79.05000000000001 0
      vertex 48.025000000000006 79.05000000000001 12
      vertex 48.025000000000006 79.05000000000001 24
    endloop
  endfacet
  facet normal 0 0.36039927920216236 -0.9327981344055968
    outer loop
      vertex 8 79.05000000000001 25.4
      vertex 8 85.7794117647059 28
      vertex 224.05 79.05000000000001 25.4
    endloop
  endfacet
  facet normal 0 0.3603992792021623 -0.9327981344055967
    outer loop
      vertex 8 85.7794117647059 28
      vertex 14.155467797470394 85.7794117647059 28
      vertex 224.05 79.05000000000001 25.4
    endloop
  endfacet
  facet normal 0 -1 0
    outer loop
      vertex 5.400000000000006 76.65 3
      vertex 224.05 76.65 28
      vertex 48.025000000000006 76.65 12
    endloop
  endfacet
  facet normal 0 -1 0
    outer loop
      vertex 8 76.65 28
      vertex 32.025000000000006 76.65 24
      vertex 224.05 76.65 28
    endloop
  endfacet
  facet normal 0 -1 0
    outer loop
      vertex 224.05 76.65 28
      vertex 32.025000000000006 76.65 24
      vertex 48.025000000000006 76.65 24
    endloop
  endfacet
  facet normal 0 1 0
    outer loop
      vertex 8 79.05000000000001 25.4
      vertex 224.05 79.05000000000001 25.4
      vertex 32.025000000000006 79.05000000000001 24
    endloop
  endfacet
  facet normal 0 1 0
    outer loop
      vertex 224.05 79.05000000000001 25.4
      vertex 48.025000000000006 79.05000000000001 24
      vertex 32.025000000000006 79.05000000000001 24
    endloop
  endfacet
  facet normal 1.8438293406847615e-16 0.3603992792021673 -0.9327981344055949
    outer loop
      vertex 14.155467797470394 85.7794117647059 28
      vertex 41.93234325549662 85.77941176470588 28
      vertex 224.05 79.05000000000001 25.4
    endloop
  endfacet
  facet normal 0 0.3603992792021605 -0.9327981344055974
    outer loop
      vertex 37.400125624968524 86.20085546574177 28.162830520854772
      vertex 192.1098743750315 86.20085546574177 28.162830520854772
      vertex 41.93234325549662 85.77941176470588 28
    endloop
  endfacet
  facet normal 3.302448170293952e-20 0.3603992792021619 -0.932798134405597
    outer loop
      vertex 37.400125624968524 86.20085546574177 28.162830520854772
      vertex 38.640644372701516 86.79045466045446 28.39063020972104
      vertex 190.8693556272985 86.79045466045446 28.39063020972104
    endloop
  endfacet
  facet normal -3.7469533676020196e-20 0.36039927920216125 -0.9327981344055972
    outer loop
      vertex 38.640644372701516 86.79045466045446 28.39063020972104
      vertex 39.62512562496852 87.70877693592641 28.74543654342611
      vertex 189.88487437503147 87.70877693592641 28.74543654342611
    endloop
  endfacet
  facet normal -5.3046384678764785e-20 0.36039927920216336 -0.9327981344055964
    outer loop
      vertex 39.62512562496852 87.70877693592641 28.74543654342611
      vertex 40.257201497513435 88.86593050950691 29.19251860594585
      vertex 189.25279850248657 88.86593050950691 29.19251860594585
    endloop
  endfacet
  facet normal 0 -1 0
    outer loop
      vertex 224.05 76.65 28
      vertex 48.025000000000006 76.65 24
      vertex 48.025000000000006 76.65 12
    endloop
  endfacet
  facet normal -9.335894274738008e-15 0.3603992792021625 -0.9327981344055967
    outer loop
      vertex 34.08335921350013 88.40380189231954 30.289950688246307
      vertex 33.74246436089163 89.02788471852024 30.53107359836931
      vertex 33.74246436089163 90.4114870026126 31.06564720813227
    endloop
  endfacet
  facet normal 2.3901099974111187e-15 0.3603992792021641 -0.9327981344055961
    outer loop
      vertex 34.614315394498064 87.90852695723353 30.098594463326716
      vertex 34.08335921350013 88.40380189231954 30.289950688246307
      vertex 34.08335921350013 91.03556982881332 31.306770118255276
    endloop
  endfacet
  facet normal 2.193933974661064e-14 0.3603992792021626 -0.9327981344055967
    outer loop
      vertex 33.74246436089163 89.02788471852024 30.53107359836931
      vertex 33.625 89.71968586056643 30.79836040325079
      vertex 33.74246436089163 90.4114870026126 31.06564720813227
    endloop
  endfacet
  facet normal 8.383564106983632e-16 0.36039927920216414 -0.9327981344055961
    outer loop
      vertex 34.08335921350013 88.40380189231954 30.289950688246307
      vertex 33.74246436089163 90.4114870026126 31.06564720813227
      vertex 34.08335921350013 91.03556982881332 31.306770118255276
    endloop
  endfacet
  facet normal -1.6528520419045458e-15 0.36039927920216347 -0.9327981344055963
    outer loop
      vertex 34.614315394498064 87.90852695723353 30.098594463326716
      vertex 34.08335921350013 91.03556982881332 31.306770118255276
      vertex 34.614315394498064 91.53084476389932 31.498126343174867
    endloop
  endfacet
  facet normal 5.538813368339972e-15 0.3603992792021634 -0.9327981344055962
    outer loop
      vertex 35.283359213500134 87.59054087469185 29.97573620416289
      vertex 34.614315394498064 87.90852695723353 30.098594463326716
      vertex 34.614315394498064 91.53084476389932 31.498126343174867
    endloop
  endfacet
  facet normal -4.9464424389944985e-15 0.36039927920216197 -0.932798134405597
    outer loop
      vertex 36.025000000000006 87.480970337993 29.9334021331656
      vertex 35.283359213500134 87.59054087469185 29.97573620416289
      vertex 35.283359213500134 91.848830846441 31.620984602338694
    endloop
  endfacet
  facet normal -4.702390816631789e-15 0.360399279202162 -0.9327981344055971
    outer loop
      vertex 35.283359213500134 87.59054087469185 29.97573620416289
      vertex 34.614315394498064 91.53084476389932 31.498126343174867
      vertex 35.283359213500134 91.848830846441 31.620984602338694
    endloop
  endfacet
  facet normal 4.817307258972511e-15 0.36039927920216275 -0.9327981344055966
    outer loop
      vertex 36.025000000000006 87.480970337993 29.9334021331656
      vertex 36.025000000000006 91.95840138313986 31.66331867333598
      vertex 36.76664078649988 87.59054087469185 29.97573620416289
    endloop
  endfacet
  facet normal -4.732645291100256e-15 0.360399279202162 -0.9327981344055971
    outer loop
      vertex 36.76664078649988 87.59054087469185 29.97573620416289
      vertex 36.76664078649988 91.848830846441 31.620984602338694
      vertex 37.43568460550195 87.90852695723353 30.098594463326716
    endloop
  endfacet
  facet normal -1.728890597863166e-15 0.36039927920216347 -0.9327981344055963
    outer loop
      vertex 37.43568460550195 87.90852695723353 30.098594463326716
      vertex 37.43568460550195 91.53084476389932 31.498126343174867
      vertex 37.96664078649988 88.40380189231954 30.289950688246307
    endloop
  endfacet
  facet normal 2.3051845665161675e-15 0.3603992792021641 -0.9327981344055961
    outer loop
      vertex 37.96664078649988 88.40380189231954 30.289950688246307
      vertex 37.43568460550195 91.53084476389932 31.498126343174867
      vertex 37.96664078649988 91.03556982881332 31.306770118255276
    endloop
  endfacet
  facet normal 6.185259971730933e-15 0.36039927920216414 -0.9327981344055961
    outer loop
      vertex 37.96664078649988 88.40380189231954 30.289950688246307
      vertex 37.96664078649988 91.03556982881332 31.306770118255276
      vertex 38.30753563910838 89.02788471852024 30.53107359836931
    endloop
  endfacet
  facet normal -2.1844877701636322e-14 0.3603992792021626 -0.9327981344055967
    outer loop
      vertex 38.30753563910838 89.02788471852024 30.53107359836931
      vertex 38.30753563910838 90.4114870026126 31.06564720813227
      vertex 38.42500000000001 89.71968586056643 30.79836040325079
    endloop
  endfacet
  facet normal -3.828800829393161e-15 0.3603992792021625 -0.9327981344055966
    outer loop
      vertex 38.30753563910838 89.02788471852024 30.53107359836931
      vertex 37.96664078649988 91.03556982881332 31.306770118255276
      vertex 38.30753563910838 90.4114870026126 31.06564720813227
    endloop
  endfacet
  facet normal -4.4822555901670254e-17 -0.36039927920216236 0.9327981344055969
    outer loop
      vertex 8 76.65 28
      vertex 94.90452724844218 87.51809899800502 32.19903824922921
      vertex 45.275000000000006 97.68450993093421 36.12696974604276
    endloop
  endfacet
  facet normal -1.0967587596170359e-16 -0.36039927920216397 0.9327981344055962
    outer loop
      vertex 8 76.65 28
      vertex 97.71220225244761 82.0612299103423 30.090702465359524
      vertex 96.83645724654198 82.0612299103423 30.090702465359524
    endloop
  endfacet
  facet normal 5.406688012614491e-17 -0.360399279202163 0.9327981344055964
    outer loop
      vertex 8 76.65 28
      vertex 96.83645724654198 82.0612299103423 30.090702465359524
      vertex 96.83645724654198 87.51809899800502 32.19903824922921
    endloop
  endfacet
  facet normal -5.1992529868470524e-17 -0.36039927920216286 0.9327981344055966
    outer loop
      vertex 8 76.65 28
      vertex 96.83645724654198 87.51809899800502 32.19903824922921
      vertex 94.90452724844218 87.51809899800502 32.19903824922921
    endloop
  endfacet
  facet normal -1.818682406752573e-17 -0.3603992792021624 0.9327981344055968
    outer loop
      vertex 8 76.65 28
      vertex 102.99339375048876 82.0612299103423 30.090702465359524
      vertex 97.71220225244761 82.0612299103423 30.090702465359524
    endloop
  endfacet
  facet normal -1.0967587689479262e-16 -0.3603992792021591 0.932798134405598
    outer loop
      vertex 8 76.65 28
      vertex 103.86913874894381 82.0612299103423 30.090702465359524
      vertex 102.99339375048876 82.0612299103423 30.090702465359524
    endloop
  endfacet
  facet normal -2.5513856895132118e-17 -0.3603992792021617 0.932798134405597
    outer loop
      vertex 8 76.65 28
      vertex 107.63368524760008 82.0612299103423 30.090702465359524
      vertex 103.86913874894381 82.0612299103423 30.090702465359524
    endloop
  endfacet
  facet normal -1.0856388782484217e-16 -0.3603992792021603 0.9327981344055978
    outer loop
      vertex 8 76.65 28
      vertex 108.51840025335551 82.0612299103423 30.090702465359524
      vertex 107.63368524760008 82.0612299103423 30.090702465359524
    endloop
  endfacet
  facet normal -1.450465409920627e-17 -0.360399279202162 0.9327981344055969
    outer loop
      vertex 8 76.65 28
      vertex 115.14028175324202 82.0612299103423 30.090702465359524
      vertex 108.51840025335551 82.0612299103423 30.090702465359524
    endloop
  endfacet
  facet normal -7.939729699252403e-17 -0.36039927920216164 0.9327981344055971
    outer loop
      vertex 8 76.65 28
      vertex 116.34999674707652 82.0612299103423 30.090702465359524
      vertex 115.14028175324202 82.0612299103423 30.090702465359524
    endloop
  endfacet
  facet normal -2.653177061773774e-17 -0.36039927920216214 0.9327981344055969
    outer loop
      vertex 8 76.65 28
      vertex 119.9701132491231 82.0612299103423 30.090702465359524
      vertex 116.34999674707652 82.0612299103423 30.090702465359524
    endloop
  endfacet
  facet normal -2.429008592975444e-17 -0.3603992792021613 0.9327981344055972
    outer loop
      vertex 8 76.65 28
      vertex 123.92432324737311 82.0612299103423 30.090702465359524
      vertex 119.9701132491231 82.0612299103423 30.090702465359524
    endloop
  endfacet
  facet normal -4.45158351747626e-17 -0.36039927920216375 0.9327981344055963
    outer loop
      vertex 8 76.65 28
      vertex 126.08193975090981 82.0612299103423 30.090702465359524
      vertex 123.92432324737311 82.0612299103423 30.090702465359524
    endloop
  endfacet
  facet normal -1.169129748483383e-16 -0.36039927920216636 0.9327981344055952
    outer loop
      vertex 8 76.65 28
      vertex 126.90347474962473 82.0612299103423 30.090702465359524
      vertex 126.08193975090981 82.0612299103423 30.090702465359524
    endloop
  endfacet
  facet normal -2.2189877000654354e-15 -0.3603992792021203 0.932798134405613
    outer loop
      vertex 8 76.65 28
      vertex 129.29579974859953 82.06541351338 30.092318857442272
      vertex 126.90347474962473 82.0612299103423 30.090702465359524
    endloop
  endfacet
  facet normal 1.8725379795784628e-16 -0.3603992792021641 0.9327981344055961
    outer loop
      vertex 8 76.65 28
      vertex 130.0360847502947 82.06541351338 30.092318857442272
      vertex 129.29579974859953 82.06541351338 30.092318857442272
    endloop
  endfacet
  facet normal 2.27225510454079e-15 -0.3603992792022097 0.9327981344055785
    outer loop
      vertex 8 76.65 28
      vertex 132.238876247406 82.0612299103423 30.090702465359524
      vertex 130.0360847502947 82.06541351338 30.092318857442272
    endloop
  endfacet
  facet normal -1.1024868171650442e-16 -0.3603992792021591 0.932798134405598
    outer loop
      vertex 8 76.65 28
      vertex 133.11007125079632 82.0612299103423 30.090702465359524
      vertex 132.238876247406 82.0612299103423 30.090702465359524
    endloop
  endfacet
  facet normal -4.342619351574023e-17 -0.36039927920216513 0.9327981344055958
    outer loop
      vertex 8 76.65 28
      vertex 135.32182625085116 82.0612299103423 30.090702465359524
      vertex 133.11007125079632 82.0612299103423 30.090702465359524
    endloop
  endfacet
  facet normal -1.1024868265936522e-16 -0.3603992792021607 0.9327981344055974
    outer loop
      vertex 8 76.65 28
      vertex 136.1930212467909 82.0612299103423 30.090702465359524
      vertex 135.32182625085116 82.0612299103423 30.090702465359524
    endloop
  endfacet
  facet normal -2.2515489399374167e-19 0.36039927920216325 -0.9327981344055964
    outer loop
      vertex 40.257201497513435 88.86593050950691 29.19251860594585
      vertex 40.47500000000001 90.14864512705087 29.688112889996926
      vertex 189.035 90.14864512705087 29.688112889996926
    endloop
  endfacet
  facet normal 0 0.9327981344055978 0.3603992792021597
    outer loop
      vertex 96.83645724654198 82.34954933370403 29.344463957835046
      vertex 96.83645724654198 82.0612299103423 30.090702465359524
      vertex 97.71220225244761 82.34954933370403 29.344463957835046
    endloop
  endfacet
  facet normal -8.60712431197154e-18 0.9327981344055978 0.3603992792021597
    outer loop
      vertex 97.71220225244761 82.34954933370403 29.344463957835046
      vertex 96.83645724654198 82.0612299103423 30.090702465359524
      vertex 97.71220225244761 82.0612299103423 30.090702465359524
    endloop
  endfacet
  facet normal 0 -0.360399279202163 0.9327981344055967
    outer loop
      vertex 96.83645724654198 82.34954933370403 29.344463957835046
      vertex 97.71220225244761 82.34954933370403 29.344463957835046
      vertex 96.83645724654198 87.80641842136674 31.452799741704734
    endloop
  endfacet
  facet normal 1 0 0
    outer loop
      vertex 96.83645724654198 82.34954933370403 29.344463957835046
      vertex 96.83645724654198 87.51809899800502 32.19903824922921
      vertex 96.83645724654198 82.0612299103423 30.090702465359524
    endloop
  endfacet
  facet normal -1 0 0
    outer loop
      vertex 97.71220225244761 82.34954933370403 29.344463957835046
      vertex 97.71220225244761 82.0612299103423 30.090702465359524
      vertex 97.71220225244761 87.80641842136674 31.452799741704734
    endloop
  endfacet
  facet normal 0 -0.36039927920216425 0.9327981344055961
    outer loop
      vertex 97.71220225244761 82.0612299103423 30.090702465359524
      vertex 102.99339375048876 82.0612299103423 30.090702465359524
      vertex 102.99339375048876 84.46546579825785 31.019611785690536
    endloop
  endfacet
  facet normal -1.1511712093048172e-15 -0.3603992792021621 0.9327981344055969
    outer loop
      vertex 97.71220225244761 82.0612299103423 30.090702465359524
      vertex 102.99339375048876 84.46546579825785 31.019611785690536
      vertex 101.35942375063897 86.65912717137317 31.867162770757815
    endloop
  endfacet
  facet normal 5.220788080847668e-17 -0.360399279202163 0.9327981344055967
    outer loop
      vertex 97.71220225244761 82.34954933370403 29.344463957835046
      vertex 97.71220225244761 87.80641842136674 31.452799741704734
      vertex 96.83645724654198 87.80641842136674 31.452799741704734
    endloop
  endfacet
  facet normal 1 0 0
    outer loop
      vertex 96.83645724654198 82.34954933370403 29.344463957835046
      vertex 96.83645724654198 87.80641842136674 31.452799741704734
      vertex 96.83645724654198 87.51809899800502 32.19903824922921
    endloop
  endfacet
  facet normal -1 0 0
    outer loop
      vertex 97.71220225244761 82.0612299103423 30.090702465359524
      vertex 97.71220225244761 87.51809899800502 32.19903824922921
      vertex 97.71220225244761 87.80641842136674 31.452799741704734
    endloop
  endfacet
  facet normal 0 -0.3603992792021586 0.9327981344055982
    outer loop
      vertex 94.90452724844218 87.80641842136674 31.452799741704734
      vertex 96.83645724654198 87.80641842136674 31.452799741704734
      vertex 94.98129224926234 88.49695488987643 31.71959792271984
    endloop
  endfacet
  facet normal 0 0.9327981344055978 0.36039927920215964
    outer loop
      vertex 94.90452724844218 87.80641842136674 31.452799741704734
      vertex 94.90452724844218 87.51809899800502 32.19903824922921
      vertex 96.83645724654198 87.80641842136674 31.452799741704734
    endloop
  endfacet
  facet normal 0.9946664877445993 -0.09621204884610912 -0.037172837054178204
    outer loop
      vertex 94.90452724844218 87.80641842136674 31.452799741704734
      vertex 94.98129224926234 88.2086354665147 32.465836430244316
      vertex 94.90452724844218 87.51809899800502 32.19903824922921
    endloop
  endfacet
  facet normal 0.9946664877445993 -0.09621204884610914 -0.037172837054178204
    outer loop
      vertex 94.90452724844218 87.80641842136674 31.452799741704734
      vertex 94.98129224926234 88.49695488987643 31.71959792271984
      vertex 94.98129224926234 88.2086354665147 32.465836430244316
    endloop
  endfacet
  facet normal 1.625342531902225e-17 -0.36039927920215853 0.9327981344055982
    outer loop
      vertex 94.98129224926234 88.49695488987643 31.71959792271984
      vertex 96.83645724654198 87.80641842136674 31.452799741704734
      vertex 97.71220225244761 87.80641842136674 31.452799741704734
    endloop
  endfacet
  facet normal 0 -0.3603992792021586 0.9327981344055983
    outer loop
      vertex 94.98129224926234 88.49695488987643 31.71959792271984
      vertex 97.71220225244761 87.80641842136674 31.452799741704734
      vertex 99.56736724972725 88.49695488987643 31.71959792271984
    endloop
  endfacet
  facet normal 0 0.9327981344055978 0.36039927920215964
    outer loop
      vertex 94.90452724844218 87.51809899800502 32.19903824922921
      vertex 96.83645724654198 87.51809899800502 32.19903824922921
      vertex 96.83645724654198 87.80641842136674 31.452799741704734
    endloop
  endfacet
  facet normal -1.6435941694485717e-18 -0.9327981344055978 -0.36039927920215964
    outer loop
      vertex 94.98129224926234 88.49695488987643 31.71959792271984
      vertex 99.56736724972725 88.2086354665147 32.465836430244316
      vertex 94.98129224926234 88.2086354665147 32.465836430244316
    endloop
  endfacet
  facet normal 2.366586311714685e-17 -0.36039927920216297 0.9327981344055964
    outer loop
      vertex 97.71220225244761 82.0612299103423 30.090702465359524
      vertex 99.64413225054741 87.51809899800502 32.19903824922921
      vertex 97.71220225244761 87.51809899800502 32.19903824922921
    endloop
  endfacet
  facet normal 4.880962527453025e-16 -0.3603992792021631 0.9327981344055964
    outer loop
      vertex 97.71220225244761 82.0612299103423 30.090702465359524
      vertex 101.35942375063897 86.65912717137317 31.867162770757815
      vertex 99.64413225054741 87.51809899800502 32.19903824922921
    endloop
  endfacet
  facet normal 1 0 0
    outer loop
      vertex 101.35942375063897 86.9474465947349 31.120924263233338
      vertex 101.35942375063897 88.2086354665147 32.465836430244316
      vertex 101.35942375063897 86.65912717137317 31.867162770757815
    endloop
  endfacet
  facet normal 1.3516171322708211e-15 -0.36039927920216147 0.932798134405597
    outer loop
      vertex 101.35942375063897 86.65912717137317 31.867162770757815
      vertex 101.35942375063897 88.2086354665147 32.465836430244316
      vertex 99.64413225054741 87.51809899800502 32.19903824922921
    endloop
  endfacet
  facet normal 0 0.9327981344055978 0.36039927920215964
    outer loop
      vertex 97.71220225244761 87.80641842136674 31.452799741704734
      vertex 97.71220225244761 87.51809899800502 32.19903824922921
      vertex 99.64413225054741 87.80641842136674 31.452799741704734
    endloop
  endfacet
  facet normal 0 -0.3603992792021586 0.9327981344055982
    outer loop
      vertex 97.71220225244761 87.80641842136674 31.452799741704734
      vertex 99.64413225054741 87.80641842136674 31.452799741704734
      vertex 99.56736724972725 88.49695488987643 31.71959792271984
    endloop
  endfacet
  facet normal -0.9946664877445993 -0.09621204884610912 -0.037172837054178204
    outer loop
      vertex 99.64413225054741 87.80641842136674 31.452799741704734
      vertex 99.64413225054741 87.51809899800502 32.19903824922921
      vertex 99.56736724972725 88.49695488987643 31.71959792271984
    endloop
  endfacet
  facet normal 0 -0.9327981344055978 -0.36039927920215964
    outer loop
      vertex 94.98129224926234 88.49695488987643 31.71959792271984
      vertex 99.56736724972725 88.49695488987643 31.71959792271984
      vertex 99.56736724972725 88.2086354665147 32.465836430244316
    endloop
  endfacet
  facet normal 0 0.9327981344055978 0.36039927920215964
    outer loop
      vertex 97.71220225244761 87.51809899800502 32.19903824922921
      vertex 99.64413225054741 87.51809899800502 32.19903824922921
      vertex 99.64413225054741 87.80641842136674 31.452799741704734
    endloop
  endfacet
  facet normal -0.9946664877445993 -0.09621204884610912 -0.037172837054178204
    outer loop
      vertex 99.56736724972725 88.49695488987643 31.71959792271984
      vertex 99.64413225054741 87.51809899800502 32.19903824922921
      vertex 99.56736724972725 88.2086354665147 32.465836430244316
    endloop
  endfacet
  facet normal 1 0 0
    outer loop
      vertex 101.35942375063897 86.9474465947349 31.120924263233338
      vertex 101.35942375063897 88.49695488987643 31.71959792271984
      vertex 101.35942375063897 88.2086354665147 32.465836430244316
    endloop
  endfacet
  facet normal 7.94274959787949e-18 -0.36039927920215864 0.9327981344055982
    outer loop
      vertex 99.64413225054741 87.51809899800502 32.19903824922921
      vertex 101.35942375063897 88.2086354665147 32.465836430244316
      vertex 99.56736724972725 88.2086354665147 32.465836430244316
    endloop
  endfacet
  facet normal 0 0.9327981344055979 0.36039927920215975
    outer loop
      vertex 102.99339375048876 82.34954933370403 29.344463957835046
      vertex 102.99339375048876 82.0612299103423 30.090702465359524
      vertex 103.86913874894381 82.34954933370403 29.344463957835046
    endloop
  endfacet
  facet normal 0 -0.360399279202163 0.9327981344055964
    outer loop
      vertex 102.99339375048876 82.34954933370403 29.344463957835046
      vertex 103.86913874894381 82.34954933370403 29.344463957835046
      vertex 102.99339375048876 84.75378522161958 30.273373278166055
    endloop
  endfacet
  facet normal 1 0 0
    outer loop
      vertex 102.99339375048876 82.34954933370403 29.344463957835046
      vertex 102.99339375048876 84.46546579825785 31.019611785690536
      vertex 102.99339375048876 82.0612299103423 30.090702465359524
    endloop
  endfacet
  facet normal 1 0 0
    outer loop
      vertex 102.99339375048876 82.34954933370403 29.344463957835046
      vertex 102.99339375048876 84.75378522161958 30.273373278166055
      vertex 102.99339375048876 84.46546579825785 31.019611785690536
    endloop
  endfacet
  facet normal 0 0.9327981344055979 0.36039927920215975
    outer loop
      vertex 102.99339375048876 82.0612299103423 30.090702465359524
      vertex 103.86913874894381 82.0612299103423 30.090702465359524
      vertex 103.86913874894381 82.34954933370403 29.344463957835046
    endloop
  endfacet
  facet normal -1 0 0
    outer loop
      vertex 103.86913874894381 82.34954933370403 29.344463957835046
      vertex 103.86913874894381 82.0612299103423 30.090702465359524
      vertex 103.86913874894381 84.75378522161958 30.273373278166055
    endloop
  endfacet
  facet normal -7.958846822924446e-17 -0.360399279202163 0.9327981344055964
    outer loop
      vertex 103.86913874894381 82.34954933370403 29.344463957835046
      vertex 103.86913874894381 84.75378522161958 30.273373278166055
      vertex 102.99339375048876 84.75378522161958 30.273373278166055
    endloop
  endfacet
  facet normal 0 -0.3603992792021642 0.932798134405596
    outer loop
      vertex 103.86913874894381 82.0612299103423 30.090702465359524
      vertex 107.63368524760008 82.0612299103423 30.090702465359524
      vertex 103.86913874894381 84.46546579825785 31.019611785690536
    endloop
  endfacet
  facet normal -1 0 0
    outer loop
      vertex 103.86913874894381 82.0612299103423 30.090702465359524
      vertex 103.86913874894381 84.46546579825785 31.019611785690536
      vertex 103.86913874894381 84.75378522161958 30.273373278166055
    endloop
  endfacet
  facet normal 0 0.932798134405598 0.3603992792021597
    outer loop
      vertex 107.63368524760008 82.34954933370403 29.344463957835046
      vertex 107.63368524760008 82.0612299103423 30.090702465359524
      vertex 108.51840025335551 82.34954933370403 29.344463957835046
    endloop
  endfacet
  facet normal 0 -0.36039927920216297 0.9327981344055966
    outer loop
      vertex 107.63368524760008 82.34954933370403 29.344463957835046
      vertex 108.51840025335551 82.34954933370403 29.344463957835046
      vertex 108.51840025335551 84.61906119022986 30.221320811492753
    endloop
  endfacet
  facet normal -8.519857900434145e-18 0.932798134405598 0.3603992792021597
    outer loop
      vertex 108.51840025335551 82.34954933370403 29.344463957835046
      vertex 107.63368524760008 82.0612299103423 30.090702465359524
      vertex 108.51840025335551 82.0612299103423 30.090702465359524
    endloop
  endfacet
  facet normal -1 0 0
    outer loop
      vertex 108.51840025335551 82.34954933370403 29.344463957835046
      vertex 108.51840025335551 82.0612299103423 30.090702465359524
      vertex 108.51840025335551 84.61906119022986 30.221320811492753
    endloop
  endfacet
  facet normal 1 0 0
    outer loop
      vertex 107.63368524760008 82.34954933370403 29.344463957835046
      vertex 107.63368524760008 88.2086354665147 32.465836430244316
      vertex 107.63368524760008 82.0612299103423 30.090702465359524
    endloop
  endfacet
  facet normal -1 0 0
    outer loop
      vertex 108.51840025335551 82.0612299103423 30.090702465359524
      vertex 108.51840025335551 84.33074176686813 30.967559319017234
      vertex 108.51840025335551 84.61906119022986 30.221320811492753
    endloop
  endfacet
  facet normal 2.2514685929333423e-15 -0.36039927920216114 0.9327981344055973
    outer loop
      vertex 101.35942375063897 86.9474465947349 31.120924263233338
      vertex 102.99339375048876 84.75378522161958 30.273373278166055
      vertex 103.44026874899865 85.51168370582414 30.566197692517814
    endloop
  endfacet
  facet normal 0.8212316946509507 0.5322498286274807 0.205641979242433
    outer loop
      vertex 101.35942375063897 86.65912717137317 31.867162770757815
      vertex 102.99339375048876 84.46546579825785 31.019611785690536
      vertex 102.99339375048876 84.75378522161958 30.273373278166055
    endloop
  endfacet
  facet normal -0.8297851824829472 -0.5205787110790212 -0.20113268382599356
    outer loop
      vertex 102.24413874894381 87.17063254251848 31.207155197604266
      vertex 103.44026874899865 85.51168370582414 30.566197692517814
      vertex 103.44026874899865 85.2233642824624 31.312436200042292
    endloop
  endfacet
  facet normal 9.801823514222569e-17 -0.3603992792021639 0.9327981344055962
    outer loop
      vertex 101.35942375063897 86.9474465947349 31.120924263233338
      vertex 103.44026874899865 85.51168370582414 30.566197692517814
      vertex 102.24413874894381 87.17063254251848 31.207155197604266
    endloop
  endfacet
  facet normal 0.8212316946509507 0.5322498286274803 0.20564197924243377
    outer loop
      vertex 101.35942375063897 86.9474465947349 31.120924263233338
      vertex 101.35942375063897 86.65912717137317 31.867162770757815
      vertex 102.99339375048876 84.75378522161958 30.273373278166055
    endloop
  endfacet
  facet normal 0 -0.36039927920216 0.9327981344055978
    outer loop
      vertex 102.99339375048876 84.75378522161958 30.273373278166055
      vertex 103.86913874894381 84.75378522161958 30.273373278166055
      vertex 103.44026874899865 85.51168370582414 30.566197692517814
    endloop
  endfacet
  facet normal -2.339491435761049e-15 -0.36039927920216114 0.9327981344055972
    outer loop
      vertex 103.86913874894381 84.75378522161958 30.273373278166055
      vertex 105.50317374765874 86.9474465947349 31.120924263233338
      vertex 103.44026874899865 85.51168370582414 30.566197692517814
    endloop
  endfacet
  facet normal 0.828767635058899 -0.5219872076028211 -0.20167687566473455
    outer loop
      vertex 103.44026874899865 85.51168370582414 30.566197692517814
      vertex 104.631978751719 86.86970168617341 31.948521106021545
      vertex 103.44026874899865 85.2233642824624 31.312436200042292
    endloop
  endfacet
  facet normal -0.8212210585286767 0.5322641077063716 0.20564749615927716
    outer loop
      vertex 103.86913874894381 84.46546579825785 31.019611785690536
      vertex 105.50317374765874 86.9474465947349 31.120924263233338
      vertex 103.86913874894381 84.75378522161958 30.273373278166055
    endloop
  endfacet
  facet normal 0.8287676350588972 -0.5219872076028272 -0.20167687566472692
    outer loop
      vertex 103.44026874899865 85.51168370582414 30.566197692517814
      vertex 104.631978751719 87.15802110953514 31.202282598497067
      vertex 104.631978751719 86.86970168617341 31.948521106021545
    endloop
  endfacet
  facet normal -8.378417720260022e-16 -0.36039927920216297 0.9327981344055966
    outer loop
      vertex 103.44026874899865 85.51168370582414 30.566197692517814
      vertex 105.50317374765874 86.9474465947349 31.120924263233338
      vertex 104.631978751719 87.15802110953514 31.202282598497067
    endloop
  endfacet
  facet normal 1.2597972931386868e-15 -0.36039927920216247 0.9327981344055967
    outer loop
      vertex 103.86913874894381 84.46546579825785 31.019611785690536
      vertex 107.63368524760008 82.0612299103423 30.090702465359524
      vertex 107.63368524760008 88.2086354665147 32.465836430244316
    endloop
  endfacet
  facet normal -1.2550814130692085e-15 -0.3603992792021625 0.9327981344055968
    outer loop
      vertex 107.63368524760008 82.34954933370403 29.344463957835046
      vertex 108.51840025335551 84.61906119022986 30.221320811492753
      vertex 107.63368524760008 88.49695488987643 31.71959792271984
    endloop
  endfacet
  facet normal -1 0 0
    outer loop
      vertex 108.51840025335551 85.23799140918686 30.46045294154432
      vertex 108.51840025335551 84.94967198582513 31.2066914490688
      vertex 108.51840025335551 87.7938069953333 31.44792714528272
    endloop
  endfacet
  facet normal 1 0 0
    outer loop
      vertex 107.63368524760008 82.34954933370403 29.344463957835046
      vertex 107.63368524760008 88.49695488987643 31.71959792271984
      vertex 107.63368524760008 88.2086354665147 32.465836430244316
    endloop
  endfacet
  facet normal 3.67530006556026e-15 -0.3603992792021615 0.9327981344055971
    outer loop
      vertex 108.51840025335551 84.61906119022986 30.221320811492753
      vertex 108.51840025335551 85.23799140918686 30.46045294154432
      vertex 107.63368524760008 88.49695488987643 31.71959792271984
    endloop
  endfacet
  facet normal -1.6830095014119587e-15 -0.3603992792021628 0.9327981344055966
    outer loop
      vertex 108.51840025335551 85.23799140918686 30.46045294154432
      vertex 108.51840025335551 87.7938069953333 31.44792714528272
      vertex 107.63368524760008 88.49695488987643 31.71959792271984
    endloop
  endfacet
  facet normal -0.829785182482949 -0.5205787110790219 -0.20113268382598398
    outer loop
      vertex 102.24413874894381 87.17063254251848 31.207155197604266
      vertex 103.44026874899865 85.2233642824624 31.312436200042292
      vertex 102.24413874894381 86.88231311915675 31.953393705128743
    endloop
  endfacet
  facet normal -0.8212210585286764 0.5322641077063714 0.20564749615927805
    outer loop
      vertex 103.86913874894381 84.46546579825785 31.019611785690536
      vertex 105.50317374765874 86.65912717137317 31.867162770757815
      vertex 105.50317374765874 86.9474465947349 31.120924263233338
    endloop
  endfacet
  facet normal 3.866754541656472e-16 -0.3603992792021611 0.9327981344055974
    outer loop
      vertex 102.24413874894381 86.88231311915675 31.953393705128743
      vertex 103.44026874899865 85.2233642824624 31.312436200042292
      vertex 104.631978751719 86.86970168617341 31.948521106021545
    endloop
  endfacet
  facet normal 3.8202821162652035e-16 -0.36039927920216175 0.932798134405597
    outer loop
      vertex 102.24413874894381 86.88231311915675 31.953393705128743
      vertex 104.631978751719 86.86970168617341 31.948521106021545
      vertex 104.631978751719 88.2086354665147 32.465836430244316
    endloop
  endfacet
  facet normal 1 0 0
    outer loop
      vertex 104.631978751719 87.15802110953514 31.202282598497067
      vertex 104.631978751719 88.2086354665147 32.465836430244316
      vertex 104.631978751719 86.86970168617341 31.948521106021545
    endloop
  endfacet
  facet normal -5.830858007793601e-16 -0.3603992792021616 0.9327981344055971
    outer loop
      vertex 101.35942375063897 86.9474465947349 31.120924263233338
      vertex 102.24413874894381 87.17063254251848 31.207155197604266
      vertex 101.35942375063897 88.49695488987643 31.71959792271984
    endloop
  endfacet
  facet normal 0 -0.3603992792021612 0.9327981344055973
    outer loop
      vertex 101.35942375063897 88.49695488987643 31.71959792271984
      vertex 102.24413874894381 87.17063254251848 31.207155197604266
      vertex 102.24413874894381 88.49695488987643 31.71959792271984
    endloop
  endfacet
  facet normal -1 0 0
    outer loop
      vertex 102.24413874894381 87.17063254251848 31.207155197604266
      vertex 102.24413874894381 86.88231311915675 31.953393705128743
      vertex 102.24413874894381 88.49695488987643 31.71959792271984
    endloop
  endfacet
  facet normal -1 0 0
    outer loop
      vertex 102.24413874894381 86.88231311915675 31.953393705128743
      vertex 102.24413874894381 88.2086354665147 32.465836430244316
      vertex 102.24413874894381 88.49695488987643 31.71959792271984
    endloop
  endfacet
  facet normal 0 -0.9327981344055979 -0.36039927920215964
    outer loop
      vertex 101.35942375063897 88.49695488987643 31.71959792271984
      vertex 102.24413874894381 88.49695488987643 31.71959792271984
      vertex 102.24413874894381 88.2086354665147 32.465836430244316
    endloop
  endfacet
  facet normal -8.519857972183678e-18 -0.9327981344055979 -0.36039927920215964
    outer loop
      vertex 101.35942375063897 88.49695488987643 31.71959792271984
      vertex 102.24413874894381 88.2086354665147 32.465836430244316
      vertex 101.35942375063897 88.2086354665147 32.465836430244316
    endloop
  endfacet
  facet normal 5.41923187594698e-18 -0.36039927920216114 0.9327981344055971
    outer loop
      vertex 102.24413874894381 86.88231311915675 31.953393705128743
      vertex 104.631978751719 88.2086354665147 32.465836430244316
      vertex 102.24413874894381 88.2086354665147 32.465836430244316
    endloop
  endfacet
  facet normal -3.3282876558816e-17 -0.3603992792021618 0.932798134405597
    outer loop
      vertex 104.631978751719 87.15802110953514 31.202282598497067
      vertex 105.50317374765874 88.49695488987643 31.71959792271984
      vertex 104.631978751719 88.49695488987643 31.71959792271984
    endloop
  endfacet
  facet normal 1 0 0
    outer loop
      vertex 104.631978751719 87.15802110953514 31.202282598497067
      vertex 104.631978751719 88.49695488987643 31.71959792271984
      vertex 104.631978751719 88.2086354665147 32.465836430244316
    endloop
  endfacet
  facet normal -8.652076936331988e-18 -0.9327981344055978 -0.3603992792021596
    outer loop
      vertex 104.631978751719 88.49695488987643 31.71959792271984
      vertex 105.50317374765874 88.2086354665147 32.465836430244316
      vertex 104.631978751719 88.2086354665147 32.465836430244316
    endloop
  endfacet
  facet normal -5.056042569693995e-16 -0.360399279202161 0.9327981344055972
    outer loop
      vertex 103.86913874894381 84.46546579825785 31.019611785690536
      vertex 107.63368524760008 88.2086354665147 32.465836430244316
      vertex 105.50317374765874 86.65912717137317 31.867162770757815
    endloop
  endfacet
  facet normal -1 0 0
    outer loop
      vertex 105.50317374765874 86.9474465947349 31.120924263233338
      vertex 105.50317374765874 86.65912717137317 31.867162770757815
      vertex 105.50317374765874 88.49695488987643 31.71959792271984
    endloop
  endfacet
  facet normal -1 0 0
    outer loop
      vertex 108.51840025335551 84.94967198582513 31.2066914490688
      vertex 108.51840025335551 87.50548757197157 32.1941656528072
      vertex 108.51840025335551 87.7938069953333 31.44792714528272
    endloop
  endfacet
  facet normal -4.570948321858322e-16 -0.3603992792021615 0.9327981344055971
    outer loop
      vertex 104.631978751719 87.15802110953514 31.202282598497067
      vertex 105.50317374765874 86.9474465947349 31.120924263233338
      vertex 105.50317374765874 88.49695488987643 31.71959792271984
    endloop
  endfacet
  facet normal -1 0 0
    outer loop
      vertex 105.50317374765874 86.65912717137317 31.867162770757815
      vertex 105.50317374765874 88.2086354665147 32.465836430244316
      vertex 105.50317374765874 88.49695488987643 31.71959792271984
    endloop
  endfacet
  facet normal 0 -0.9327981344055978 -0.3603992792021596
    outer loop
      vertex 104.631978751719 88.49695488987643 31.71959792271984
      vertex 105.50317374765874 88.49695488987643 31.71959792271984
      vertex 105.50317374765874 88.2086354665147 32.465836430244316
    endloop
  endfacet
  facet normal -8.33051711426175e-18 -0.3603992792021615 0.9327981344055971
    outer loop
      vertex 105.50317374765874 86.65912717137317 31.867162770757815
      vertex 107.63368524760008 88.2086354665147 32.465836430244316
      vertex 105.50317374765874 88.2086354665147 32.465836430244316
    endloop
  endfacet
  facet normal -2.7108276829234066e-18 -0.9327981344055979 -0.3603992792021597
    outer loop
      vertex 107.63368524760008 88.49695488987643 31.71959792271984
      vertex 110.41425524801016 88.2086354665147 32.465836430244316
      vertex 107.63368524760008 88.2086354665147 32.465836430244316
    endloop
  endfacet
  facet normal 1.2249415992230169e-17 -0.36039927920216425 0.932798134405596
    outer loop
      vertex 108.51840025335551 82.0612299103423 30.090702465359524
      vertex 110.40522024929524 84.33074176686813 30.967559319017234
      vertex 108.51840025335551 84.33074176686813 30.967559319017234
    endloop
  endfacet
  facet normal 0 0.9327981344055983 0.36039927920215814
    outer loop
      vertex 108.51840025335551 84.61906119022986 30.221320811492753
      vertex 108.51840025335551 84.33074176686813 30.967559319017234
      vertex 110.40522024929524 84.61906119022986 30.221320811492753
    endloop
  endfacet
  facet normal 0 0.9327981344055983 0.36039927920215814
    outer loop
      vertex 108.51840025335551 84.33074176686813 30.967559319017234
      vertex 110.40522024929524 84.33074176686813 30.967559319017234
      vertex 110.40522024929524 84.61906119022986 30.221320811492753
    endloop
  endfacet
  facet normal 0 -0.36039927920216325 0.9327981344055962
    outer loop
      vertex 108.51840025335551 82.0612299103423 30.090702465359524
      vertex 115.14028175324202 82.0612299103423 30.090702465359524
      vertex 113.44755175113679 84.31806970306467 30.962663294365893
    endloop
  endfacet
  facet normal 7.927731869224752e-16 -0.3603992792021648 0.9327981344055958
    outer loop
      vertex 108.51840025335551 82.0612299103423 30.090702465359524
      vertex 113.44755175113679 84.31806970306467 30.962663294365893
      vertex 110.40522024929524 84.33074176686813 30.967559319017234
    endloop
  endfacet
  facet normal 0.8193704754713649 0.5347399234786764 0.20660406134403225
    outer loop
      vertex 113.44755175113679 84.6063891264264 30.216424786841415
      vertex 113.44755175113679 84.31806970306467 30.962663294365893
      vertex 115.14028175324202 82.34954933370403 29.344463957835046
    endloop
  endfacet
  facet normal 0 0.9327981344055978 0.36039927920215964
    outer loop
      vertex 115.14028175324202 82.34954933370403 29.344463957835046
      vertex 115.14028175324202 82.0612299103423 30.090702465359524
      vertex 116.34999674707652 82.34954933370403 29.344463957835046
    endloop
  endfacet
  facet normal 0 -0.3603992792021599 0.9327981344055978
    outer loop
      vertex 115.14028175324202 82.34954933370403 29.344463957835046
      vertex 116.34999674707652 82.34954933370403 29.344463957835046
      vertex 115.53301175087691 83.09483639187513 29.632415775764787
    endloop
  endfacet
  facet normal 0 -0.36039927920216 0.9327981344055978
    outer loop
      vertex 115.53301175087691 83.09483639187513 29.632415775764787
      vertex 116.34999674707652 82.34954933370403 29.344463957835046
      vertex 115.95278175324202 83.09483639187513 29.632415775764787
    endloop
  endfacet
  facet normal 0.8193704754713649 0.5347399234786764 0.20660406134403225
    outer loop
      vertex 115.14028175324202 82.34954933370403 29.344463957835046
      vertex 113.44755175113679 84.31806970306467 30.962663294365893
      vertex 115.14028175324202 82.0612299103423 30.090702465359524
    endloop
  endfacet
  facet normal 0 0.9327981344055978 0.36039927920215964
    outer loop
      vertex 115.14028175324202 82.0612299103423 30.090702465359524
      vertex 116.34999674707652 82.0612299103423 30.090702465359524
      vertex 116.34999674707652 82.34954933370403 29.344463957835046
    endloop
  endfacet
  facet normal 0 -0.9327981344055984 -0.3603992792021582
    outer loop
      vertex 115.53301175087691 83.09483639187513 29.632415775764787
      vertex 115.95278175324202 83.09483639187513 29.632415775764787
      vertex 115.95278175324202 82.8065169685134 30.37865428328927
    endloop
  endfacet
  facet normal -1.0095344917589036e-17 -0.9327981344055984 -0.3603992792021582
    outer loop
      vertex 115.53301175087691 83.09483639187513 29.632415775764787
      vertex 115.95278175324202 82.8065169685134 30.37865428328927
      vertex 115.53301175087691 82.8065169685134 30.37865428328927
    endloop
  endfacet
  facet normal 3.0269588925439265e-15 -0.36039927920216125 0.9327981344055972
    outer loop
      vertex 113.44755175113679 84.6063891264264 30.216424786841415
      vertex 115.14028175324202 82.34954933370403 29.344463957835046
      vertex 115.53301175087691 83.09483639187513 29.632415775764787
    endloop
  endfacet
  facet normal 3.1071265018400282e-15 -0.3603992792021613 0.9327981344055972
    outer loop
      vertex 113.44755175113679 84.6063891264264 30.216424786841415
      vertex 115.53301175087691 83.09483639187513 29.632415775764787
      vertex 114.31426175087691 84.85061433713895 30.31078452734399
    endloop
  endfacet
  facet normal -0.8394052462610391 -0.5069814347666779 -0.19587919070530474
    outer loop
      vertex 115.53301175087691 83.09483639187513 29.632415775764787
      vertex 115.53301175087691 82.8065169685134 30.37865428328927
      vertex 114.31426175087691 84.85061433713895 30.31078452734399
    endloop
  endfacet
  facet normal -0.8394052462610389 -0.5069814347666779 -0.19587919070530566
    outer loop
      vertex 115.53301175087691 82.8065169685134 30.37865428328927
      vertex 114.31426175087691 84.56229491377722 31.057023034868468
      vertex 114.31426175087691 84.85061433713895 30.31078452734399
    endloop
  endfacet
  facet normal 1.8160650200522728e-17 -0.3603992792021615 0.9327981344055971
    outer loop
      vertex 115.53301175087691 82.8065169685134 30.37865428328927
      vertex 117.17608174830676 84.56229491377722 31.057023034868468
      vertex 114.31426175087691 84.56229491377722 31.057023034868468
    endloop
  endfacet
  facet normal -1.6397685365618362e-18 -0.3603992792021616 0.9327981344055972
    outer loop
      vertex 108.51840025335551 84.61906119022986 30.221320811492753
      vertex 109.99448525309563 85.23799140918686 30.46045294154432
      vertex 108.51840025335551 85.23799140918686 30.46045294154432
    endloop
  endfacet
  facet normal 0 -0.3603992792021615 0.932798134405597
    outer loop
      vertex 108.51840025335551 84.61906119022986 30.221320811492753
      vertex 110.40522024929524 84.61906119022986 30.221320811492753
      vertex 109.99448525309563 85.23799140918686 30.46045294154432
    endloop
  endfacet
  facet normal 0 -0.9327981344055978 -0.36039927920215964
    outer loop
      vertex 108.51840025335551 85.23799140918686 30.46045294154432
      vertex 109.99448525309563 85.23799140918686 30.46045294154432
      vertex 109.99448525309563 84.94967198582513 31.2066914490688
    endloop
  endfacet
  facet normal -1.1440792972827124e-15 -0.36039927920216225 0.9327981344055969
    outer loop
      vertex 110.40522024929524 84.61906119022986 30.221320811492753
      vertex 110.96045024842024 86.2485429340496 30.850893303423106
      vertex 109.99448525309563 85.23799140918686 30.46045294154432
    endloop
  endfacet
  facet normal -5.1065122487831346e-18 -0.9327981344055978 -0.36039927920215964
    outer loop
      vertex 108.51840025335551 85.23799140918686 30.46045294154432
      vertex 109.99448525309563 84.94967198582513 31.2066914490688
      vertex 108.51840025335551 84.94967198582513 31.2066914490688
    endloop
  endfacet
  facet normal 0.7463880186209578 -0.6207874434311553 -0.23984969405294432
    outer loop
      vertex 109.99448525309563 85.23799140918686 30.46045294154432
      vertex 110.96045024842024 85.96022351068787 31.597131810947584
      vertex 109.99448525309563 84.94967198582513 31.2066914490688
    endloop
  endfacet
  facet normal -0.7264684162745142 0.6410187423301572 0.24766633226392104
    outer loop
      vertex 110.40522024929524 84.61906119022986 30.221320811492753
      vertex 110.40522024929524 84.33074176686813 30.967559319017234
      vertex 111.82709524929524 86.02117338322832 30.76304597696943
    endloop
  endfacet
  facet normal 3.0272048969505564e-16 -0.36039927920216264 0.9327981344055967
    outer loop
      vertex 110.40522024929524 84.61906119022986 30.221320811492753
      vertex 111.82709524929524 86.02117338322832 30.76304597696943
      vertex 110.96045024842024 86.2485429340496 30.850893303423106
    endloop
  endfacet
  facet normal -0.726468416274514 0.6410187423301569 0.24766633226392212
    outer loop
      vertex 110.40522024929524 84.33074176686813 30.967559319017234
      vertex 111.82709524929524 85.73285395986659 31.509284484493907
      vertex 111.82709524929524 86.02117338322832 30.76304597696943
    endloop
  endfacet
  facet normal 0.7463880186209578 -0.6207874434311554 -0.23984969405294432
    outer loop
      vertex 109.99448525309563 85.23799140918686 30.46045294154432
      vertex 110.96045024842024 86.2485429340496 30.850893303423106
      vertex 110.96045024842024 85.96022351068787 31.597131810947584
    endloop
  endfacet
  facet normal 7.986755857918419e-16 -0.360399279202161 0.9327981344055973
    outer loop
      vertex 110.40522024929524 84.33074176686813 30.967559319017234
      vertex 113.44755175113679 84.31806970306467 30.962663294365893
      vertex 111.82709524929524 85.73285395986659 31.509284484493907
    endloop
  endfacet
  facet normal 6.124040556337489e-16 -0.3603992792021631 0.9327981344055966
    outer loop
      vertex 110.96045024842024 86.2485429340496 30.850893303423106
      vertex 111.82709524929524 87.30117297782039 31.257591274880003
      vertex 110.96045024842024 87.01486924819977 31.146973924799312
    endloop
  endfacet
  facet normal 2.2256480156915684e-16 -0.36039927920216286 0.9327981344055968
    outer loop
      vertex 111.82709524929524 86.02117338322832 30.76304597696943
      vertex 111.82709524929524 87.30117297782039 31.257591274880003
      vertex 110.96045024842024 86.2485429340496 30.850893303423106
    endloop
  endfacet
  facet normal -1 0 0
    outer loop
      vertex 111.82709524929524 86.02117338322832 30.76304597696943
      vertex 111.82709524929524 85.73285395986659 31.509284484493907
      vertex 111.82709524929524 87.30117297782039 31.257591274880003
    endloop
  endfacet
  facet normal 3.993129254326139e-15 -0.360399279202164 0.9327981344055961
    outer loop
      vertex 113.44755175113679 84.6063891264264 30.216424786841415
      vertex 114.31426175087691 84.85061433713895 30.31078452734399
      vertex 114.31426175087691 86.02535698626602 30.76466236905218
    endloop
  endfacet
  facet normal -1.901758399269553e-15 -0.3603992792021608 0.9327981344055974
    outer loop
      vertex 113.44755175113679 84.6063891264264 30.216424786841415
      vertex 114.31426175087691 86.02535698626602 30.76466236905218
      vertex 113.44755175113679 86.26958219002869 30.85902210686957
    endloop
  endfacet
  facet normal 1 0 0
    outer loop
      vertex 113.44755175113679 84.6063891264264 30.216424786841415
      vertex 113.44755175113679 85.98126276666696 31.605260614394048
      vertex 113.44755175113679 84.31806970306467 30.962663294365893
    endloop
  endfacet
  facet normal 1 0 0
    outer loop
      vertex 113.44755175113679 84.6063891264264 30.216424786841415
      vertex 113.44755175113679 86.26958219002869 30.85902210686957
      vertex 113.44755175113679 85.98126276666696 31.605260614394048
    endloop
  endfacet
  facet normal -1 0 0
    outer loop
      vertex 114.31426175087691 84.56229491377722 31.057023034868468
      vertex 114.31426175087691 86.02535698626602 30.76466236905218
      vertex 114.31426175087691 84.85061433713895 30.31078452734399
    endloop
  endfacet
  facet normal -1 0 0
    outer loop
      vertex 114.31426175087691 84.56229491377722 31.057023034868468
      vertex 114.31426175087691 85.73703756290429 31.510900876576656
      vertex 114.31426175087691 86.02535698626602 30.76466236905218
    endloop
  endfacet
  facet normal -2.1012136307655633e-15 -0.36039927920216136 0.9327981344055971
    outer loop
      vertex 113.44755175113679 86.26958219002869 30.85902210686957
      vertex 114.31426175087691 86.02535698626602 30.76466236905218
      vertex 115.55556675195695 87.75166783865522 31.43164610747528
    endloop
  endfacet
  facet normal -0.8304898585463958 0.5196000396297373 0.20075456076603315
    outer loop
      vertex 114.31426175087691 86.02535698626602 30.76466236905218
      vertex 114.31426175087691 85.73703756290429 31.510900876576656
      vertex 115.55556675195695 87.75166783865522 31.43164610747528
    endloop
  endfacet
  facet normal 0 -0.3603992792021632 0.9327981344055966
    outer loop
      vertex 108.51840025335551 84.94967198582513 31.2066914490688
      vertex 109.99448525309563 84.94967198582513 31.2066914490688
      vertex 110.96045024842024 85.96022351068787 31.597131810947584
    endloop
  endfacet
  facet normal -5.624633052120551e-17 -0.3603992792021631 0.9327981344055964
    outer loop
      vertex 108.51840025335551 84.94967198582513 31.2066914490688
      vertex 110.96045024842024 85.96022351068787 31.597131810947584
      vertex 110.96045024842024 86.72654982483805 31.89321243232379
    endloop
  endfacet
  facet normal 1.176472850648665e-15 -0.3603992792021645 0.932798134405596
    outer loop
      vertex 108.51840025335551 84.94967198582513 31.2066914490688
      vertex 110.96045024842024 86.72654982483805 31.89321243232379
      vertex 110.02607525289059 87.50548757197157 32.1941656528072
    endloop
  endfacet
  facet normal 0.6663671878816821 0.695516439434718 0.26872226069068295
    outer loop
      vertex 110.96045024842024 87.01486924819977 31.146973924799312
      vertex 110.02607525289059 87.7938069953333 31.44792714528272
      vertex 110.02607525289059 87.50548757197157 32.1941656528072
    endloop
  endfacet
  facet normal -4.53766002832694e-17 -0.360399279202164 0.9327981344055963
    outer loop
      vertex 108.51840025335551 84.94967198582513 31.2066914490688
      vertex 110.02607525289059 87.50548757197157 32.1941656528072
      vertex 108.51840025335551 87.50548757197157 32.1941656528072
    endloop
  endfacet
  facet normal 1 0 0
    outer loop
      vertex 110.96045024842024 86.2485429340496 30.850893303423106
      vertex 110.96045024842024 86.72654982483805 31.89321243232379
      vertex 110.96045024842024 85.96022351068787 31.597131810947584
    endloop
  endfacet
  facet normal 1 0 0
    outer loop
      vertex 110.96045024842024 86.2485429340496 30.850893303423106
      vertex 110.96045024842024 87.01486924819977 31.146973924799312
      vertex 110.96045024842024 86.72654982483805 31.89321243232379
    endloop
  endfacet
  facet normal 0.6663671878816827 0.6955164394347171 0.26872226069068383
    outer loop
      vertex 110.96045024842024 87.01486924819977 31.146973924799312
      vertex 110.02607525289059 87.50548757197157 32.1941656528072
      vertex 110.96045024842024 86.72654982483805 31.89321243232379
    endloop
  endfacet
  facet normal -1 0 0
    outer loop
      vertex 111.82709524929524 87.30117297782039 31.257591274880003
      vertex 111.82709524929524 85.73285395986659 31.509284484493907
      vertex 111.82709524929524 87.01285355445866 32.00382978240448
    endloop
  endfacet
  facet normal 1.3760791040847299e-15 -0.36039927920216286 0.9327981344055967
    outer loop
      vertex 111.82709524929524 85.73285395986659 31.509284484493907
      vertex 113.44755175113679 85.98126276666696 31.605260614394048
      vertex 111.82709524929524 87.01285355445866 32.00382978240448
    endloop
  endfacet
  facet normal 0 -0.3603992792021609 0.9327981344055972
    outer loop
      vertex 108.51840025335551 87.7938069953333 31.44792714528272
      vertex 110.02607525289059 87.7938069953333 31.44792714528272
      vertex 110.41425524801016 88.49695488987643 31.71959792271984
    endloop
  endfacet
  facet normal 0 0.9327981344055983 0.3603992792021582
    outer loop
      vertex 108.51840025335551 87.7938069953333 31.44792714528272
      vertex 108.51840025335551 87.50548757197157 32.1941656528072
      vertex 110.02607525289059 87.7938069953333 31.44792714528272
    endloop
  endfacet
  facet normal 0 -0.3603992792021609 0.9327981344055974
    outer loop
      vertex 107.63368524760008 88.49695488987643 31.71959792271984
      vertex 108.51840025335551 87.7938069953333 31.44792714528272
      vertex 110.41425524801016 88.49695488987643 31.71959792271984
    endloop
  endfacet
  facet normal 7.644503295887855e-16 -0.36039927920216125 0.9327981344055972
    outer loop
      vertex 110.96045024842024 87.01486924819977 31.146973924799312
      vertex 110.41425524801016 88.49695488987643 31.71959792271984
      vertex 110.02607525289059 87.7938069953333 31.44792714528272
    endloop
  endfacet
  facet normal 0 0.9327981344055983 0.3603992792021582
    outer loop
      vertex 108.51840025335551 87.50548757197157 32.1941656528072
      vertex 110.02607525289059 87.50548757197157 32.1941656528072
      vertex 110.02607525289059 87.7938069953333 31.44792714528272
    endloop
  endfacet
  facet normal 0 -0.9327981344055979 -0.3603992792021597
    outer loop
      vertex 107.63368524760008 88.49695488987643 31.71959792271984
      vertex 110.41425524801016 88.49695488987643 31.71959792271984
      vertex 110.41425524801016 88.2086354665147 32.465836430244316
    endloop
  endfacet
  facet normal 6.928602923385606e-18 -0.3603992792021615 0.9327981344055971
    outer loop
      vertex 110.96045024842024 87.01486924819977 31.146973924799312
      vertex 111.82709524929524 87.30117297782039 31.257591274880003
      vertex 110.41425524801016 88.49695488987643 31.71959792271984
    endloop
  endfacet
  facet normal -0.6719636068630606 -0.6908155310108377 -0.2669060006178213
    outer loop
      vertex 111.82709524929524 87.30117297782039 31.257591274880003
      vertex 111.82709524929524 87.01285355445866 32.00382978240448
      vertex 110.41425524801016 88.49695488987643 31.71959792271984
    endloop
  endfacet
  facet normal -0.6719636068630606 -0.6908155310108377 -0.2669060006178213
    outer loop
      vertex 111.82709524929524 87.01285355445866 32.00382978240448
      vertex 110.41425524801016 88.2086354665147 32.465836430244316
      vertex 110.41425524801016 88.49695488987643 31.71959792271984
    endloop
  endfacet
  facet normal 1.0124686946257554e-15 -0.36039927920216075 0.9327981344055973
    outer loop
      vertex 113.44755175113679 84.31806970306467 30.962663294365893
      vertex 113.44755175113679 85.98126276666696 31.605260614394048
      vertex 111.82709524929524 85.73285395986659 31.509284484493907
    endloop
  endfacet
  facet normal 0.8158079474514675 -0.5394585352773804 -0.20842716135716785
    outer loop
      vertex 113.44755175113679 86.26958219002869 30.85902210686957
      vertex 115.14028175324202 88.2086354665147 32.465836430244316
      vertex 113.44755175113679 85.98126276666696 31.605260614394048
    endloop
  endfacet
  facet normal 8.36653543611354e-16 -0.3603992792021635 0.9327981344055963
    outer loop
      vertex 111.82709524929524 87.01285355445866 32.00382978240448
      vertex 113.44755175113679 85.98126276666696 31.605260614394048
      vertex 115.14028175324202 88.2086354665147 32.465836430244316
    endloop
  endfacet
  facet normal -1.3274464385009586e-17 -0.3603992792021639 0.9327981344055961
    outer loop
      vertex 114.31426175087691 84.56229491377722 31.057023034868468
      vertex 117.17608174830676 85.73703756290429 31.510900876576656
      vertex 114.31426175087691 85.73703756290429 31.510900876576656
    endloop
  endfacet
  facet normal 0 -0.360399279202161 0.9327981344055973
    outer loop
      vertex 114.31426175087691 85.73703756290429 31.510900876576656
      vertex 117.17608174830676 85.73703756290429 31.510900876576656
      vertex 115.9798867493868 87.4633484152935 32.177884614999755
    endloop
  endfacet
  facet normal -0.830489858546396 0.5196000396297374 0.20075456076603215
    outer loop
      vertex 114.31426175087691 85.73703756290429 31.510900876576656
      vertex 115.55556675195695 87.4633484152935 32.17788461499976
      vertex 115.55556675195695 87.75166783865522 31.43164610747528
    endloop
  endfacet
  facet normal 1.576138035970929e-14 -0.36039927920217407 0.9327981344055922
    outer loop
      vertex 114.31426175087691 85.73703756290429 31.510900876576656
      vertex 115.9798867493868 87.4633484152935 32.177884614999755
      vertex 115.55556675195695 87.4633484152935 32.17788461499976
    endloop
  endfacet
  facet normal 5.657930882252415e-18 -0.36039927920216147 0.9327981344055971
    outer loop
      vertex 111.82709524929524 87.01285355445866 32.00382978240448
      vertex 115.14028175324202 88.2086354665147 32.465836430244316
      vertex 110.41425524801016 88.2086354665147 32.465836430244316
    endloop
  endfacet
  facet normal -1.695518573251999e-15 -0.36039927920216186 0.932798134405597
    outer loop
      vertex 113.44755175113679 86.26958219002869 30.85902210686957
      vertex 115.55556675195695 87.75166783865522 31.43164610747528
      vertex 115.14028175324202 88.49695488987643 31.71959792271984
    endloop
  endfacet
  facet normal 0.8158079474514676 -0.5394585352773804 -0.20842716135716788
    outer loop
      vertex 113.44755175113679 86.26958219002869 30.85902210686957
      vertex 115.14028175324202 88.49695488987643 31.71959792271984
      vertex 115.14028175324202 88.2086354665147 32.465836430244316
    endloop
  endfacet
  facet normal 0 -0.36039927920216097 0.9327981344055973
    outer loop
      vertex 115.55556675195695 87.75166783865522 31.43164610747528
      vertex 115.9798867493868 87.75166783865522 31.43164610747528
      vertex 115.14028175324202 88.49695488987643 31.71959792271984
    endloop
  endfacet
  facet normal -9.987092254905075e-18 0.9327981344055984 0.36039927920215814
    outer loop
      vertex 115.55556675195695 87.4633484152935 32.17788461499976
      vertex 115.9798867493868 87.75166783865522 31.43164610747528
      vertex 115.55556675195695 87.75166783865522 31.43164610747528
    endloop
  endfacet
  facet normal -1.871836553236124e-19 -0.360399279202161 0.9327981344055974
    outer loop
      vertex 115.9798867493868 87.75166783865522 31.43164610747528
      vertex 116.40869175046683 88.49695488987643 31.71959792271984
      vertex 115.14028175324202 88.49695488987643 31.71959792271984
    endloop
  endfacet
  facet normal 6.035046459308318e-15 0.9327981344055972 0.3603992792021611
    outer loop
      vertex 115.55556675195695 87.4633484152935 32.17788461499976
      vertex 115.9798867493868 87.4633484152935 32.177884614999755
      vertex 115.9798867493868 87.75166783865522 31.43164610747528
    endloop
  endfacet
  facet normal 0 -0.9327981344055978 -0.36039927920215964
    outer loop
      vertex 115.14028175324202 88.49695488987643 31.71959792271984
      vertex 116.40869175046683 88.49695488987643 31.71959792271984
      vertex 116.40869175046683 88.2086354665147 32.465836430244316
    endloop
  endfacet
  facet normal -5.942594388178771e-18 -0.9327981344055978 -0.36039927920215964
    outer loop
      vertex 115.14028175324202 88.49695488987643 31.71959792271984
      vertex 116.40869175046683 88.2086354665147 32.465836430244316
      vertex 115.14028175324202 88.2086354665147 32.465836430244316
    endloop
  endfacet
  facet normal 1 0 0
    outer loop
      vertex 2.4000000000000004 90.22441797333937 0
      vertex 2.4000000000000004 92.65 2.6
      vertex 2.4000000000000004 89.65380825953298 2.6
    endloop
  endfacet
  facet normal 0 0 -1
    outer loop
      vertex 9.058359213500125 89.06068460550193 2.6
      vertex 2.4000000000000004 92.65 2.6
      vertex 9.589315394498065 89.59164078649988 2.6
    endloop
  endfacet
  facet normal 0 0 -1
    outer loop
      vertex 9.589315394498065 89.59164078649988 2.6
      vertex 2.4000000000000004 92.65 2.6
      vertex 10.258359213500126 89.93253563910838 2.6
    endloop
  endfacet
  facet normal 0 0 -1
    outer loop
      vertex 10.258359213500126 89.93253563910838 2.6
      vertex 2.4000000000000004 92.65 2.6
      vertex 11 90.05000000000001 2.6
    endloop
  endfacet
  facet normal 0 0 -1
    outer loop
      vertex 11 90.05000000000001 2.6
      vertex 2.4000000000000004 92.65 2.6
      vertex 16 92.65 2.6
    endloop
  endfacet
  facet normal 0 0 -1
    outer loop
      vertex 11 90.05000000000001 2.6
      vertex 16 92.65 2.6
      vertex 11.741640786499874 89.93253563910838 2.6
    endloop
  endfacet
  facet normal 0 0 -1
    outer loop
      vertex 11.741640786499874 89.93253563910838 2.6
      vertex 16 92.65 2.6
      vertex 12.410684605501935 89.59164078649988 2.6
    endloop
  endfacet
  facet normal 0 0 -1
    outer loop
      vertex 12.410684605501935 89.59164078649988 2.6
      vertex 16 92.65 2.6
      vertex 12.941640786499875 89.06068460550193 2.6
    endloop
  endfacet
  facet normal 0 1 0
    outer loop
      vertex 2.4000000000000004 92.65 2.6
      vertex 2.4000000000000004 92.65 12.6
      vertex 16 92.65 2.6
    endloop
  endfacet
  facet normal 0 1 0
    outer loop
      vertex 16 92.65 2.6
      vertex 2.4000000000000004 92.65 12.6
      vertex 16 92.65 12.6
    endloop
  endfacet
  facet normal 0 0 -1
    outer loop
      vertex 0 84.65 0
      vertex 0 172.65 0
      vertex 2.4000000000000004 84.65 0
    endloop
  endfacet
  facet normal 0 0 -1
    outer loop
      vertex 2.4000000000000004 84.65 0
      vertex 0 172.65 0
      vertex 2.4000000000000004 90.22441797333937 0
    endloop
  endfacet
  facet normal 1 0 0
    outer loop
      vertex 2.4000000000000004 90.22441797333937 0
      vertex 2.4000000000000004 172.65 0
      vertex 2.4000000000000004 92.65 2.6
    endloop
  endfacet
  facet normal 1 0 0
    outer loop
      vertex 2.4000000000000004 92.65 2.6
      vertex 2.4000000000000004 172.65 0
      vertex 2.4000000000000004 92.65 12.6
    endloop
  endfacet
  facet normal -1 0 0
    outer loop
      vertex 0 84.65 0
      vertex 0 84.65 28
      vertex 0 172.65 0
    endloop
  endfacet
  facet normal -1.277771758196599e-15 0.3603992792021627 -0.9327981344055968
    outer loop
      vertex 32.42487437503149 89.00973420961235 25.37825301153311
      vertex 31.792798502486576 90.16688778319285 25.825335074052852
      vertex 32.42487437503149 93.88947059186127 27.26360570467474
    endloop
  endfacet
  facet normal 1.5044785534162857e-14 0.36039927920216325 -0.9327981344055966
    outer loop
      vertex 31.792798502486576 90.16688778319285 25.825335074052852
      vertex 31.575000000000003 91.44960240073681 26.320929358103925
      vertex 31.792798502486576 92.73231701828077 26.816523642155005
    endloop
  endfacet
  facet normal -5.088770250232846e-15 0.36039927920216325 -0.9327981344055966
    outer loop
      vertex 31.792798502486576 90.16688778319285 25.825335074052852
      vertex 31.792798502486576 92.73231701828077 26.816523642155005
      vertex 32.42487437503149 93.88947059186127 27.26360570467474
    endloop
  endfacet
  facet normal 1.590099892217174e-15 0.3603992792021627 -0.9327981344055967
    outer loop
      vertex 33.409355627298496 88.0914119341404 25.02344667782804
      vertex 32.42487437503149 89.00973420961235 25.37825301153311
      vertex 33.409355627298496 94.80779286733322 27.618412038379816
    endloop
  endfacet
  facet normal -1.5456242840555367e-16 0.3603992792021627 -0.9327981344055967
    outer loop
      vertex 33.409355627298496 88.0914119341404 25.02344667782804
      vertex 33.409355627298496 94.80779286733322 27.618412038379816
      vertex 33.625 91.44960240073681 26.32092935810393
    endloop
  endfacet
  facet normal 1.8653655809571117e-15 0.36039927920216264 -0.9327981344055967
    outer loop
      vertex 32.42487437503149 89.00973420961235 25.37825301153311
      vertex 32.42487437503149 93.88947059186127 27.26360570467474
      vertex 33.409355627298496 94.80779286733322 27.618412038379816
    endloop
  endfacet
  facet normal -1.6502888603112633e-14 0.3603992792021618 -0.9327981344055971
    outer loop
      vertex 33.625 91.44960240073681 26.32092935810393
      vertex 33.409355627298496 94.80779286733322 27.618412038379816
      vertex 33.74246436089163 92.141403542783 26.588216162985407
    endloop
  endfacet
  facet normal -6.365638806640714e-15 0.3603992792021629 -0.9327981344055966
    outer loop
      vertex 33.74246436089163 92.141403542783 26.588216162985407
      vertex 33.409355627298496 94.80779286733322 27.618412038379816
      vertex 34.08335921350013 92.76548636898372 26.82933907310841
    endloop
  endfacet
  facet normal -0.9876883405951369 -0.14592177714626964 -0.056378868442877164
    outer loop
      vertex 31.792798502486576 90.16688778319285 25.825335074052852
      vertex 31.575000000000003 90.14864512705087 29.688112889996926
      vertex 31.575000000000003 91.44960240073681 26.320929358103925
    endloop
  endfacet
  facet normal -0.9876883405951369 0.14592177714626953 0.056378868442876574
    outer loop
      vertex 31.575000000000003 91.44960240073681 26.320929358103925
      vertex 31.792798502486576 91.43135974459484 30.183707174048003
      vertex 31.792798502486576 92.73231701828077 26.816523642155005
    endloop
  endfacet
  facet normal -0.9876883405951372 0.14592177714626814 0.05637886844287658
    outer loop
      vertex 31.575000000000003 90.14864512705087 29.688112889996926
      vertex 31.792798502486576 91.43135974459484 30.183707174048003
      vertex 31.575000000000003 91.44960240073681 26.320929358103925
    endloop
  endfacet
  facet normal -0.8910065241883681 0.42348149119491285 0.1636178488707627
    outer loop
      vertex 31.792798502486576 92.73231701828077 26.816523642155005
      vertex 32.42487437503149 92.58851331817533 30.63078923656774
      vertex 32.42487437503149 93.88947059186127 27.26360570467474
    endloop
  endfacet
  facet normal -0.8910065241883662 0.423481491194917 0.16361784887076253
    outer loop
      vertex 31.792798502486576 92.73231701828077 26.816523642155005
      vertex 31.792798502486576 91.43135974459484 30.183707174048003
      vertex 32.42487437503149 92.58851331817533 30.63078923656774
    endloop
  endfacet
  facet normal 0.9876883405951379 0.14592177714626361 0.05637886844287459
    outer loop
      vertex 33.625 89.71968586056643 30.79836040325079
      vertex 33.74246436089163 90.75780125869062 26.05364255322245
      vertex 33.625 91.44960240073681 26.32092935810393
    endloop
  endfacet
  facet normal 0.987688340595138 -0.14592177714626342 -0.056378868442874985
    outer loop
      vertex 33.625 91.44960240073681 26.32092935810393
      vertex 33.74246436089163 92.141403542783 26.588216162985407
      vertex 33.74246436089163 90.4114870026126 31.06564720813227
    endloop
  endfacet
  facet normal 0.8910065241883652 -0.4234814911949183 -0.16361784887076514
    outer loop
      vertex 33.74246436089163 92.141403542783 26.588216162985407
      vertex 34.08335921350013 92.76548636898372 26.82933907310841
      vertex 34.08335921350013 91.03556982881332 31.306770118255276
    endloop
  endfacet
  facet normal 0.7071067811865447 -0.6595878863163608 -0.2548407742585937
    outer loop
      vertex 34.08335921350013 92.76548636898372 26.82933907310841
      vertex 34.614315394498064 93.2607613040697 27.020695298028
      vertex 34.614315394498064 91.53084476389932 31.498126343174867
    endloop
  endfacet
  facet normal 0.45399049973954775 -0.8311292235061244 -0.3211181090819115
    outer loop
      vertex 34.614315394498064 93.2607613040697 27.020695298028
      vertex 35.283359213500134 93.57874738661138 27.14355355719183
      vertex 35.283359213500134 91.848830846441 31.620984602338694
    endloop
  endfacet
  facet normal 0.15643446504022537 -0.9213138414813049 -0.3559621660268679
    outer loop
      vertex 35.283359213500134 93.57874738661138 27.14355355719183
      vertex 36.025000000000006 93.68831792331024 27.185887628189118
      vertex 36.025000000000006 91.95840138313986 31.66331867333598
    endloop
  endfacet
  facet normal -3.680133170630357e-15 0.36039927920216364 -0.9327981344055961
    outer loop
      vertex 34.08335921350013 92.76548636898372 26.82933907310841
      vertex 33.409355627298496 94.80779286733322 27.618412038379816
      vertex 34.64987437503149 95.39739206204591 27.84621172724608
    endloop
  endfacet
  facet normal 2.761416758206353e-15 0.36039927920216247 -0.9327981344055969
    outer loop
      vertex 34.08335921350013 92.76548636898372 26.82933907310841
      vertex 34.64987437503149 95.39739206204591 27.84621172724608
      vertex 34.614315394498064 93.2607613040697 27.020695298028
    endloop
  endfacet
  facet normal -5.73723929906828e-17 0.36039927920216247 -0.9327981344055967
    outer loop
      vertex 34.614315394498064 93.2607613040697 27.020695298028
      vertex 34.64987437503149 95.39739206204591 27.84621172724608
      vertex 35.283359213500134 93.57874738661138 27.14355355719183
    endloop
  endfacet
  facet normal 4.94725396668246e-15 0.36039927920216197 -0.932798134405597
    outer loop
      vertex 35.283359213500134 93.57874738661138 27.14355355719183
      vertex 36.025000000000006 95.60055409884171 27.92470615055355
      vertex 36.025000000000006 93.68831792331024 27.185887628189118
    endloop
  endfacet
  facet normal 1.648501867894322e-15 0.360399279202163 -0.9327981344055966
    outer loop
      vertex 35.283359213500134 93.57874738661138 27.14355355719183
      vertex 34.64987437503149 95.39739206204591 27.84621172724608
      vertex 36.025000000000006 95.60055409884171 27.92470615055355
    endloop
  endfacet
  facet normal -0.7071067811865498 0.6595878863163555 0.2548407742585933
    outer loop
      vertex 32.42487437503149 93.88947059186127 27.26360570467474
      vertex 33.409355627298496 93.50683559364728 30.985595570272814
      vertex 33.409355627298496 94.80779286733322 27.618412038379816
    endloop
  endfacet
  facet normal -0.4539904997395462 0.8311292235061245 0.32111810908191324
    outer loop
      vertex 33.409355627298496 94.80779286733322 27.618412038379816
      vertex 34.64987437503149 94.09643478835997 31.21339525913908
      vertex 34.64987437503149 95.39739206204591 27.84621172724608
    endloop
  endfacet
  facet normal -0.15643446504023173 0.9213138414813046 0.3559621660268658
    outer loop
      vertex 34.64987437503149 95.39739206204591 27.84621172724608
      vertex 36.025000000000006 94.29959682515579 31.29188968244655
      vertex 36.025000000000006 95.60055409884171 27.92470615055355
    endloop
  endfacet
  facet normal -1.5079765558928181e-15 0.36039927920216264 -0.9327981344055967
    outer loop
      vertex 38.640644372701516 88.0914119341404 25.02344667782804
      vertex 39.62512562496852 93.88947059186127 27.26360570467474
      vertex 39.62512562496852 89.00973420961235 25.37825301153311
    endloop
  endfacet
  facet normal -1.5456242840555367e-16 0.3603992792021627 -0.9327981344055967
    outer loop
      vertex 38.640644372701516 88.0914119341404 25.02344667782804
      vertex 38.42500000000001 91.44960240073681 26.32092935810393
      vertex 38.640644372701516 94.80779286733322 27.618412038379816
    endloop
  endfacet
  facet normal -1.836331634731939e-15 0.3603992792021627 -0.9327981344055967
    outer loop
      vertex 38.640644372701516 88.0914119341404 25.02344667782804
      vertex 38.640644372701516 94.80779286733322 27.618412038379816
      vertex 39.62512562496852 93.88947059186127 27.26360570467474
    endloop
  endfacet
  facet normal 3.980046372850877e-15 0.3603992792021627 -0.9327981344055968
    outer loop
      vertex 39.62512562496852 89.00973420961235 25.37825301153311
      vertex 39.62512562496852 93.88947059186127 27.26360570467474
      vertex 40.257201497513435 92.73231701828077 26.816523642155005
    endloop
  endfacet
  facet normal 1.6491235369202418e-14 0.3603992792021618 -0.9327981344055971
    outer loop
      vertex 38.42500000000001 91.44960240073681 26.32092935810393
      vertex 38.30753563910838 92.141403542783 26.588216162985407
      vertex 38.640644372701516 94.80779286733322 27.618412038379816
    endloop
  endfacet
  facet normal -2.669439544369618e-16 0.36039927920216475 -0.9327981344055959
    outer loop
      vertex 37.96664078649988 92.76548636898372 26.82933907310841
      vertex 37.43568460550195 93.2607613040697 27.020695298028
      vertex 38.640644372701516 94.80779286733322 27.618412038379816
    endloop
  endfacet
  facet normal 6.33253801024354e-15 0.3603992792021629 -0.9327981344055966
    outer loop
      vertex 37.96664078649988 92.76548636898372 26.82933907310841
      vertex 38.640644372701516 94.80779286733322 27.618412038379816
      vertex 38.30753563910838 92.141403542783 26.588216162985407
    endloop
  endfacet
  facet normal 1.9054793794334605e-16 0.36039927920216325 -0.9327981344055963
    outer loop
      vertex 39.62512562496852 89.00973420961235 25.37825301153311
      vertex 40.257201497513435 92.73231701828077 26.816523642155005
      vertex 40.257201497513435 90.16688778319285 25.825335074052852
    endloop
  endfacet
  facet normal -1.5369314593521684e-14 0.36039927920216325 -0.9327981344055966
    outer loop
      vertex 40.257201497513435 90.16688778319285 25.825335074052852
      vertex 40.257201497513435 92.73231701828077 26.816523642155005
      vertex 40.47500000000001 91.44960240073681 26.320929358103925
    endloop
  endfacet
  facet normal -0.9876883405951379 0.1459217771462636 0.05637886844287458
    outer loop
      vertex 38.30753563910838 89.02788471852024 30.53107359836931
      vertex 38.42500000000001 91.44960240073681 26.32092935810393
      vertex 38.30753563910838 90.75780125869062 26.05364255322245
    endloop
  endfacet
  facet normal -0.9876883405951379 -0.1459217771462636 -0.05637886844287458
    outer loop
      vertex 38.42500000000001 89.71968586056643 30.79836040325079
      vertex 38.30753563910838 92.141403542783 26.588216162985407
      vertex 38.42500000000001 91.44960240073681 26.32092935810393
    endloop
  endfacet
  facet normal -0.8910065241883652 -0.4234814911949182 -0.16361784887076525
    outer loop
      vertex 37.96664078649988 92.76548636898372 26.82933907310841
      vertex 38.30753563910838 92.141403542783 26.588216162985407
      vertex 38.30753563910838 90.4114870026126 31.06564720813227
    endloop
  endfacet
  facet normal -0.15643446504022535 -0.9213138414813049 -0.3559621660268677
    outer loop
      vertex 36.025000000000006 93.68831792331024 27.185887628189118
      vertex 36.76664078649988 93.57874738661138 27.14355355719183
      vertex 36.76664078649988 91.848830846441 31.620984602338694
    endloop
  endfacet
  facet normal -0.7071067811865446 -0.6595878863163601 -0.25484077425859564
    outer loop
      vertex 37.96664078649988 92.76548636898372 26.82933907310841
      vertex 37.96664078649988 91.03556982881332 31.306770118255276
      vertex 37.43568460550195 93.2607613040697 27.020695298028
    endloop
  endfacet
  facet normal -0.45399049973954775 -0.8311292235061244 -0.3211181090819113
    outer loop
      vertex 36.76664078649988 93.57874738661138 27.14355355719183
      vertex 37.43568460550195 93.2607613040697 27.020695298028
      vertex 37.43568460550195 91.53084476389932 31.498126343174867
    endloop
  endfacet
  facet normal -4.613433187473413e-15 0.3603992792021639 -0.9327981344055962
    outer loop
      vertex 36.025000000000006 93.68831792331024 27.185887628189118
      vertex 37.400125624968524 95.39739206204591 27.84621172724608
      vertex 36.76664078649988 93.57874738661138 27.14355355719183
    endloop
  endfacet
  facet normal 8.863407213003597e-16 0.360399279202164 -0.9327981344055962
    outer loop
      vertex 36.76664078649988 93.57874738661138 27.14355355719183
      vertex 38.640644372701516 94.80779286733322 27.618412038379816
      vertex 37.43568460550195 93.2607613040697 27.020695298028
    endloop
  endfacet
  facet normal -1.861213572116399e-15 0.360399279202162 -0.932798134405597
    outer loop
      vertex 36.025000000000006 93.68831792331024 27.185887628189118
      vertex 36.025000000000006 95.60055409884171 27.92470615055355
      vertex 37.400125624968524 95.39739206204591 27.84621172724608
    endloop
  endfacet
  facet normal 2.549646931347621e-15 0.3603992792021617 -0.932798134405597
    outer loop
      vertex 36.76664078649988 93.57874738661138 27.14355355719183
      vertex 37.400125624968524 95.39739206204591 27.84621172724608
      vertex 38.640644372701516 94.80779286733322 27.618412038379816
    endloop
  endfacet
  facet normal 0.15643446504023176 0.9213138414813036 0.35596216602686886
    outer loop
      vertex 36.025000000000006 95.60055409884171 27.92470615055355
      vertex 37.400125624968524 94.09643478835997 31.21339525913908
      vertex 37.400125624968524 95.39739206204591 27.84621172724608
    endloop
  endfacet
  facet normal 0.7071067811865498 0.6595878863163555 0.2548407742585933
    outer loop
      vertex 39.62512562496852 93.88947059186127 27.26360570467474
      vertex 38.640644372701516 94.80779286733322 27.618412038379816
      vertex 39.62512562496852 92.58851331817533 30.63078923656774
    endloop
  endfacet
  facet normal 0.45399049973954625 0.8311292235061257 0.3211181090819104
    outer loop
      vertex 37.400125624968524 95.39739206204591 27.84621172724608
      vertex 38.640644372701516 93.5068355936473 30.985595570272814
      vertex 38.640644372701516 94.80779286733322 27.618412038379816
    endloop
  endfacet
  facet normal 0.9876883405951369 0.14592177714626936 0.05637886844287705
    outer loop
      vertex 40.47500000000001 90.14864512705087 29.688112889996926
      vertex 40.47500000000001 91.44960240073681 26.320929358103925
      vertex 40.257201497513435 92.73231701828077 26.816523642155005
    endloop
  endfacet
  facet normal 0.8910065241883681 0.4234814911949134 0.16361784887076114
    outer loop
      vertex 40.257201497513435 92.73231701828077 26.816523642155005
      vertex 39.62512562496852 93.88947059186127 27.26360570467474
      vertex 40.257201497513435 91.43135974459484 30.183707174048003
    endloop
  endfacet
  facet normal 0.9876883405951372 0.14592177714626833 0.0563788684428761
    outer loop
      vertex 40.47500000000001 90.14864512705087 29.688112889996926
      vertex 40.257201497513435 92.73231701828077 26.816523642155005
      vertex 40.257201497513435 91.43135974459484 30.183707174048003
    endloop
  endfacet
  facet normal 0 0 -1
    outer loop
      vertex 2.4000000000000004 90.22441797333937 0
      vertex 0 172.65 0
      vertex 2.4000000000000004 172.65 0
    endloop
  endfacet
  facet normal 0 0 -1
    outer loop
      vertex 0 172.65 0
      vertex 2.674083508747141 174.3804951684997 0
      vertex 2.4000000000000004 172.65 0
    endloop
  endfacet
  facet normal 0 0 -1
    outer loop
      vertex 0 172.65 0
      vertex 3.469504831500295 175.94159741283784 0
      vertex 2.674083508747141 174.3804951684997 0
    endloop
  endfacet
  facet normal 0 0 -1
    outer loop
      vertex 0 172.65 0
      vertex 0.39154786963877175 175.12213595499958 0
      vertex 1.5278640450004204 177.3522820183398 0
    endloop
  endfacet
  facet normal 0 0 -1
    outer loop
      vertex 0 172.65 0
      vertex 1.5278640450004204 177.3522820183398 0
      vertex 3.297717981660215 179.12213595499958 0
    endloop
  endfacet
  facet normal 0 0 -1
    outer loop
      vertex 0 172.65 0
      vertex 4.70840258716215 177.1804951684997 0
      vertex 3.469504831500295 175.94159741283784 0
    endloop
  endfacet
  facet normal 0 0 -1
    outer loop
      vertex 0 172.65 0
      vertex 8 180.65 0
      vertex 4.70840258716215 177.1804951684997 0
    endloop
  endfacet
  facet normal 0 0 -1
    outer loop
      vertex 0 172.65 0
      vertex 3.297717981660215 179.12213595499958 0
      vertex 8 180.65 0
    endloop
  endfacet
  facet normal 0 0 -1
    outer loop
      vertex 4.70840258716215 177.1804951684997 0
      vertex 8 180.65 0
      vertex 6.269504831500295 177.97591649125286 0
    endloop
  endfacet
  facet normal 0 0 -1
    outer loop
      vertex 3.297717981660215 179.12213595499958 0
      vertex 5.52786404500042 180.25845213036123 0
      vertex 8 180.65 0
    endloop
  endfacet
  facet normal 0 0 -1
    outer loop
      vertex 6.269504831500295 177.97591649125286 0
      vertex 8 180.65 0
      vertex 8 178.25 0
    endloop
  endfacet
  facet normal 1 0 0
    outer loop
      vertex 2.4000000000000004 92.65 12.6
      vertex 2.4000000000000004 172.65 0
      vertex 2.4000000000000004 172.65 59.4
    endloop
  endfacet
  facet normal 0.9876883405951374 -0.1564344650402328 -3.3280836080161245e-20
    outer loop
      vertex 2.4000000000000004 172.65 0
      vertex 2.674083508747141 174.3804951684997 0
      vertex 2.674083508747141 174.3804951684997 59.4
    endloop
  endfacet
  facet normal -0.9876883405951375 0.15643446504023142 0
    outer loop
      vertex 0 172.65 0
      vertex 0 172.65 62
      vertex 0.39154786963877175 175.12213595499958 0
    endloop
  endfacet
  facet normal 0.891006524188368 -0.4539904997395466 -8.95046361825155e-19
    outer loop
      vertex 2.674083508747141 174.3804951684997 0
      vertex 3.469504831500295 175.94159741283784 0
      vertex 3.469504831500295 175.94159741283784 59.4
    endloop
  endfacet
  facet normal -0.8910065241883687 0.4539904997395452 8.726329066781828e-19
    outer loop
      vertex 0.39154786963877175 175.12213595499958 0
      vertex 1.5278640450004204 177.3522820183398 62
      vertex 1.5278640450004204 177.3522820183398 0
    endloop
  endfacet
  facet normal -0.7071067811865458 0.7071067811865493 -2.0150372971641024e-19
    outer loop
      vertex 1.5278640450004204 177.3522820183398 0
      vertex 3.297717981660215 179.12213595499958 62
      vertex 3.297717981660215 179.12213595499958 0
    endloop
  endfacet
  facet normal 0.7071067811865509 -0.7071067811865441 4.136305690071083e-19
    outer loop
      vertex 3.469504831500295 175.94159741283784 0
      vertex 4.70840258716215 177.1804951684997 0
      vertex 4.70840258716215 177.1804951684997 59.4
    endloop
  endfacet
  facet normal 0.45399049973954775 -0.8910065241883672 6.693317291686996e-19
    outer loop
      vertex 4.70840258716215 177.1804951684997 0
      vertex 6.269504831500295 177.97591649125286 0
      vertex 6.269504831500295 177.97591649125286 59.4
    endloop
  endfacet
  facet normal -0.45399049973954914 0.8910065241883666 -7.977329718210654e-19
    outer loop
      vertex 3.297717981660215 179.12213595499958 0
      vertex 5.52786404500042 180.25845213036123 62
      vertex 5.52786404500042 180.25845213036123 0
    endloop
  endfacet
  facet normal -0.15643446504023062 0.9876883405951378 0
    outer loop
      vertex 5.52786404500042 180.25845213036123 0
      vertex 5.52786404500042 180.25845213036123 62
      vertex 8 180.65 0
    endloop
  endfacet
  facet normal 0.15643446504023067 -0.9876883405951377 1.8228062816536554e-19
    outer loop
      vertex 6.269504831500295 177.97591649125286 0
      vertex 8 178.25 0
      vertex 8 178.25 59.4
    endloop
  endfacet
  facet normal 0 1 0
    outer loop
      vertex 8 180.65 0
      vertex 8 180.65 62
      vertex 150.08915478885174 180.65 14.247213591635226
    endloop
  endfacet
  facet normal 0 0 -1
    outer loop
      vertex 8 178.25 0
      vertex 8 180.65 0
      vertex 226.52213595499958 180.25845213036123 0
    endloop
  endfacet
  facet normal 0 -1 0
    outer loop
      vertex 8 178.25 0
      vertex 93.825 178.25 2.6
      vertex 93.825 178.25 12.6
    endloop
  endfacet
  facet normal 0 0 -1
    outer loop
      vertex 93.825 168.0889128858727 2.6
      vertex 96.88335921350013 169.33931539449804 2.6
      vertex 97.41431539449806 168.80835921350013 2.6
    endloop
  endfacet
  facet normal 0 0 -1
    outer loop
      vertex 93.825 168.0889128858727 2.6
      vertex 96.54246436089163 170.0083592135001 2.6
      vertex 96.88335921350013 169.33931539449804 2.6
    endloop
  endfacet
  facet normal 0 0 -1
    outer loop
      vertex 93.825 168.0889128858727 2.6
      vertex 97.41431539449806 168.80835921350013 2.6
      vertex 98.08335921350013 168.46746436089163 2.6
    endloop
  endfacet
  facet normal 0 0 -1
    outer loop
      vertex 93.825 168.0889128858727 2.6
      vertex 98.08335921350013 168.46746436089163 2.6
      vertex 98.825 168.35 2.6
    endloop
  endfacet
  facet normal 0 0 -1
    outer loop
      vertex 93.825 168.0889128858727 2.6
      vertex 98.825 168.35 2.6
      vertex 103.825 168.0889128858727 2.6
    endloop
  endfacet
  facet normal 0 0 -1
    outer loop
      vertex 98.825 168.35 2.6
      vertex 99.56664078649987 168.46746436089163 2.6
      vertex 103.825 168.0889128858727 2.6
    endloop
  endfacet
  facet normal 0 0 -1
    outer loop
      vertex 99.56664078649987 168.46746436089163 2.6
      vertex 100.23568460550194 168.80835921350013 2.6
      vertex 103.825 168.0889128858727 2.6
    endloop
  endfacet
  facet normal 0 -0.9327981344055968 -0.36039927920216225
    outer loop
      vertex 93.825 168.0889128858727 2.6
      vertex 103.825 168.0889128858727 2.6
      vertex 103.825 165.75 8.65365688108229
    endloop
  endfacet
  facet normal -1 0 0
    outer loop
      vertex 93.825 168.0889128858727 2.6
      vertex 93.825 165.75 8.653656881082291
      vertex 93.825 178.25 2.6
    endloop
  endfacet
  facet normal 0 0 -1
    outer loop
      vertex 93.825 168.0889128858727 2.6
      vertex 96.425 170.75 2.6
      vertex 96.54246436089163 170.0083592135001 2.6
    endloop
  endfacet
  facet normal 0 0 -1
    outer loop
      vertex 93.825 168.0889128858727 2.6
      vertex 93.825 178.25 2.6
      vertex 96.425 170.75 2.6
    endloop
  endfacet
  facet normal 0 0 -1
    outer loop
      vertex 93.825 178.25 2.6
      vertex 96.54246436089163 171.4916407864999 2.6
      vertex 96.425 170.75 2.6
    endloop
  endfacet
  facet normal 0 0 -1
    outer loop
      vertex 93.825 178.25 2.6
      vertex 96.88335921350013 172.16068460550196 2.6
      vertex 96.54246436089163 171.4916407864999 2.6
    endloop
  endfacet
  facet normal 0 0 -1
    outer loop
      vertex 93.825 178.25 2.6
      vertex 97.41431539449806 172.69164078649987 2.6
      vertex 96.88335921350013 172.16068460550196 2.6
    endloop
  endfacet
  facet normal 0 0 -1
    outer loop
      vertex 93.825 178.25 2.6
      vertex 98.08335921350013 173.03253563910837 2.6
      vertex 97.41431539449806 172.69164078649987 2.6
    endloop
  endfacet
  facet normal 0 0 -1
    outer loop
      vertex 93.825 178.25 2.6
      vertex 98.825 173.15 2.6
      vertex 98.08335921350013 173.03253563910837 2.6
    endloop
  endfacet
  facet normal 0 0 -1
    outer loop
      vertex 93.825 178.25 2.6
      vertex 99.56664078649987 173.03253563910837 2.6
      vertex 98.825 173.15 2.6
    endloop
  endfacet
  facet normal 0 0 -1
    outer loop
      vertex 99.56664078649987 173.03253563910837 2.6
      vertex 103.825 178.25 2.6
      vertex 100.23568460550194 172.69164078649987 2.6
    endloop
  endfacet
  facet normal 0 0 -1
    outer loop
      vertex 93.825 178.25 2.6
      vertex 103.825 178.25 2.6
      vertex 99.56664078649987 173.03253563910837 2.6
    endloop
  endfacet
  facet normal 0 0 -1
    outer loop
      vertex 100.23568460550194 168.80835921350013 2.6
      vertex 100.76664078649988 169.33931539449804 2.6
      vertex 103.825 168.0889128858727 2.6
    endloop
  endfacet
  facet normal 0 0 -1
    outer loop
      vertex 100.76664078649988 169.33931539449804 2.6
      vertex 101.10753563910838 170.0083592135001 2.6
      vertex 103.825 168.0889128858727 2.6
    endloop
  endfacet
  facet normal 0 0 -1
    outer loop
      vertex 101.10753563910838 170.0083592135001 2.6
      vertex 101.22500000000001 170.75 2.6
      vertex 103.825 168.0889128858727 2.6
    endloop
  endfacet
  facet normal 0 0 -1
    outer loop
      vertex 101.22500000000001 170.75 2.6
      vertex 101.10753563910838 171.4916407864999 2.6
      vertex 103.825 168.0889128858727 2.6
    endloop
  endfacet
  facet normal 0 0 -1
    outer loop
      vertex 101.10753563910838 171.4916407864999 2.6
      vertex 103.825 178.25 2.6
      vertex 103.825 168.0889128858727 2.6
    endloop
  endfacet
  facet normal 0 0 -1
    outer loop
      vertex 100.76664078649988 172.16068460550196 2.6
      vertex 103.825 178.25 2.6
      vertex 101.10753563910838 171.4916407864999 2.6
    endloop
  endfacet
  facet normal 0 0 -1
    outer loop
      vertex 100.76664078649988 172.16068460550196 2.6
      vertex 100.23568460550194 172.69164078649987 2.6
      vertex 103.825 178.25 2.6
    endloop
  endfacet
  facet normal 0 -1 0
    outer loop
      vertex 8 178.25 0
      vertex 224.05 178.25 0
      vertex 93.825 178.25 2.6
    endloop
  endfacet
  facet normal -7.208524393947571e-17 -0.9327981344055969 -0.3603992792021622
    outer loop
      vertex 93.825 168.0889128858727 2.6
      vertex 103.825 165.75 8.65365688108229
      vertex 93.825 165.75 8.653656881082291
    endloop
  endfacet
  facet normal 0.7071067811865381 0.707106781186557 0
    outer loop
      vertex 96.88335921350013 169.33931539449804 2.6
      vertex 96.88335921350013 169.33931539449804 9.2
      vertex 97.41431539449806 168.80835921350013 2.6
    endloop
  endfacet
  facet normal 0.4539904997395477 0.8910065241883673 0
    outer loop
      vertex 97.41431539449806 168.80835921350013 2.6
      vertex 97.41431539449806 168.80835921350013 9.2
      vertex 98.08335921350013 168.46746436089163 2.6
    endloop
  endfacet
  facet normal 0.1564344650402311 0.9876883405951377 0
    outer loop
      vertex 98.08335921350013 168.46746436089163 2.6
      vertex 98.08335921350013 168.46746436089163 9.2
      vertex 98.825 168.35 2.6
    endloop
  endfacet
  facet normal -0.1564344650402311 0.9876883405951377 0
    outer loop
      vertex 98.825 168.35 2.6
      vertex 98.825 168.35 9.2
      vertex 99.56664078649987 168.46746436089163 2.6
    endloop
  endfacet
  facet normal -0.4539904997395477 0.8910065241883673 0
    outer loop
      vertex 99.56664078649987 168.46746436089163 2.6
      vertex 99.56664078649987 168.46746436089163 9.2
      vertex 100.23568460550194 168.80835921350013 2.6
    endloop
  endfacet
  facet normal -0.7071067811865381 0.707106781186557 0
    outer loop
      vertex 100.23568460550194 168.80835921350013 2.6
      vertex 100.23568460550194 168.80835921350013 9.2
      vertex 100.76664078649988 169.33931539449804 2.6
    endloop
  endfacet
  facet normal 0.4539904997395477 0.8910065241883673 0
    outer loop
      vertex 98.08335921350013 168.46746436089163 2.6
      vertex 97.41431539449806 168.80835921350013 9.2
      vertex 98.08335921350013 168.46746436089163 9.2
    endloop
  endfacet
  facet normal 0.7071067811865381 0.707106781186557 0
    outer loop
      vertex 97.41431539449806 168.80835921350013 2.6
      vertex 96.88335921350013 169.33931539449804 9.2
      vertex 97.41431539449806 168.80835921350013 9.2
    endloop
  endfacet
  facet normal 0.1564344650402311 0.9876883405951377 0
    outer loop
      vertex 98.825 168.35 2.6
      vertex 98.08335921350013 168.46746436089163 9.2
      vertex 98.825 168.35 9.2
    endloop
  endfacet
  facet normal -0.1564344650402311 0.9876883405951377 0
    outer loop
      vertex 99.56664078649987 168.46746436089163 2.6
      vertex 98.825 168.35 9.2
      vertex 99.56664078649987 168.46746436089163 9.2
    endloop
  endfacet
  facet normal -0.4539904997395477 0.8910065241883673 0
    outer loop
      vertex 100.23568460550194 168.80835921350013 2.6
      vertex 99.56664078649987 168.46746436089163 9.2
      vertex 100.23568460550194 168.80835921350013 9.2
    endloop
  endfacet
  facet normal -0.7071067811865381 0.707106781186557 0
    outer loop
      vertex 100.76664078649988 169.33931539449804 2.6
      vertex 100.23568460550194 168.80835921350013 9.2
      vertex 100.76664078649988 169.33931539449804 9.2
    endloop
  endfacet
  facet normal 0 -1 0
    outer loop
      vertex 93.825 165.75 8.653656881082291
      vertex 103.825 165.75 8.65365688108229
      vertex 93.825 165.75 12.6
    endloop
  endfacet
  facet normal 0 -1 0
    outer loop
      vertex 93.825 165.75 12.6
      vertex 103.825 165.75 8.65365688108229
      vertex 103.825 165.75 12.6
    endloop
  endfacet
  facet normal -1 0 0
    outer loop
      vertex 93.825 178.25 2.6
      vertex 93.825 165.75 8.653656881082291
      vertex 93.825 165.75 12.6
    endloop
  endfacet
  facet normal 0.8910065241883673 0.4539904997395477 -7.271978535899268e-19
    outer loop
      vertex 96.88335921350013 169.33931539449804 2.6
      vertex 96.54246436089163 170.0083592135001 2.6
      vertex 96.54246436089163 170.0083592135001 9.2
    endloop
  endfacet
  facet normal 0.9876883405951381 0.15643446504022812 -4.765894493831838e-20
    outer loop
      vertex 96.54246436089163 170.0083592135001 2.6
      vertex 96.425 170.75 2.6
      vertex 96.425 170.75 9.2
    endloop
  endfacet
  facet normal 0.9876883405951381 -0.15643446504022812 4.765894493831838e-20
    outer loop
      vertex 96.425 170.75 2.6
      vertex 96.54246436089163 171.4916407864999 2.6
      vertex 96.54246436089163 171.4916407864999 9.2
    endloop
  endfacet
  facet normal 0.8910065241883673 -0.4539904997395477 7.271978535899268e-19
    outer loop
      vertex 96.54246436089163 171.4916407864999 2.6
      vertex 96.88335921350013 172.16068460550196 2.6
      vertex 96.88335921350013 172.16068460550196 9.2
    endloop
  endfacet
  facet normal 0.7071067811865381 -0.707106781186557 3.2338863063036548e-18
    outer loop
      vertex 96.88335921350013 172.16068460550196 2.6
      vertex 97.41431539449806 172.69164078649987 2.6
      vertex 97.41431539449806 172.69164078649987 9.2
    endloop
  endfacet
  facet normal 0.4539904997395477 -0.8910065241883673 7.271978535899268e-19
    outer loop
      vertex 97.41431539449806 172.69164078649987 2.6
      vertex 98.08335921350013 173.03253563910837 2.6
      vertex 98.08335921350013 173.03253563910837 9.2
    endloop
  endfacet
  facet normal -0.8910065241883673 0.4539904997395477 0
    outer loop
      vertex 100.76664078649988 169.33931539449804 2.6
      vertex 100.76664078649988 169.33931539449804 9.2
      vertex 101.10753563910838 170.0083592135001 2.6
    endloop
  endfacet
  facet normal -0.9876883405951381 0.15643446504022812 0
    outer loop
      vertex 101.10753563910838 170.0083592135001 2.6
      vertex 101.10753563910838 170.0083592135001 9.2
      vertex 101.22500000000001 170.75 2.6
    endloop
  endfacet
  facet normal -0.9876883405951381 -0.15643446504022812 0
    outer loop
      vertex 101.22500000000001 170.75 2.6
      vertex 101.22500000000001 170.75 9.2
      vertex 101.10753563910838 171.4916407864999 2.6
    endloop
  endfacet
  facet normal -0.8910065241883673 -0.4539904997395477 -7.271978535899268e-19
    outer loop
      vertex 100.76664078649988 172.16068460550196 2.6
      vertex 101.10753563910838 171.4916407864999 2.6
      vertex 101.10753563910838 171.4916407864999 9.2
    endloop
  endfacet
  facet normal 0.1564344650402311 -0.9876883405951377 -7.462381237372012e-19
    outer loop
      vertex 98.08335921350013 173.03253563910837 2.6
      vertex 98.825 173.15 2.6
      vertex 98.825 173.15 9.2
    endloop
  endfacet
  facet normal -0.1564344650402311 -0.9876883405951377 7.462381237372012e-19
    outer loop
      vertex 98.825 173.15 2.6
      vertex 99.56664078649987 173.03253563910837 2.6
      vertex 99.56664078649987 173.03253563910837 9.2
    endloop
  endfacet
  facet normal -0.4539904997395477 -0.8910065241883673 -7.271978535899268e-19
    outer loop
      vertex 99.56664078649987 173.03253563910837 2.6
      vertex 100.23568460550194 172.69164078649987 2.6
      vertex 100.23568460550194 172.69164078649987 9.2
    endloop
  endfacet
  facet normal -0.7071067811865381 -0.707106781186557 0
    outer loop
      vertex 100.76664078649988 172.16068460550196 2.6
      vertex 100.76664078649988 172.16068460550196 9.2
      vertex 100.23568460550194 172.69164078649987 2.6
    endloop
  endfacet
  facet normal 0.8910065241883673 0.4539904997395477 0
    outer loop
      vertex 96.88335921350013 169.33931539449804 2.6
      vertex 96.54246436089163 170.0083592135001 9.2
      vertex 96.88335921350013 169.33931539449804 9.2
    endloop
  endfacet
  facet normal 0.9876883405951381 0.15643446504022812 0
    outer loop
      vertex 96.54246436089163 170.0083592135001 2.6
      vertex 96.425 170.75 9.2
      vertex 96.54246436089163 170.0083592135001 9.2
    endloop
  endfacet
  facet normal 0.9876883405951381 -0.15643446504022812 0
    outer loop
      vertex 96.425 170.75 2.6
      vertex 96.54246436089163 171.4916407864999 9.2
      vertex 96.425 170.75 9.2
    endloop
  endfacet
  facet normal 0.8910065241883673 -0.4539904997395477 0
    outer loop
      vertex 96.54246436089163 171.4916407864999 2.6
      vertex 96.88335921350013 172.16068460550196 9.2
      vertex 96.54246436089163 171.4916407864999 9.2
    endloop
  endfacet
  facet normal 0.7071067811865381 -0.707106781186557 0
    outer loop
      vertex 96.88335921350013 172.16068460550196 2.6
      vertex 97.41431539449806 172.69164078649987 9.2
      vertex 96.88335921350013 172.16068460550196 9.2
    endloop
  endfacet
  facet normal 0.4539904997395477 -0.8910065241883673 0
    outer loop
      vertex 97.41431539449806 172.69164078649987 2.6
      vertex 98.08335921350013 173.03253563910837 9.2
      vertex 97.41431539449806 172.69164078649987 9.2
    endloop
  endfacet
  facet normal -0.8910065241883673 0.4539904997395477 0
    outer loop
      vertex 101.10753563910838 170.0083592135001 2.6
      vertex 100.76664078649988 169.33931539449804 9.2
      vertex 101.10753563910838 170.0083592135001 9.2
    endloop
  endfacet
  facet normal -0.9876883405951381 0.15643446504022812 0
    outer loop
      vertex 101.22500000000001 170.75 2.6
      vertex 101.10753563910838 170.0083592135001 9.2
      vertex 101.22500000000001 170.75 9.2
    endloop
  endfacet
  facet normal -0.9876883405951381 -0.15643446504022812 0
    outer loop
      vertex 101.10753563910838 171.4916407864999 2.6
      vertex 101.22500000000001 170.75 9.2
      vertex 101.10753563910838 171.4916407864999 9.2
    endloop
  endfacet
  facet normal -0.8910065241883673 -0.4539904997395477 0
    outer loop
      vertex 100.76664078649988 172.16068460550196 2.6
      vertex 101.10753563910838 171.4916407864999 9.2
      vertex 100.76664078649988 172.16068460550196 9.2
    endloop
  endfacet
  facet normal 0.1564344650402311 -0.9876883405951377 0
    outer loop
      vertex 98.08335921350013 173.03253563910837 2.6
      vertex 98.825 173.15 9.2
      vertex 98.08335921350013 173.03253563910837 9.2
    endloop
  endfacet
  facet normal -0.1564344650402311 -0.9876883405951377 0
    outer loop
      vertex 98.825 173.15 2.6
      vertex 99.56664078649987 173.03253563910837 9.2
      vertex 98.825 173.15 9.2
    endloop
  endfacet
  facet normal -0.7071067811865381 -0.707106781186557 0
    outer loop
      vertex 100.23568460550194 172.69164078649987 2.6
      vertex 100.76664078649988 172.16068460550196 9.2
      vertex 100.23568460550194 172.69164078649987 9.2
    endloop
  endfacet
  facet normal -0.4539904997395477 -0.8910065241883673 0
    outer loop
      vertex 99.56664078649987 173.03253563910837 2.6
      vertex 100.23568460550194 172.69164078649987 9.2
      vertex 99.56664078649987 173.03253563910837 9.2
    endloop
  endfacet
  facet normal -1 0 0
    outer loop
      vertex 93.825 178.25 2.6
      vertex 93.825 165.75 12.6
      vertex 93.825 178.25 12.6
    endloop
  endfacet
  facet normal 0 0 -1
    outer loop
      vertex 96.54246436089163 170.0083592135001 9.2
      vertex 96.425 170.75 9.2
      vertex 96.54246436089163 171.4916407864999 9.2
    endloop
  endfacet
  facet normal 0 0 -1
    outer loop
      vertex 96.88335921350013 169.33931539449804 9.2
      vertex 96.54246436089163 170.0083592135001 9.2
      vertex 96.54246436089163 171.4916407864999 9.2
    endloop
  endfacet
  facet normal 0 0 -1
    outer loop
      vertex 97.41431539449806 168.80835921350013 9.2
      vertex 97.41431539449806 172.69164078649987 9.2
      vertex 98.08335921350013 168.46746436089163 9.2
    endloop
  endfacet
  facet normal 0 0 -1
    outer loop
      vertex 96.88335921350013 169.33931539449804 9.2
      vertex 96.88335921350013 172.16068460550196 9.2
      vertex 97.41431539449806 168.80835921350013 9.2
    endloop
  endfacet
  facet normal 0 0 -1
    outer loop
      vertex 96.88335921350013 169.33931539449804 9.2
      vertex 96.54246436089163 171.4916407864999 9.2
      vertex 96.88335921350013 172.16068460550196 9.2
    endloop
  endfacet
  facet normal 0 0 -1
    outer loop
      vertex 97.41431539449806 168.80835921350013 9.2
      vertex 96.88335921350013 172.16068460550196 9.2
      vertex 97.41431539449806 172.69164078649987 9.2
    endloop
  endfacet
  facet normal 0 0 -1
    outer loop
      vertex 98.08335921350013 168.46746436089163 9.2
      vertex 97.41431539449806 172.69164078649987 9.2
      vertex 98.08335921350013 173.03253563910837 9.2
    endloop
  endfacet
  facet normal 0 0 -1
    outer loop
      vertex 98.08335921350013 168.46746436089163 9.2
      vertex 98.08335921350013 173.03253563910837 9.2
      vertex 98.825 168.35 9.2
    endloop
  endfacet
  facet normal 0 0 -1
    outer loop
      vertex 98.825 168.35 9.2
      vertex 98.825 173.15 9.2
      vertex 99.56664078649987 168.46746436089163 9.2
    endloop
  endfacet
  facet normal 0 0 -1
    outer loop
      vertex 98.825 168.35 9.2
      vertex 98.08335921350013 173.03253563910837 9.2
      vertex 98.825 173.15 9.2
    endloop
  endfacet
  facet normal 0 0 -1
    outer loop
      vertex 99.56664078649987 168.46746436089163 9.2
      vertex 98.825 173.15 9.2
      vertex 99.56664078649987 173.03253563910837 9.2
    endloop
  endfacet
  facet normal 0 0 -1
    outer loop
      vertex 99.56664078649987 168.46746436089163 9.2
      vertex 99.56664078649987 173.03253563910837 9.2
      vertex 100.23568460550194 168.80835921350013 9.2
    endloop
  endfacet
  facet normal 0 0 -1
    outer loop
      vertex 100.23568460550194 168.80835921350013 9.2
      vertex 100.23568460550194 172.69164078649987 9.2
      vertex 100.76664078649988 169.33931539449804 9.2
    endloop
  endfacet
  facet normal 0 0 -1
    outer loop
      vertex 100.76664078649988 169.33931539449804 9.2
      vertex 100.76664078649988 172.16068460550196 9.2
      vertex 101.10753563910838 170.0083592135001 9.2
    endloop
  endfacet
  facet normal 0 0 -1
    outer loop
      vertex 101.10753563910838 170.0083592135001 9.2
      vertex 101.10753563910838 171.4916407864999 9.2
      vertex 101.22500000000001 170.75 9.2
    endloop
  endfacet
  facet normal 0 0 -1
    outer loop
      vertex 100.76664078649988 169.33931539449804 9.2
      vertex 100.23568460550194 172.69164078649987 9.2
      vertex 100.76664078649988 172.16068460550196 9.2
    endloop
  endfacet
  facet normal 0 0 -1
    outer loop
      vertex 100.23568460550194 168.80835921350013 9.2
      vertex 99.56664078649987 173.03253563910837 9.2
      vertex 100.23568460550194 172.69164078649987 9.2
    endloop
  endfacet
  facet normal 0 0 -1
    outer loop
      vertex 101.10753563910838 170.0083592135001 9.2
      vertex 100.76664078649988 172.16068460550196 9.2
      vertex 101.10753563910838 171.4916407864999 9.2
    endloop
  endfacet
  facet normal 0 0 1
    outer loop
      vertex 93.825 165.75 12.6
      vertex 103.825 165.75 12.6
      vertex 93.825 178.25 12.6
    endloop
  endfacet
  facet normal 0 0 1
    outer loop
      vertex 93.825 178.25 12.6
      vertex 103.825 165.75 12.6
      vertex 103.825 178.25 12.6
    endloop
  endfacet
  facet normal 1 0 0
    outer loop
      vertex 103.825 168.0889128858727 2.6
      vertex 103.825 165.75 12.6
      vertex 103.825 165.75 8.65365688108229
    endloop
  endfacet
  facet normal 1 0 0
    outer loop
      vertex 103.825 168.0889128858727 2.6
      vertex 103.825 178.25 2.6
      vertex 103.825 178.25 12.6
    endloop
  endfacet
  facet normal 0 1 0
    outer loop
      vertex 8 180.65 0
      vertex 150.2027864098549 180.65 10.929771800339221
      vertex 150.37977180033923 180.65 10.752786409854888
    endloop
  endfacet
  facet normal 0 1 0
    outer loop
      vertex 8 180.65 0
      vertex 150.60278640836478 180.65 10.639154788851737
      vertex 150.85000000298024 180.65 10.600000005960464
    endloop
  endfacet
  facet normal 0 1 0
    outer loop
      vertex 8 180.65 0
      vertex 150.37977180033923 180.65 10.752786409854888
      vertex 150.60278640836478 180.65 10.639154788851737
    endloop
  endfacet
  facet normal 0 1 0
    outer loop
      vertex 8 180.65 0
      vertex 150.08915478885174 180.65 11.152786408364772
      vertex 150.2027864098549 180.65 10.929771800339221
    endloop
  endfacet
  facet normal 0 1 0
    outer loop
      vertex 8 180.65 0
      vertex 150.05000000596047 180.65 11.400000002980232
      vertex 150.08915478885174 180.65 11.152786408364772
    endloop
  endfacet
  facet normal 0 1 0
    outer loop
      vertex 8 180.65 0
      vertex 150.05000000596047 180.65 13.999999997019767
      vertex 150.05000000596047 180.65 11.400000002980232
    endloop
  endfacet
  facet normal 0 1 0
    outer loop
      vertex 8 180.65 0
      vertex 150.85000000298024 180.65 10.600000005960464
      vertex 158.94999999701977 180.65 10.600000005960464
    endloop
  endfacet
  facet normal 0 1 0
    outer loop
      vertex 8 180.65 0
      vertex 158.94999999701977 180.65 10.600000005960464
      vertex 165.15 180.65 10.2
    endloop
  endfacet
  facet normal 0 1 0
    outer loop
      vertex 8 180.65 0
      vertex 165.15 180.65 10.2
      vertex 171.1614184081683 180.65 10.2
    endloop
  endfacet
  facet normal 1 0 0
    outer loop
      vertex 103.825 168.0889128858727 2.6
      vertex 103.825 178.25 12.6
      vertex 103.825 165.75 12.6
    endloop
  endfacet
  facet normal 0 1 0
    outer loop
      vertex 8 180.65 0
      vertex 150.08915478885174 180.65 14.247213591635226
      vertex 150.05000000596047 180.65 13.999999997019767
    endloop
  endfacet
  facet normal 0 -1 0
    outer loop
      vertex 8 178.25 0
      vertex 93.825 178.25 12.6
      vertex 224.05 178.25 59.4
    endloop
  endfacet
  facet normal 0.5774681697558639 0.2942347287635815 -0.7615487097410346
    outer loop
      vertex 3.469504831500295 81.35840258716216 25.4
      vertex 2.674083508747141 82.9195048315003 25.4
      vertex 3.469504831500295 169.35840258716217 59.4
    endloop
  endfacet
  facet normal 0.339051979831771 0.33905197983177177 -0.8775463007410562
    outer loop
      vertex 3.469504831500295 81.35840258716216 25.4
      vertex 4.70840258716215 168.1195048315003 59.4
      vertex 4.70840258716215 80.11950483150031 25.4
    endloop
  endfacet
  facet normal 0.18061263926455026 0.35447226324761744 -0.9174576225232451
    outer loop
      vertex 4.70840258716215 80.11950483150031 25.4
      vertex 6.269504831500295 167.32408350874715 59.4
      vertex 6.269504831500295 79.32408350874715 25.4
    endloop
  endfacet
  facet normal 0 0.3603992792021625 -0.9327981344055968
    outer loop
      vertex 8 85.7794117647059 28
      vertex 31.565000000000012 104.81223179990685 35.35358955905492
      vertex 14.155467797470394 85.7794117647059 28
    endloop
  endfacet
  facet normal 3.336645337574193e-16 0.3603992792021622 -0.9327981344055968
    outer loop
      vertex 14.155467797470394 85.7794117647059 28
      vertex 31.565000000000012 104.81223179990685 35.35358955905492
      vertex 31.575000000000003 90.14864512705087 29.688112889996926
    endloop
  endfacet
  facet normal -1.0457591394447994e-16 0.36039927920216264 -0.9327981344055967
    outer loop
      vertex 8 85.7794117647059 28
      vertex 31.565000000000012 138.85936370571113 48.50816324993385
      vertex 31.565000000000012 104.81223179990685 35.35358955905492
    endloop
  endfacet
  facet normal -0.18061263926455093 -0.3544722632476174 0.9174576225232449
    outer loop
      vertex 3.297717981660215 78.17786404500043 28
      vertex 5.52786404500042 77.04154786963878 28
      vertex 5.52786404500042 165.04154786963878 62
    endloop
  endfacet
  facet normal -0.056988869835940856 -0.359813563246291 0.9312821636962826
    outer loop
      vertex 5.52786404500042 77.04154786963878 28
      vertex 8 76.65 28
      vertex 5.52786404500042 165.04154786963878 62
    endloop
  endfacet
  facet normal -0.33905197983177016 -0.3390519798317718 0.8775463007410564
    outer loop
      vertex 3.297717981660215 78.17786404500043 28
      vertex 1.5278640450004204 167.94771798166022 62
      vertex 1.5278640450004204 79.94771798166022 28
    endloop
  endfacet
  facet normal -0.5774681697558653 -0.29423472876358114 0.7615487097410335
    outer loop
      vertex 1.5278640450004204 79.94771798166022 28
      vertex 0.39154786963877175 170.17786404500043 62
      vertex 0.39154786963877175 82.17786404500043 28
    endloop
  endfacet
  facet normal 0.05698886983594068 0.35981356324629094 -0.9312821636962826
    outer loop
      vertex 6.269504831500295 79.32408350874715 25.4
      vertex 8 167.05 59.4
      vertex 8 85.7794117647059 28
    endloop
  endfacet
  facet normal 1 0 0
    outer loop
      vertex 2.4000000000000004 90.22441797333937 27.55375239879021
      vertex 2.4000000000000004 92.65 12.6
      vertex 2.4000000000000004 172.65 59.4
    endloop
  endfacet
  facet normal 0.9154940231085253 0.14500000847050235 -0.375294139570712
    outer loop
      vertex 2.674083508747141 82.9195048315003 25.4
      vertex 2.4177667137837693 90.24218468712314 27.60395700350376
      vertex 2.674083508747141 170.91950483150032 59.4
    endloop
  endfacet
  facet normal -0.9154940231085252 -0.1450000084705024 0.37529413957071206
    outer loop
      vertex 0.39154786963877175 82.17786404500043 28
      vertex 0 172.65 62
      vertex 0 84.65 28
    endloop
  endfacet
  facet normal 0.9154940231085166 0.14500000847050967 -0.37529413957073054
    outer loop
      vertex 2.4000000000000004 90.22441797333937 27.55375239879021
      vertex 2.674083508747141 170.91950483150032 59.4
      vertex 2.4177667137837693 90.24218468712314 27.60395700350376
    endloop
  endfacet
  facet normal 1.1153028356215225e-15 0.360399279202162 -0.9327981344055969
    outer loop
      vertex 8 85.7794117647059 28
      vertex 31.575000000000003 153.52295037856712 54.17363991899184
      vertex 31.565000000000012 138.85936370571113 48.50816324993385
    endloop
  endfacet
  facet normal 0.9876883405951374 -0.1459217771462661 -0.05637886844287556
    outer loop
      vertex 33.625 89.71968586056643 30.79836040325079
      vertex 33.625 91.44960240073681 26.32092935810393
      vertex 33.74246436089163 90.4114870026126 31.06564720813227
    endloop
  endfacet
  facet normal 0.8910065241883656 -0.42348149119491757 -0.16361784887076497
    outer loop
      vertex 33.74246436089163 92.141403542783 26.588216162985407
      vertex 34.08335921350013 91.03556982881332 31.306770118255276
      vertex 33.74246436089163 90.4114870026126 31.06564720813227
    endloop
  endfacet
  facet normal 0.7071067811865543 -0.659587886316351 -0.25484077425859214
    outer loop
      vertex 34.08335921350013 92.76548636898372 26.82933907310841
      vertex 34.614315394498064 91.53084476389932 31.498126343174867
      vertex 34.08335921350013 91.03556982881332 31.306770118255276
    endloop
  endfacet
  facet normal 0.4539904997395464 -0.8311292235061252 -0.3211181090819116
    outer loop
      vertex 34.614315394498064 93.2607613040697 27.020695298028
      vertex 35.283359213500134 91.848830846441 31.620984602338694
      vertex 34.614315394498064 91.53084476389932 31.498126343174867
    endloop
  endfacet
  facet normal 0.15643446504022365 -0.9213138414813051 -0.35596216602686775
    outer loop
      vertex 35.283359213500134 93.57874738661138 27.14355355719183
      vertex 36.025000000000006 91.95840138313986 31.66331867333598
      vertex 35.283359213500134 91.848830846441 31.620984602338694
    endloop
  endfacet
  facet normal 2.8934733260181186e-16 0.36039927920216275 -0.9327981344055966
    outer loop
      vertex 36.025000000000006 87.480970337993 29.9334021331656
      vertex 35.283359213500134 91.848830846441 31.620984602338694
      vertex 36.025000000000006 91.95840138313986 31.66331867333598
    endloop
  endfacet
  facet normal -0.7071067811865498 0.6595878863163555 0.2548407742585933
    outer loop
      vertex 32.42487437503149 93.88947059186127 27.26360570467474
      vertex 32.42487437503149 92.58851331817533 30.63078923656774
      vertex 33.409355627298496 93.50683559364728 30.985595570272814
    endloop
  endfacet
  facet normal -0.45399049973954697 0.8311292235061241 0.3211181090819134
    outer loop
      vertex 33.409355627298496 94.80779286733322 27.618412038379816
      vertex 33.409355627298496 93.50683559364728 30.985595570272814
      vertex 34.64987437503149 94.09643478835997 31.21339525913908
    endloop
  endfacet
  facet normal -0.15643446504024014 0.9213138414813022 0.35596216602686837
    outer loop
      vertex 34.64987437503149 95.39739206204591 27.84621172724608
      vertex 34.64987437503149 94.09643478835997 31.21339525913908
      vertex 36.025000000000006 94.29959682515579 31.29188968244655
    endloop
  endfacet
  facet normal -1.6865561530047077e-14 0.36039927920216225 -0.9327981344055968
    outer loop
      vertex 31.575000000000003 90.14864512705087 29.688112889996926
      vertex 31.565000000000012 104.81223179990685 35.35358955905492
      vertex 31.792798502486576 91.43135974459484 30.183707174048003
    endloop
  endfacet
  facet normal 4.445876668024317e-15 0.3603992792021625 -0.9327981344055967
    outer loop
      vertex 31.792798502486576 91.43135974459484 30.183707174048003
      vertex 31.565000000000012 104.81223179990685 35.35358955905492
      vertex 32.42487437503149 92.58851331817533 30.63078923656774
    endloop
  endfacet
  facet normal 3.3690398680846536e-15 0.3603992792021613 -0.9327981344055972
    outer loop
      vertex 32.42487437503149 92.58851331817533 30.63078923656774
      vertex 36.56500000000001 104.81223179990685 35.35358955905492
      vertex 33.409355627298496 93.50683559364728 30.985595570272814
    endloop
  endfacet
  facet normal -9.252618376721208e-17 0.3603992792021621 -0.9327981344055968
    outer loop
      vertex 33.409355627298496 93.50683559364728 30.985595570272814
      vertex 36.56500000000001 104.81223179990685 35.35358955905492
      vertex 34.64987437503149 94.09643478835997 31.21339525913908
    endloop
  endfacet
  facet normal -4.448607804770273e-15 0.36039927920216275 -0.9327981344055967
    outer loop
      vertex 34.64987437503149 94.09643478835997 31.21339525913908
      vertex 36.56500000000001 104.81223179990685 35.35358955905492
      vertex 36.025000000000006 94.29959682515579 31.29188968244655
    endloop
  endfacet
  facet normal -0.45399049973954636 -0.8311292235061251 -0.32111810908191185
    outer loop
      vertex 36.76664078649988 93.57874738661138 27.14355355719183
      vertex 37.43568460550195 91.53084476389932 31.498126343174867
      vertex 36.76664078649988 91.848830846441 31.620984602338694
    endloop
  endfacet
  facet normal -0.15643446504022357 -0.9213138414813051 -0.35596216602686803
    outer loop
      vertex 36.025000000000006 93.68831792331024 27.185887628189118
      vertex 36.76664078649988 91.848830846441 31.620984602338694
      vertex 36.025000000000006 91.95840138313986 31.66331867333598
    endloop
  endfacet
  facet normal -0.7071067811865543 -0.6595878863163518 -0.25484077425859014
    outer loop
      vertex 37.43568460550195 93.2607613040697 27.020695298028
      vertex 37.96664078649988 91.03556982881332 31.306770118255276
      vertex 37.43568460550195 91.53084476389932 31.498126343174867
    endloop
  endfacet
  facet normal -0.9876883405951374 -0.14592177714626597 -0.05637886844287597
    outer loop
      vertex 38.42500000000001 89.71968586056643 30.79836040325079
      vertex 38.30753563910838 90.4114870026126 31.06564720813227
      vertex 38.30753563910838 92.141403542783 26.588216162985407
    endloop
  endfacet
  facet normal -0.8910065241883656 -0.4234814911949177 -0.16361784887076491
    outer loop
      vertex 37.96664078649988 92.76548636898372 26.82933907310841
      vertex 38.30753563910838 90.4114870026126 31.06564720813227
      vertex 37.96664078649988 91.03556982881332 31.306770118255276
    endloop
  endfacet
  facet normal 0.8910065241883661 0.4234814911949164 0.16361784887076408
    outer loop
      vertex 39.62512562496852 93.88947059186127 27.26360570467474
      vertex 39.62512562496852 92.58851331817533 30.63078923656774
      vertex 40.257201497513435 91.43135974459484 30.183707174048003
    endloop
  endfacet
  facet normal -4.2741642276029245e-16 0.36039927920216197 -0.932798134405597
    outer loop
      vertex 36.76664078649988 87.59054087469185 29.97573620416289
      vertex 36.025000000000006 91.95840138313986 31.66331867333598
      vertex 36.76664078649988 91.848830846441 31.620984602338694
    endloop
  endfacet
  facet normal 5.682714540558585e-15 0.36039927920216347 -0.9327981344055962
    outer loop
      vertex 37.43568460550195 87.90852695723353 30.098594463326716
      vertex 36.76664078649988 91.848830846441 31.620984602338694
      vertex 37.43568460550195 91.53084476389932 31.498126343174867
    endloop
  endfacet
  facet normal 0.4539904997395394 0.8311292235061277 0.32111810908191446
    outer loop
      vertex 37.400125624968524 95.39739206204591 27.84621172724608
      vertex 37.400125624968524 94.09643478835997 31.21339525913908
      vertex 38.640644372701516 93.5068355936473 30.985595570272814
    endloop
  endfacet
  facet normal 0.1564344650402402 0.9213138414813035 0.35596216602686537
    outer loop
      vertex 36.025000000000006 95.60055409884171 27.92470615055355
      vertex 36.025000000000006 94.29959682515579 31.29188968244655
      vertex 37.400125624968524 94.09643478835997 31.21339525913908
    endloop
  endfacet
  facet normal 0.7071067811865545 0.6595878863163519 0.25484077425858914
    outer loop
      vertex 38.640644372701516 94.80779286733322 27.618412038379816
      vertex 38.640644372701516 93.5068355936473 30.985595570272814
      vertex 39.62512562496852 92.58851331817533 30.63078923656774
    endloop
  endfacet
  facet normal 4.015124619321061e-15 0.36039927920216025 -0.9327981344055977
    outer loop
      vertex 36.025000000000006 94.29959682515579 31.29188968244655
      vertex 36.56500000000001 94.81263579907886 31.490109286007737
      vertex 37.400125624968524 94.09643478835997 31.21339525913908
    endloop
  endfacet
  facet normal 1.5456450860330316e-15 0.3603992792021625 -0.9327981344055967
    outer loop
      vertex 36.025000000000006 94.29959682515579 31.29188968244655
      vertex 36.56500000000001 104.81223179990685 35.35358955905492
      vertex 36.56500000000001 94.81263579907886 31.490109286007737
    endloop
  endfacet
  facet normal 1 0 0
    outer loop
      vertex 36.56500000000001 94.81263579907886 31.490109286007737
      vertex 36.56500000000001 104.49139231718306 36.18399763198711
      vertex 36.56500000000001 94.49179631635506 32.320517358939924
    endloop
  endfacet
  facet normal -2.7118147530441564e-17 0.3603992792021623 -0.9327981344055969
    outer loop
      vertex 32.42487437503149 92.58851331817533 30.63078923656774
      vertex 31.565000000000012 104.81223179990685 35.35358955905492
      vertex 36.56500000000001 104.81223179990685 35.35358955905492
    endloop
  endfacet
  facet normal 1 0 0
    outer loop
      vertex 36.56500000000001 94.81263579907886 31.490109286007737
      vertex 36.56500000000001 104.81223179990685 35.35358955905492
      vertex 36.56500000000001 104.49139231718306 36.18399763198711
    endloop
  endfacet
  facet normal -1.3764914953119565e-16 0.3603992792021631 -0.9327981344055966
    outer loop
      vertex 36.56500000000001 94.49179631635506 32.320517358939924
      vertex 36.56500000000001 104.49139231718306 36.18399763198711
      vertex 45.275000000000006 98.54946820101941 33.88825422346933
    endloop
  endfacet
  facet normal 0 0.9327981344055983 0.3603992792021585
    outer loop
      vertex 31.565000000000012 104.81223179990685 35.35358955905492
      vertex 31.565000000000012 104.49139231718306 36.18399763198711
      vertex 36.56500000000001 104.81223179990685 35.35358955905492
    endloop
  endfacet
  facet normal 0 0.9327981344055983 0.3603992792021585
    outer loop
      vertex 31.565000000000012 104.49139231718306 36.18399763198711
      vertex 36.56500000000001 104.49139231718306 36.18399763198711
      vertex 36.56500000000001 104.81223179990685 35.35358955905492
    endloop
  endfacet
  facet normal 1.366672296616962e-17 -0.3603992792021624 0.9327981344055968
    outer loop
      vertex 8 76.65 28
      vertex 45.275000000000006 97.68450993093421 36.12696974604276
      vertex 45.275000000000006 143.6154900690658 53.87303025395724
    endloop
  endfacet
  facet normal 1 0 0
    outer loop
      vertex 31.565000000000012 104.81223179990685 35.35358955905492
      vertex 31.565000000000012 138.53852422298735 49.33857132286604
      vertex 31.565000000000012 104.49139231718306 36.18399763198711
    endloop
  endfacet
  facet normal 0 0.3603992792021623 -0.9327981344055969
    outer loop
      vertex 31.565000000000012 104.49139231718306 36.18399763198711
      vertex 36.56500000000001 138.53852422298735 49.33857132286604
      vertex 36.56500000000001 104.49139231718306 36.18399763198711
    endloop
  endfacet
  facet normal -7.823932410258717e-16 0.3603992792021623 -0.9327981344055969
    outer loop
      vertex 36.56500000000001 104.49139231718306 36.18399763198711
      vertex 36.56500000000001 138.53852422298735 49.33857132286604
      vertex 45.275000000000006 98.54946820101941 33.88825422346933
    endloop
  endfacet
  facet normal 1 0 0
    outer loop
      vertex 31.565000000000012 104.81223179990685 35.35358955905492
      vertex 31.565000000000012 138.85936370571113 48.50816324993385
      vertex 31.565000000000012 138.53852422298735 49.33857132286604
    endloop
  endfacet
  facet normal -3.679715129732894e-17 0.3603992792021623 -0.9327981344055969
    outer loop
      vertex 31.565000000000012 104.49139231718306 36.18399763198711
      vertex 31.565000000000012 138.53852422298735 49.33857132286604
      vertex 36.56500000000001 138.53852422298735 49.33857132286604
    endloop
  endfacet
  facet normal 7.448327497812172e-18 0.3603992792021624 -0.9327981344055968
    outer loop
      vertex 45.275000000000006 98.54946820101941 33.88825422346933
      vertex 36.56500000000001 138.53852422298735 49.33857132286604
      vertex 45.275000000000006 144.480448339151 51.63431473138381
    endloop
  endfacet
  facet normal 1 0 0
    outer loop
      vertex 45.275000000000006 98.54946820101941 33.88825422346933
      vertex 45.275000000000006 143.6154900690658 53.87303025395724
      vertex 45.275000000000006 97.68450993093421 36.12696974604276
    endloop
  endfacet
  facet normal -0.056988869835940856 -0.359813563246291 0.9312821636962826
    outer loop
      vertex 8 76.65 28
      vertex 8 164.65 62
      vertex 5.52786404500042 165.04154786963878 62
    endloop
  endfacet
  facet normal 4.8494087311686136e-17 -0.36039927920216236 0.9327981344055968
    outer loop
      vertex 8 76.65 28
      vertex 45.275000000000006 143.6154900690658 53.87303025395724
      vertex 8 164.65 62
    endloop
  endfacet
  facet normal 2.3452766738246324e-16 0.36039927920216247 -0.9327981344055969
    outer loop
      vertex 8 85.7794117647059 28
      vertex 8 167.05 59.4
      vertex 31.575000000000003 153.52295037856712 54.17363991899184
    endloop
  endfacet
  facet normal 1 0 0
    outer loop
      vertex 45.275000000000006 98.54946820101941 33.88825422346933
      vertex 45.275000000000006 144.480448339151 51.63431473138381
      vertex 45.275000000000006 143.6154900690658 53.87303025395724
    endloop
  endfacet
  facet normal -1 0 0
    outer loop
      vertex 0 84.65 28
      vertex 0 172.65 62
      vertex 0 172.65 0
    endloop
  endfacet
  facet normal 0.9876883405951374 -0.1564344650402328 0
    outer loop
      vertex 2.4000000000000004 172.65 0
      vertex 2.674083508747141 174.3804951684997 59.4
      vertex 2.4000000000000004 172.65 59.4
    endloop
  endfacet
  facet normal 0.891006524188368 -0.4539904997395466 0
    outer loop
      vertex 2.674083508747141 174.3804951684997 0
      vertex 3.469504831500295 175.94159741283784 59.4
      vertex 2.674083508747141 174.3804951684997 59.4
    endloop
  endfacet
  facet normal -0.9876883405951375 0.15643446504023142 0
    outer loop
      vertex 0.39154786963877175 175.12213595499958 0
      vertex 0 172.65 62
      vertex 0.39154786963877175 175.12213595499958 62
    endloop
  endfacet
  facet normal -0.8910065241883687 0.4539904997395452 0
    outer loop
      vertex 0.39154786963877175 175.12213595499958 0
      vertex 0.39154786963877175 175.12213595499958 62
      vertex 1.5278640450004204 177.3522820183398 62
    endloop
  endfacet
  facet normal -0.7071067811865458 0.7071067811865493 0
    outer loop
      vertex 1.5278640450004204 177.3522820183398 0
      vertex 1.5278640450004204 177.3522820183398 62
      vertex 3.297717981660215 179.12213595499958 62
    endloop
  endfacet
  facet normal 0.7071067811865509 -0.7071067811865441 0
    outer loop
      vertex 3.469504831500295 175.94159741283784 0
      vertex 4.70840258716215 177.1804951684997 59.4
      vertex 3.469504831500295 175.94159741283784 59.4
    endloop
  endfacet
  facet normal 0.45399049973954775 -0.8910065241883672 0
    outer loop
      vertex 4.70840258716215 177.1804951684997 0
      vertex 6.269504831500295 177.97591649125286 59.4
      vertex 4.70840258716215 177.1804951684997 59.4
    endloop
  endfacet
  facet normal 0.15643446504023067 -0.9876883405951377 0
    outer loop
      vertex 6.269504831500295 177.97591649125286 0
      vertex 8 178.25 59.4
      vertex 6.269504831500295 177.97591649125286 59.4
    endloop
  endfacet
  facet normal -0.45399049973954914 0.8910065241883666 0
    outer loop
      vertex 3.297717981660215 179.12213595499958 0
      vertex 3.297717981660215 179.12213595499958 62
      vertex 5.52786404500042 180.25845213036123 62
    endloop
  endfacet
  facet normal -0.15643446504023062 0.9876883405951378 0
    outer loop
      vertex 8 180.65 0
      vertex 5.52786404500042 180.25845213036123 62
      vertex 8 180.65 62
    endloop
  endfacet
  facet normal 0.5774681697558641 0.2942347287635814 -0.7615487097410344
    outer loop
      vertex 2.674083508747141 82.9195048315003 25.4
      vertex 2.674083508747141 170.91950483150032 59.4
      vertex 3.469504831500295 169.35840258716217 59.4
    endloop
  endfacet
  facet normal 0.05698886983593948 0.359813563246291 -0.9312821636962826
    outer loop
      vertex 6.269504831500295 79.32408350874715 25.4
      vertex 6.269504831500295 167.32408350874715 59.4
      vertex 8 167.05 59.4
    endloop
  endfacet
  facet normal 0.33905197983177376 0.3390519798317713 -0.8775463007410553
    outer loop
      vertex 3.469504831500295 81.35840258716216 25.4
      vertex 3.469504831500295 169.35840258716217 59.4
      vertex 4.70840258716215 168.1195048315003 59.4
    endloop
  endfacet
  facet normal 0.18061263926454954 0.3544722632476175 -0.9174576225232453
    outer loop
      vertex 4.70840258716215 80.11950483150031 25.4
      vertex 4.70840258716215 168.1195048315003 59.4
      vertex 6.269504831500295 167.32408350874715 59.4
    endloop
  endfacet
  facet normal 0.9154940231085235 0.14500000847050393 -0.37529413957071606
    outer loop
      vertex 2.4000000000000004 90.22441797333937 27.55375239879021
      vertex 2.4000000000000004 172.65 59.4
      vertex 2.674083508747141 170.91950483150032 59.4
    endloop
  endfacet
  facet normal -0.3390519798317695 -0.3390519798317718 0.8775463007410567
    outer loop
      vertex 3.297717981660215 78.17786404500043 28
      vertex 3.297717981660215 166.17786404500043 62
      vertex 1.5278640450004204 167.94771798166022 62
    endloop
  endfacet
  facet normal -0.577468169755866 -0.29423472876358103 0.7615487097410331
    outer loop
      vertex 1.5278640450004204 79.94771798166022 28
      vertex 1.5278640450004204 167.94771798166022 62
      vertex 0.39154786963877175 170.17786404500043 62
    endloop
  endfacet
  facet normal -0.18061263926455096 -0.35447226324761744 0.9174576225232449
    outer loop
      vertex 3.297717981660215 78.17786404500043 28
      vertex 5.52786404500042 165.04154786963878 62
      vertex 3.297717981660215 166.17786404500043 62
    endloop
  endfacet
  facet normal -0.9154940231085256 -0.14500000847050215 0.37529413957071145
    outer loop
      vertex 0.39154786963877175 82.17786404500043 28
      vertex 0.39154786963877175 170.17786404500043 62
      vertex 0 172.65 62
    endloop
  endfacet
  facet normal 0 0 -1
    outer loop
      vertex 3.469504831500295 169.35840258716217 59.4
      vertex 8 167.05 59.4
      vertex 4.70840258716215 168.1195048315003 59.4
    endloop
  endfacet
  facet normal 0 0 -1
    outer loop
      vertex 4.70840258716215 168.1195048315003 59.4
      vertex 8 167.05 59.4
      vertex 6.269504831500295 167.32408350874715 59.4
    endloop
  endfacet
  facet normal 0 0 1
    outer loop
      vertex 3.297717981660215 166.17786404500043 62
      vertex 5.52786404500042 165.04154786963878 62
      vertex 1.5278640450004204 167.94771798166022 62
    endloop
  endfacet
  facet normal 0 0 1
    outer loop
      vertex 1.5278640450004204 167.94771798166022 62
      vertex 5.52786404500042 165.04154786963878 62
      vertex 0.39154786963877175 170.17786404500043 62
    endloop
  endfacet
  facet normal 0 0 1
    outer loop
      vertex 5.52786404500042 165.04154786963878 62
      vertex 8 164.65 62
      vertex 0.39154786963877175 170.17786404500043 62
    endloop
  endfacet
  facet normal 0 0 -1
    outer loop
      vertex 3.469504831500295 169.35840258716217 59.4
      vertex 2.674083508747141 170.91950483150032 59.4
      vertex 2.674083508747141 174.3804951684997 59.4
    endloop
  endfacet
  facet normal 0 0 -1
    outer loop
      vertex 2.674083508747141 170.91950483150032 59.4
      vertex 2.4000000000000004 172.65 59.4
      vertex 2.674083508747141 174.3804951684997 59.4
    endloop
  endfacet
  facet normal 0 0 -1
    outer loop
      vertex 3.469504831500295 169.35840258716217 59.4
      vertex 2.674083508747141 174.3804951684997 59.4
      vertex 8 167.05 59.4
    endloop
  endfacet
  facet normal 0 0 1
    outer loop
      vertex 8 164.65 62
      vertex 1.5278640450004204 177.3522820183398 62
      vertex 0.39154786963877175 170.17786404500043 62
    endloop
  endfacet
  facet normal 0 0 1
    outer loop
      vertex 0.39154786963877175 170.17786404500043 62
      vertex 1.5278640450004204 177.3522820183398 62
      vertex 0 172.65 62
    endloop
  endfacet
  facet normal 0 0 -1
    outer loop
      vertex 2.674083508747141 174.3804951684997 59.4
      vertex 3.469504831500295 175.94159741283784 59.4
      vertex 4.70840258716215 177.1804951684997 59.4
    endloop
  endfacet
  facet normal 0 0 -1
    outer loop
      vertex 2.674083508747141 174.3804951684997 59.4
      vertex 4.70840258716215 177.1804951684997 59.4
      vertex 8 178.25 59.4
    endloop
  endfacet
  facet normal 0 0 -1
    outer loop
      vertex 4.70840258716215 177.1804951684997 59.4
      vertex 6.269504831500295 177.97591649125286 59.4
      vertex 8 178.25 59.4
    endloop
  endfacet
  facet normal 0 0 1
    outer loop
      vertex 0 172.65 62
      vertex 1.5278640450004204 177.3522820183398 62
      vertex 0.39154786963877175 175.12213595499958 62
    endloop
  endfacet
  facet normal 0 0 1
    outer loop
      vertex 1.5278640450004204 177.3522820183398 62
      vertex 5.52786404500042 180.25845213036123 62
      vertex 3.297717981660215 179.12213595499958 62
    endloop
  endfacet
  facet normal 0 0 1
    outer loop
      vertex 1.5278640450004204 177.3522820183398 62
      vertex 8 180.65 62
      vertex 5.52786404500042 180.25845213036123 62
    endloop
  endfacet
  facet normal 0 0 -1
    outer loop
      vertex 8 167.05 59.4
      vertex 2.674083508747141 174.3804951684997 59.4
      vertex 13.6 172.65 59.4
    endloop
  endfacet
  facet normal 0 0 -1
    outer loop
      vertex 2.674083508747141 174.3804951684997 59.4
      vertex 13.325916491252858 174.3804951684997 59.4
      vertex 13.6 172.65 59.4
    endloop
  endfacet
  facet normal -5.0466519081662363e-17 0.36039927920216197 -0.9327981344055969
    outer loop
      vertex 8 167.05 59.4
      vertex 31.792798502486576 154.8056649961111 54.66923420304292
      vertex 31.575000000000003 153.52295037856712 54.17363991899184
    endloop
  endfacet
  facet normal 5.069920063614332e-16 0.3603992792021631 -0.9327981344055966
    outer loop
      vertex 8 167.05 59.4
      vertex 32.42487437503149 155.9628185696916 55.11631626556266
      vertex 31.792798502486576 154.8056649961111 54.66923420304292
    endloop
  endfacet
  facet normal -2.408121868550338e-15 0.36039927920215714 -0.9327981344055987
    outer loop
      vertex 8 167.05 59.4
      vertex 33.409355627298496 156.88114084516354 55.47112259926772
      vertex 32.42487437503149 155.9628185696916 55.11631626556266
    endloop
  endfacet
  facet normal 4.765478245193628e-15 0.36039927920217313 -0.9327981344055926
    outer loop
      vertex 8 167.05 59.4
      vertex 34.64987437503149 157.4707400398762 55.69892228813399
      vertex 33.409355627298496 156.88114084516354 55.47112259926772
    endloop
  endfacet
  facet normal -4.725149951674579e-15 0.36039927920214976 -0.9327981344056017
    outer loop
      vertex 8 167.05 59.4
      vertex 36.025000000000006 157.67390207667205 55.77741671144147
      vertex 34.64987437503149 157.4707400398762 55.69892228813399
    endloop
  endfacet
  facet normal 2.3766215038592154e-18 -0.9327981344056027 -0.36039927920214726
    outer loop
      vertex 31.565000000000012 138.85936370571113 48.50816324993385
      vertex 36.56500000000001 138.53852422298735 49.33857132286604
      vertex 31.565000000000012 138.53852422298735 49.33857132286604
    endloop
  endfacet
  facet normal -5.121581796205199e-16 -0.9327981344056036 -0.36039927920214454
    outer loop
      vertex 31.565000000000012 138.85936370571113 48.50816324993385
      vertex 36.56500000000001 138.85936370571113 48.508163249933844
      vertex 36.56500000000001 138.53852422298735 49.33857132286604
    endloop
  endfacet
  facet normal 9.45587402789412e-16 0.3603992792021624 -0.9327981344055969
    outer loop
      vertex 31.565000000000012 138.85936370571113 48.50816324993385
      vertex 32.42487437503149 151.08308218744264 53.230963572421025
      vertex 33.409355627298496 150.1647599119707 52.876157238715955
    endloop
  endfacet
  facet normal -1.3255858766649405e-15 0.36039927920216297 -0.9327981344055966
    outer loop
      vertex 31.565000000000012 138.85936370571113 48.50816324993385
      vertex 36.56500000000001 148.8589597065391 52.371643522981024
      vertex 36.56500000000001 138.85936370571113 48.508163249933844
    endloop
  endfacet
  facet normal -5.183376106009729e-16 0.3603992792021621 -0.932798134405597
    outer loop
      vertex 31.565000000000012 138.85936370571113 48.50816324993385
      vertex 34.64987437503149 149.57516071725803 52.64835754984969
      vertex 36.025000000000006 149.3719986804622 52.56986312654222
    endloop
  endfacet
  facet normal -4.897317497786601e-15 0.3603992792021632 -0.9327981344055964
    outer loop
      vertex 31.565000000000012 138.85936370571113 48.50816324993385
      vertex 33.409355627298496 150.1647599119707 52.876157238715955
      vertex 34.64987437503149 149.57516071725803 52.64835754984969
    endloop
  endfacet
  facet normal 7.393822834089678e-15 0.36039927920215914 -0.9327981344055981
    outer loop
      vertex 31.565000000000012 138.85936370571113 48.50816324993385
      vertex 36.025000000000006 149.3719986804622 52.56986312654222
      vertex 36.56500000000001 148.8589597065391 52.371643522981024
    endloop
  endfacet
  facet normal 1 0 0
    outer loop
      vertex 36.56500000000001 138.85936370571113 48.508163249933844
      vertex 36.56500000000001 148.53812022381533 53.20205159591322
      vertex 36.56500000000001 138.53852422298735 49.33857132286604
    endloop
  endfacet
  facet normal -5.150492631401694e-16 0.360399279202163 -0.9327981344055967
    outer loop
      vertex 36.56500000000001 138.53852422298735 49.33857132286604
      vertex 36.56500000000001 148.53812022381533 53.20205159591322
      vertex 45.275000000000006 144.480448339151 51.63431473138381
    endloop
  endfacet
  facet normal 1 0 0
    outer loop
      vertex 36.56500000000001 138.85936370571113 48.508163249933844
      vertex 36.56500000000001 148.8589597065391 52.371643522981024
      vertex 36.56500000000001 148.53812022381533 53.20205159591322
    endloop
  endfacet
  facet normal -7.943965705817699e-15 0.36039927920216736 -0.9327981344055949
    outer loop
      vertex 33.409355627298496 151.46571718565662 49.50897370682296
      vertex 35.283359213500134 152.69476266637847 49.983832188010936
      vertex 34.64987437503149 150.87611799094395 49.28117401795669
    endloop
  endfacet
  facet normal 3.912891689219882e-15 0.3603992792021597 -0.9327981344055979
    outer loop
      vertex 36.025000000000006 150.67295595414814 49.20267959464922
      vertex 34.64987437503149 150.87611799094395 49.28117401795669
      vertex 36.025000000000006 152.58519212967963 49.94149811701365
    endloop
  endfacet
  facet normal -4.584456183755502e-15 0.36039927920216364 -0.9327981344055962
    outer loop
      vertex 36.025000000000006 150.67295595414814 49.20267959464922
      vertex 36.76664078649988 152.69476266637847 49.983832188010936
      vertex 37.400125624968524 150.87611799094395 49.28117401795669
    endloop
  endfacet
  facet normal 7.817095374402578e-15 0.3603992792021597 -0.9327981344055978
    outer loop
      vertex 36.025000000000006 150.67295595414814 49.20267959464922
      vertex 36.025000000000006 152.58519212967963 49.94149811701365
      vertex 36.76664078649988 152.69476266637847 49.983832188010936
    endloop
  endfacet
  facet normal 1.1909346610320513e-14 0.36039927920216014 -0.9327981344055977
    outer loop
      vertex 37.400125624968524 150.87611799094395 49.28117401795669
      vertex 37.96664078649988 153.50802368400616 50.29804667209436
      vertex 38.640644372701516 151.46571718565662 49.50897370682296
    endloop
  endfacet
  facet normal -0.4539904997395325 -0.831129223506132 -0.3211181090819129
    outer loop
      vertex 33.409355627298496 151.46571718565662 49.50897370682296
      vertex 34.64987437503149 150.87611799094395 49.28117401795669
      vertex 33.409355627298496 150.1647599119707 52.876157238715955
    endloop
  endfacet
  facet normal 5.556169833023117e-15 0.36039927920214937 -0.9327981344056018
    outer loop
      vertex 33.409355627298496 151.46571718565662 49.50897370682296
      vertex 34.614315394498064 153.01274874892016 50.10669044717476
      vertex 35.283359213500134 152.69476266637847 49.983832188010936
    endloop
  endfacet
  facet normal -0.15643446504024014 -0.9213138414813036 -0.3559621660268647
    outer loop
      vertex 36.025000000000006 150.67295595414814 49.20267959464922
      vertex 34.64987437503149 149.57516071725803 52.64835754984969
      vertex 34.64987437503149 150.87611799094395 49.28117401795669
    endloop
  endfacet
  facet normal -6.490607191070394e-15 0.3603992792021669 -0.9327981344055949
    outer loop
      vertex 34.64987437503149 150.87611799094395 49.28117401795669
      vertex 35.283359213500134 152.69476266637847 49.983832188010936
      vertex 36.025000000000006 152.58519212967963 49.94149811701365
    endloop
  endfacet
  facet normal -0.4539904997395311 -0.831129223506133 -0.32111810908191263
    outer loop
      vertex 34.64987437503149 150.87611799094395 49.28117401795669
      vertex 34.64987437503149 149.57516071725803 52.64835754984969
      vertex 33.409355627298496 150.1647599119707 52.876157238715955
    endloop
  endfacet
  facet normal -0.7071067811865493 -0.6595878863163568 -0.25484077425859103
    outer loop
      vertex 33.409355627298496 151.46571718565662 49.50897370682296
      vertex 32.42487437503149 151.08308218744264 53.230963572421025
      vertex 32.42487437503149 152.38403946112857 49.86378004052803
    endloop
  endfacet
  facet normal -0.1564344650402419 -0.9213138414813031 -0.3559621660268652
    outer loop
      vertex 36.025000000000006 150.67295595414814 49.20267959464922
      vertex 36.025000000000006 149.3719986804622 52.56986312654222
      vertex 34.64987437503149 149.57516071725803 52.64835754984969
    endloop
  endfacet
  facet normal 0.4539904997395604 0.8311292235061193 0.32111810908190697
    outer loop
      vertex 34.614315394498064 153.01274874892016 50.10669044717476
      vertex 35.283359213500134 150.9648461262081 54.4612632331578
      vertex 35.283359213500134 152.69476266637847 49.983832188010936
    endloop
  endfacet
  facet normal 0.1564344650402065 0.9213138414813088 0.3559621660268662
    outer loop
      vertex 35.283359213500134 152.69476266637847 49.983832188010936
      vertex 35.283359213500134 150.9648461262081 54.4612632331578
      vertex 36.025000000000006 152.58519212967963 49.94149811701365
    endloop
  endfacet
  facet normal 7.786826429488636e-15 0.36039927920216197 -0.9327981344055969
    outer loop
      vertex 31.565000000000012 138.85936370571113 48.50816324993385
      vertex 31.792798502486576 152.24023576102314 53.67804563494076
      vertex 32.42487437503149 151.08308218744264 53.230963572421025
    endloop
  endfacet
  facet normal 7.630508455466368e-16 0.360399279202162 -0.932798134405597
    outer loop
      vertex 31.565000000000012 138.85936370571113 48.50816324993385
      vertex 31.575000000000003 153.52295037856712 54.17363991899184
      vertex 31.792798502486576 152.24023576102314 53.67804563494076
    endloop
  endfacet
  facet normal -0.891006524188368 -0.4234814911949139 -0.1636178488707613
    outer loop
      vertex 32.42487437503149 152.38403946112857 49.86378004052803
      vertex 32.42487437503149 151.08308218744264 53.230963572421025
      vertex 31.792798502486576 152.24023576102314 53.67804563494076
    endloop
  endfacet
  facet normal -0.7071067811865493 -0.6595878863163568 -0.25484077425859103
    outer loop
      vertex 33.409355627298496 151.46571718565662 49.50897370682296
      vertex 33.409355627298496 150.1647599119707 52.876157238715955
      vertex 32.42487437503149 151.08308218744264 53.230963572421025
    endloop
  endfacet
  facet normal 0.7071067811865535 0.6595878863163519 0.25484077425859253
    outer loop
      vertex 34.614315394498064 153.01274874892016 50.10669044717476
      vertex 34.08335921350013 151.77810714383577 54.775477717241216
      vertex 34.614315394498064 151.28283220874977 54.58412149232163
    endloop
  endfacet
  facet normal 0.45399049973953254 0.8311292235061306 0.3211181090819166
    outer loop
      vertex 34.614315394498064 153.01274874892016 50.10669044717476
      vertex 34.614315394498064 151.28283220874977 54.58412149232163
      vertex 35.283359213500134 150.9648461262081 54.4612632331578
    endloop
  endfacet
  facet normal 0.15643446504024416 0.9213138414813011 0.35596216602686964
    outer loop
      vertex 36.025000000000006 152.58519212967963 49.94149811701365
      vertex 35.283359213500134 150.9648461262081 54.4612632331578
      vertex 36.025000000000006 150.85527558950923 54.41892916216051
    endloop
  endfacet
  facet normal -6.41591044281593e-15 0.36039927920216025 -0.9327981344055976
    outer loop
      vertex 32.42487437503149 152.38403946112857 49.86378004052803
      vertex 31.792798502486576 153.54119303470907 50.31086210304777
      vertex 32.42487437503149 157.26377584337752 51.749132733669654
    endloop
  endfacet
  facet normal -0.8910065241883683 -0.4234814911949131 -0.16361784887076133
    outer loop
      vertex 32.42487437503149 152.38403946112857 49.86378004052803
      vertex 31.792798502486576 152.24023576102314 53.67804563494076
      vertex 31.792798502486576 153.54119303470907 50.31086210304777
    endloop
  endfacet
  facet normal -9.304317213131597e-18 0.3603992792021575 -0.9327981344055987
    outer loop
      vertex 31.792798502486576 153.54119303470907 50.31086210304777
      vertex 31.575000000000003 154.82390765225304 50.80645638709884
      vertex 31.792798502486576 156.10662226979701 51.302050671149914
    endloop
  endfacet
  facet normal -0.9876883405951372 -0.14592177714626844 -0.05637886844287616
    outer loop
      vertex 31.792798502486576 153.54119303470907 50.31086210304777
      vertex 31.575000000000003 153.52295037856712 54.17363991899184
      vertex 31.575000000000003 154.82390765225304 50.80645638709884
    endloop
  endfacet
  facet normal 1.216162029517494e-14 0.3603992792021575 -0.9327981344055987
    outer loop
      vertex 31.792798502486576 153.54119303470907 50.31086210304777
      vertex 31.792798502486576 156.10662226979701 51.302050671149914
      vertex 32.42487437503149 157.26377584337752 51.749132733669654
    endloop
  endfacet
  facet normal -9.025243421460292e-15 0.36039927920215936 -0.9327981344055979
    outer loop
      vertex 33.409355627298496 151.46571718565662 49.50897370682296
      vertex 34.08335921350013 153.50802368400616 50.29804667209436
      vertex 34.614315394498064 153.01274874892016 50.10669044717476
    endloop
  endfacet
  facet normal -1.6340789703454402e-14 0.36039927920216136 -0.9327981344055972
    outer loop
      vertex 33.409355627298496 151.46571718565662 49.50897370682296
      vertex 33.74246436089163 154.13210651020688 50.53916958221737
      vertex 34.08335921350013 153.50802368400616 50.29804667209436
    endloop
  endfacet
  facet normal -1.6595881071898307e-14 0.3603992792021614 -0.9327981344055971
    outer loop
      vertex 33.409355627298496 151.46571718565662 49.50897370682296
      vertex 33.625 154.82390765225304 50.80645638709884
      vertex 33.74246436089163 154.13210651020688 50.53916958221737
    endloop
  endfacet
  facet normal -7.713439733953757e-16 0.36039927920216047 -0.9327981344055974
    outer loop
      vertex 33.409355627298496 151.46571718565662 49.50897370682296
      vertex 32.42487437503149 152.38403946112857 49.86378004052803
      vertex 33.409355627298496 158.18209811884947 52.103939067374725
    endloop
  endfacet
  facet normal 0.7071067811865551 0.6595878863163501 0.2548407742585922
    outer loop
      vertex 34.08335921350013 153.50802368400616 50.29804667209436
      vertex 34.08335921350013 151.77810714383577 54.775477717241216
      vertex 34.614315394498064 153.01274874892016 50.10669044717476
    endloop
  endfacet
  facet normal 2.1949683004715647e-16 0.36039927920216047 -0.9327981344055974
    outer loop
      vertex 33.409355627298496 151.46571718565662 49.50897370682296
      vertex 33.409355627298496 158.18209811884947 52.103939067374725
      vertex 33.625 154.82390765225304 50.80645638709884
    endloop
  endfacet
  facet normal 9.42230468883929e-16 0.36039927920216025 -0.9327981344055977
    outer loop
      vertex 32.42487437503149 152.38403946112857 49.86378004052803
      vertex 32.42487437503149 157.26377584337752 51.749132733669654
      vertex 33.409355627298496 158.18209811884947 52.103939067374725
    endloop
  endfacet
  facet normal 3.5337155892155764e-14 0.36039927920216247 -0.9327981344055968
    outer loop
      vertex 33.625 154.82390765225304 50.80645638709884
      vertex 33.409355627298496 158.18209811884947 52.103939067374725
      vertex 33.74246436089163 155.51570879429923 51.07374319198033
    endloop
  endfacet
  facet normal 2.0598526427781836e-15 0.3603992792021589 -0.9327981344055982
    outer loop
      vertex 33.74246436089163 155.51570879429923 51.07374319198033
      vertex 33.409355627298496 158.18209811884947 52.103939067374725
      vertex 34.08335921350013 156.13979162049995 51.31486610210333
    endloop
  endfacet
  facet normal -1.0080633458095657e-14 0.36039927920216547 -0.9327981344055957
    outer loop
      vertex 34.08335921350013 156.13979162049995 51.31486610210333
      vertex 34.64987437503149 158.77169731356213 52.331738756240995
      vertex 34.614315394498064 156.63506655558595 51.50622232702292
    endloop
  endfacet
  facet normal -0.9876883405951372 -0.14592177714626814 -0.05637886844287616
    outer loop
      vertex 31.792798502486576 152.24023576102314 53.67804563494076
      vertex 31.575000000000003 153.52295037856712 54.17363991899184
      vertex 31.792798502486576 153.54119303470907 50.31086210304777
    endloop
  endfacet
  facet normal -0.987688340595137 0.14592177714626847 0.05637886844287605
    outer loop
      vertex 31.575000000000003 154.82390765225304 50.80645638709884
      vertex 31.792798502486576 154.8056649961111 54.66923420304292
      vertex 31.792798502486576 156.10662226979701 51.302050671149914
    endloop
  endfacet
  facet normal -0.9876883405951372 0.14592177714626817 0.05637886844287605
    outer loop
      vertex 31.575000000000003 154.82390765225304 50.80645638709884
      vertex 31.575000000000003 153.52295037856712 54.17363991899184
      vertex 31.792798502486576 154.8056649961111 54.66923420304292
    endloop
  endfacet
  facet normal -0.8910065241883685 0.4234814911949133 0.16361784887076072
    outer loop
      vertex 31.792798502486576 156.10662226979701 51.302050671149914
      vertex 32.42487437503149 155.9628185696916 55.11631626556266
      vertex 32.42487437503149 157.26377584337752 51.749132733669654
    endloop
  endfacet
  facet normal -0.8910065241883685 0.4234814911949133 0.16361784887076072
    outer loop
      vertex 31.792798502486576 156.10662226979701 51.302050671149914
      vertex 31.792798502486576 154.8056649961111 54.66923420304292
      vertex 32.42487437503149 155.9628185696916 55.11631626556266
    endloop
  endfacet
  facet normal 0.8910065241883659 0.4234814911949169 0.16361784887076483
    outer loop
      vertex 34.08335921350013 153.50802368400616 50.29804667209436
      vertex 33.74246436089163 154.13210651020688 50.53916958221737
      vertex 33.74246436089163 152.4021899700365 55.01660062736423
    endloop
  endfacet
  facet normal 0.987688340595137 0.14592177714626933 0.0563788684428763
    outer loop
      vertex 33.74246436089163 154.13210651020688 50.53916958221737
      vertex 33.625 154.82390765225304 50.80645638709884
      vertex 33.625 153.09399111208268 55.283887432245706
    endloop
  endfacet
  facet normal 0.987688340595138 -0.1459217771462632 -0.05637886844287403
    outer loop
      vertex 33.625 154.82390765225304 50.80645638709884
      vertex 33.74246436089163 155.51570879429923 51.07374319198033
      vertex 33.74246436089163 153.78579225412886 55.551174237127185
    endloop
  endfacet
  facet normal 0.891006524188366 0.4234814911949169 0.16361784887076486
    outer loop
      vertex 34.08335921350013 153.50802368400616 50.29804667209436
      vertex 33.74246436089163 152.4021899700365 55.01660062736423
      vertex 34.08335921350013 151.77810714383577 54.775477717241216
    endloop
  endfacet
  facet normal 0.987688340595138 0.1459217771462634 0.05637886844287502
    outer loop
      vertex 33.74246436089163 154.13210651020688 50.53916958221737
      vertex 33.625 153.09399111208268 55.283887432245706
      vertex 33.74246436089163 152.4021899700365 55.01660062736423
    endloop
  endfacet
  facet normal 0.8910065241883652 -0.4234814911949192 -0.16361784887076278
    outer loop
      vertex 33.74246436089163 155.51570879429923 51.07374319198033
      vertex 34.08335921350013 156.13979162049995 51.31486610210333
      vertex 34.08335921350013 154.40987508032958 55.792297147250196
    endloop
  endfacet
  facet normal 1.1188704145226895e-14 0.36039927920216147 -0.9327981344055971
    outer loop
      vertex 34.08335921350013 156.13979162049995 51.31486610210333
      vertex 33.409355627298496 158.18209811884947 52.103939067374725
      vertex 34.64987437503149 158.77169731356213 52.331738756240995
    endloop
  endfacet
  facet normal -4.335055872864001e-15 0.3603992792021654 -0.9327981344055957
    outer loop
      vertex 34.614315394498064 156.63506655558595 51.50622232702292
      vertex 34.64987437503149 158.77169731356213 52.331738756240995
      vertex 35.283359213500134 156.95305263812764 51.62908058618675
    endloop
  endfacet
  facet normal 7.780726109475888e-15 0.3603992792021597 -0.9327981344055978
    outer loop
      vertex 35.283359213500134 156.95305263812764 51.62908058618675
      vertex 36.025000000000006 158.97485935035797 52.41023317954847
      vertex 36.025000000000006 157.06262317482648 51.67141465718404
    endloop
  endfacet
  facet normal 0.7071067811865535 -0.6595878863163532 -0.2548407742585888
    outer loop
      vertex 34.08335921350013 156.13979162049995 51.31486610210333
      vertex 34.614315394498064 156.63506655558595 51.50622232702292
      vertex 34.614315394498064 154.9051500154156 55.98365337216978
    endloop
  endfacet
  facet normal -0.7071067811865493 0.6595878863163568 0.25484077425859103
    outer loop
      vertex 32.42487437503149 157.26377584337752 51.749132733669654
      vertex 33.409355627298496 156.88114084516354 55.47112259926772
      vertex 33.409355627298496 158.18209811884947 52.103939067374725
    endloop
  endfacet
  facet normal 0.45399049973956324 -0.8311292235061161 -0.3211181090819115
    outer loop
      vertex 34.614315394498064 156.63506655558595 51.50622232702292
      vertex 35.283359213500134 156.95305263812764 51.62908058618675
      vertex 35.283359213500134 155.22313609795725 56.10651163133361
    endloop
  endfacet
  facet normal 0.15643446504020647 -0.9213138414813088 -0.3559621660268662
    outer loop
      vertex 35.283359213500134 156.95305263812764 51.62908058618675
      vertex 36.025000000000006 157.06262317482648 51.67141465718404
      vertex 36.025000000000006 155.33270663465612 56.1488457023309
    endloop
  endfacet
  facet normal 0.15643446504024014 -0.9213138414813035 -0.35596216602686537
    outer loop
      vertex 36.025000000000006 150.67295595414814 49.20267959464922
      vertex 37.400125624968524 150.87611799094395 49.28117401795669
      vertex 36.025000000000006 149.3719986804622 52.56986312654222
    endloop
  endfacet
  facet normal 0.4539904997395326 -0.8311292235061323 -0.32111810908191235
    outer loop
      vertex 37.400125624968524 150.87611799094395 49.28117401795669
      vertex 38.640644372701516 151.46571718565662 49.50897370682296
      vertex 37.400125624968524 149.57516071725803 52.64835754984969
    endloop
  endfacet
  facet normal -1.197664032920206e-14 0.36039927920216136 -0.9327981344055972
    outer loop
      vertex 37.400125624968524 150.87611799094395 49.28117401795669
      vertex 36.76664078649988 152.69476266637847 49.983832188010936
      vertex 37.43568460550195 153.01274874892016 50.10669044717476
    endloop
  endfacet
  facet normal 0.156434465040242 -0.9213138414813035 -0.3559621660268646
    outer loop
      vertex 37.400125624968524 150.87611799094395 49.28117401795669
      vertex 37.400125624968524 149.57516071725803 52.64835754984969
      vertex 36.025000000000006 149.3719986804622 52.56986312654222
    endloop
  endfacet
  facet normal -0.15643446504020644 0.9213138414813066 0.35596216602687175
    outer loop
      vertex 36.025000000000006 152.58519212967963 49.94149811701365
      vertex 36.025000000000006 150.85527558950923 54.41892916216051
      vertex 36.76664078649988 152.69476266637847 49.983832188010936
    endloop
  endfacet
  facet normal -0.45399049973956046 0.8311292235061193 0.3211181090819069
    outer loop
      vertex 36.76664078649988 152.69476266637847 49.983832188010936
      vertex 36.76664078649988 150.9648461262081 54.4612632331578
      vertex 37.43568460550195 153.01274874892016 50.10669044717476
    endloop
  endfacet
  facet normal 0.45399049973953104 -0.8311292235061327 -0.3211181090819132
    outer loop
      vertex 38.640644372701516 151.46571718565662 49.50897370682296
      vertex 38.640644372701516 150.1647599119707 52.876157238715955
      vertex 37.400125624968524 149.57516071725803 52.64835754984969
    endloop
  endfacet
  facet normal 0.7071067811865493 -0.6595878863163568 -0.25484077425859103
    outer loop
      vertex 38.640644372701516 151.46571718565662 49.50897370682296
      vertex 39.62512562496852 152.38403946112857 49.86378004052803
      vertex 38.640644372701516 150.1647599119707 52.876157238715955
    endloop
  endfacet
  facet normal 0.8910065241883682 -0.4234814911949131 -0.16361784887076097
    outer loop
      vertex 39.62512562496852 152.38403946112857 49.86378004052803
      vertex 40.257201497513435 153.54119303470907 50.31086210304777
      vertex 39.62512562496852 151.08308218744264 53.230963572421025
    endloop
  endfacet
  facet normal 1.879454762513535e-15 0.36039927920215387 -0.9327981344056001
    outer loop
      vertex 36.025000000000006 149.3719986804622 52.56986312654222
      vertex 37.400125624968524 149.57516071725803 52.64835754984969
      vertex 36.56500000000001 148.8589597065391 52.371643522981024
    endloop
  endfacet
  facet normal 0.7071067811865493 -0.6595878863163568 -0.25484077425859103
    outer loop
      vertex 39.62512562496852 152.38403946112857 49.86378004052803
      vertex 39.62512562496852 151.08308218744264 53.230963572421025
      vertex 38.640644372701516 150.1647599119707 52.876157238715955
    endloop
  endfacet
  facet normal -0.15643446504024416 0.9213138414813032 0.35596216602686404
    outer loop
      vertex 36.76664078649988 152.69476266637847 49.983832188010936
      vertex 36.025000000000006 150.85527558950923 54.41892916216051
      vertex 36.76664078649988 150.9648461262081 54.4612632331578
    endloop
  endfacet
  facet normal -0.4539904997395324 0.8311292235061307 0.3211181090819167
    outer loop
      vertex 37.43568460550195 153.01274874892016 50.10669044717476
      vertex 36.76664078649988 150.9648461262081 54.4612632331578
      vertex 37.43568460550195 151.28283220874977 54.58412149232163
    endloop
  endfacet
  facet normal -0.7071067811865535 0.6595878863163517 0.2548407742585928
    outer loop
      vertex 37.96664078649988 153.50802368400616 50.29804667209436
      vertex 37.43568460550195 151.28283220874977 54.58412149232163
      vertex 37.96664078649988 151.77810714383577 54.775477717241216
    endloop
  endfacet
  facet normal 0.891006524188368 -0.42348149119491374 -0.1636178488707616
    outer loop
      vertex 39.62512562496852 151.08308218744264 53.230963572421025
      vertex 40.257201497513435 153.54119303470907 50.31086210304777
      vertex 40.257201497513435 152.24023576102314 53.67804563494076
    endloop
  endfacet
  facet normal 7.111612534850605e-15 0.36039927920216114 -0.9327981344055973
    outer loop
      vertex 37.400125624968524 150.87611799094395 49.28117401795669
      vertex 37.43568460550195 153.01274874892016 50.10669044717476
      vertex 37.96664078649988 153.50802368400616 50.29804667209436
    endloop
  endfacet
  facet normal 4.080875238224366e-15 0.3603992792021579 -0.9327981344055986
    outer loop
      vertex 38.640644372701516 151.46571718565662 49.50897370682296
      vertex 37.96664078649988 153.50802368400616 50.29804667209436
      vertex 38.30753563910838 154.13210651020688 50.53916958221736
    endloop
  endfacet
  facet normal 5.795859123456447e-14 0.3603992792021638 -0.9327981344055962
    outer loop
      vertex 38.640644372701516 151.46571718565662 49.50897370682296
      vertex 38.30753563910838 154.13210651020688 50.53916958221736
      vertex 38.42500000000001 154.82390765225304 50.80645638709884
    endloop
  endfacet
  facet normal 1.05368484889677e-15 0.36039927920216025 -0.9327981344055977
    outer loop
      vertex 38.640644372701516 151.46571718565662 49.50897370682296
      vertex 39.62512562496852 157.26377584337752 51.749132733669654
      vertex 39.62512562496852 152.38403946112857 49.86378004052803
    endloop
  endfacet
  facet normal -0.7071067811865551 0.6595878863163502 0.25484077425859186
    outer loop
      vertex 37.43568460550195 153.01274874892016 50.10669044717476
      vertex 37.43568460550195 151.28283220874977 54.58412149232163
      vertex 37.96664078649988 153.50802368400616 50.29804667209436
    endloop
  endfacet
  facet normal 2.1949683004715647e-16 0.36039927920216047 -0.9327981344055974
    outer loop
      vertex 38.640644372701516 151.46571718565662 49.50897370682296
      vertex 38.42500000000001 154.82390765225304 50.80645638709884
      vertex 38.640644372701516 158.18209811884947 52.103939067374725
    endloop
  endfacet
  facet normal 6.22351069905945e-16 0.3603992792021586 -0.9327981344055983
    outer loop
      vertex 37.43568460550195 156.63506655558595 51.50622232702292
      vertex 36.76664078649988 156.95305263812764 51.62908058618675
      vertex 38.640644372701516 158.18209811884947 52.103939067374725
    endloop
  endfacet
  facet normal 1.849912297065613e-15 0.36039927920215775 -0.9327981344055987
    outer loop
      vertex 37.43568460550195 156.63506655558595 51.50622232702292
      vertex 38.640644372701516 158.18209811884947 52.103939067374725
      vertex 37.96664078649988 156.13979162049995 51.31486610210333
    endloop
  endfacet
  facet normal -7.312552787091985e-16 0.36039927920216047 -0.9327981344055974
    outer loop
      vertex 38.640644372701516 151.46571718565662 49.50897370682296
      vertex 38.640644372701516 158.18209811884947 52.103939067374725
      vertex 39.62512562496852 157.26377584337752 51.749132733669654
    endloop
  endfacet
  facet normal -6.4993008345528014e-15 0.36039927920216025 -0.9327981344055976
    outer loop
      vertex 39.62512562496852 152.38403946112857 49.86378004052803
      vertex 39.62512562496852 157.26377584337752 51.749132733669654
      vertex 40.257201497513435 156.10662226979701 51.302050671149914
    endloop
  endfacet
  facet normal 5.606942900163155e-15 0.3603992792021602 -0.9327981344055977
    outer loop
      vertex 38.42500000000001 154.82390765225304 50.80645638709884
      vertex 38.30753563910838 155.51570879429923 51.07374319198032
      vertex 38.640644372701516 158.18209811884947 52.103939067374725
    endloop
  endfacet
  facet normal -1.4213035564829952e-14 0.3603992792021624 -0.9327981344055969
    outer loop
      vertex 37.96664078649988 156.13979162049995 51.31486610210333
      vertex 38.640644372701516 158.18209811884947 52.103939067374725
      vertex 38.30753563910838 155.51570879429923 51.07374319198032
    endloop
  endfacet
  facet normal 1.2226258082046143e-14 0.3603992792021575 -0.9327981344055987
    outer loop
      vertex 39.62512562496852 152.38403946112857 49.86378004052803
      vertex 40.257201497513435 156.10662226979701 51.302050671149914
      vertex 40.257201497513435 153.54119303470907 50.31086210304777
    endloop
  endfacet
  facet normal 0.9876883405951371 -0.14592177714626842 -0.056378868442876255
    outer loop
      vertex 40.257201497513435 152.24023576102314 53.67804563494076
      vertex 40.257201497513435 153.54119303470907 50.31086210304777
      vertex 40.47500000000001 154.82390765225304 50.80645638709884
    endloop
  endfacet
  facet normal -9.304317213131597e-18 0.3603992792021575 -0.9327981344055987
    outer loop
      vertex 40.257201497513435 153.54119303470907 50.31086210304777
      vertex 40.257201497513435 156.10662226979701 51.302050671149914
      vertex 40.47500000000001 154.82390765225304 50.80645638709884
    endloop
  endfacet
  facet normal -0.8910065241883652 0.4234814911949181 0.16361784887076533
    outer loop
      vertex 37.96664078649988 153.50802368400616 50.29804667209436
      vertex 37.96664078649988 151.77810714383577 54.775477717241216
      vertex 38.30753563910838 154.13210651020688 50.53916958221736
    endloop
  endfacet
  facet normal -0.987688340595137 0.14592177714626856 0.056378868442876914
    outer loop
      vertex 38.30753563910838 154.13210651020688 50.53916958221736
      vertex 38.30753563910838 152.4021899700365 55.01660062736423
      vertex 38.42500000000001 154.82390765225304 50.80645638709884
    endloop
  endfacet
  facet normal -0.9876883405951379 -0.14592177714626375 -0.056378868442874146
    outer loop
      vertex 38.42500000000001 154.82390765225304 50.80645638709884
      vertex 38.42500000000001 153.09399111208268 55.283887432245706
      vertex 38.30753563910838 155.51570879429923 51.07374319198032
    endloop
  endfacet
  facet normal -0.8910065241883659 -0.4234814911949178 -0.16361784887076228
    outer loop
      vertex 37.96664078649988 156.13979162049995 51.31486610210333
      vertex 38.30753563910838 155.51570879429923 51.07374319198032
      vertex 38.30753563910838 153.78579225412886 55.551174237127185
    endloop
  endfacet
  facet normal -0.8910065241883659 0.42348149119491696 0.16361784887076464
    outer loop
      vertex 38.30753563910838 154.13210651020688 50.53916958221736
      vertex 37.96664078649988 151.77810714383577 54.775477717241216
      vertex 38.30753563910838 152.4021899700365 55.01660062736423
    endloop
  endfacet
  facet normal -0.9876883405951379 0.14592177714626378 0.05637886844287415
    outer loop
      vertex 38.42500000000001 154.82390765225304 50.80645638709884
      vertex 38.30753563910838 152.4021899700365 55.01660062736423
      vertex 38.42500000000001 153.09399111208268 55.283887432245706
    endloop
  endfacet
  facet normal -6.2544254217096905e-15 0.36039927920216863 -0.9327981344055944
    outer loop
      vertex 36.025000000000006 157.06262317482648 51.67141465718404
      vertex 37.400125624968524 158.77169731356213 52.331738756240995
      vertex 36.76664078649988 156.95305263812764 51.62908058618675
    endloop
  endfacet
  facet normal -7.143892550915157e-15 0.3603992792021689 -0.9327981344055943
    outer loop
      vertex 36.76664078649988 156.95305263812764 51.62908058618675
      vertex 37.400125624968524 158.77169731356213 52.331738756240995
      vertex 38.640644372701516 158.18209811884947 52.103939067374725
    endloop
  endfacet
  facet normal -0.15643446504020644 -0.9213138414813066 -0.35596216602687175
    outer loop
      vertex 36.025000000000006 157.06262317482648 51.67141465718404
      vertex 36.76664078649988 156.95305263812764 51.62908058618675
      vertex 36.76664078649988 155.22313609795725 56.10651163133361
    endloop
  endfacet
  facet normal -0.7071067811865535 -0.6595878863163533 -0.25484077425858886
    outer loop
      vertex 37.43568460550195 156.63506655558595 51.50622232702292
      vertex 37.96664078649988 156.13979162049995 51.31486610210333
      vertex 37.96664078649988 154.40987508032958 55.792297147250196
    endloop
  endfacet
  facet normal -0.4539904997395631 -0.831129223506118 -0.3211181090819064
    outer loop
      vertex 37.43568460550195 156.63506655558595 51.50622232702292
      vertex 37.43568460550195 154.9051500154156 55.98365337216978
      vertex 36.76664078649988 156.95305263812764 51.62908058618675
    endloop
  endfacet
  facet normal 0.7071067811865493 0.6595878863163571 0.2548407742585906
    outer loop
      vertex 39.62512562496852 157.26377584337752 51.749132733669654
      vertex 38.640644372701516 158.18209811884947 52.103939067374725
      vertex 39.62512562496852 155.9628185696916 55.11631626556266
    endloop
  endfacet
  facet normal 0.4539904997395325 0.8311292235061322 0.32111810908191296
    outer loop
      vertex 38.640644372701516 156.88114084516354 55.47112259926772
      vertex 38.640644372701516 158.18209811884947 52.103939067374725
      vertex 37.400125624968524 158.77169731356213 52.331738756240995
    endloop
  endfacet
  facet normal 0.9876883405951372 0.14592177714626844 0.05637886844287616
    outer loop
      vertex 40.47500000000001 154.82390765225304 50.80645638709884
      vertex 40.257201497513435 156.10662226979701 51.302050671149914
      vertex 40.47500000000001 153.52295037856712 54.17363991899184
    endloop
  endfacet
  facet normal 0.9876883405951372 -0.14592177714626817 -0.05637886844287605
    outer loop
      vertex 40.257201497513435 152.24023576102314 53.67804563494076
      vertex 40.47500000000001 154.82390765225304 50.80645638709884
      vertex 40.47500000000001 153.52295037856712 54.17363991899184
    endloop
  endfacet
  facet normal 0.9876883405951372 0.14592177714626822 0.05637886844287595
    outer loop
      vertex 40.257201497513435 156.10662226979701 51.302050671149914
      vertex 40.257201497513435 154.8056649961111 54.66923420304292
      vertex 40.47500000000001 153.52295037856712 54.17363991899184
    endloop
  endfacet
  facet normal 0.8910065241883685 0.4234814911949133 0.16361784887076075
    outer loop
      vertex 39.62512562496852 157.26377584337752 51.749132733669654
      vertex 40.257201497513435 154.8056649961111 54.66923420304292
      vertex 40.257201497513435 156.10662226979701 51.302050671149914
    endloop
  endfacet
  facet normal -3.0157923129397458e-15 0.3603992792021618 -0.9327981344055969
    outer loop
      vertex 35.283359213500134 150.9648461262081 54.4612632331578
      vertex 34.614315394498064 151.28283220874977 54.58412149232163
      vertex 34.614315394498064 154.9051500154156 55.98365337216978
    endloop
  endfacet
  facet normal -2.398220771992743e-15 0.36039927920216264 -0.9327981344055967
    outer loop
      vertex 35.283359213500134 150.9648461262081 54.4612632331578
      vertex 35.283359213500134 155.22313609795725 56.10651163133361
      vertex 36.025000000000006 150.85527558950923 54.41892916216051
    endloop
  endfacet
  facet normal 0.9876883405951379 -0.14592177714626375 -0.05637886844287414
    outer loop
      vertex 33.625 154.82390765225304 50.80645638709884
      vertex 33.74246436089163 153.78579225412886 55.551174237127185
      vertex 33.625 153.09399111208268 55.283887432245706
    endloop
  endfacet
  facet normal 0.8910065241883659 -0.4234814911949177 -0.16361784887076247
    outer loop
      vertex 33.74246436089163 155.51570879429923 51.07374319198033
      vertex 34.08335921350013 154.40987508032958 55.792297147250196
      vertex 33.74246436089163 153.78579225412886 55.551174237127185
    endloop
  endfacet
  facet normal 0.7071067811865536 -0.6595878863163532 -0.2548407742585888
    outer loop
      vertex 34.08335921350013 156.13979162049995 51.31486610210333
      vertex 34.614315394498064 154.9051500154156 55.98365337216978
      vertex 34.08335921350013 154.40987508032958 55.792297147250196
    endloop
  endfacet
  facet normal 8.517091295935662e-15 0.36039927920216397 -0.9327981344055962
    outer loop
      vertex 34.08335921350013 151.77810714383577 54.775477717241216
      vertex 34.08335921350013 154.40987508032958 55.792297147250196
      vertex 34.614315394498064 151.28283220874977 54.58412149232163
    endloop
  endfacet
  facet normal -2.0483188197341966e-14 0.36039927920215936 -0.9327981344055979
    outer loop
      vertex 34.08335921350013 151.77810714383577 54.775477717241216
      vertex 33.74246436089163 152.4021899700365 55.01660062736423
      vertex 33.74246436089163 153.78579225412886 55.551174237127185
    endloop
  endfacet
  facet normal -4.430024423008007e-17 0.36039927920215936 -0.9327981344055979
    outer loop
      vertex 33.74246436089163 152.4021899700365 55.01660062736423
      vertex 33.625 153.09399111208268 55.283887432245706
      vertex 33.74246436089163 153.78579225412886 55.551174237127185
    endloop
  endfacet
  facet normal 1.0655185208771128e-14 0.36039927920216397 -0.9327981344055961
    outer loop
      vertex 34.08335921350013 151.77810714383577 54.775477717241216
      vertex 33.74246436089163 153.78579225412886 55.551174237127185
      vertex 34.08335921350013 154.40987508032958 55.792297147250196
    endloop
  endfacet
  facet normal -6.2649941822825605e-15 0.3603992792021618 -0.932798134405597
    outer loop
      vertex 34.614315394498064 151.28283220874977 54.58412149232163
      vertex 34.08335921350013 154.40987508032958 55.792297147250196
      vertex 34.614315394498064 154.9051500154156 55.98365337216978
    endloop
  endfacet
  facet normal 2.5924443762999556e-15 0.36039927920216275 -0.9327981344055968
    outer loop
      vertex 35.283359213500134 150.9648461262081 54.4612632331578
      vertex 34.614315394498064 154.9051500154156 55.98365337216978
      vertex 35.283359213500134 155.22313609795725 56.10651163133361
    endloop
  endfacet
  facet normal 2.1766508158874593e-15 0.3603992792021633 -0.9327981344055964
    outer loop
      vertex 36.025000000000006 150.85527558950923 54.41892916216051
      vertex 35.283359213500134 155.22313609795725 56.10651163133361
      vertex 36.025000000000006 155.33270663465612 56.1488457023309
    endloop
  endfacet
  facet normal -0.7071067811865485 0.6595878863163579 0.2548407742585909
    outer loop
      vertex 32.42487437503149 157.26377584337752 51.749132733669654
      vertex 32.42487437503149 155.9628185696916 55.11631626556266
      vertex 33.409355627298496 156.88114084516354 55.47112259926772
    endloop
  endfacet
  facet normal -0.4539904997395325 0.831129223506132 0.3211181090819129
    outer loop
      vertex 33.409355627298496 156.88114084516354 55.47112259926772
      vertex 34.64987437503149 157.4707400398762 55.69892228813399
      vertex 33.409355627298496 158.18209811884947 52.103939067374725
    endloop
  endfacet
  facet normal 0.4539904997395323 -0.8311292235061326 -0.3211181090819121
    outer loop
      vertex 34.614315394498064 156.63506655558595 51.50622232702292
      vertex 35.283359213500134 155.22313609795725 56.10651163133361
      vertex 34.614315394498064 154.9051500154156 55.98365337216978
    endloop
  endfacet
  facet normal 0.15643446504024416 -0.9213138414813011 -0.35596216602686964
    outer loop
      vertex 35.283359213500134 156.95305263812764 51.62908058618675
      vertex 36.025000000000006 155.33270663465612 56.1488457023309
      vertex 35.283359213500134 155.22313609795725 56.10651163133361
    endloop
  endfacet
  facet normal -0.1564344650402605 0.9213138414813004 0.35596216602686415
    outer loop
      vertex 34.64987437503149 157.4707400398762 55.69892228813399
      vertex 36.025000000000006 157.67390207667205 55.77741671144147
      vertex 34.64987437503149 158.77169731356213 52.331738756240995
    endloop
  endfacet
  facet normal 2.2791526671746993e-15 0.3603992792021633 -0.9327981344055964
    outer loop
      vertex 36.025000000000006 150.85527558950923 54.41892916216051
      vertex 36.025000000000006 155.33270663465612 56.1488457023309
      vertex 36.76664078649988 150.9648461262081 54.4612632331578
    endloop
  endfacet
  facet normal -0.9876883405951379 -0.14592177714626378 -0.05637886844287415
    outer loop
      vertex 38.30753563910838 155.51570879429923 51.07374319198032
      vertex 38.42500000000001 153.09399111208268 55.283887432245706
      vertex 38.30753563910838 153.78579225412886 55.551174237127185
    endloop
  endfacet
  facet normal -0.8910065241883659 -0.4234814911949178 -0.16361784887076228
    outer loop
      vertex 37.96664078649988 156.13979162049995 51.31486610210333
      vertex 38.30753563910838 153.78579225412886 55.551174237127185
      vertex 37.96664078649988 154.40987508032958 55.792297147250196
    endloop
  endfacet
  facet normal 2.5737667692062992e-15 0.36039927920216275 -0.9327981344055968
    outer loop
      vertex 36.76664078649988 150.9648461262081 54.4612632331578
      vertex 36.76664078649988 155.22313609795725 56.10651163133361
      vertex 37.43568460550195 151.28283220874977 54.58412149232163
    endloop
  endfacet
  facet normal -6.194168541282577e-15 0.3603992792021618 -0.932798134405597
    outer loop
      vertex 37.43568460550195 151.28283220874977 54.58412149232163
      vertex 37.43568460550195 154.9051500154156 55.98365337216978
      vertex 37.96664078649988 151.77810714383577 54.775477717241216
    endloop
  endfacet
  facet normal -3.1530619656394148e-15 0.3603992792021618 -0.9327981344055969
    outer loop
      vertex 37.43568460550195 151.28283220874977 54.58412149232163
      vertex 36.76664078649988 155.22313609795725 56.10651163133361
      vertex 37.43568460550195 154.9051500154156 55.98365337216978
    endloop
  endfacet
  facet normal 8.567833219750197e-15 0.36039927920216397 -0.9327981344055962
    outer loop
      vertex 37.96664078649988 151.77810714383577 54.775477717241216
      vertex 37.43568460550195 154.9051500154156 55.98365337216978
      vertex 37.96664078649988 154.40987508032958 55.792297147250196
    endloop
  endfacet
  facet normal -2.3961011271617146e-15 0.36039927920216264 -0.9327981344055967
    outer loop
      vertex 36.025000000000006 155.33270663465612 56.1488457023309
      vertex 36.76664078649988 155.22313609795725 56.10651163133361
      vertex 36.76664078649988 150.9648461262081 54.4612632331578
    endloop
  endfacet
  facet normal 1.082111873160225e-14 0.36039927920216397 -0.9327981344055961
    outer loop
      vertex 37.96664078649988 151.77810714383577 54.775477717241216
      vertex 37.96664078649988 154.40987508032958 55.792297147250196
      vertex 38.30753563910838 152.4021899700365 55.01660062736423
    endloop
  endfacet
  facet normal -4.430024423008007e-17 0.36039927920215936 -0.9327981344055979
    outer loop
      vertex 38.30753563910838 152.4021899700365 55.01660062736423
      vertex 38.30753563910838 153.78579225412886 55.551174237127185
      vertex 38.42500000000001 153.09399111208268 55.283887432245706
    endloop
  endfacet
  facet normal -2.0422450437556062e-14 0.3603992792021593 -0.9327981344055979
    outer loop
      vertex 38.30753563910838 152.4021899700365 55.01660062736423
      vertex 37.96664078649988 154.40987508032958 55.792297147250196
      vertex 38.30753563910838 153.78579225412886 55.551174237127185
    endloop
  endfacet
  facet normal -0.4539904997395325 -0.8311292235061306 -0.32111810908191707
    outer loop
      vertex 36.76664078649988 156.95305263812764 51.62908058618675
      vertex 37.43568460550195 154.9051500154156 55.98365337216978
      vertex 36.76664078649988 155.22313609795725 56.10651163133361
    endloop
  endfacet
  facet normal -0.15643446504024416 -0.9213138414813032 -0.35596216602686404
    outer loop
      vertex 36.025000000000006 157.06262317482648 51.67141465718404
      vertex 36.76664078649988 155.22313609795725 56.10651163133361
      vertex 36.025000000000006 155.33270663465612 56.1488457023309
    endloop
  endfacet
  facet normal -0.7071067811865535 -0.6595878863163532 -0.2548407742585888
    outer loop
      vertex 37.43568460550195 156.63506655558595 51.50622232702292
      vertex 37.96664078649988 154.40987508032958 55.792297147250196
      vertex 37.43568460550195 154.9051500154156 55.98365337216978
    endloop
  endfacet
  facet normal 0.1564344650402605 0.9213138414813004 0.35596216602686415
    outer loop
      vertex 36.025000000000006 157.67390207667205 55.77741671144147
      vertex 37.400125624968524 157.4707400398762 55.69892228813399
      vertex 36.025000000000006 158.97485935035797 52.41023317954847
    endloop
  endfacet
  facet normal 0.4539904997395325 0.831129223506132 0.3211181090819129
    outer loop
      vertex 37.400125624968524 157.4707400398762 55.69892228813399
      vertex 38.640644372701516 156.88114084516354 55.47112259926772
      vertex 37.400125624968524 158.77169731356213 52.331738756240995
    endloop
  endfacet
  facet normal 0.8910065241883685 0.4234814911949132 0.1636178488707607
    outer loop
      vertex 39.62512562496852 157.26377584337752 51.749132733669654
      vertex 39.62512562496852 155.9628185696916 55.11631626556266
      vertex 40.257201497513435 154.8056649961111 54.66923420304292
    endloop
  endfacet
  facet normal 0.7071067811865485 0.6595878863163577 0.2548407742585914
    outer loop
      vertex 39.62512562496852 155.9628185696916 55.11631626556266
      vertex 38.640644372701516 158.18209811884947 52.103939067374725
      vertex 38.640644372701516 156.88114084516354 55.47112259926772
    endloop
  endfacet
  facet normal -7.337200461362982e-15 0.3603992792021645 -0.932798134405596
    outer loop
      vertex 35.283359213500134 156.95305263812764 51.62908058618675
      vertex 34.64987437503149 158.77169731356213 52.331738756240995
      vertex 36.025000000000006 158.97485935035797 52.41023317954847
    endloop
  endfacet
  facet normal -0.4539904997395325 0.831129223506132 0.3211181090819129
    outer loop
      vertex 34.64987437503149 157.4707400398762 55.69892228813399
      vertex 34.64987437503149 158.77169731356213 52.331738756240995
      vertex 33.409355627298496 158.18209811884947 52.103939067374725
    endloop
  endfacet
  facet normal -0.1564344650402605 0.9213138414813004 0.35596216602686415
    outer loop
      vertex 36.025000000000006 157.67390207667205 55.77741671144147
      vertex 36.025000000000006 158.97485935035797 52.41023317954847
      vertex 34.64987437503149 158.77169731356213 52.331738756240995
    endloop
  endfacet
  facet normal 6.5404595077193304e-15 0.3603992792021597 -0.9327981344055979
    outer loop
      vertex 36.025000000000006 157.06262317482648 51.67141465718404
      vertex 36.025000000000006 158.97485935035797 52.41023317954847
      vertex 37.400125624968524 158.77169731356213 52.331738756240995
    endloop
  endfacet
  facet normal 0.15643446504026046 0.9213138414813005 0.3559621660268642
    outer loop
      vertex 37.400125624968524 157.4707400398762 55.69892228813399
      vertex 37.400125624968524 158.77169731356213 52.331738756240995
      vertex 36.025000000000006 158.97485935035797 52.41023317954847
    endloop
  endfacet
  facet normal 8.04406925460048e-16 -0.36039927920215864 0.9327981344055982
    outer loop
      vertex 94.90452724844218 87.51809899800502 32.19903824922921
      vertex 94.98129224926234 88.2086354665147 32.465836430244316
      vertex 45.275000000000006 97.68450993093421 36.12696974604276
    endloop
  endfacet
  facet normal 0 -0.36039927920216236 0.9327981344055968
    outer loop
      vertex 94.98129224926234 88.2086354665147 32.465836430244316
      vertex 99.56736724972725 88.2086354665147 32.465836430244316
      vertex 45.275000000000006 97.68450993093421 36.12696974604276
    endloop
  endfacet
  facet normal 0 -0.3603992792021624 0.9327981344055969
    outer loop
      vertex 99.56736724972725 88.2086354665147 32.465836430244316
      vertex 101.35942375063897 88.2086354665147 32.465836430244316
      vertex 45.275000000000006 97.68450993093421 36.12696974604276
    endloop
  endfacet
  facet normal 0 -0.36039927920216236 0.9327981344055968
    outer loop
      vertex 101.35942375063897 88.2086354665147 32.465836430244316
      vertex 102.24413874894381 88.2086354665147 32.465836430244316
      vertex 45.275000000000006 97.68450993093421 36.12696974604276
    endloop
  endfacet
  facet normal 0 -0.36039927920216236 0.9327981344055968
    outer loop
      vertex 102.24413874894381 88.2086354665147 32.465836430244316
      vertex 104.631978751719 88.2086354665147 32.465836430244316
      vertex 45.275000000000006 97.68450993093421 36.12696974604276
    endloop
  endfacet
  facet normal 0 -0.36039927920216236 0.9327981344055968
    outer loop
      vertex 104.631978751719 88.2086354665147 32.465836430244316
      vertex 105.50317374765874 88.2086354665147 32.465836430244316
      vertex 45.275000000000006 97.68450993093421 36.12696974604276
    endloop
  endfacet
  facet normal 0 -0.36039927920216236 0.9327981344055967
    outer loop
      vertex 105.50317374765874 88.2086354665147 32.465836430244316
      vertex 107.63368524760008 88.2086354665147 32.465836430244316
      vertex 45.275000000000006 97.68450993093421 36.12696974604276
    endloop
  endfacet
  facet normal 1.1795346426288665e-20 0.36039927920215975 -0.9327981344055978
    outer loop
      vertex 40.47500000000001 90.14864512705087 29.688112889996926
      vertex 40.257201497513435 91.43135974459484 30.183707174048003
      vertex 189.25279850248657 91.43135974459484 30.183707174048003
    endloop
  endfacet
  facet normal -6.081354550178675e-17 0.36039927920216464 -0.9327981344055959
    outer loop
      vertex 39.62512562496852 92.58851331817533 30.63078923656774
      vertex 188.485 94.81263579907886 31.490109286007737
      vertex 40.257201497513435 91.43135974459484 30.183707174048003
    endloop
  endfacet
  facet normal -7.194717220601561e-17 0.36039927920216935 -0.932798134405594
    outer loop
      vertex 37.400125624968524 94.09643478835997 31.21339525913908
      vertex 188.485 94.81263579907886 31.490109286007737
      vertex 38.640644372701516 93.5068355936473 30.985595570272814
    endloop
  endfacet
  facet normal 2.6411912538354345e-17 0.3603992792021596 -0.9327981344055979
    outer loop
      vertex 39.62512562496852 92.58851331817533 30.63078923656774
      vertex 38.640644372701516 93.5068355936473 30.985595570272814
      vertex 188.485 94.81263579907886 31.490109286007737
    endloop
  endfacet
  facet normal 6.929520693209906e-20 0.36039927920215614 -0.9327981344055992
    outer loop
      vertex 37.400125624968524 94.09643478835997 31.21339525913908
      vertex 36.56500000000001 94.81263579907886 31.490109286007737
      vertex 188.485 94.81263579907886 31.490109286007737
    endloop
  endfacet
  facet normal 0 0.9327981344055972 0.36039927920216114
    outer loop
      vertex 36.56500000000001 94.81263579907886 31.490109286007737
      vertex 36.56500000000001 94.49179631635506 32.320517358939924
      vertex 188.485 94.81263579907886 31.490109286007737
    endloop
  endfacet
  facet normal 0 -0.36039927920216236 0.9327981344055968
    outer loop
      vertex 107.63368524760008 88.2086354665147 32.465836430244316
      vertex 110.41425524801016 88.2086354665147 32.465836430244316
      vertex 45.275000000000006 97.68450993093421 36.12696974604276
    endloop
  endfacet
  facet normal 0 -0.36039927920216236 0.9327981344055968
    outer loop
      vertex 110.41425524801016 88.2086354665147 32.465836430244316
      vertex 115.14028175324202 88.2086354665147 32.465836430244316
      vertex 45.275000000000006 97.68450993093421 36.12696974604276
    endloop
  endfacet
  facet normal 0 -0.3603992792021624 0.9327981344055969
    outer loop
      vertex 115.14028175324202 88.2086354665147 32.465836430244316
      vertex 116.40869175046683 88.2086354665147 32.465836430244316
      vertex 45.275000000000006 97.68450993093421 36.12696974604276
    endloop
  endfacet
  facet normal 3.7520815665983246e-17 -0.3603992792021623 0.9327981344055969
    outer loop
      vertex 45.275000000000006 97.68450993093421 36.12696974604276
      vertex 116.40869175046683 88.2086354665147 32.465836430244316
      vertex 119.9701132491231 88.2086354665147 32.465836430244316
    endloop
  endfacet
  facet normal -3.9834379826647726e-19 0.3603992792021628 -0.9327981344055964
    outer loop
      vertex 36.56500000000001 94.49179631635506 32.320517358939924
      vertex 45.275000000000006 98.54946820101941 33.88825422346933
      vertex 186.775 98.54946820101941 33.88825422346933
    endloop
  endfacet
  facet normal 0 0.9327981344055956 0.36039927920216525
    outer loop
      vertex 45.275000000000006 98.54946820101941 33.88825422346933
      vertex 45.275000000000006 97.68450993093421 36.12696974604276
      vertex 186.775 98.54946820101941 33.88825422346933
    endloop
  endfacet
  facet normal 3.528433958431627e-17 -0.36039927920216175 0.9327981344055971
    outer loop
      vertex 45.275000000000006 97.68450993093421 36.12696974604276
      vertex 119.9701132491231 88.2086354665147 32.465836430244316
      vertex 123.75727325081826 88.2086354665147 32.465836430244316
    endloop
  endfacet
  facet normal 5.748241287715432e-17 -0.3603992792021638 0.9327981344055963
    outer loop
      vertex 45.275000000000006 97.68450993093421 36.12696974604276
      vertex 123.75727325081826 88.2086354665147 32.465836430244316
      vertex 126.08193975090981 88.2086354665147 32.465836430244316
    endloop
  endfacet
  facet normal 1.7014042637356511e-16 -0.3603992792021634 0.9327981344055964
    outer loop
      vertex 45.275000000000006 97.68450993093421 36.12696974604276
      vertex 126.08193975090981 88.2086354665147 32.465836430244316
      vertex 126.86733474731446 88.2086354665147 32.465836430244316
    endloop
  endfacet
  facet normal 1.3685804082822268e-15 -0.36039927920215215 0.9327981344056008
    outer loop
      vertex 45.275000000000006 97.68450993093421 36.12696974604276
      vertex 126.86733474731446 88.2086354665147 32.465836430244316
      vertex 129.21454975157977 88.21281906955241 32.46745282232706
    endloop
  endfacet
  facet normal 2.864738684786401e-16 -0.36039927920216536 0.9327981344055957
    outer loop
      vertex 45.275000000000006 97.68450993093421 36.12696974604276
      vertex 129.21454975157977 88.21281906955241 32.46745282232706
      vertex 130.0360847502947 88.21281906955241 32.46745282232706
    endloop
  endfacet
  facet normal 0 -1 0
    outer loop
      vertex 8 178.25 0
      vertex 224.05 178.25 59.4
      vertex 8 178.25 59.4
    endloop
  endfacet
  facet normal 0 1 0
    outer loop
      vertex 8 180.65 62
      vertex 150.2027864098549 180.65 14.470228199660777
      vertex 150.08915478885174 180.65 14.247213591635226
    endloop
  endfacet
  facet normal 0 1 0
    outer loop
      vertex 8 180.65 62
      vertex 150.37977180033923 180.65 14.64721359014511
      vertex 150.2027864098549 180.65 14.470228199660777
    endloop
  endfacet
  facet normal 0 1 0
    outer loop
      vertex 8 180.65 62
      vertex 150.60278640836478 180.65 14.760845211148261
      vertex 150.37977180033923 180.65 14.64721359014511
    endloop
  endfacet
  facet normal 0 1 0
    outer loop
      vertex 8 180.65 62
      vertex 150.85000000298024 180.65 14.799999994039535
      vertex 150.60278640836478 180.65 14.760845211148261
    endloop
  endfacet
  facet normal 0 1 0
    outer loop
      vertex 8 180.65 62
      vertex 158.94999999701977 180.65 14.799999994039535
      vertex 150.85000000298024 180.65 14.799999994039535
    endloop
  endfacet
  facet normal 0 1 0
    outer loop
      vertex 8 180.65 62
      vertex 165.15 180.65 15.2
      vertex 158.94999999701977 180.65 14.799999994039535
    endloop
  endfacet
  facet normal 0 1 0
    outer loop
      vertex 8 180.65 62
      vertex 173.84430023967 180.65 15.2
      vertex 165.15 180.65 15.2
    endloop
  endfacet
  facet normal 1.045978096557715e-18 -0.3603992792021624 0.9327981344055968
    outer loop
      vertex 8 164.65 62
      vertex 45.275000000000006 143.6154900690658 53.87303025395724
      vertex 186.775 143.6154900690658 53.87303025395724
    endloop
  endfacet
  facet normal 0 0 1
    outer loop
      vertex 8 164.65 62
      vertex 224.05 164.65 62
      vertex 1.5278640450004204 177.3522820183398 62
    endloop
  endfacet
  facet normal 0 0 -1
    outer loop
      vertex 2.674083508747141 174.3804951684997 59.4
      vertex 8 178.25 59.4
      vertex 224.05 178.25 59.4
    endloop
  endfacet
  facet normal 0 0 1
    outer loop
      vertex 1.5278640450004204 177.3522820183398 62
      vertex 226.52213595499958 180.25845213036123 62
      vertex 8 180.65 62
    endloop
  endfacet
  facet normal 0 0 -1
    outer loop
      vertex 8 167.05 59.4
      vertex 13.6 172.65 59.4
      vertex 224.05 178.25 59.4
    endloop
  endfacet
  facet normal 0 0 -1
    outer loop
      vertex 2.674083508747141 174.3804951684997 59.4
      vertex 224.05 178.25 59.4
      vertex 13.325916491252858 174.3804951684997 59.4
    endloop
  endfacet
  facet normal 0 0 -1
    outer loop
      vertex 13.6 172.65 59.4
      vertex 13.325916491252858 174.3804951684997 59.4
      vertex 224.05 178.25 59.4
    endloop
  endfacet
  facet normal 2.890789207544282e-19 -0.9327981344055956 -0.36039927920216525
    outer loop
      vertex 45.275000000000006 144.480448339151 51.63431473138381
      vertex 186.775 143.6154900690658 53.87303025395724
      vertex 45.275000000000006 143.6154900690658 53.87303025395724
    endloop
  endfacet
  facet normal 0 0.3603992792021639 -0.9327981344055961
    outer loop
      vertex 36.56500000000001 148.53812022381533 53.20205159591322
      vertex 188.485 148.53812022381533 53.20205159591322
      vertex 45.275000000000006 144.480448339151 51.63431473138381
    endloop
  endfacet
  facet normal 5.0533027602765e-20 -0.9327981344056037 -0.36039927920214454
    outer loop
      vertex 36.56500000000001 148.8589597065391 52.371643522981024
      vertex 188.485 148.53812022381533 53.20205159591322
      vertex 36.56500000000001 148.53812022381533 53.20205159591322
    endloop
  endfacet
  facet normal 2.635646680226329e-16 0.36039927920215553 -0.9327981344055993
    outer loop
      vertex 36.56500000000001 148.8589597065391 52.371643522981024
      vertex 37.400125624968524 149.57516071725803 52.64835754984969
      vertex 189.25279850248657 154.8056649961111 54.66923420304292
    endloop
  endfacet
  facet normal -4.2485720768345835e-16 0.36039927920217296 -0.9327981344055928
    outer loop
      vertex 37.400125624968524 149.57516071725803 52.64835754984969
      vertex 38.640644372701516 150.1647599119707 52.876157238715955
      vertex 189.25279850248657 154.8056649961111 54.66923420304292
    endloop
  endfacet
  facet normal -1.1385125313666045e-17 0.3603992792021612 -0.9327981344055971
    outer loop
      vertex 38.640644372701516 150.1647599119707 52.876157238715955
      vertex 39.62512562496852 151.08308218744264 53.230963572421025
      vertex 189.25279850248657 154.8056649961111 54.66923420304292
    endloop
  endfacet
  facet normal 7.280158860151448e-17 0.3603992792021583 -0.9327981344055982
    outer loop
      vertex 39.62512562496852 151.08308218744264 53.230963572421025
      vertex 40.257201497513435 152.24023576102314 53.67804563494076
      vertex 189.25279850248657 154.8056649961111 54.66923420304292
    endloop
  endfacet
  facet normal 7.460118095060333e-20 0.36039927920216197 -0.932798134405597
    outer loop
      vertex 40.257201497513435 152.24023576102314 53.67804563494076
      vertex 40.47500000000001 153.52295037856712 54.17363991899184
      vertex 189.25279850248657 154.8056649961111 54.66923420304292
    endloop
  endfacet
  facet normal 3.719154010185855e-20 0.36039927920216197 -0.9327981344055969
    outer loop
      vertex 40.47500000000001 153.52295037856712 54.17363991899184
      vertex 40.257201497513435 154.8056649961111 54.66923420304292
      vertex 189.25279850248657 154.8056649961111 54.66923420304292
    endloop
  endfacet
  facet normal 0 0.3603992792021633 -0.9327981344055964
    outer loop
      vertex 39.62512562496852 155.9628185696916 55.11631626556266
      vertex 189.88487437503147 155.9628185696916 55.11631626556266
      vertex 40.257201497513435 154.8056649961111 54.66923420304292
    endloop
  endfacet
  facet normal 1.3145606983940946e-19 0.36039927920215503 -0.9327981344055996
    outer loop
      vertex 39.62512562496852 155.9628185696916 55.11631626556266
      vertex 38.640644372701516 156.88114084516354 55.47112259926772
      vertex 190.8693556272985 156.88114084516354 55.47112259926772
    endloop
  endfacet
  facet normal -1.0882143003224548e-15 0.36039927920218 -0.93279813440559
    outer loop
      vertex 37.400125624968524 157.4707400398762 55.69892228813399
      vertex 224.05 167.05 59.4
      vertex 38.640644372701516 156.88114084516354 55.47112259926772
    endloop
  endfacet
  facet normal 1.769067639208035e-15 0.3603992792021315 -0.9327981344056088
    outer loop
      vertex 36.025000000000006 157.67390207667205 55.77741671144147
      vertex 224.05 167.05 59.4
      vertex 37.400125624968524 157.4707400398762 55.69892228813399
    endloop
  endfacet
  facet normal 0 0.3603992792021623 -0.9327981344055967
    outer loop
      vertex 8 167.05 59.4
      vertex 224.05 167.05 59.4
      vertex 36.025000000000006 157.67390207667205 55.77741671144147
    endloop
  endfacet
  facet normal 0 0 1
    outer loop
      vertex 5.400000000000006 2.3999999999999986 3
      vertex 226.65 2.3999999999999986 3
      vertex 116.95205098312485 36.671830451114545 3
    endloop
  endfacet
  facet normal 0 0 -1
    outer loop
      vertex 5.52786404500042 0.39154786963877175 0
      vertex 211.39260438593394 11.836881039375369 0
      vertex 212.38688103937537 9.885503233952688 0
    endloop
  endfacet
  facet normal 0 0 -1
    outer loop
      vertex 5.52786404500042 0.39154786963877175 0
      vertex 212.38688103937537 9.885503233952688 0
      vertex 213.9355032339527 8.336881039375367 0
    endloop
  endfacet
  facet normal 0 0 -1
    outer loop
      vertex 5.52786404500042 0.39154786963877175 0
      vertex 211.05 14 0
      vertex 211.39260438593394 11.836881039375369 0
    endloop
  endfacet
  facet normal 0 0 -1
    outer loop
      vertex 5.52786404500042 0.39154786963877175 0
      vertex 211.39260438593394 16.163118960624633 0
      vertex 211.05 14 0
    endloop
  endfacet
  facet normal 0 0 1
    outer loop
      vertex 115.26415478696389 39.77221359549996 3
      vertex 116.49522820183398 38.87778640450005 3
      vertex 116.67221359549997 39.05477179816603 3
    endloop
  endfacet
  facet normal 0 0 1
    outer loop
      vertex 115.37778640450004 39.99522820183398 3
      vertex 116.67221359549997 39.05477179816603 3
      vertex 116.78584521303613 39.27778640450005 3
    endloop
  endfacet
  facet normal 0 0 1
    outer loop
      vertex 115.55477179816603 40.17221359549996 3
      vertex 116.78584521303613 39.27778640450005 3
      vertex 116.825 39.525000000000006 3
    endloop
  endfacet
  facet normal 0 0 1
    outer loop
      vertex 115.77778640450005 40.285845213036126 3
      vertex 116.825 39.525000000000006 3
      vertex 116.78584521303613 39.77221359549996 3
    endloop
  endfacet
  facet normal 0 0 1
    outer loop
      vertex 115.55477179816603 40.17221359549996 3
      vertex 116.825 39.525000000000006 3
      vertex 115.77778640450005 40.285845213036126 3
    endloop
  endfacet
  facet normal 0 0 1
    outer loop
      vertex 115.77778640450005 40.285845213036126 3
      vertex 116.78584521303613 39.77221359549996 3
      vertex 116.67221359549997 39.99522820183398 3
    endloop
  endfacet
  facet normal 0 0 1
    outer loop
      vertex 115.77778640450005 40.285845213036126 3
      vertex 116.67221359549997 39.99522820183398 3
      vertex 116.49522820183398 40.17221359549996 3
    endloop
  endfacet
  facet normal 0 0 1
    outer loop
      vertex 115.77778640450005 40.285845213036126 3
      vertex 116.49522820183398 40.17221359549996 3
      vertex 116.025 40.325 3
    endloop
  endfacet
  facet normal 0 0 1
    outer loop
      vertex 116.49522820183398 40.17221359549996 3
      vertex 116.27221359549996 40.285845213036126 3
      vertex 116.025 40.325 3
    endloop
  endfacet
  facet normal 0.15643446504023048 -0.9876883405951378 -1.0199411227052747e-18
    outer loop
      vertex 116.025 36.525000000000006 3
      vertex 116.95205098312485 36.671830451114545 3
      vertex 116.95205098312485 36.671830451114545 15
    endloop
  endfacet
  facet normal 0.4539904997395478 -0.8910065241883673 3.0471130044358843e-19
    outer loop
      vertex 116.95205098312485 36.671830451114545 3
      vertex 117.78835575687742 37.09794901687516 3
      vertex 117.78835575687742 37.09794901687516 15
    endloop
  endfacet
  facet normal -0.15643446504023106 0.9876883405951377 0
    outer loop
      vertex 116.025 38.72500000000001 3
      vertex 116.025 38.72500000000001 15
      vertex 116.27221359549996 38.764154786963886 3
    endloop
  endfacet
  facet normal -0.4539904997395478 0.8910065241883673 0
    outer loop
      vertex 116.27221359549996 38.764154786963886 3
      vertex 116.27221359549996 38.764154786963886 15
      vertex 116.49522820183398 38.87778640450005 3
    endloop
  endfacet
  facet normal -0.7071067811865334 0.7071067811865618 0
    outer loop
      vertex 116.49522820183398 38.87778640450005 3
      vertex 116.49522820183398 38.87778640450005 15
      vertex 116.67221359549997 39.05477179816603 3
    endloop
  endfacet
  facet normal -0.8910065241883788 0.45399049973952527 0
    outer loop
      vertex 116.67221359549997 39.05477179816603 3
      vertex 116.67221359549997 39.05477179816603 15
      vertex 116.78584521303613 39.27778640450005 3
    endloop
  endfacet
  facet normal -0.9876883405951377 0.15643446504023106 0
    outer loop
      vertex 116.78584521303613 39.27778640450005 3
      vertex 116.78584521303613 39.27778640450005 15
      vertex 116.825 39.525000000000006 3
    endloop
  endfacet
  facet normal 0.7071067811865476 -0.7071067811865476 0
    outer loop
      vertex 117.78835575687742 37.09794901687516 3
      vertex 118.45205098312485 37.76164424312259 3
      vertex 117.78835575687742 37.09794901687516 15
    endloop
  endfacet
  facet normal 0.8910065241883673 -0.4539904997395478 0
    outer loop
      vertex 118.45205098312485 37.76164424312259 3
      vertex 118.87816954888547 38.59794901687516 3
      vertex 118.45205098312485 37.76164424312259 15
    endloop
  endfacet
  facet normal 0.9876883405951378 -0.15643446504023048 0
    outer loop
      vertex 118.87816954888547 38.59794901687516 3
      vertex 119.025 39.525000000000006 3
      vertex 118.87816954888547 38.59794901687516 15
    endloop
  endfacet
  facet normal -0.4539904997395478 -0.8910065241883673 0
    outer loop
      vertex 116.49522820183398 40.17221359549996 3
      vertex 116.49522820183398 40.17221359549996 15
      vertex 116.27221359549996 40.285845213036126 3
    endloop
  endfacet
  facet normal -0.9876883405951377 -0.15643446504023106 0
    outer loop
      vertex 116.825 39.525000000000006 3
      vertex 116.825 39.525000000000006 15
      vertex 116.78584521303613 39.77221359549996 3
    endloop
  endfacet
  facet normal -0.8910065241883788 -0.45399049973952527 0
    outer loop
      vertex 116.78584521303613 39.77221359549996 3
      vertex 116.78584521303613 39.77221359549996 15
      vertex 116.67221359549997 39.99522820183398 3
    endloop
  endfacet
  facet normal -0.7071067811865334 -0.7071067811865618 0
    outer loop
      vertex 116.67221359549997 39.99522820183398 3
      vertex 116.67221359549997 39.99522820183398 15
      vertex 116.49522820183398 40.17221359549996 3
    endloop
  endfacet
  facet normal -0.15643446504023106 -0.9876883405951377 8.463810272895875e-21
    outer loop
      vertex 116.025 40.325 3
      vertex 116.27221359549996 40.285845213036126 3
      vertex 116.27221359549996 40.285845213036126 15
    endloop
  endfacet
  facet normal 0.4539904997395478 0.8910065241883673 -3.0471130044358843e-19
    outer loop
      vertex 117.78835575687742 41.95205098312485 3
      vertex 116.95205098312485 42.37816954888547 3
      vertex 116.95205098312485 42.37816954888547 15
    endloop
  endfacet
  facet normal 0.8910065241883673 0.4539904997395478 0
    outer loop
      vertex 118.87816954888547 40.45205098312485 3
      vertex 118.45205098312485 41.28835575687742 3
      vertex 118.87816954888547 40.45205098312485 15
    endloop
  endfacet
  facet normal 0.9876883405951378 0.15643446504023048 0
    outer loop
      vertex 119.025 39.525000000000006 3
      vertex 118.87816954888547 40.45205098312485 3
      vertex 119.025 39.525000000000006 15
    endloop
  endfacet
  facet normal 0.7071067811865476 0.7071067811865476 -2.4883857562120585e-20
    outer loop
      vertex 117.78835575687742 41.95205098312485 3
      vertex 118.45205098312485 41.28835575687742 15
      vertex 118.45205098312485 41.28835575687742 3
    endloop
  endfacet
  facet normal 0.15643446504023048 0.9876883405951378 0
    outer loop
      vertex 116.025 42.525000000000006 3
      vertex 116.025 42.525000000000006 15
      vertex 116.95205098312485 42.37816954888547 3
    endloop
  endfacet
  facet normal 0.15643446504023048 -0.9876883405951378 0
    outer loop
      vertex 116.025 36.525000000000006 3
      vertex 116.95205098312485 36.671830451114545 15
      vertex 116.025 36.525000000000006 15
    endloop
  endfacet
  facet normal 0.4539904997395478 -0.8910065241883673 0
    outer loop
      vertex 116.95205098312485 36.671830451114545 3
      vertex 117.78835575687742 37.09794901687516 15
      vertex 116.95205098312485 36.671830451114545 15
    endloop
  endfacet
  facet normal -0.15643446504023106 0.9876883405951377 0
    outer loop
      vertex 116.27221359549996 38.764154786963886 3
      vertex 116.025 38.72500000000001 15
      vertex 116.27221359549996 38.764154786963886 15
    endloop
  endfacet
  facet normal -0.4539904997395478 0.8910065241883673 0
    outer loop
      vertex 116.49522820183398 38.87778640450005 3
      vertex 116.27221359549996 38.764154786963886 15
      vertex 116.49522820183398 38.87778640450005 15
    endloop
  endfacet
  facet normal -0.7071067811865334 0.7071067811865618 0
    outer loop
      vertex 116.67221359549997 39.05477179816603 3
      vertex 116.49522820183398 38.87778640450005 15
      vertex 116.67221359549997 39.05477179816603 15
    endloop
  endfacet
  facet normal -0.8910065241883788 0.45399049973952527 0
    outer loop
      vertex 116.78584521303613 39.27778640450005 3
      vertex 116.67221359549997 39.05477179816603 15
      vertex 116.78584521303613 39.27778640450005 15
    endloop
  endfacet
  facet normal -0.9876883405951377 0.15643446504023106 0
    outer loop
      vertex 116.825 39.525000000000006 3
      vertex 116.78584521303613 39.27778640450005 15
      vertex 116.825 39.525000000000006 15
    endloop
  endfacet
  facet normal 0.7071067811865476 -0.7071067811865476 0
    outer loop
      vertex 118.45205098312485 37.76164424312259 3
      vertex 118.45205098312485 37.76164424312259 15
      vertex 117.78835575687742 37.09794901687516 15
    endloop
  endfacet
  facet normal 0.8910065241883673 -0.4539904997395478 0
    outer loop
      vertex 118.87816954888547 38.59794901687516 3
      vertex 118.87816954888547 38.59794901687516 15
      vertex 118.45205098312485 37.76164424312259 15
    endloop
  endfacet
  facet normal 0.9876883405951378 -0.15643446504023048 0
    outer loop
      vertex 119.025 39.525000000000006 3
      vertex 119.025 39.525000000000006 15
      vertex 118.87816954888547 38.59794901687516 15
    endloop
  endfacet
  facet normal -0.9876883405951377 -0.15643446504023106 0
    outer loop
      vertex 116.78584521303613 39.77221359549996 3
      vertex 116.825 39.525000000000006 15
      vertex 116.78584521303613 39.77221359549996 15
    endloop
  endfacet
  facet normal -0.7071067811865334 -0.7071067811865618 0
    outer loop
      vertex 116.49522820183398 40.17221359549996 3
      vertex 116.67221359549997 39.99522820183398 15
      vertex 116.49522820183398 40.17221359549996 15
    endloop
  endfacet
  facet normal -0.8910065241883788 -0.45399049973952527 0
    outer loop
      vertex 116.67221359549997 39.99522820183398 3
      vertex 116.78584521303613 39.77221359549996 15
      vertex 116.67221359549997 39.99522820183398 15
    endloop
  endfacet
  facet normal -0.15643446504023106 -0.9876883405951377 0
    outer loop
      vertex 116.025 40.325 3
      vertex 116.27221359549996 40.285845213036126 15
      vertex 116.025 40.325 15
    endloop
  endfacet
  facet normal -0.4539904997395478 -0.8910065241883673 0
    outer loop
      vertex 116.27221359549996 40.285845213036126 3
      vertex 116.49522820183398 40.17221359549996 15
      vertex 116.27221359549996 40.285845213036126 15
    endloop
  endfacet
  facet normal 0.4539904997395478 0.8910065241883673 0
    outer loop
      vertex 117.78835575687742 41.95205098312485 3
      vertex 116.95205098312485 42.37816954888547 15
      vertex 117.78835575687742 41.95205098312485 15
    endloop
  endfacet
  facet normal 0.9876883405951378 0.15643446504023048 0
    outer loop
      vertex 118.87816954888547 40.45205098312485 3
      vertex 118.87816954888547 40.45205098312485 15
      vertex 119.025 39.525000000000006 15
    endloop
  endfacet
  facet normal 0.8910065241883673 0.4539904997395478 0
    outer loop
      vertex 118.45205098312485 41.28835575687742 3
      vertex 118.45205098312485 41.28835575687742 15
      vertex 118.87816954888547 40.45205098312485 15
    endloop
  endfacet
  facet normal 0.7071067811865476 0.7071067811865476 0
    outer loop
      vertex 117.78835575687742 41.95205098312485 3
      vertex 117.78835575687742 41.95205098312485 15
      vertex 118.45205098312485 41.28835575687742 15
    endloop
  endfacet
  facet normal 0.15643446504023048 0.9876883405951378 0
    outer loop
      vertex 116.95205098312485 42.37816954888547 3
      vertex 116.025 42.525000000000006 15
      vertex 116.95205098312485 42.37816954888547 15
    endloop
  endfacet
  facet normal 0 0 -1
    outer loop
      vertex 8 0 0
      vertex 213.9355032339527 8.336881039375367 0
      vertex 215.88688103937537 7.342604385933925 0
    endloop
  endfacet
  facet normal 0 0 -1
    outer loop
      vertex 8 0 0
      vertex 215.88688103937537 7.342604385933925 0
      vertex 218.05 7 0
    endloop
  endfacet
  facet normal 0 0 -1
    outer loop
      vertex 8 0 0
      vertex 218.05 7 0
      vertex 224.05 0 0
    endloop
  endfacet
  facet normal 0 -1 0
    outer loop
      vertex 8 0 0
      vertex 224.05 0 0
      vertex 224.05 0 26
    endloop
  endfacet
  facet normal 0 0 -1
    outer loop
      vertex 5.52786404500042 0.39154786963877175 0
      vertex 224.05 79.05000000000001 0
      vertex 211.39260438593394 16.163118960624633 0
    endloop
  endfacet
  facet normal 0 0 1
    outer loop
      vertex 116.95205098312485 36.671830451114545 3
      vertex 226.65 2.3999999999999986 3
      vertex 117.78835575687742 37.09794901687516 3
    endloop
  endfacet
  facet normal 0 0 1
    outer loop
      vertex 117.78835575687742 37.09794901687516 3
      vertex 226.65 2.3999999999999986 3
      vertex 118.45205098312485 37.76164424312259 3
    endloop
  endfacet
  facet normal 0 0 1
    outer loop
      vertex 118.45205098312485 37.76164424312259 3
      vertex 226.65 2.3999999999999986 3
      vertex 118.87816954888547 38.59794901687516 3
    endloop
  endfacet
  facet normal 0 0 1
    outer loop
      vertex 118.87816954888547 38.59794901687516 3
      vertex 226.65 2.3999999999999986 3
      vertex 119.025 39.525000000000006 3
    endloop
  endfacet
  facet normal 0 0 1
    outer loop
      vertex 119.025 39.525000000000006 3
      vertex 226.65 2.3999999999999986 3
      vertex 118.87816954888547 40.45205098312485 3
    endloop
  endfacet
  facet normal 0 0 1
    outer loop
      vertex 116.025 36.525000000000006 15
      vertex 116.95205098312485 36.671830451114545 15
      vertex 116.025 38.72500000000001 15
    endloop
  endfacet
  facet normal 0 0 1
    outer loop
      vertex 116.95205098312485 36.671830451114545 15
      vertex 116.27221359549996 38.764154786963886 15
      vertex 116.025 38.72500000000001 15
    endloop
  endfacet
  facet normal 0 0 1
    outer loop
      vertex 116.95205098312485 36.671830451114545 15
      vertex 116.49522820183398 38.87778640450005 15
      vertex 116.27221359549996 38.764154786963886 15
    endloop
  endfacet
  facet normal 0 0 1
    outer loop
      vertex 116.95205098312485 36.671830451114545 15
      vertex 116.67221359549997 39.05477179816603 15
      vertex 116.49522820183398 38.87778640450005 15
    endloop
  endfacet
  facet normal 0 0 1
    outer loop
      vertex 116.95205098312485 36.671830451114545 15
      vertex 116.78584521303613 39.27778640450005 15
      vertex 116.67221359549997 39.05477179816603 15
    endloop
  endfacet
  facet normal 0 0 1
    outer loop
      vertex 116.95205098312485 36.671830451114545 15
      vertex 116.825 39.525000000000006 15
      vertex 116.78584521303613 39.27778640450005 15
    endloop
  endfacet
  facet normal 0 0 1
    outer loop
      vertex 116.95205098312485 36.671830451114545 15
      vertex 117.78835575687742 37.09794901687516 15
      vertex 116.95205098312485 42.37816954888547 15
    endloop
  endfacet
  facet normal 0 0 1
    outer loop
      vertex 117.78835575687742 37.09794901687516 15
      vertex 118.45205098312485 37.76164424312259 15
      vertex 117.78835575687742 41.95205098312485 15
    endloop
  endfacet
  facet normal 0 0 1
    outer loop
      vertex 118.45205098312485 37.76164424312259 15
      vertex 118.87816954888547 38.59794901687516 15
      vertex 118.45205098312485 41.28835575687742 15
    endloop
  endfacet
  facet normal 0 0 1
    outer loop
      vertex 116.95205098312485 36.671830451114545 15
      vertex 116.95205098312485 42.37816954888547 15
      vertex 116.825 39.525000000000006 15
    endloop
  endfacet
  facet normal 0 0 1
    outer loop
      vertex 116.825 39.525000000000006 15
      vertex 116.95205098312485 42.37816954888547 15
      vertex 116.78584521303613 39.77221359549996 15
    endloop
  endfacet
  facet normal 0 0 1
    outer loop
      vertex 116.78584521303613 39.77221359549996 15
      vertex 116.95205098312485 42.37816954888547 15
      vertex 116.67221359549997 39.99522820183398 15
    endloop
  endfacet
  facet normal 0 0 1
    outer loop
      vertex 116.67221359549997 39.99522820183398 15
      vertex 116.95205098312485 42.37816954888547 15
      vertex 116.49522820183398 40.17221359549996 15
    endloop
  endfacet
  facet normal 0 0 1
    outer loop
      vertex 117.78835575687742 37.09794901687516 15
      vertex 117.78835575687742 41.95205098312485 15
      vertex 116.95205098312485 42.37816954888547 15
    endloop
  endfacet
  facet normal 0 0 1
    outer loop
      vertex 116.025 40.325 15
      vertex 116.27221359549996 40.285845213036126 15
      vertex 116.025 42.525000000000006 15
    endloop
  endfacet
  facet normal 0 0 1
    outer loop
      vertex 116.49522820183398 40.17221359549996 15
      vertex 116.025 42.525000000000006 15
      vertex 116.27221359549996 40.285845213036126 15
    endloop
  endfacet
  facet normal 0 0 1
    outer loop
      vertex 116.49522820183398 40.17221359549996 15
      vertex 116.95205098312485 42.37816954888547 15
      vertex 116.025 42.525000000000006 15
    endloop
  endfacet
  facet normal 0 0 1
    outer loop
      vertex 118.87816954888547 38.59794901687516 15
      vertex 118.87816954888547 40.45205098312485 15
      vertex 118.45205098312485 41.28835575687742 15
    endloop
  endfacet
  facet normal 0 0 1
    outer loop
      vertex 118.45205098312485 37.76164424312259 15
      vertex 118.45205098312485 41.28835575687742 15
      vertex 117.78835575687742 41.95205098312485 15
    endloop
  endfacet
  facet normal 0 0 1
    outer loop
      vertex 118.87816954888547 38.59794901687516 15
      vertex 119.025 39.525000000000006 15
      vertex 118.87816954888547 40.45205098312485 15
    endloop
  endfacet
  facet normal 0 1 0
    outer loop
      vertex 8 2.3999999999999986 26.06262230919765
      vertex 224.05 2.3999999999999986 26.06262230919765
      vertex 226.65 2.3999999999999986 3
    endloop
  endfacet
  facet normal 0 -0.02608375110457584 0.999659761082897
    outer loop
      vertex 8 2.3999999999999986 26.06262230919765
      vertex 224.05 0 26
      vertex 224.05 2.3999999999999986 26.06262230919765
    endloop
  endfacet
  facet normal 0 0 1
    outer loop
      vertex 118.87816954888547 40.45205098312485 3
      vertex 226.65 76.65 3
      vertex 118.45205098312485 41.28835575687742 3
    endloop
  endfacet
  facet normal 0 0 1
    outer loop
      vertex 117.78835575687742 41.95205098312485 3
      vertex 118.45205098312485 41.28835575687742 3
      vertex 226.65 76.65 3
    endloop
  endfacet
  facet normal 0 0 1
    outer loop
      vertex 115.09794901687516 42.37816954888547 3
      vertex 116.025 42.525000000000006 3
      vertex 226.65 76.65 3
    endloop
  endfacet
  facet normal 0 0 1
    outer loop
      vertex 116.025 42.525000000000006 3
      vertex 116.95205098312485 42.37816954888547 3
      vertex 226.65 76.65 3
    endloop
  endfacet
  facet normal 0 0 1
    outer loop
      vertex 117.78835575687742 41.95205098312485 3
      vertex 226.65 76.65 3
      vertex 116.95205098312485 42.37816954888547 3
    endloop
  endfacet
  facet normal 0 -1 0
    outer loop
      vertex 5.400000000000006 76.65 3
      vertex 226.65 76.65 3
      vertex 224.05 76.65 28
    endloop
  endfacet
  facet normal 0 1 0
    outer loop
      vertex 216.05 79.05000000000001 2.6
      vertex 224.05 79.05000000000001 0
      vertex 48.025000000000006 79.05000000000001 24
    endloop
  endfacet
  facet normal 0 -0.3603992792021622 0.9327981344055969
    outer loop
      vertex 8 76.65 28
      vertex 224.05 76.65 28
      vertex 136.1930212467909 82.0612299103423 30.090702465359524
    endloop
  endfacet
  facet normal 0 0.36039927920216197 -0.932798134405597
    outer loop
      vertex 37.400125624968524 86.20085546574177 28.162830520854772
      vertex 190.8693556272985 86.79045466045446 28.39063020972104
      vertex 192.1098743750315 86.20085546574177 28.162830520854772
    endloop
  endfacet
  facet normal 0 0.36039927920216125 -0.9327981344055971
    outer loop
      vertex 38.640644372701516 86.79045466045446 28.39063020972104
      vertex 189.88487437503147 87.70877693592641 28.74543654342611
      vertex 190.8693556272985 86.79045466045446 28.39063020972104
    endloop
  endfacet
  facet normal 0 0.3603992792021633 -0.9327981344055964
    outer loop
      vertex 39.62512562496852 87.70877693592641 28.74543654342611
      vertex 189.25279850248657 88.86593050950691 29.19251860594585
      vertex 189.88487437503147 87.70877693592641 28.74543654342611
    endloop
  endfacet
  facet normal 6.313636012154112e-18 0.36039927920215853 -0.9327981344055983
    outer loop
      vertex 41.93234325549662 85.77941176470588 28
      vertex 192.1098743750315 86.20085546574177 28.162830520854772
      vertex 193.485 85.99769342894596 28.084336097547304
    endloop
  endfacet
  facet normal 0 1 0
    outer loop
      vertex 216.05 79.05000000000001 2.6
      vertex 48.025000000000006 79.05000000000001 24
      vertex 216.05 79.05000000000001 12.6
    endloop
  endfacet
  facet normal 0 1 0
    outer loop
      vertex 216.05 79.05000000000001 12.6
      vertex 48.025000000000006 79.05000000000001 24
      vertex 224.05 79.05000000000001 25.4
    endloop
  endfacet
  facet normal -3.052094533848213e-17 0.3603992792021808 -0.9327981344055897
    outer loop
      vertex 41.93234325549662 85.77941176470588 28
      vertex 193.485 85.99769342894596 28.084336097547304
      vertex 209.7378204255698 85.7794117647059 28
    endloop
  endfacet
  facet normal -3.0520945338480564e-17 0.3603992792021623 -0.9327981344055968
    outer loop
      vertex 41.93234325549662 85.77941176470588 28
      vertex 209.7378204255698 85.7794117647059 28
      vertex 224.05 79.05000000000001 25.4
    endloop
  endfacet
  facet normal 0 0 1
    outer loop
      vertex 118.87816954888547 40.45205098312485 3
      vertex 226.65 2.3999999999999986 3
      vertex 210.09794901687516 17.671830451114545 3
    endloop
  endfacet
  facet normal 0 0 1
    outer loop
      vertex 118.87816954888547 40.45205098312485 3
      vertex 208.59794901687516 18.761644243122586 3
      vertex 208.17183045111454 19.597949016875162 3
    endloop
  endfacet
  facet normal 0 0 1
    outer loop
      vertex 118.87816954888547 40.45205098312485 3
      vertex 209.2616442431226 18.097949016875162 3
      vertex 208.59794901687516 18.761644243122586 3
    endloop
  endfacet
  facet normal 0 0 1
    outer loop
      vertex 118.87816954888547 40.45205098312485 3
      vertex 210.09794901687516 17.671830451114545 3
      vertex 209.2616442431226 18.097949016875162 3
    endloop
  endfacet
  facet normal 0 0 1
    outer loop
      vertex 118.87816954888547 40.45205098312485 3
      vertex 208.17183045111454 19.597949016875162 3
      vertex 208.025 20.525000000000006 3
    endloop
  endfacet
  facet normal 0 0 1
    outer loop
      vertex 118.87816954888547 40.45205098312485 3
      vertex 208.025 20.525000000000006 3
      vertex 208.17183045111454 21.45205098312485 3
    endloop
  endfacet
  facet normal 0 0 1
    outer loop
      vertex 118.87816954888547 40.45205098312485 3
      vertex 208.17183045111454 21.45205098312485 3
      vertex 208.59794901687516 22.288355756877426 3
    endloop
  endfacet
  facet normal 0 0 1
    outer loop
      vertex 118.87816954888547 40.45205098312485 3
      vertex 208.59794901687516 22.288355756877426 3
      vertex 209.2616442431226 22.95205098312485 3
    endloop
  endfacet
  facet normal 0 0 1
    outer loop
      vertex 118.87816954888547 40.45205098312485 3
      vertex 209.2616442431226 22.95205098312485 3
      vertex 210.09794901687516 23.378169548885467 3
    endloop
  endfacet
  facet normal 0 0 1
    outer loop
      vertex 118.87816954888547 40.45205098312485 3
      vertex 210.09794901687516 23.378169548885467 3
      vertex 208.17183045111454 57.59794901687516 3
    endloop
  endfacet
  facet normal -0.89100652418837 -0.4539904997395426 9.718515654024242e-18
    outer loop
      vertex 212.38688103937537 9.885503233952688 -3.5
      vertex 211.39260438593394 11.836881039375369 0
      vertex 211.39260438593394 11.836881039375369 -3.5
    endloop
  endfacet
  facet normal -0.7071067811865479 -0.7071067811865471 0
    outer loop
      vertex 212.38688103937537 9.885503233952688 -3.5
      vertex 213.9355032339527 8.336881039375367 -3.5
      vertex 212.38688103937537 9.885503233952688 0
    endloop
  endfacet
  facet normal -0.4539904997395462 -0.8910065241883682 0
    outer loop
      vertex 213.9355032339527 8.336881039375367 -3.5
      vertex 215.88688103937537 7.342604385933925 -3.5
      vertex 213.9355032339527 8.336881039375367 0
    endloop
  endfacet
  facet normal -0.15643446504023023 -0.9876883405951379 0
    outer loop
      vertex 215.88688103937537 7.342604385933925 -3.5
      vertex 218.05 7 -3.5
      vertex 215.88688103937537 7.342604385933925 0
    endloop
  endfacet
  facet normal -0.89100652418837 -0.4539904997395426 0
    outer loop
      vertex 212.38688103937537 9.885503233952688 -3.5
      vertex 212.38688103937537 9.885503233952688 0
      vertex 211.39260438593394 11.836881039375369 0
    endloop
  endfacet
  facet normal -0.7071067811865479 -0.7071067811865471 0
    outer loop
      vertex 213.9355032339527 8.336881039375367 -3.5
      vertex 213.9355032339527 8.336881039375367 0
      vertex 212.38688103937537 9.885503233952688 0
    endloop
  endfacet
  facet normal -0.4539904997395462 -0.8910065241883682 0
    outer loop
      vertex 215.88688103937537 7.342604385933925 -3.5
      vertex 215.88688103937537 7.342604385933925 0
      vertex 213.9355032339527 8.336881039375367 0
    endloop
  endfacet
  facet normal -0.15643446504023023 -0.9876883405951379 3.951617063205388e-18
    outer loop
      vertex 215.88688103937537 7.342604385933925 0
      vertex 218.05 7 -3.5
      vertex 218.05 7 0
    endloop
  endfacet
  facet normal 0 0 -1
    outer loop
      vertex 212.38688103937537 9.885503233952688 -3.5
      vertex 211.39260438593394 11.836881039375369 -3.5
      vertex 212.38688103937537 18.11449676604731 -3.5
    endloop
  endfacet
  facet normal 0 0 -1
    outer loop
      vertex 211.39260438593394 11.836881039375369 -3.5
      vertex 211.05 14 -3.5
      vertex 211.39260438593394 16.163118960624633 -3.5
    endloop
  endfacet
  facet normal 0 0 -1
    outer loop
      vertex 212.38688103937537 9.885503233952688 -3.5
      vertex 213.9355032339527 19.663118960624633 -3.5
      vertex 213.9355032339527 8.336881039375367 -3.5
    endloop
  endfacet
  facet normal -0.9876883405951378 -0.1564344650402307 -7.318136191680714e-19
    outer loop
      vertex 211.39260438593394 11.836881039375369 -3.5
      vertex 211.05 14 0
      vertex 211.05 14 -3.5
    endloop
  endfacet
  facet normal 0 0 -1
    outer loop
      vertex 211.39260438593394 11.836881039375369 -3.5
      vertex 211.39260438593394 16.163118960624633 -3.5
      vertex 212.38688103937537 18.11449676604731 -3.5
    endloop
  endfacet
  facet normal 0 0 -1
    outer loop
      vertex 212.38688103937537 9.885503233952688 -3.5
      vertex 212.38688103937537 18.11449676604731 -3.5
      vertex 213.9355032339527 19.663118960624633 -3.5
    endloop
  endfacet
  facet normal -0.9876883405951378 0.15643446504023056 -6.775557885302228e-18
    outer loop
      vertex 211.05 14 -3.5
      vertex 211.39260438593394 16.163118960624633 0
      vertex 211.39260438593394 16.163118960624633 -3.5
    endloop
  endfacet
  facet normal 0 0 -1
    outer loop
      vertex 213.9355032339527 8.336881039375367 -3.5
      vertex 215.88688103937537 20.657395614066075 -3.5
      vertex 215.88688103937537 7.342604385933925 -3.5
    endloop
  endfacet
  facet normal 0 0 -1
    outer loop
      vertex 215.88688103937537 7.342604385933925 -3.5
      vertex 218.05 21 -3.5
      vertex 218.05 7 -3.5
    endloop
  endfacet
  facet normal 0 0 -1
    outer loop
      vertex 213.9355032339527 8.336881039375367 -3.5
      vertex 213.9355032339527 19.663118960624633 -3.5
      vertex 215.88688103937537 20.657395614066075 -3.5
    endloop
  endfacet
  facet normal 0 0 -1
    outer loop
      vertex 215.88688103937537 7.342604385933925 -3.5
      vertex 215.88688103937537 20.657395614066075 -3.5
      vertex 218.05 21 -3.5
    endloop
  endfacet
  facet normal -0.9876883405951378 -0.1564344650402307 0
    outer loop
      vertex 211.39260438593394 11.836881039375369 -3.5
      vertex 211.39260438593394 11.836881039375369 0
      vertex 211.05 14 0
    endloop
  endfacet
  facet normal -0.9876883405951378 0.15643446504023056 0
    outer loop
      vertex 211.05 14 -3.5
      vertex 211.05 14 0
      vertex 211.39260438593394 16.163118960624633 0
    endloop
  endfacet
  facet normal -0.8910065241883697 0.4539904997395433 0
    outer loop
      vertex 211.39260438593394 16.163118960624633 -3.5
      vertex 211.39260438593394 16.163118960624633 0
      vertex 212.38688103937537 18.11449676604731 0
    endloop
  endfacet
  facet normal -0.8910065241883697 0.4539904997395433 -7.065854786021238e-18
    outer loop
      vertex 211.39260438593394 16.163118960624633 -3.5
      vertex 212.38688103937537 18.11449676604731 0
      vertex 212.38688103937537 18.11449676604731 -3.5
    endloop
  endfacet
  facet normal -0.7071067811865483 0.7071067811865467 2.4048214225933388e-17
    outer loop
      vertex 212.38688103937537 18.11449676604731 -3.5
      vertex 213.9355032339527 19.663118960624633 0
      vertex 213.9355032339527 19.663118960624633 -3.5
    endloop
  endfacet
  facet normal -0.45399049973954647 0.891006524188368 9.577770706650314e-18
    outer loop
      vertex 213.9355032339527 19.663118960624633 -3.5
      vertex 215.88688103937537 20.657395614066075 0
      vertex 215.88688103937537 20.657395614066075 -3.5
    endloop
  endfacet
  facet normal -0.15643446504022981 0.9876883405951379 6.1153049274529e-18
    outer loop
      vertex 215.88688103937537 20.657395614066075 -3.5
      vertex 218.05 21 0
      vertex 218.05 21 -3.5
    endloop
  endfacet
  facet normal -0.7071067811865483 0.7071067811865467 0
    outer loop
      vertex 212.38688103937537 18.11449676604731 -3.5
      vertex 212.38688103937537 18.11449676604731 0
      vertex 213.9355032339527 19.663118960624633 0
    endloop
  endfacet
  facet normal -0.45399049973954647 0.891006524188368 0
    outer loop
      vertex 213.9355032339527 19.663118960624633 -3.5
      vertex 213.9355032339527 19.663118960624633 0
      vertex 215.88688103937537 20.657395614066075 0
    endloop
  endfacet
  facet normal -0.15643446504022981 0.9876883405951379 0
    outer loop
      vertex 215.88688103937537 20.657395614066075 -3.5
      vertex 215.88688103937537 20.657395614066075 0
      vertex 218.05 21 0
    endloop
  endfacet
  facet normal 0 0 1
    outer loop
      vertex 210.26415478696387 20.27778640450005 3
      vertex 210.37778640450006 20.054771798166026 3
      vertex 210.225 20.525000000000006 3
    endloop
  endfacet
  facet normal 0 0 1
    outer loop
      vertex 210.225 20.525000000000006 3
      vertex 210.37778640450006 20.054771798166026 3
      vertex 210.26415478696387 20.772213595499963 3
    endloop
  endfacet
  facet normal 0 0 1
    outer loop
      vertex 210.09794901687516 17.671830451114545 3
      vertex 226.65 2.3999999999999986 3
      vertex 211.025 17.525000000000006 3
    endloop
  endfacet
  facet normal 0 0 1
    outer loop
      vertex 211.025 17.525000000000006 3
      vertex 226.65 2.3999999999999986 3
      vertex 211.95205098312485 17.671830451114545 3
    endloop
  endfacet
  facet normal 0 0 1
    outer loop
      vertex 211.95205098312485 17.671830451114545 3
      vertex 226.65 2.3999999999999986 3
      vertex 212.78835575687742 18.097949016875162 3
    endloop
  endfacet
  facet normal 0 0 1
    outer loop
      vertex 210.37778640450006 20.054771798166026 3
      vertex 210.55477179816603 19.877786404500046 3
      vertex 211.67221359549995 20.995228201833985 3
    endloop
  endfacet
  facet normal 0 0 1
    outer loop
      vertex 210.55477179816603 19.877786404500046 3
      vertex 210.77778640450003 19.764154786963882 3
      vertex 211.67221359549995 20.995228201833985 3
    endloop
  endfacet
  facet normal 0 0 1
    outer loop
      vertex 211.025 19.725000000000005 3
      vertex 211.67221359549995 20.995228201833985 3
      vertex 210.77778640450003 19.764154786963882 3
    endloop
  endfacet
  facet normal 0 0 1
    outer loop
      vertex 210.26415478696387 20.772213595499963 3
      vertex 210.37778640450006 20.054771798166026 3
      vertex 210.37778640450006 20.995228201833985 3
    endloop
  endfacet
  facet normal 0 0 1
    outer loop
      vertex 210.37778640450006 20.054771798166026 3
      vertex 210.55477179816603 21.172213595499965 3
      vertex 210.37778640450006 20.995228201833985 3
    endloop
  endfacet
  facet normal 0 0 1
    outer loop
      vertex 210.37778640450006 20.054771798166026 3
      vertex 210.77778640450003 21.28584521303613 3
      vertex 210.55477179816603 21.172213595499965 3
    endloop
  endfacet
  facet normal 0 0 1
    outer loop
      vertex 210.37778640450006 20.054771798166026 3
      vertex 211.025 21.325000000000006 3
      vertex 210.77778640450003 21.28584521303613 3
    endloop
  endfacet
  facet normal 0 0 1
    outer loop
      vertex 210.37778640450006 20.054771798166026 3
      vertex 211.67221359549995 20.995228201833985 3
      vertex 211.49522820183398 21.172213595499965 3
    endloop
  endfacet
  facet normal 0 0 1
    outer loop
      vertex 210.37778640450006 20.054771798166026 3
      vertex 211.27221359549998 21.28584521303613 3
      vertex 211.025 21.325000000000006 3
    endloop
  endfacet
  facet normal 0 0 1
    outer loop
      vertex 210.37778640450006 20.054771798166026 3
      vertex 211.49522820183398 21.172213595499965 3
      vertex 211.27221359549998 21.28584521303613 3
    endloop
  endfacet
  facet normal 0 0 1
    outer loop
      vertex 211.025 19.725000000000005 3
      vertex 211.27221359549998 19.764154786963882 3
      vertex 211.67221359549995 20.995228201833985 3
    endloop
  endfacet
  facet normal 0 0 1
    outer loop
      vertex 211.27221359549998 19.764154786963882 3
      vertex 211.49522820183398 19.877786404500046 3
      vertex 211.67221359549995 20.995228201833985 3
    endloop
  endfacet
  facet normal 0 0 1
    outer loop
      vertex 211.49522820183398 19.877786404500046 3
      vertex 211.67221359549995 20.054771798166026 3
      vertex 211.67221359549995 20.995228201833985 3
    endloop
  endfacet
  facet normal 0 0 1
    outer loop
      vertex 211.67221359549995 20.054771798166026 3
      vertex 211.78584521303614 20.27778640450005 3
      vertex 211.82500000000002 20.525000000000006 3
    endloop
  endfacet
  facet normal 0 0 1
    outer loop
      vertex 211.67221359549995 20.054771798166026 3
      vertex 211.82500000000002 20.525000000000006 3
      vertex 211.78584521303614 20.772213595499963 3
    endloop
  endfacet
  facet normal 0 0 1
    outer loop
      vertex 211.67221359549995 20.054771798166026 3
      vertex 211.78584521303614 20.772213595499963 3
      vertex 211.67221359549995 20.995228201833985 3
    endloop
  endfacet
  facet normal 0 0 -1
    outer loop
      vertex 224.05 0 0
      vertex 218.05 7 0
      vertex 220.21311896062466 7.342604385933925 0
    endloop
  endfacet
  facet normal 0.15643446504023023 -0.9876883405951379 0
    outer loop
      vertex 218.05 7 -3.5
      vertex 220.21311896062466 7.342604385933925 -3.5
      vertex 218.05 7 0
    endloop
  endfacet
  facet normal 0.4539904997395462 -0.8910065241883682 0
    outer loop
      vertex 220.21311896062466 7.342604385933925 -3.5
      vertex 222.16449676604734 8.336881039375367 -3.5
      vertex 220.21311896062466 7.342604385933925 0
    endloop
  endfacet
  facet normal 0.7071067811865479 -0.7071067811865471 0
    outer loop
      vertex 222.16449676604734 8.336881039375367 -3.5
      vertex 223.71311896062466 9.885503233952688 -3.5
      vertex 222.16449676604734 8.336881039375367 0
    endloop
  endfacet
  facet normal 0.89100652418837 -0.4539904997395426 0
    outer loop
      vertex 223.71311896062466 9.885503233952688 -3.5
      vertex 224.7073956140661 11.836881039375369 -3.5
      vertex 223.71311896062466 9.885503233952688 0
    endloop
  endfacet
  facet normal 0.15643446504023023 -0.9876883405951379 0
    outer loop
      vertex 220.21311896062466 7.342604385933925 -3.5
      vertex 220.21311896062466 7.342604385933925 0
      vertex 218.05 7 0
    endloop
  endfacet
  facet normal 0.4539904997395462 -0.8910065241883682 0
    outer loop
      vertex 222.16449676604734 8.336881039375367 -3.5
      vertex 222.16449676604734 8.336881039375367 0
      vertex 220.21311896062466 7.342604385933925 0
    endloop
  endfacet
  facet normal 0.7071067811865479 -0.7071067811865471 0
    outer loop
      vertex 223.71311896062466 9.885503233952688 -3.5
      vertex 223.71311896062466 9.885503233952688 0
      vertex 222.16449676604734 8.336881039375367 0
    endloop
  endfacet
  facet normal 0.89100652418837 -0.4539904997395426 -9.718515654024242e-18
    outer loop
      vertex 223.71311896062466 9.885503233952688 0
      vertex 224.7073956140661 11.836881039375369 -3.5
      vertex 224.7073956140661 11.836881039375369 0
    endloop
  endfacet
  facet normal 0 0 -1
    outer loop
      vertex 224.05 0 0
      vertex 228.7522820183398 1.5278640450004204 0
      vertex 226.52213595499958 0.39154786963877175 0
    endloop
  endfacet
  facet normal 0 0 -1
    outer loop
      vertex 224.05 0 0
      vertex 220.21311896062466 7.342604385933925 0
      vertex 232.05 8 0
    endloop
  endfacet
  facet normal 0 0 -1
    outer loop
      vertex 224.05 0 0
      vertex 232.05 8 0
      vertex 228.7522820183398 1.5278640450004204 0
    endloop
  endfacet
  facet normal 0 0 -1
    outer loop
      vertex 228.7522820183398 1.5278640450004204 0
      vertex 232.05 8 0
      vertex 230.52213595499958 3.297717981660215 0
    endloop
  endfacet
  facet normal 0 0 -1
    outer loop
      vertex 230.52213595499958 3.297717981660215 0
      vertex 232.05 8 0
      vertex 231.65845213036124 5.52786404500042 0
    endloop
  endfacet
  facet normal 0 0 -1
    outer loop
      vertex 220.21311896062466 7.342604385933925 0
      vertex 222.16449676604734 8.336881039375367 0
      vertex 232.05 8 0
    endloop
  endfacet
  facet normal 0 0 -1
    outer loop
      vertex 222.16449676604734 8.336881039375367 0
      vertex 223.71311896062466 9.885503233952688 0
      vertex 232.05 8 0
    endloop
  endfacet
  facet normal 0 0 -1
    outer loop
      vertex 223.71311896062466 9.885503233952688 0
      vertex 224.7073956140661 11.836881039375369 0
      vertex 232.05 8 0
    endloop
  endfacet
  facet normal 0 0 -1
    outer loop
      vertex 232.05 8 0
      vertex 224.7073956140661 11.836881039375369 0
      vertex 225.05 14 0
    endloop
  endfacet
  facet normal 0 0 -1
    outer loop
      vertex 218.05 7 -3.5
      vertex 220.21311896062466 20.657395614066075 -3.5
      vertex 220.21311896062466 7.342604385933925 -3.5
    endloop
  endfacet
  facet normal 0 0 -1
    outer loop
      vertex 218.05 7 -3.5
      vertex 218.05 21 -3.5
      vertex 220.21311896062466 20.657395614066075 -3.5
    endloop
  endfacet
  facet normal 0 0 -1
    outer loop
      vertex 220.21311896062466 7.342604385933925 -3.5
      vertex 220.21311896062466 20.657395614066075 -3.5
      vertex 222.16449676604734 19.663118960624633 -3.5
    endloop
  endfacet
  facet normal 0 0 -1
    outer loop
      vertex 220.21311896062466 7.342604385933925 -3.5
      vertex 222.16449676604734 19.663118960624633 -3.5
      vertex 222.16449676604734 8.336881039375367 -3.5
    endloop
  endfacet
  facet normal 0 0 -1
    outer loop
      vertex 222.16449676604734 8.336881039375367 -3.5
      vertex 223.71311896062466 18.11449676604731 -3.5
      vertex 223.71311896062466 9.885503233952688 -3.5
    endloop
  endfacet
  facet normal 0 0 -1
    outer loop
      vertex 223.71311896062466 9.885503233952688 -3.5
      vertex 224.7073956140661 16.163118960624633 -3.5
      vertex 224.7073956140661 11.836881039375369 -3.5
    endloop
  endfacet
  facet normal 0 0 -1
    outer loop
      vertex 222.16449676604734 8.336881039375367 -3.5
      vertex 222.16449676604734 19.663118960624633 -3.5
      vertex 223.71311896062466 18.11449676604731 -3.5
    endloop
  endfacet
  facet normal 0 0 -1
    outer loop
      vertex 223.71311896062466 9.885503233952688 -3.5
      vertex 223.71311896062466 18.11449676604731 -3.5
      vertex 224.7073956140661 16.163118960624633 -3.5
    endloop
  endfacet
  facet normal 0.8910065241883697 0.4539904997395433 0
    outer loop
      vertex 224.7073956140661 16.163118960624633 -3.5
      vertex 223.71311896062466 18.11449676604731 -3.5
      vertex 224.7073956140661 16.163118960624633 0
    endloop
  endfacet
  facet normal 0.15643446504022981 0.9876883405951379 -6.1153049274529e-18
    outer loop
      vertex 218.05 21 -3.5
      vertex 220.21311896062466 20.657395614066075 0
      vertex 220.21311896062466 20.657395614066075 -3.5
    endloop
  endfacet
  facet normal 0.7071067811865483 0.7071067811865467 -2.4048214225933388e-17
    outer loop
      vertex 222.16449676604734 19.663118960624633 -3.5
      vertex 223.71311896062466 18.11449676604731 0
      vertex 223.71311896062466 18.11449676604731 -3.5
    endloop
  endfacet
  facet normal 0.45399049973954647 0.891006524188368 -9.577770706650314e-18
    outer loop
      vertex 220.21311896062466 20.657395614066075 -3.5
      vertex 222.16449676604734 19.663118960624633 0
      vertex 222.16449676604734 19.663118960624633 -3.5
    endloop
  endfacet
  facet normal 0.15643446504022981 0.9876883405951379 0
    outer loop
      vertex 218.05 21 -3.5
      vertex 218.05 21 0
      vertex 220.21311896062466 20.657395614066075 0
    endloop
  endfacet
  facet normal 0.45399049973954647 0.891006524188368 0
    outer loop
      vertex 220.21311896062466 20.657395614066075 -3.5
      vertex 220.21311896062466 20.657395614066075 0
      vertex 222.16449676604734 19.663118960624633 0
    endloop
  endfacet
  facet normal 0.7071067811865483 0.7071067811865467 0
    outer loop
      vertex 222.16449676604734 19.663118960624633 -3.5
      vertex 222.16449676604734 19.663118960624633 0
      vertex 223.71311896062466 18.11449676604731 0
    endloop
  endfacet
  facet normal 0.8910065241883697 0.4539904997395433 7.065854786021238e-18
    outer loop
      vertex 224.7073956140661 16.163118960624633 0
      vertex 223.71311896062466 18.11449676604731 -3.5
      vertex 223.71311896062466 18.11449676604731 0
    endloop
  endfacet
  facet normal 0 0 -1
    outer loop
      vertex 224.7073956140661 11.836881039375369 -3.5
      vertex 224.7073956140661 16.163118960624633 -3.5
      vertex 225.05 14 -3.5
    endloop
  endfacet
  facet normal 0.9876883405951378 -0.1564344650402307 0
    outer loop
      vertex 224.7073956140661 11.836881039375369 -3.5
      vertex 225.05 14 -3.5
      vertex 224.7073956140661 11.836881039375369 0
    endloop
  endfacet
  facet normal 0.9876883405951378 0.15643446504023056 6.775557885302228e-18
    outer loop
      vertex 224.7073956140661 16.163118960624633 -3.5
      vertex 225.05 14 0
      vertex 225.05 14 -3.5
    endloop
  endfacet
  facet normal 0.9876883405951378 -0.1564344650402307 7.318136191680714e-19
    outer loop
      vertex 224.7073956140661 11.836881039375369 0
      vertex 225.05 14 -3.5
      vertex 225.05 14 0
    endloop
  endfacet
  facet normal 0.9876883405951378 0.15643446504023056 0
    outer loop
      vertex 224.7073956140661 16.163118960624633 -3.5
      vertex 224.7073956140661 16.163118960624633 0
      vertex 225.05 14 0
    endloop
  endfacet
  facet normal 0 0 1
    outer loop
      vertex 212.78835575687742 18.097949016875162 3
      vertex 226.65 2.3999999999999986 3
      vertex 213.45205098312485 18.761644243122586 3
    endloop
  endfacet
  facet normal 0 0 1
    outer loop
      vertex 213.45205098312485 18.761644243122586 3
      vertex 226.65 2.3999999999999986 3
      vertex 213.87816954888547 19.597949016875162 3
    endloop
  endfacet
  facet normal 0 0 1
    outer loop
      vertex 213.87816954888547 19.597949016875162 3
      vertex 226.65 2.3999999999999986 3
      vertex 214.025 20.525000000000006 3
    endloop
  endfacet
  facet normal -0.8910065241883682 -0.4539904997395463 0
    outer loop
      vertex 208.17183045111454 19.597949016875162 3
      vertex 208.59794901687516 18.761644243122586 3
      vertex 208.17183045111454 19.597949016875162 15
    endloop
  endfacet
  facet normal -0.4539904997395478 -0.8910065241883673 -3.0471130044358843e-19
    outer loop
      vertex 209.2616442431226 18.097949016875162 3
      vertex 210.09794901687516 17.671830451114545 3
      vertex 210.09794901687516 17.671830451114545 15
    endloop
  endfacet
  facet normal -0.7071067811865457 -0.7071067811865495 2.3235220817871724e-18
    outer loop
      vertex 209.2616442431226 18.097949016875162 3
      vertex 208.59794901687516 18.761644243122586 15
      vertex 208.59794901687516 18.761644243122586 3
    endloop
  endfacet
  facet normal -0.9876883405951378 -0.15643446504023048 1.0199411227052747e-18
    outer loop
      vertex 208.17183045111454 19.597949016875162 3
      vertex 208.025 20.525000000000006 15
      vertex 208.025 20.525000000000006 3
    endloop
  endfacet
  facet normal -0.9876883405951378 0.15643446504023048 -1.0199411227052747e-18
    outer loop
      vertex 208.025 20.525000000000006 3
      vertex 208.17183045111454 21.45205098312485 15
      vertex 208.17183045111454 21.45205098312485 3
    endloop
  endfacet
  facet normal -0.8910065241883682 0.4539904997395463 1.6432354372619023e-18
    outer loop
      vertex 208.17183045111454 21.45205098312485 3
      vertex 208.59794901687516 22.288355756877426 15
      vertex 208.59794901687516 22.288355756877426 3
    endloop
  endfacet
  facet normal 0.9876883405951377 0.15643446504023106 8.463810272895875e-21
    outer loop
      vertex 210.26415478696387 20.27778640450005 3
      vertex 210.225 20.525000000000006 3
      vertex 210.225 20.525000000000006 15
    endloop
  endfacet
  facet normal 0.9876883405951377 -0.15643446504023106 -8.463810272895875e-21
    outer loop
      vertex 210.225 20.525000000000006 3
      vertex 210.26415478696387 20.772213595499963 3
      vertex 210.26415478696387 20.772213595499963 15
    endloop
  endfacet
  facet normal -0.15643446504023048 -0.9876883405951378 1.0199411227052747e-18
    outer loop
      vertex 210.09794901687516 17.671830451114545 3
      vertex 211.025 17.525000000000006 3
      vertex 211.025 17.525000000000006 15
    endloop
  endfacet
  facet normal 0.15643446504023048 -0.9876883405951378 -1.0199411227052747e-18
    outer loop
      vertex 211.025 17.525000000000006 3
      vertex 211.95205098312485 17.671830451114545 3
      vertex 211.95205098312485 17.671830451114545 15
    endloop
  endfacet
  facet normal 0.1564344650402223 0.987688340595139 1.4937972835651074e-19
    outer loop
      vertex 211.025 19.725000000000005 3
      vertex 210.77778640450003 19.764154786963882 3
      vertex 210.77778640450003 19.764154786963882 15
    endloop
  endfacet
  facet normal -0.1564344650402223 0.987688340595139 0
    outer loop
      vertex 211.025 19.725000000000005 3
      vertex 211.025 19.725000000000005 15
      vertex 211.27221359549998 19.764154786963882 3
    endloop
  endfacet
  facet normal 0.4539904997395478 -0.8910065241883673 3.0471130044358843e-19
    outer loop
      vertex 211.95205098312485 17.671830451114545 3
      vertex 212.78835575687742 18.097949016875162 3
      vertex 212.78835575687742 18.097949016875162 15
    endloop
  endfacet
  facet normal 0.7071067811865457 -0.7071067811865495 0
    outer loop
      vertex 212.78835575687742 18.097949016875162 3
      vertex 213.45205098312485 18.761644243122586 3
      vertex 212.78835575687742 18.097949016875162 15
    endloop
  endfacet
  facet normal 0.8910065241883682 -0.4539904997395463 0
    outer loop
      vertex 213.45205098312485 18.761644243122586 3
      vertex 213.87816954888547 19.597949016875162 3
      vertex 213.45205098312485 18.761644243122586 15
    endloop
  endfacet
  facet normal 0.7071067811865617 0.7071067811865334 0
    outer loop
      vertex 210.37778640450006 20.054771798166026 3
      vertex 210.37778640450006 20.054771798166026 15
      vertex 210.55477179816603 19.877786404500046 3
    endloop
  endfacet
  facet normal 0.4539904997395708 0.8910065241883556 0
    outer loop
      vertex 210.55477179816603 19.877786404500046 3
      vertex 210.55477179816603 19.877786404500046 15
      vertex 210.77778640450003 19.764154786963882 3
    endloop
  endfacet
  facet normal 0.8910065241883358 0.4539904997396097 0
    outer loop
      vertex 210.26415478696387 20.27778640450005 3
      vertex 210.26415478696387 20.27778640450005 15
      vertex 210.37778640450006 20.054771798166026 3
    endloop
  endfacet
  facet normal 0.8910065241883358 -0.4539904997396097 -4.394136832711205e-19
    outer loop
      vertex 210.26415478696387 20.772213595499963 3
      vertex 210.37778640450006 20.995228201833985 3
      vertex 210.37778640450006 20.995228201833985 15
    endloop
  endfacet
  facet normal 0.7071067811865617 -0.7071067811865334 2.2617071899566678e-21
    outer loop
      vertex 210.37778640450006 20.995228201833985 3
      vertex 210.55477179816603 21.172213595499965 3
      vertex 210.55477179816603 21.172213595499965 15
    endloop
  endfacet
  facet normal -0.4539904997395708 0.8910065241883556 0
    outer loop
      vertex 211.27221359549998 19.764154786963882 3
      vertex 211.27221359549998 19.764154786963882 15
      vertex 211.49522820183398 19.877786404500046 3
    endloop
  endfacet
  facet normal -0.7071067811865617 0.7071067811865334 0
    outer loop
      vertex 211.49522820183398 19.877786404500046 3
      vertex 211.49522820183398 19.877786404500046 15
      vertex 211.67221359549995 20.054771798166026 3
    endloop
  endfacet
  facet normal -0.8910065241883358 0.4539904997396097 0
    outer loop
      vertex 211.67221359549995 20.054771798166026 3
      vertex 211.67221359549995 20.054771798166026 15
      vertex 211.78584521303614 20.27778640450005 3
    endloop
  endfacet
  facet normal -0.9876883405951377 0.15643446504023106 0
    outer loop
      vertex 211.78584521303614 20.27778640450005 3
      vertex 211.78584521303614 20.27778640450005 15
      vertex 211.82500000000002 20.525000000000006 3
    endloop
  endfacet
  facet normal -0.7071067811865617 -0.7071067811865334 0
    outer loop
      vertex 211.67221359549995 20.995228201833985 3
      vertex 211.67221359549995 20.995228201833985 15
      vertex 211.49522820183398 21.172213595499965 3
    endloop
  endfacet
  facet normal -0.9876883405951377 -0.15643446504023106 0
    outer loop
      vertex 211.82500000000002 20.525000000000006 3
      vertex 211.82500000000002 20.525000000000006 15
      vertex 211.78584521303614 20.772213595499963 3
    endloop
  endfacet
  facet normal -0.8910065241883358 -0.4539904997396097 0
    outer loop
      vertex 211.78584521303614 20.772213595499963 3
      vertex 211.78584521303614 20.772213595499963 15
      vertex 211.67221359549995 20.995228201833985 3
    endloop
  endfacet
  facet normal 0.4539904997395708 -0.8910065241883556 -4.34357846228643e-19
    outer loop
      vertex 210.55477179816603 21.172213595499965 3
      vertex 210.77778640450003 21.28584521303613 3
      vertex 210.77778640450003 21.28584521303613 15
    endloop
  endfacet
  facet normal 0.1564344650402223 -0.987688340595139 -1.4937972835651074e-19
    outer loop
      vertex 210.77778640450003 21.28584521303613 3
      vertex 211.025 21.325000000000006 3
      vertex 211.025 21.325000000000006 15
    endloop
  endfacet
  facet normal -0.1564344650402223 -0.987688340595139 1.4937972835651074e-19
    outer loop
      vertex 211.025 21.325000000000006 3
      vertex 211.27221359549998 21.28584521303613 3
      vertex 211.27221359549998 21.28584521303613 15
    endloop
  endfacet
  facet normal -0.4539904997395708 -0.8910065241883556 4.34357846228643e-19
    outer loop
      vertex 211.27221359549998 21.28584521303613 3
      vertex 211.49522820183398 21.172213595499965 3
      vertex 211.49522820183398 21.172213595499965 15
    endloop
  endfacet
  facet normal 0.8910065241883682 0.4539904997395463 0
    outer loop
      vertex 213.87816954888547 21.45205098312485 3
      vertex 213.45205098312485 22.288355756877426 3
      vertex 213.87816954888547 21.45205098312485 15
    endloop
  endfacet
  facet normal 0.7071067811865457 0.7071067811865495 0
    outer loop
      vertex 213.45205098312485 22.288355756877426 3
      vertex 212.78835575687742 22.95205098312485 3
      vertex 213.45205098312485 22.288355756877426 15
    endloop
  endfacet
  facet normal 0.9876883405951378 -0.15643446504023048 0
    outer loop
      vertex 213.87816954888547 19.597949016875162 3
      vertex 214.025 20.525000000000006 3
      vertex 213.87816954888547 19.597949016875162 15
    endloop
  endfacet
  facet normal 0.9876883405951378 0.15643446504023048 1.0199411227052747e-18
    outer loop
      vertex 213.87816954888547 21.45205098312485 3
      vertex 214.025 20.525000000000006 15
      vertex 214.025 20.525000000000006 3
    endloop
  endfacet
  facet normal -0.8910065241883682 -0.4539904997395463 0
    outer loop
      vertex 208.59794901687516 18.761644243122586 3
      vertex 208.59794901687516 18.761644243122586 15
      vertex 208.17183045111454 19.597949016875162 15
    endloop
  endfacet
  facet normal -0.7071067811865457 -0.7071067811865495 0
    outer loop
      vertex 209.2616442431226 18.097949016875162 3
      vertex 209.2616442431226 18.097949016875162 15
      vertex 208.59794901687516 18.761644243122586 15
    endloop
  endfacet
  facet normal -0.4539904997395478 -0.8910065241883673 0
    outer loop
      vertex 209.2616442431226 18.097949016875162 3
      vertex 210.09794901687516 17.671830451114545 15
      vertex 209.2616442431226 18.097949016875162 15
    endloop
  endfacet
  facet normal -0.9876883405951378 -0.15643446504023048 0
    outer loop
      vertex 208.17183045111454 19.597949016875162 3
      vertex 208.17183045111454 19.597949016875162 15
      vertex 208.025 20.525000000000006 15
    endloop
  endfacet
  facet normal -0.9876883405951378 0.15643446504023048 0
    outer loop
      vertex 208.025 20.525000000000006 3
      vertex 208.025 20.525000000000006 15
      vertex 208.17183045111454 21.45205098312485 15
    endloop
  endfacet
  facet normal -0.8910065241883682 0.4539904997395463 0
    outer loop
      vertex 208.17183045111454 21.45205098312485 3
      vertex 208.17183045111454 21.45205098312485 15
      vertex 208.59794901687516 22.288355756877426 15
    endloop
  endfacet
  facet normal 0.9876883405951377 0.15643446504023106 0
    outer loop
      vertex 210.26415478696387 20.27778640450005 3
      vertex 210.225 20.525000000000006 15
      vertex 210.26415478696387 20.27778640450005 15
    endloop
  endfacet
  facet normal 0.9876883405951377 -0.15643446504023106 0
    outer loop
      vertex 210.225 20.525000000000006 3
      vertex 210.26415478696387 20.772213595499963 15
      vertex 210.225 20.525000000000006 15
    endloop
  endfacet
  facet normal -0.7071067811865457 0.7071067811865495 0
    outer loop
      vertex 208.59794901687516 22.288355756877426 3
      vertex 208.59794901687516 22.288355756877426 15
      vertex 209.2616442431226 22.95205098312485 15
    endloop
  endfacet
  facet normal -0.15643446504023048 -0.9876883405951378 0
    outer loop
      vertex 210.09794901687516 17.671830451114545 3
      vertex 211.025 17.525000000000006 15
      vertex 210.09794901687516 17.671830451114545 15
    endloop
  endfacet
  facet normal 0.15643446504023048 -0.9876883405951378 0
    outer loop
      vertex 211.025 17.525000000000006 3
      vertex 211.95205098312485 17.671830451114545 15
      vertex 211.025 17.525000000000006 15
    endloop
  endfacet
  facet normal 0.1564344650402223 0.987688340595139 0
    outer loop
      vertex 211.025 19.725000000000005 3
      vertex 210.77778640450003 19.764154786963882 15
      vertex 211.025 19.725000000000005 15
    endloop
  endfacet
  facet normal -0.1564344650402223 0.987688340595139 0
    outer loop
      vertex 211.27221359549998 19.764154786963882 3
      vertex 211.025 19.725000000000005 15
      vertex 211.27221359549998 19.764154786963882 15
    endloop
  endfacet
  facet normal 0.4539904997395478 -0.8910065241883673 0
    outer loop
      vertex 211.95205098312485 17.671830451114545 3
      vertex 212.78835575687742 18.097949016875162 15
      vertex 211.95205098312485 17.671830451114545 15
    endloop
  endfacet
  facet normal 0.7071067811865457 -0.7071067811865495 0
    outer loop
      vertex 213.45205098312485 18.761644243122586 3
      vertex 213.45205098312485 18.761644243122586 15
      vertex 212.78835575687742 18.097949016875162 15
    endloop
  endfacet
  facet normal 0.8910065241883682 -0.4539904997395463 0
    outer loop
      vertex 213.87816954888547 19.597949016875162 3
      vertex 213.87816954888547 19.597949016875162 15
      vertex 213.45205098312485 18.761644243122586 15
    endloop
  endfacet
  facet normal 0.7071067811865617 0.7071067811865334 0
    outer loop
      vertex 210.55477179816603 19.877786404500046 3
      vertex 210.37778640450006 20.054771798166026 15
      vertex 210.55477179816603 19.877786404500046 15
    endloop
  endfacet
  facet normal 0.4539904997395708 0.8910065241883556 0
    outer loop
      vertex 210.77778640450003 19.764154786963882 3
      vertex 210.55477179816603 19.877786404500046 15
      vertex 210.77778640450003 19.764154786963882 15
    endloop
  endfacet
  facet normal 0.8910065241883358 0.4539904997396097 0
    outer loop
      vertex 210.37778640450006 20.054771798166026 3
      vertex 210.26415478696387 20.27778640450005 15
      vertex 210.37778640450006 20.054771798166026 15
    endloop
  endfacet
  facet normal 0.8910065241883358 -0.4539904997396097 0
    outer loop
      vertex 210.26415478696387 20.772213595499963 3
      vertex 210.37778640450006 20.995228201833985 15
      vertex 210.26415478696387 20.772213595499963 15
    endloop
  endfacet
  facet normal 0.7071067811865617 -0.7071067811865334 0
    outer loop
      vertex 210.37778640450006 20.995228201833985 3
      vertex 210.55477179816603 21.172213595499965 15
      vertex 210.37778640450006 20.995228201833985 15
    endloop
  endfacet
  facet normal -0.4539904997395708 0.8910065241883556 0
    outer loop
      vertex 211.49522820183398 19.877786404500046 3
      vertex 211.27221359549998 19.764154786963882 15
      vertex 211.49522820183398 19.877786404500046 15
    endloop
  endfacet
  facet normal -0.7071067811865617 0.7071067811865334 0
    outer loop
      vertex 211.67221359549995 20.054771798166026 3
      vertex 211.49522820183398 19.877786404500046 15
      vertex 211.67221359549995 20.054771798166026 15
    endloop
  endfacet
  facet normal -0.8910065241883358 0.4539904997396097 0
    outer loop
      vertex 211.78584521303614 20.27778640450005 3
      vertex 211.67221359549995 20.054771798166026 15
      vertex 211.78584521303614 20.27778640450005 15
    endloop
  endfacet
  facet normal -0.9876883405951377 0.15643446504023106 0
    outer loop
      vertex 211.82500000000002 20.525000000000006 3
      vertex 211.78584521303614 20.27778640450005 15
      vertex 211.82500000000002 20.525000000000006 15
    endloop
  endfacet
  facet normal -0.7071067811865617 -0.7071067811865334 0
    outer loop
      vertex 211.49522820183398 21.172213595499965 3
      vertex 211.67221359549995 20.995228201833985 15
      vertex 211.49522820183398 21.172213595499965 15
    endloop
  endfacet
  facet normal -0.9876883405951377 -0.15643446504023106 0
    outer loop
      vertex 211.78584521303614 20.772213595499963 3
      vertex 211.82500000000002 20.525000000000006 15
      vertex 211.78584521303614 20.772213595499963 15
    endloop
  endfacet
  facet normal -0.8910065241883358 -0.4539904997396097 0
    outer loop
      vertex 211.67221359549995 20.995228201833985 3
      vertex 211.78584521303614 20.772213595499963 15
      vertex 211.67221359549995 20.995228201833985 15
    endloop
  endfacet
  facet normal 0.4539904997395708 -0.8910065241883556 0
    outer loop
      vertex 210.55477179816603 21.172213595499965 3
      vertex 210.77778640450003 21.28584521303613 15
      vertex 210.55477179816603 21.172213595499965 15
    endloop
  endfacet
  facet normal 0.1564344650402223 -0.987688340595139 0
    outer loop
      vertex 210.77778640450003 21.28584521303613 3
      vertex 211.025 21.325000000000006 15
      vertex 210.77778640450003 21.28584521303613 15
    endloop
  endfacet
  facet normal -0.1564344650402223 -0.987688340595139 0
    outer loop
      vertex 211.025 21.325000000000006 3
      vertex 211.27221359549998 21.28584521303613 15
      vertex 211.025 21.325000000000006 15
    endloop
  endfacet
  facet normal -0.4539904997395708 -0.8910065241883556 0
    outer loop
      vertex 211.27221359549998 21.28584521303613 3
      vertex 211.49522820183398 21.172213595499965 15
      vertex 211.27221359549998 21.28584521303613 15
    endloop
  endfacet
  facet normal 0.8910065241883682 0.4539904997395463 0
    outer loop
      vertex 213.45205098312485 22.288355756877426 3
      vertex 213.45205098312485 22.288355756877426 15
      vertex 213.87816954888547 21.45205098312485 15
    endloop
  endfacet
  facet normal 0.9876883405951378 -0.15643446504023048 0
    outer loop
      vertex 214.025 20.525000000000006 3
      vertex 214.025 20.525000000000006 15
      vertex 213.87816954888547 19.597949016875162 15
    endloop
  endfacet
  facet normal 0.9876883405951378 0.15643446504023048 0
    outer loop
      vertex 213.87816954888547 21.45205098312485 3
      vertex 213.87816954888547 21.45205098312485 15
      vertex 214.025 20.525000000000006 15
    endloop
  endfacet
  facet normal 0.15643446504023142 -0.9876883405951375 -6.326096483251359e-19
    outer loop
      vertex 224.05 0 0
      vertex 226.52213595499958 0.39154786963877175 0
      vertex 226.52213595499958 0.39154786963877175 26
    endloop
  endfacet
  facet normal 0.4539904997395452 -0.8910065241883687 0
    outer loop
      vertex 226.52213595499958 0.39154786963877175 0
      vertex 228.7522820183398 1.5278640450004204 0
      vertex 226.52213595499958 0.39154786963877175 26
    endloop
  endfacet
  facet normal 0.7071067811865492 -0.7071067811865458 -4.805088939391321e-19
    outer loop
      vertex 228.7522820183398 1.5278640450004204 0
      vertex 230.52213595499958 3.297717981660215 0
      vertex 230.52213595499958 3.297717981660215 26
    endloop
  endfacet
  facet normal 0.8910065241883667 -0.4539904997395492 -1.902286317419464e-18
    outer loop
      vertex 230.52213595499958 3.297717981660215 0
      vertex 231.65845213036124 5.52786404500042 0
      vertex 231.65845213036124 5.52786404500042 26
    endloop
  endfacet
  facet normal 0.9876883405951379 -0.15643446504023065 0
    outer loop
      vertex 231.65845213036124 5.52786404500042 0
      vertex 232.05 8 0
      vertex 231.65845213036124 5.52786404500042 26
    endloop
  endfacet
  facet normal -0.15643446815250964 0.9876883401022012 0
    outer loop
      vertex 226.65 2.3999999999999986 3
      vertex 226.65 2.3999999999999986 26.05070586158795
      vertex 227.5770509853959 2.5468304544687257 3
    endloop
  endfacet
  facet normal -0.45399049706429795 0.8910065255514753 0
    outer loop
      vertex 227.5770509853959 2.5468304544687257 3
      vertex 227.5770509853959 2.5468304544687257 26.042212042525474
      vertex 228.41335575431586 2.9729490146040902 3
    endloop
  endfacet
  facet normal -0.7071067811865475 0.7071067811865475 0
    outer loop
      vertex 228.41335575431586 2.9729490146040902 3
      vertex 228.41335575431586 2.9729490146040902 26.042212042442948
      vertex 229.0770509853959 3.6366442456841455 3
    endloop
  endfacet
  facet normal -0.8910065255514753 0.4539904970642979 0
    outer loop
      vertex 229.0770509853959 3.6366442456841455 3
      vertex 229.0770509853959 3.6366442456841455 26.046549542951798
      vertex 229.50316954553128 4.47294901460409 3
    endloop
  endfacet
  facet normal -0.9876883401022011 0.15643446815250964 0
    outer loop
      vertex 229.50316954553128 4.47294901460409 3
      vertex 229.50316954553128 4.47294901460409 26.057252379449764
      vertex 229.65 5.399999999999999 3
    endloop
  endfacet
  facet normal 0 0 1
    outer loop
      vertex 213.45205098312485 22.288355756877426 3
      vertex 212.78835575687742 56.09794901687516 3
      vertex 212.78835575687742 22.95205098312485 3
    endloop
  endfacet
  facet normal 0 0 1
    outer loop
      vertex 213.87816954888547 21.45205098312485 3
      vertex 213.87816954888547 57.59794901687516 3
      vertex 213.45205098312485 22.288355756877426 3
    endloop
  endfacet
  facet normal 0 0 1
    outer loop
      vertex 213.87816954888547 21.45205098312485 3
      vertex 214.025 20.525000000000006 3
      vertex 214.025 58.525000000000006 3
    endloop
  endfacet
  facet normal 0 0 -1
    outer loop
      vertex 211.39260438593394 16.163118960624633 0
      vertex 224.05 79.05000000000001 0
      vertex 212.38688103937537 18.11449676604731 0
    endloop
  endfacet
  facet normal 0 0 -1
    outer loop
      vertex 212.38688103937537 18.11449676604731 0
      vertex 224.05 79.05000000000001 0
      vertex 213.9355032339527 19.663118960624633 0
    endloop
  endfacet
  facet normal 0 0 1
    outer loop
      vertex 210.09794901687516 23.378169548885467 3
      vertex 210.09794901687516 55.671830451114545 3
      vertex 209.2616442431226 56.09794901687516 3
    endloop
  endfacet
  facet normal 0 0 1
    outer loop
      vertex 210.09794901687516 23.378169548885467 3
      vertex 211.025 23.525000000000006 3
      vertex 211.025 55.525000000000006 3
    endloop
  endfacet
  facet normal 0 0 1
    outer loop
      vertex 211.025 23.525000000000006 3
      vertex 211.95205098312485 23.378169548885467 3
      vertex 211.95205098312485 55.671830451114545 3
    endloop
  endfacet
  facet normal 0 0 1
    outer loop
      vertex 211.95205098312485 23.378169548885467 3
      vertex 212.78835575687742 22.95205098312485 3
      vertex 212.78835575687742 56.09794901687516 3
    endloop
  endfacet
  facet normal 0 0 1
    outer loop
      vertex 210.09794901687516 23.378169548885467 3
      vertex 211.025 55.525000000000006 3
      vertex 210.09794901687516 55.671830451114545 3
    endloop
  endfacet
  facet normal 0 0 1
    outer loop
      vertex 211.025 23.525000000000006 3
      vertex 211.95205098312485 55.671830451114545 3
      vertex 211.025 55.525000000000006 3
    endloop
  endfacet
  facet normal 0 0 1
    outer loop
      vertex 211.95205098312485 23.378169548885467 3
      vertex 212.78835575687742 56.09794901687516 3
      vertex 211.95205098312485 55.671830451114545 3
    endloop
  endfacet
  facet normal 0 0 1
    outer loop
      vertex 213.45205098312485 22.288355756877426 3
      vertex 213.45205098312485 56.76164424312259 3
      vertex 212.78835575687742 56.09794901687516 3
    endloop
  endfacet
  facet normal 0 0 -1
    outer loop
      vertex 232.05 8 0
      vertex 225.05 14 0
      vertex 224.05 79.05000000000001 0
    endloop
  endfacet
  facet normal 0 0 1
    outer loop
      vertex 214.025 20.525000000000006 3
      vertex 226.65 2.3999999999999986 3
      vertex 226.65 76.65 3
    endloop
  endfacet
  facet normal 0 0 1
    outer loop
      vertex 226.65 2.3999999999999986 3
      vertex 227.5770509853959 2.5468304544687257 3
      vertex 226.65 76.65 3
    endloop
  endfacet
  facet normal 0 0 1
    outer loop
      vertex 227.5770509853959 2.5468304544687257 3
      vertex 228.41335575431586 2.9729490146040902 3
      vertex 227.5770509853959 76.50316954553128 3
    endloop
  endfacet
  facet normal 0 0 1
    outer loop
      vertex 228.41335575431586 2.9729490146040902 3
      vertex 229.0770509853959 3.6366442456841455 3
      vertex 228.41335575431586 76.07705098539591 3
    endloop
  endfacet
  facet normal 0 0 1
    outer loop
      vertex 229.0770509853959 3.6366442456841455 3
      vertex 229.50316954553128 4.47294901460409 3
      vertex 229.0770509853959 75.41335575431586 3
    endloop
  endfacet
  facet normal 0 0 1
    outer loop
      vertex 229.50316954553128 4.47294901460409 3
      vertex 229.65 5.399999999999999 3
      vertex 229.50316954553128 74.57705098539591 3
    endloop
  endfacet
  facet normal 0 0 -1
    outer loop
      vertex 224.7073956140661 16.163118960624633 0
      vertex 224.05 79.05000000000001 0
      vertex 225.05 14 0
    endloop
  endfacet
  facet normal 0 0 -1
    outer loop
      vertex 224.7073956140661 16.163118960624633 0
      vertex 223.71311896062466 18.11449676604731 0
      vertex 224.05 79.05000000000001 0
    endloop
  endfacet
  facet normal 0 0 -1
    outer loop
      vertex 222.16449676604734 19.663118960624633 0
      vertex 224.05 79.05000000000001 0
      vertex 223.71311896062466 18.11449676604731 0
    endloop
  endfacet
  facet normal 0 0 -1
    outer loop
      vertex 213.9355032339527 19.663118960624633 0
      vertex 224.05 79.05000000000001 0
      vertex 215.88688103937537 20.657395614066075 0
    endloop
  endfacet
  facet normal 0 0 -1
    outer loop
      vertex 215.88688103937537 20.657395614066075 0
      vertex 224.05 79.05000000000001 0
      vertex 218.05 21 0
    endloop
  endfacet
  facet normal 0 0 -1
    outer loop
      vertex 218.05 21 0
      vertex 224.05 79.05000000000001 0
      vertex 220.21311896062466 20.657395614066075 0
    endloop
  endfacet
  facet normal 0 0 -1
    outer loop
      vertex 220.21311896062466 20.657395614066075 0
      vertex 224.05 79.05000000000001 0
      vertex 222.16449676604734 19.663118960624633 0
    endloop
  endfacet
  facet normal -0.7071067811865457 0.7071067811865495 -2.3235220817871724e-18
    outer loop
      vertex 208.59794901687516 22.288355756877426 3
      vertex 209.2616442431226 22.95205098312485 15
      vertex 209.2616442431226 22.95205098312485 3
    endloop
  endfacet
  facet normal -0.4539904997395478 0.8910065241883673 0
    outer loop
      vertex 209.2616442431226 22.95205098312485 3
      vertex 209.2616442431226 22.95205098312485 15
      vertex 210.09794901687516 23.378169548885467 3
    endloop
  endfacet
  facet normal -0.15643446504023048 0.9876883405951378 0
    outer loop
      vertex 210.09794901687516 23.378169548885467 3
      vertex 210.09794901687516 23.378169548885467 15
      vertex 211.025 23.525000000000006 3
    endloop
  endfacet
  facet normal 0.15643446504023048 0.9876883405951378 0
    outer loop
      vertex 211.025 23.525000000000006 3
      vertex 211.025 23.525000000000006 15
      vertex 211.95205098312485 23.378169548885467 3
    endloop
  endfacet
  facet normal 0.4539904997395478 0.8910065241883673 0
    outer loop
      vertex 211.95205098312485 23.378169548885467 3
      vertex 211.95205098312485 23.378169548885467 15
      vertex 212.78835575687742 22.95205098312485 3
    endloop
  endfacet
  facet normal -0.4539904997395478 0.8910065241883673 0
    outer loop
      vertex 210.09794901687516 23.378169548885467 3
      vertex 209.2616442431226 22.95205098312485 15
      vertex 210.09794901687516 23.378169548885467 15
    endloop
  endfacet
  facet normal -0.15643446504023048 0.9876883405951378 0
    outer loop
      vertex 211.025 23.525000000000006 3
      vertex 210.09794901687516 23.378169548885467 15
      vertex 211.025 23.525000000000006 15
    endloop
  endfacet
  facet normal 0.15643446504023048 0.9876883405951378 0
    outer loop
      vertex 211.95205098312485 23.378169548885467 3
      vertex 211.025 23.525000000000006 15
      vertex 211.95205098312485 23.378169548885467 15
    endloop
  endfacet
  facet normal 0.4539904997395478 0.8910065241883673 0
    outer loop
      vertex 212.78835575687742 22.95205098312485 3
      vertex 211.95205098312485 23.378169548885467 15
      vertex 212.78835575687742 22.95205098312485 15
    endloop
  endfacet
  facet normal 0.7071067811865457 0.7071067811865495 0
    outer loop
      vertex 212.78835575687742 22.95205098312485 3
      vertex 212.78835575687742 22.95205098312485 15
      vertex 213.45205098312485 22.288355756877426 15
    endloop
  endfacet
  facet normal 1 0 0
    outer loop
      vertex 232.05 8 0
      vertex 232.05 84.65 0
      vertex 232.05 8 26
    endloop
  endfacet
  facet normal -1 0 0
    outer loop
      vertex 229.65 5.399999999999999 3
      vertex 229.65 5.399999999999999 26.07761038417063
      vertex 229.65 73.65 3
    endloop
  endfacet
  facet normal 0 0 1
    outer loop
      vertex 209.2616442431226 18.097949016875162 15
      vertex 208.59794901687516 22.288355756877426 15
      vertex 208.59794901687516 18.761644243122586 15
    endloop
  endfacet
  facet normal 0 0 1
    outer loop
      vertex 209.2616442431226 18.097949016875162 15
      vertex 210.09794901687516 17.671830451114545 15
      vertex 209.2616442431226 22.95205098312485 15
    endloop
  endfacet
  facet normal 0 0 1
    outer loop
      vertex 210.09794901687516 17.671830451114545 15
      vertex 210.37778640450006 20.054771798166026 15
      vertex 210.26415478696387 20.27778640450005 15
    endloop
  endfacet
  facet normal 0 0 1
    outer loop
      vertex 210.09794901687516 17.671830451114545 15
      vertex 210.26415478696387 20.27778640450005 15
      vertex 210.225 20.525000000000006 15
    endloop
  endfacet
  facet normal 0 0 1
    outer loop
      vertex 208.17183045111454 19.597949016875162 15
      vertex 208.59794901687516 18.761644243122586 15
      vertex 208.17183045111454 21.45205098312485 15
    endloop
  endfacet
  facet normal 0 0 1
    outer loop
      vertex 208.17183045111454 19.597949016875162 15
      vertex 208.17183045111454 21.45205098312485 15
      vertex 208.025 20.525000000000006 15
    endloop
  endfacet
  facet normal 0 0 1
    outer loop
      vertex 208.59794901687516 18.761644243122586 15
      vertex 208.59794901687516 22.288355756877426 15
      vertex 208.17183045111454 21.45205098312485 15
    endloop
  endfacet
  facet normal 0 0 1
    outer loop
      vertex 209.2616442431226 18.097949016875162 15
      vertex 209.2616442431226 22.95205098312485 15
      vertex 208.59794901687516 22.288355756877426 15
    endloop
  endfacet
  facet normal 0 0 1
    outer loop
      vertex 210.09794901687516 17.671830451114545 15
      vertex 210.225 20.525000000000006 15
      vertex 210.09794901687516 23.378169548885467 15
    endloop
  endfacet
  facet normal 0 0 1
    outer loop
      vertex 210.09794901687516 17.671830451114545 15
      vertex 210.09794901687516 23.378169548885467 15
      vertex 209.2616442431226 22.95205098312485 15
    endloop
  endfacet
  facet normal 0 0 1
    outer loop
      vertex 210.225 20.525000000000006 15
      vertex 210.26415478696387 20.772213595499963 15
      vertex 210.09794901687516 23.378169548885467 15
    endloop
  endfacet
  facet normal 0 0 1
    outer loop
      vertex 210.26415478696387 20.772213595499963 15
      vertex 210.37778640450006 20.995228201833985 15
      vertex 210.09794901687516 23.378169548885467 15
    endloop
  endfacet
  facet normal 0 0 1
    outer loop
      vertex 211.025 17.525000000000006 15
      vertex 211.95205098312485 17.671830451114545 15
      vertex 211.025 19.725000000000005 15
    endloop
  endfacet
  facet normal 0 0 1
    outer loop
      vertex 210.09794901687516 17.671830451114545 15
      vertex 211.025 17.525000000000006 15
      vertex 210.55477179816603 19.877786404500046 15
    endloop
  endfacet
  facet normal 0 0 1
    outer loop
      vertex 211.025 17.525000000000006 15
      vertex 211.025 19.725000000000005 15
      vertex 210.77778640450003 19.764154786963882 15
    endloop
  endfacet
  facet normal 0 0 1
    outer loop
      vertex 210.09794901687516 17.671830451114545 15
      vertex 210.55477179816603 19.877786404500046 15
      vertex 210.37778640450006 20.054771798166026 15
    endloop
  endfacet
  facet normal 0 0 1
    outer loop
      vertex 211.025 17.525000000000006 15
      vertex 210.77778640450003 19.764154786963882 15
      vertex 210.55477179816603 19.877786404500046 15
    endloop
  endfacet
  facet normal 0 0 1
    outer loop
      vertex 211.95205098312485 17.671830451114545 15
      vertex 211.27221359549998 19.764154786963882 15
      vertex 211.025 19.725000000000005 15
    endloop
  endfacet
  facet normal 0 0 1
    outer loop
      vertex 211.95205098312485 17.671830451114545 15
      vertex 211.49522820183398 19.877786404500046 15
      vertex 211.27221359549998 19.764154786963882 15
    endloop
  endfacet
  facet normal 0 0 1
    outer loop
      vertex 211.95205098312485 17.671830451114545 15
      vertex 211.67221359549995 20.054771798166026 15
      vertex 211.49522820183398 19.877786404500046 15
    endloop
  endfacet
  facet normal 0 0 1
    outer loop
      vertex 211.95205098312485 17.671830451114545 15
      vertex 211.78584521303614 20.27778640450005 15
      vertex 211.67221359549995 20.054771798166026 15
    endloop
  endfacet
  facet normal 0 0 1
    outer loop
      vertex 211.95205098312485 17.671830451114545 15
      vertex 211.82500000000002 20.525000000000006 15
      vertex 211.78584521303614 20.27778640450005 15
    endloop
  endfacet
  facet normal 0 0 1
    outer loop
      vertex 211.95205098312485 17.671830451114545 15
      vertex 212.78835575687742 18.097949016875162 15
      vertex 211.95205098312485 23.378169548885467 15
    endloop
  endfacet
  facet normal 0 0 1
    outer loop
      vertex 211.95205098312485 17.671830451114545 15
      vertex 211.95205098312485 23.378169548885467 15
      vertex 211.82500000000002 20.525000000000006 15
    endloop
  endfacet
  facet normal 0 0 1
    outer loop
      vertex 210.37778640450006 20.995228201833985 15
      vertex 210.55477179816603 21.172213595499965 15
      vertex 210.09794901687516 23.378169548885467 15
    endloop
  endfacet
  facet normal 0 0 1
    outer loop
      vertex 210.55477179816603 21.172213595499965 15
      vertex 210.77778640450003 21.28584521303613 15
      vertex 210.09794901687516 23.378169548885467 15
    endloop
  endfacet
  facet normal 0 0 1
    outer loop
      vertex 210.77778640450003 21.28584521303613 15
      vertex 211.025 21.325000000000006 15
      vertex 210.09794901687516 23.378169548885467 15
    endloop
  endfacet
  facet normal 0 0 1
    outer loop
      vertex 211.025 21.325000000000006 15
      vertex 211.27221359549998 21.28584521303613 15
      vertex 211.025 23.525000000000006 15
    endloop
  endfacet
  facet normal 0 0 1
    outer loop
      vertex 211.82500000000002 20.525000000000006 15
      vertex 211.95205098312485 23.378169548885467 15
      vertex 211.78584521303614 20.772213595499963 15
    endloop
  endfacet
  facet normal 0 0 1
    outer loop
      vertex 211.78584521303614 20.772213595499963 15
      vertex 211.95205098312485 23.378169548885467 15
      vertex 211.67221359549995 20.995228201833985 15
    endloop
  endfacet
  facet normal 0 0 1
    outer loop
      vertex 211.67221359549995 20.995228201833985 15
      vertex 211.95205098312485 23.378169548885467 15
      vertex 211.49522820183398 21.172213595499965 15
    endloop
  endfacet
  facet normal 0 0 1
    outer loop
      vertex 211.27221359549998 21.28584521303613 15
      vertex 211.49522820183398 21.172213595499965 15
      vertex 211.025 23.525000000000006 15
    endloop
  endfacet
  facet normal 0 0 1
    outer loop
      vertex 212.78835575687742 18.097949016875162 15
      vertex 213.45205098312485 18.761644243122586 15
      vertex 212.78835575687742 22.95205098312485 15
    endloop
  endfacet
  facet normal 0 0 1
    outer loop
      vertex 213.45205098312485 18.761644243122586 15
      vertex 213.87816954888547 19.597949016875162 15
      vertex 213.45205098312485 22.288355756877426 15
    endloop
  endfacet
  facet normal 0 0 1
    outer loop
      vertex 213.87816954888547 19.597949016875162 15
      vertex 213.87816954888547 21.45205098312485 15
      vertex 213.45205098312485 22.288355756877426 15
    endloop
  endfacet
  facet normal 0 0 1
    outer loop
      vertex 212.78835575687742 18.097949016875162 15
      vertex 212.78835575687742 22.95205098312485 15
      vertex 211.95205098312485 23.378169548885467 15
    endloop
  endfacet
  facet normal 0 0 1
    outer loop
      vertex 213.45205098312485 18.761644243122586 15
      vertex 213.45205098312485 22.288355756877426 15
      vertex 212.78835575687742 22.95205098312485 15
    endloop
  endfacet
  facet normal 0 0 1
    outer loop
      vertex 213.87816954888547 19.597949016875162 15
      vertex 214.025 20.525000000000006 15
      vertex 213.87816954888547 21.45205098312485 15
    endloop
  endfacet
  facet normal 0.15643446504023142 -0.9876883405951375 0
    outer loop
      vertex 224.05 0 0
      vertex 226.52213595499958 0.39154786963877175 26
      vertex 224.05 0 26
    endloop
  endfacet
  facet normal 0.4539904997395452 -0.8910065241883687 0
    outer loop
      vertex 228.7522820183398 1.5278640450004204 0
      vertex 228.7522820183398 1.5278640450004204 26
      vertex 226.52213595499958 0.39154786963877175 26
    endloop
  endfacet
  facet normal 0 1 0
    outer loop
      vertex 226.65 2.3999999999999986 3
      vertex 224.05 2.3999999999999986 26.06262230919765
      vertex 226.52213595499958 2.3999999999999986 26.05240579596507
    endloop
  endfacet
  facet normal 0 1 0
    outer loop
      vertex 226.65 2.3999999999999986 3
      vertex 226.52213595499958 2.3999999999999986 26.05240579596507
      vertex 226.65 2.3999999999999986 26.05070586158795
    endloop
  endfacet
  facet normal -0.15643446815250964 0.9876883401022012 0
    outer loop
      vertex 227.5770509853959 2.5468304544687257 3
      vertex 226.65 2.3999999999999986 26.05070586158795
      vertex 227.5770509853959 2.5468304544687257 26.042212042525474
    endloop
  endfacet
  facet normal -0.45399049706429784 0.8910065255514753 0
    outer loop
      vertex 228.41335575431586 2.9729490146040902 3
      vertex 227.5770509853959 2.5468304544687257 26.042212042525474
      vertex 228.41335575431586 2.9729490146040902 26.042212042442948
    endloop
  endfacet
  facet normal 0.7071067811865492 -0.7071067811865458 0
    outer loop
      vertex 228.7522820183398 1.5278640450004204 0
      vertex 230.52213595499958 3.297717981660215 26
      vertex 228.7522820183398 1.5278640450004204 26
    endloop
  endfacet
  facet normal 0.8910065241883667 -0.4539904997395492 0
    outer loop
      vertex 230.52213595499958 3.297717981660215 0
      vertex 231.65845213036124 5.52786404500042 26
      vertex 230.52213595499958 3.297717981660215 26
    endloop
  endfacet
  facet normal -0.7071067811865475 0.7071067811865475 0
    outer loop
      vertex 229.0770509853959 3.6366442456841455 3
      vertex 228.41335575431586 2.9729490146040902 26.042212042442948
      vertex 229.0770509853959 3.6366442456841455 26.046549542951798
    endloop
  endfacet
  facet normal -0.8910065255514752 0.45399049706429795 0
    outer loop
      vertex 229.50316954553128 4.47294901460409 3
      vertex 229.0770509853959 3.6366442456841455 26.046549542951798
      vertex 229.50316954553128 4.47294901460409 26.057252379449764
    endloop
  endfacet
  facet normal -0.9876883401022011 0.15643446815250964 0
    outer loop
      vertex 229.65 5.399999999999999 3
      vertex 229.50316954553128 4.47294901460409 26.057252379449764
      vertex 229.65 5.399999999999999 26.07761038417063
    endloop
  endfacet
  facet normal 0.9876883405951379 -0.15643446504023065 0
    outer loop
      vertex 232.05 8 0
      vertex 232.05 8 26
      vertex 231.65845213036124 5.52786404500042 26
    endloop
  endfacet
  facet normal 0.00413122506595996 -0.026083528517668108 0.9996512304396581
    outer loop
      vertex 224.05 0 26
      vertex 226.52213595499958 0.39154786963877175 26
      vertex 224.05 2.3999999999999986 26.06262230919765
    endloop
  endfacet
  facet normal 0.004131225065959189 -0.02608352851766905 0.999651230439658
    outer loop
      vertex 224.05 2.3999999999999986 26.06262230919765
      vertex 226.52213595499958 0.39154786963877175 26
      vertex 226.52213595499958 2.3999999999999986 26.05240579596507
    endloop
  endfacet
  facet normal 0.013289161405636685 -0.026081447784040042 0.9995714863233262
    outer loop
      vertex 226.52213595499958 0.39154786963877175 26
      vertex 226.65 2.3999999999999986 26.05070586158795
      vertex 226.52213595499958 2.3999999999999986 26.05240579596507
    endloop
  endfacet
  facet normal 0.013289161405628946 -0.026081447784039556 0.9995714863233262
    outer loop
      vertex 226.52213595499958 0.39154786963877175 26
      vertex 227.5770509853959 2.5468304544687257 26.042212042525474
      vertex 226.65 2.3999999999999986 26.05070586158795
    endloop
  endfacet
  facet normal 0.013289161405627914 -0.02608144778403905 0.9995714863233263
    outer loop
      vertex 226.52213595499958 0.39154786963877175 26
      vertex 228.7522820183398 1.5278640450004204 26
      vertex 227.5770509853959 2.5468304544687257 26.042212042525474
    endloop
  endfacet
  facet normal 0.013289161405626056 -0.026081447784041187 0.9995714863233262
    outer loop
      vertex 227.5770509853959 2.5468304544687257 26.042212042525474
      vertex 228.7522820183398 1.5278640450004204 26
      vertex 228.41335575431586 2.9729490146040902 26.042212042442948
    endloop
  endfacet
  facet normal 0.01328916140562901 -0.026081447784040496 0.9995714863233263
    outer loop
      vertex 228.41335575431586 2.9729490146040902 26.042212042442948
      vertex 228.7522820183398 1.5278640450004204 26
      vertex 228.7522820183398 3.3118752786280297 26.046549542951798
    endloop
  endfacet
  facet normal 0.026074882432282648 -0.026074882432282516 0.9993198692172018
    outer loop
      vertex 228.7522820183398 1.5278640450004204 26
      vertex 230.52213595499958 3.297717981660215 26
      vertex 228.7522820183398 3.3118752786280297 26.046549542951798
    endloop
  endfacet
  facet normal -0.7071067811865476 0.7071067811865477 -2.46943642940077e-15
    outer loop
      vertex 228.41335575431586 2.9729490146040902 26.042212042442948
      vertex 228.7522820183398 3.3118752786280297 26.046549542951798
      vertex 229.0770509853959 3.6366442456841455 26.046549542951798
    endloop
  endfacet
  facet normal 0.026074882432282644 -0.026074882432282644 0.9993198692172018
    outer loop
      vertex 228.7522820183398 3.3118752786280297 26.046549542951798
      vertex 230.52213595499958 3.297717981660215 26
      vertex 229.0770509853959 3.6366442456841455 26.046549542951798
    endloop
  endfacet
  facet normal 0.026074882432282894 -0.026074882432281603 0.9993198692172017
    outer loop
      vertex 229.0770509853959 3.6366442456841455 26.046549542951798
      vertex 230.52213595499958 3.297717981660215 26
      vertex 229.50316954553128 4.47294901460409 26.057252379449764
    endloop
  endfacet
  facet normal 0.02607488243228295 -0.02607488243228155 0.9993198692172017
    outer loop
      vertex 229.50316954553128 4.47294901460409 26.057252379449764
      vertex 230.52213595499958 3.297717981660215 26
      vertex 229.65 5.399999999999999 26.07761038417063
    endloop
  endfacet
  facet normal 0 0 1
    outer loop
      vertex 211.025 21.325000000000006 15
      vertex 211.025 23.525000000000006 15
      vertex 210.09794901687516 23.378169548885467 15
    endloop
  endfacet
  facet normal 0 0 1
    outer loop
      vertex 211.49522820183398 21.172213595499965 15
      vertex 211.95205098312485 23.378169548885467 15
      vertex 211.025 23.525000000000006 15
    endloop
  endfacet
  facet normal 0.026074882432282245 -0.02607488243228185 0.9993198692172018
    outer loop
      vertex 229.65 5.399999999999999 26.07761038417063
      vertex 230.52213595499958 3.297717981660215 26
      vertex 230.52213595499958 79.94771798166022 28
    endloop
  endfacet
  facet normal 0.05112529712449241 -0.026049639997893396 0.9983524529192647
    outer loop
      vertex 230.52213595499958 3.297717981660215 26
      vertex 231.65845213036124 5.52786404500042 26
      vertex 231.65845213036124 82.17786404500043 28
    endloop
  endfacet
  facet normal 0.16249747056425015 -0.025737070929471532 0.9863732433719965
    outer loop
      vertex 231.65845213036124 5.52786404500042 26
      vertex 232.05 8 26
      vertex 231.65845213036124 82.17786404500043 28
    endloop
  endfacet
  facet normal 0 0 1
    outer loop
      vertex 118.87816954888547 40.45205098312485 3
      vertex 208.17183045111454 57.59794901687516 3
      vertex 208.025 58.525000000000006 3
    endloop
  endfacet
  facet normal 0 0 1
    outer loop
      vertex 118.87816954888547 40.45205098312485 3
      vertex 208.025 58.525000000000006 3
      vertex 208.17183045111454 59.45205098312485 3
    endloop
  endfacet
  facet normal 0 0 1
    outer loop
      vertex 118.87816954888547 40.45205098312485 3
      vertex 208.17183045111454 59.45205098312485 3
      vertex 208.59794901687516 60.28835575687742 3
    endloop
  endfacet
  facet normal 0 0 1
    outer loop
      vertex 118.87816954888547 40.45205098312485 3
      vertex 208.59794901687516 60.28835575687742 3
      vertex 209.2616442431226 60.95205098312485 3
    endloop
  endfacet
  facet normal 0 0 1
    outer loop
      vertex 118.87816954888547 40.45205098312485 3
      vertex 209.2616442431226 60.95205098312485 3
      vertex 210.09794901687516 61.37816954888547 3
    endloop
  endfacet
  facet normal 0 0 1
    outer loop
      vertex 118.87816954888547 40.45205098312485 3
      vertex 210.09794901687516 61.37816954888547 3
      vertex 226.65 76.65 3
    endloop
  endfacet
  facet normal 0 0 1
    outer loop
      vertex 210.09794901687516 23.378169548885467 3
      vertex 209.2616442431226 56.09794901687516 3
      vertex 208.59794901687516 56.76164424312259 3
    endloop
  endfacet
  facet normal 0 0 1
    outer loop
      vertex 210.09794901687516 23.378169548885467 3
      vertex 208.59794901687516 56.76164424312259 3
      vertex 208.17183045111454 57.59794901687516 3
    endloop
  endfacet
  facet normal 0 0 1
    outer loop
      vertex 213.45205098312485 22.288355756877426 3
      vertex 213.87816954888547 57.59794901687516 3
      vertex 213.45205098312485 56.76164424312259 3
    endloop
  endfacet
  facet normal 0 0 1
    outer loop
      vertex 213.87816954888547 21.45205098312485 3
      vertex 214.025 58.525000000000006 3
      vertex 213.87816954888547 57.59794901687516 3
    endloop
  endfacet
  facet normal 0 0 1
    outer loop
      vertex 210.26415478696387 58.27778640450005 3
      vertex 210.37778640450006 58.05477179816603 3
      vertex 210.225 58.525000000000006 3
    endloop
  endfacet
  facet normal 0 0 1
    outer loop
      vertex 210.225 58.525000000000006 3
      vertex 210.37778640450006 58.05477179816603 3
      vertex 210.26415478696387 58.77221359549996 3
    endloop
  endfacet
  facet normal 0 0 1
    outer loop
      vertex 210.77778640450003 57.764154786963886 3
      vertex 211.67221359549995 58.99522820183398 3
      vertex 210.55477179816603 57.87778640450005 3
    endloop
  endfacet
  facet normal 0 0 1
    outer loop
      vertex 210.77778640450003 57.764154786963886 3
      vertex 211.025 57.72500000000001 3
      vertex 211.67221359549995 58.99522820183398 3
    endloop
  endfacet
  facet normal 0 0 1
    outer loop
      vertex 210.37778640450006 58.05477179816603 3
      vertex 210.55477179816603 57.87778640450005 3
      vertex 211.67221359549995 58.99522820183398 3
    endloop
  endfacet
  facet normal 0 0 1
    outer loop
      vertex 210.26415478696387 58.77221359549996 3
      vertex 210.37778640450006 58.05477179816603 3
      vertex 210.37778640450006 58.99522820183398 3
    endloop
  endfacet
  facet normal 0 0 1
    outer loop
      vertex 210.37778640450006 58.05477179816603 3
      vertex 210.55477179816603 59.17221359549996 3
      vertex 210.37778640450006 58.99522820183398 3
    endloop
  endfacet
  facet normal 0 0 1
    outer loop
      vertex 210.37778640450006 58.05477179816603 3
      vertex 210.77778640450003 59.285845213036126 3
      vertex 210.55477179816603 59.17221359549996 3
    endloop
  endfacet
  facet normal 0 0 1
    outer loop
      vertex 210.37778640450006 58.05477179816603 3
      vertex 211.025 59.325 3
      vertex 210.77778640450003 59.285845213036126 3
    endloop
  endfacet
  facet normal 0 0 1
    outer loop
      vertex 210.37778640450006 58.05477179816603 3
      vertex 211.27221359549998 59.285845213036126 3
      vertex 211.025 59.325 3
    endloop
  endfacet
  facet normal 0 0 1
    outer loop
      vertex 210.37778640450006 58.05477179816603 3
      vertex 211.67221359549995 58.99522820183398 3
      vertex 211.49522820183398 59.17221359549996 3
    endloop
  endfacet
  facet normal 0 0 1
    outer loop
      vertex 210.37778640450006 58.05477179816603 3
      vertex 211.49522820183398 59.17221359549996 3
      vertex 211.27221359549998 59.285845213036126 3
    endloop
  endfacet
  facet normal 0 0 1
    outer loop
      vertex 211.025 57.72500000000001 3
      vertex 211.27221359549998 57.764154786963886 3
      vertex 211.67221359549995 58.99522820183398 3
    endloop
  endfacet
  facet normal 0 0 1
    outer loop
      vertex 211.27221359549998 57.764154786963886 3
      vertex 211.49522820183398 57.87778640450005 3
      vertex 211.67221359549995 58.99522820183398 3
    endloop
  endfacet
  facet normal 0 0 1
    outer loop
      vertex 211.49522820183398 57.87778640450005 3
      vertex 211.67221359549995 58.05477179816603 3
      vertex 211.67221359549995 58.99522820183398 3
    endloop
  endfacet
  facet normal 0 0 1
    outer loop
      vertex 211.67221359549995 58.05477179816603 3
      vertex 211.78584521303614 58.27778640450005 3
      vertex 211.82500000000002 58.525000000000006 3
    endloop
  endfacet
  facet normal 0 0 1
    outer loop
      vertex 211.67221359549995 58.05477179816603 3
      vertex 211.82500000000002 58.525000000000006 3
      vertex 211.78584521303614 58.77221359549996 3
    endloop
  endfacet
  facet normal 0 0 1
    outer loop
      vertex 211.67221359549995 58.05477179816603 3
      vertex 211.78584521303614 58.77221359549996 3
      vertex 211.67221359549995 58.99522820183398 3
    endloop
  endfacet
  facet normal 0 0 1
    outer loop
      vertex 211.95205098312485 61.37816954888547 3
      vertex 212.78835575687742 60.95205098312485 3
      vertex 226.65 76.65 3
    endloop
  endfacet
  facet normal 0 0 1
    outer loop
      vertex 210.09794901687516 61.37816954888547 3
      vertex 211.025 61.525000000000006 3
      vertex 226.65 76.65 3
    endloop
  endfacet
  facet normal 0 0 1
    outer loop
      vertex 211.025 61.525000000000006 3
      vertex 211.95205098312485 61.37816954888547 3
      vertex 226.65 76.65 3
    endloop
  endfacet
  facet normal 0 0 -1
    outer loop
      vertex 232.05 8 0
      vertex 224.05 79.05000000000001 0
      vertex 225.84888049174444 78.54610811244928 0
    endloop
  endfacet
  facet normal 0 0 -1
    outer loop
      vertex 232.05 8 0
      vertex 225.84888049174444 78.54610811244928 0
      vertex 227.34159741283787 80.11950483150031 0
    endloop
  endfacet
  facet normal 0 0 1
    outer loop
      vertex 214.025 20.525000000000006 3
      vertex 226.65 76.65 3
      vertex 214.025 58.525000000000006 3
    endloop
  endfacet
  facet normal 0 0 1
    outer loop
      vertex 227.5770509853959 2.5468304544687257 3
      vertex 227.5770509853959 76.50316954553128 3
      vertex 226.65 76.65 3
    endloop
  endfacet
  facet normal 0 0 1
    outer loop
      vertex 228.41335575431586 2.9729490146040902 3
      vertex 228.41335575431586 76.07705098539591 3
      vertex 227.5770509853959 76.50316954553128 3
    endloop
  endfacet
  facet normal 0 0 1
    outer loop
      vertex 229.0770509853959 3.6366442456841455 3
      vertex 229.0770509853959 75.41335575431586 3
      vertex 228.41335575431586 76.07705098539591 3
    endloop
  endfacet
  facet normal 0 0 1
    outer loop
      vertex 229.50316954553128 4.47294901460409 3
      vertex 229.50316954553128 74.57705098539591 3
      vertex 229.0770509853959 75.41335575431586 3
    endloop
  endfacet
  facet normal 0 0 1
    outer loop
      vertex 229.65 5.399999999999999 3
      vertex 229.65 73.65 3
      vertex 229.50316954553128 74.57705098539591 3
    endloop
  endfacet
  facet normal 0 0 -1
    outer loop
      vertex 232.05 8 0
      vertex 227.34159741283787 80.11950483150031 0
      vertex 228.5804951684997 81.35840258716216 0
    endloop
  endfacet
  facet normal 0 0 -1
    outer loop
      vertex 232.05 8 0
      vertex 228.5804951684997 81.35840258716216 0
      vertex 229.69766436327836 83.1277193977971 0
    endloop
  endfacet
  facet normal 0 0 -1
    outer loop
      vertex 232.05 8 0
      vertex 229.69766436327836 83.1277193977971 0
      vertex 232.05 84.65 0
    endloop
  endfacet
  facet normal 0 0 1
    outer loop
      vertex 213.87816954888547 59.45205098312485 3
      vertex 214.025 58.525000000000006 3
      vertex 226.65 76.65 3
    endloop
  endfacet
  facet normal 0 0 1
    outer loop
      vertex 213.87816954888547 59.45205098312485 3
      vertex 226.65 76.65 3
      vertex 213.45205098312485 60.28835575687742 3
    endloop
  endfacet
  facet normal 0 0 1
    outer loop
      vertex 213.45205098312485 60.28835575687742 3
      vertex 226.65 76.65 3
      vertex 212.78835575687742 60.95205098312485 3
    endloop
  endfacet
  facet normal -0.4539904997395478 -0.8910065241883673 -3.0471130044358843e-19
    outer loop
      vertex 209.2616442431226 56.09794901687516 3
      vertex 210.09794901687516 55.671830451114545 3
      vertex 210.09794901687516 55.671830451114545 15
    endloop
  endfacet
  facet normal -0.15643446504023048 -0.9876883405951378 1.0199411227052747e-18
    outer loop
      vertex 210.09794901687516 55.671830451114545 3
      vertex 211.025 55.525000000000006 3
      vertex 211.025 55.525000000000006 15
    endloop
  endfacet
  facet normal 0.15643446504023048 -0.9876883405951378 -1.0199411227052747e-18
    outer loop
      vertex 211.025 55.525000000000006 3
      vertex 211.95205098312485 55.671830451114545 3
      vertex 211.95205098312485 55.671830451114545 15
    endloop
  endfacet
  facet normal 0.4539904997395478 -0.8910065241883673 3.0471130044358843e-19
    outer loop
      vertex 211.95205098312485 55.671830451114545 3
      vertex 212.78835575687742 56.09794901687516 3
      vertex 212.78835575687742 56.09794901687516 15
    endloop
  endfacet
  facet normal 0.7071067811865476 -0.7071067811865476 0
    outer loop
      vertex 212.78835575687742 56.09794901687516 3
      vertex 213.45205098312485 56.76164424312259 3
      vertex 212.78835575687742 56.09794901687516 15
    endloop
  endfacet
  facet normal -0.7071067811865476 -0.7071067811865476 0
    outer loop
      vertex 209.2616442431226 56.09794901687516 3
      vertex 209.2616442431226 56.09794901687516 15
      vertex 208.59794901687516 56.76164424312259 15
    endloop
  endfacet
  facet normal -0.4539904997395478 -0.8910065241883673 0
    outer loop
      vertex 209.2616442431226 56.09794901687516 3
      vertex 210.09794901687516 55.671830451114545 15
      vertex 209.2616442431226 56.09794901687516 15
    endloop
  endfacet
  facet normal -0.15643446504023048 -0.9876883405951378 0
    outer loop
      vertex 210.09794901687516 55.671830451114545 3
      vertex 211.025 55.525000000000006 15
      vertex 210.09794901687516 55.671830451114545 15
    endloop
  endfacet
  facet normal 0.15643446504023048 -0.9876883405951378 0
    outer loop
      vertex 211.025 55.525000000000006 3
      vertex 211.95205098312485 55.671830451114545 15
      vertex 211.025 55.525000000000006 15
    endloop
  endfacet
  facet normal 0.4539904997395478 -0.8910065241883673 0
    outer loop
      vertex 211.95205098312485 55.671830451114545 3
      vertex 212.78835575687742 56.09794901687516 15
      vertex 211.95205098312485 55.671830451114545 15
    endloop
  endfacet
  facet normal -0.8910065241883673 -0.4539904997395478 0
    outer loop
      vertex 208.17183045111454 57.59794901687516 3
      vertex 208.59794901687516 56.76164424312259 3
      vertex 208.17183045111454 57.59794901687516 15
    endloop
  endfacet
  facet normal -0.9876883405951378 -0.15643446504023048 1.0199411227052747e-18
    outer loop
      vertex 208.17183045111454 57.59794901687516 3
      vertex 208.025 58.525000000000006 15
      vertex 208.025 58.525000000000006 3
    endloop
  endfacet
  facet normal -0.9876883405951378 0.15643446504023048 -1.0199411227052747e-18
    outer loop
      vertex 208.025 58.525000000000006 3
      vertex 208.17183045111454 59.45205098312485 15
      vertex 208.17183045111454 59.45205098312485 3
    endloop
  endfacet
  facet normal -0.7071067811865476 -0.7071067811865476 -2.4883857562120585e-20
    outer loop
      vertex 209.2616442431226 56.09794901687516 3
      vertex 208.59794901687516 56.76164424312259 15
      vertex 208.59794901687516 56.76164424312259 3
    endloop
  endfacet
  facet normal 0.9876883405951377 0.15643446504023106 8.463810272895875e-21
    outer loop
      vertex 210.26415478696387 58.27778640450005 3
      vertex 210.225 58.525000000000006 3
      vertex 210.225 58.525000000000006 15
    endloop
  endfacet
  facet normal 0.9876883405951377 -0.15643446504023106 -8.463810272895875e-21
    outer loop
      vertex 210.225 58.525000000000006 3
      vertex 210.26415478696387 58.77221359549996 3
      vertex 210.26415478696387 58.77221359549996 15
    endloop
  endfacet
  facet normal -0.8910065241883673 0.4539904997395478 3.0471130044358843e-19
    outer loop
      vertex 208.17183045111454 59.45205098312485 3
      vertex 208.59794901687516 60.28835575687742 15
      vertex 208.59794901687516 60.28835575687742 3
    endloop
  endfacet
  facet normal -0.7071067811865476 0.7071067811865476 2.4883857562120585e-20
    outer loop
      vertex 208.59794901687516 60.28835575687742 3
      vertex 209.2616442431226 60.95205098312485 15
      vertex 209.2616442431226 60.95205098312485 3
    endloop
  endfacet
  facet normal -0.4539904997395478 0.8910065241883673 0
    outer loop
      vertex 209.2616442431226 60.95205098312485 3
      vertex 209.2616442431226 60.95205098312485 15
      vertex 210.09794901687516 61.37816954888547 3
    endloop
  endfacet
  facet normal 0.4539904997395708 0.8910065241883556 4.34357846228643e-19
    outer loop
      vertex 210.77778640450003 57.764154786963886 3
      vertex 210.55477179816603 57.87778640450005 3
      vertex 210.55477179816603 57.87778640450005 15
    endloop
  endfacet
  facet normal 0.1564344650402223 0.987688340595139 0
    outer loop
      vertex 210.77778640450003 57.764154786963886 3
      vertex 210.77778640450003 57.764154786963886 15
      vertex 211.025 57.72500000000001 3
    endloop
  endfacet
  facet normal -0.1564344650402223 0.987688340595139 0
    outer loop
      vertex 211.025 57.72500000000001 3
      vertex 211.025 57.72500000000001 15
      vertex 211.27221359549998 57.764154786963886 3
    endloop
  endfacet
  facet normal -0.4539904997395708 0.8910065241883556 0
    outer loop
      vertex 211.27221359549998 57.764154786963886 3
      vertex 211.27221359549998 57.764154786963886 15
      vertex 211.49522820183398 57.87778640450005 3
    endloop
  endfacet
  facet normal 0.7071067811865617 0.7071067811865334 0
    outer loop
      vertex 210.37778640450006 58.05477179816603 3
      vertex 210.37778640450006 58.05477179816603 15
      vertex 210.55477179816603 57.87778640450005 3
    endloop
  endfacet
  facet normal 0.8910065241883328 0.4539904997396154 0
    outer loop
      vertex 210.26415478696387 58.27778640450005 3
      vertex 210.26415478696387 58.27778640450005 15
      vertex 210.37778640450006 58.05477179816603 3
    endloop
  endfacet
  facet normal 0.8910065241883328 -0.4539904997396154 3.0127568096445237e-19
    outer loop
      vertex 210.26415478696387 58.77221359549996 3
      vertex 210.37778640450006 58.99522820183398 3
      vertex 210.37778640450006 58.99522820183398 15
    endloop
  endfacet
  facet normal 0.7071067811865617 -0.7071067811865334 2.2617071899566678e-21
    outer loop
      vertex 210.37778640450006 58.99522820183398 3
      vertex 210.55477179816603 59.17221359549996 3
      vertex 210.55477179816603 59.17221359549996 15
    endloop
  endfacet
  facet normal 0.4539904997395708 -0.8910065241883556 -4.34357846228643e-19
    outer loop
      vertex 210.55477179816603 59.17221359549996 3
      vertex 210.77778640450003 59.285845213036126 3
      vertex 210.77778640450003 59.285845213036126 15
    endloop
  endfacet
  facet normal -0.7071067811865617 0.7071067811865334 0
    outer loop
      vertex 211.49522820183398 57.87778640450005 3
      vertex 211.49522820183398 57.87778640450005 15
      vertex 211.67221359549995 58.05477179816603 3
    endloop
  endfacet
  facet normal -0.8910065241883328 0.4539904997396154 0
    outer loop
      vertex 211.67221359549995 58.05477179816603 3
      vertex 211.67221359549995 58.05477179816603 15
      vertex 211.78584521303614 58.27778640450005 3
    endloop
  endfacet
  facet normal -0.9876883405951377 0.15643446504023106 0
    outer loop
      vertex 211.78584521303614 58.27778640450005 3
      vertex 211.78584521303614 58.27778640450005 15
      vertex 211.82500000000002 58.525000000000006 3
    endloop
  endfacet
  facet normal -0.4539904997395708 -0.8910065241883556 0
    outer loop
      vertex 211.49522820183398 59.17221359549996 3
      vertex 211.49522820183398 59.17221359549996 15
      vertex 211.27221359549998 59.285845213036126 3
    endloop
  endfacet
  facet normal -0.7071067811865617 -0.7071067811865334 -2.2617071899566678e-21
    outer loop
      vertex 211.49522820183398 59.17221359549996 3
      vertex 211.67221359549995 58.99522820183398 3
      vertex 211.67221359549995 58.99522820183398 15
    endloop
  endfacet
  facet normal -0.9876883405951377 -0.15643446504023106 0
    outer loop
      vertex 211.82500000000002 58.525000000000006 3
      vertex 211.82500000000002 58.525000000000006 15
      vertex 211.78584521303614 58.77221359549996 3
    endloop
  endfacet
  facet normal -0.8910065241883328 -0.4539904997396154 0
    outer loop
      vertex 211.78584521303614 58.77221359549996 3
      vertex 211.78584521303614 58.77221359549996 15
      vertex 211.67221359549995 58.99522820183398 3
    endloop
  endfacet
  facet normal 0.8910065241883673 -0.4539904997395478 0
    outer loop
      vertex 213.45205098312485 56.76164424312259 3
      vertex 213.87816954888547 57.59794901687516 3
      vertex 213.45205098312485 56.76164424312259 15
    endloop
  endfacet
  facet normal 0.1564344650402223 -0.987688340595139 -1.4937972835651074e-19
    outer loop
      vertex 210.77778640450003 59.285845213036126 3
      vertex 211.025 59.325 3
      vertex 211.025 59.325 15
    endloop
  endfacet
  facet normal -0.1564344650402223 -0.987688340595139 1.4937972835651074e-19
    outer loop
      vertex 211.025 59.325 3
      vertex 211.27221359549998 59.285845213036126 3
      vertex 211.27221359549998 59.285845213036126 15
    endloop
  endfacet
  facet normal -0.15643446504023048 0.9876883405951378 0
    outer loop
      vertex 210.09794901687516 61.37816954888547 3
      vertex 210.09794901687516 61.37816954888547 15
      vertex 211.025 61.525000000000006 3
    endloop
  endfacet
  facet normal 0.15643446504023048 0.9876883405951378 0
    outer loop
      vertex 211.025 61.525000000000006 3
      vertex 211.025 61.525000000000006 15
      vertex 211.95205098312485 61.37816954888547 3
    endloop
  endfacet
  facet normal 0.8910065241883673 0.4539904997395478 0
    outer loop
      vertex 213.87816954888547 59.45205098312485 3
      vertex 213.45205098312485 60.28835575687742 3
      vertex 213.87816954888547 59.45205098312485 15
    endloop
  endfacet
  facet normal 0.7071067811865476 0.7071067811865476 0
    outer loop
      vertex 213.45205098312485 60.28835575687742 3
      vertex 212.78835575687742 60.95205098312485 3
      vertex 213.45205098312485 60.28835575687742 15
    endloop
  endfacet
  facet normal 0.4539904997395478 0.8910065241883673 0
    outer loop
      vertex 211.95205098312485 61.37816954888547 3
      vertex 211.95205098312485 61.37816954888547 15
      vertex 212.78835575687742 60.95205098312485 3
    endloop
  endfacet
  facet normal 0.9876883405951378 -0.15643446504023048 0
    outer loop
      vertex 213.87816954888547 57.59794901687516 3
      vertex 214.025 58.525000000000006 3
      vertex 213.87816954888547 57.59794901687516 15
    endloop
  endfacet
  facet normal 0.9876883405951378 0.15643446504023048 1.0199411227052747e-18
    outer loop
      vertex 213.87816954888547 59.45205098312485 3
      vertex 214.025 58.525000000000006 15
      vertex 214.025 58.525000000000006 3
    endloop
  endfacet
  facet normal -0.8910065241883673 -0.4539904997395478 0
    outer loop
      vertex 208.59794901687516 56.76164424312259 3
      vertex 208.59794901687516 56.76164424312259 15
      vertex 208.17183045111454 57.59794901687516 15
    endloop
  endfacet
  facet normal -0.9876883405951378 -0.15643446504023048 0
    outer loop
      vertex 208.17183045111454 57.59794901687516 3
      vertex 208.17183045111454 57.59794901687516 15
      vertex 208.025 58.525000000000006 15
    endloop
  endfacet
  facet normal -0.9876883405951378 0.15643446504023048 0
    outer loop
      vertex 208.025 58.525000000000006 3
      vertex 208.025 58.525000000000006 15
      vertex 208.17183045111454 59.45205098312485 15
    endloop
  endfacet
  facet normal 0.9876883405951377 0.15643446504023106 0
    outer loop
      vertex 210.26415478696387 58.27778640450005 3
      vertex 210.225 58.525000000000006 15
      vertex 210.26415478696387 58.27778640450005 15
    endloop
  endfacet
  facet normal 0.9876883405951377 -0.15643446504023106 0
    outer loop
      vertex 210.225 58.525000000000006 3
      vertex 210.26415478696387 58.77221359549996 15
      vertex 210.225 58.525000000000006 15
    endloop
  endfacet
  facet normal -0.8910065241883673 0.4539904997395478 0
    outer loop
      vertex 208.17183045111454 59.45205098312485 3
      vertex 208.17183045111454 59.45205098312485 15
      vertex 208.59794901687516 60.28835575687742 15
    endloop
  endfacet
  facet normal -0.7071067811865476 0.7071067811865476 0
    outer loop
      vertex 208.59794901687516 60.28835575687742 3
      vertex 208.59794901687516 60.28835575687742 15
      vertex 209.2616442431226 60.95205098312485 15
    endloop
  endfacet
  facet normal -0.4539904997395478 0.8910065241883673 0
    outer loop
      vertex 210.09794901687516 61.37816954888547 3
      vertex 209.2616442431226 60.95205098312485 15
      vertex 210.09794901687516 61.37816954888547 15
    endloop
  endfacet
  facet normal 0.4539904997395708 0.8910065241883556 0
    outer loop
      vertex 210.77778640450003 57.764154786963886 3
      vertex 210.55477179816603 57.87778640450005 15
      vertex 210.77778640450003 57.764154786963886 15
    endloop
  endfacet
  facet normal 0.1564344650402223 0.987688340595139 0
    outer loop
      vertex 211.025 57.72500000000001 3
      vertex 210.77778640450003 57.764154786963886 15
      vertex 211.025 57.72500000000001 15
    endloop
  endfacet
  facet normal -0.1564344650402223 0.987688340595139 0
    outer loop
      vertex 211.27221359549998 57.764154786963886 3
      vertex 211.025 57.72500000000001 15
      vertex 211.27221359549998 57.764154786963886 15
    endloop
  endfacet
  facet normal -0.4539904997395708 0.8910065241883556 0
    outer loop
      vertex 211.49522820183398 57.87778640450005 3
      vertex 211.27221359549998 57.764154786963886 15
      vertex 211.49522820183398 57.87778640450005 15
    endloop
  endfacet
  facet normal 0.7071067811865617 0.7071067811865334 0
    outer loop
      vertex 210.55477179816603 57.87778640450005 3
      vertex 210.37778640450006 58.05477179816603 15
      vertex 210.55477179816603 57.87778640450005 15
    endloop
  endfacet
  facet normal 0.8910065241883328 0.4539904997396154 0
    outer loop
      vertex 210.37778640450006 58.05477179816603 3
      vertex 210.26415478696387 58.27778640450005 15
      vertex 210.37778640450006 58.05477179816603 15
    endloop
  endfacet
  facet normal 0.8910065241883328 -0.4539904997396154 0
    outer loop
      vertex 210.26415478696387 58.77221359549996 3
      vertex 210.37778640450006 58.99522820183398 15
      vertex 210.26415478696387 58.77221359549996 15
    endloop
  endfacet
  facet normal 0.7071067811865617 -0.7071067811865334 0
    outer loop
      vertex 210.37778640450006 58.99522820183398 3
      vertex 210.55477179816603 59.17221359549996 15
      vertex 210.37778640450006 58.99522820183398 15
    endloop
  endfacet
  facet normal 0.4539904997395708 -0.8910065241883556 0
    outer loop
      vertex 210.55477179816603 59.17221359549996 3
      vertex 210.77778640450003 59.285845213036126 15
      vertex 210.55477179816603 59.17221359549996 15
    endloop
  endfacet
  facet normal -0.7071067811865617 0.7071067811865334 0
    outer loop
      vertex 211.67221359549995 58.05477179816603 3
      vertex 211.49522820183398 57.87778640450005 15
      vertex 211.67221359549995 58.05477179816603 15
    endloop
  endfacet
  facet normal -0.8910065241883328 0.4539904997396154 0
    outer loop
      vertex 211.78584521303614 58.27778640450005 3
      vertex 211.67221359549995 58.05477179816603 15
      vertex 211.78584521303614 58.27778640450005 15
    endloop
  endfacet
  facet normal -0.9876883405951377 0.15643446504023106 0
    outer loop
      vertex 211.82500000000002 58.525000000000006 3
      vertex 211.78584521303614 58.27778640450005 15
      vertex 211.82500000000002 58.525000000000006 15
    endloop
  endfacet
  facet normal -0.4539904997395708 -0.8910065241883556 0
    outer loop
      vertex 211.27221359549998 59.285845213036126 3
      vertex 211.49522820183398 59.17221359549996 15
      vertex 211.27221359549998 59.285845213036126 15
    endloop
  endfacet
  facet normal -0.7071067811865617 -0.7071067811865334 0
    outer loop
      vertex 211.49522820183398 59.17221359549996 3
      vertex 211.67221359549995 58.99522820183398 15
      vertex 211.49522820183398 59.17221359549996 15
    endloop
  endfacet
  facet normal -0.9876883405951377 -0.15643446504023106 0
    outer loop
      vertex 211.78584521303614 58.77221359549996 3
      vertex 211.82500000000002 58.525000000000006 15
      vertex 211.78584521303614 58.77221359549996 15
    endloop
  endfacet
  facet normal -0.8910065241883328 -0.4539904997396154 0
    outer loop
      vertex 211.67221359549995 58.99522820183398 3
      vertex 211.78584521303614 58.77221359549996 15
      vertex 211.67221359549995 58.99522820183398 15
    endloop
  endfacet
  facet normal 0.7071067811865476 -0.7071067811865476 0
    outer loop
      vertex 213.45205098312485 56.76164424312259 3
      vertex 213.45205098312485 56.76164424312259 15
      vertex 212.78835575687742 56.09794901687516 15
    endloop
  endfacet
  facet normal 0.8910065241883673 -0.4539904997395478 0
    outer loop
      vertex 213.87816954888547 57.59794901687516 3
      vertex 213.87816954888547 57.59794901687516 15
      vertex 213.45205098312485 56.76164424312259 15
    endloop
  endfacet
  facet normal 0.1564344650402223 -0.987688340595139 0
    outer loop
      vertex 210.77778640450003 59.285845213036126 3
      vertex 211.025 59.325 15
      vertex 210.77778640450003 59.285845213036126 15
    endloop
  endfacet
  facet normal -0.1564344650402223 -0.987688340595139 0
    outer loop
      vertex 211.025 59.325 3
      vertex 211.27221359549998 59.285845213036126 15
      vertex 211.025 59.325 15
    endloop
  endfacet
  facet normal -0.15643446504023048 0.9876883405951378 0
    outer loop
      vertex 211.025 61.525000000000006 3
      vertex 210.09794901687516 61.37816954888547 15
      vertex 211.025 61.525000000000006 15
    endloop
  endfacet
  facet normal 0.15643446504023048 0.9876883405951378 0
    outer loop
      vertex 211.95205098312485 61.37816954888547 3
      vertex 211.025 61.525000000000006 15
      vertex 211.95205098312485 61.37816954888547 15
    endloop
  endfacet
  facet normal 0.8910065241883673 0.4539904997395478 0
    outer loop
      vertex 213.45205098312485 60.28835575687742 3
      vertex 213.45205098312485 60.28835575687742 15
      vertex 213.87816954888547 59.45205098312485 15
    endloop
  endfacet
  facet normal 0.4539904997395478 0.8910065241883673 0
    outer loop
      vertex 212.78835575687742 60.95205098312485 3
      vertex 211.95205098312485 61.37816954888547 15
      vertex 212.78835575687742 60.95205098312485 15
    endloop
  endfacet
  facet normal 0.7071067811865476 0.7071067811865476 0
    outer loop
      vertex 212.78835575687742 60.95205098312485 3
      vertex 212.78835575687742 60.95205098312485 15
      vertex 213.45205098312485 60.28835575687742 15
    endloop
  endfacet
  facet normal 0.9876883405951378 -0.15643446504023048 0
    outer loop
      vertex 214.025 58.525000000000006 3
      vertex 214.025 58.525000000000006 15
      vertex 213.87816954888547 57.59794901687516 15
    endloop
  endfacet
  facet normal 0.9876883405951378 0.15643446504023048 0
    outer loop
      vertex 213.87816954888547 59.45205098312485 3
      vertex 213.87816954888547 59.45205098312485 15
      vertex 214.025 58.525000000000006 15
    endloop
  endfacet
  facet normal 0 0 -1
    outer loop
      vertex 216.05 79.05000000000001 2.6
      vertex 216.05 92.65 2.6
      vertex 218.65 87.65 2.6
    endloop
  endfacet
  facet normal 0 0 -1
    outer loop
      vertex 225.84888049174444 78.54610811244928 0
      vertex 224.05 79.05000000000001 0
      vertex 225.78049516849973 79.32408350874715 0
    endloop
  endfacet
  facet normal 0 0 -1
    outer loop
      vertex 225.84888049174444 78.54610811244928 0
      vertex 225.78049516849973 79.32408350874715 0
      vertex 227.34159741283787 80.11950483150031 0
    endloop
  endfacet
  facet normal 0 0 -1
    outer loop
      vertex 228.5804951684997 81.35840258716216 0
      vertex 229.37591649125287 82.9195048315003 0
      vertex 229.69766436327836 83.1277193977971 0
    endloop
  endfacet
  facet normal 0 0 -1
    outer loop
      vertex 229.37591649125287 82.9195048315003 0
      vertex 229.65 84.65 0
      vertex 229.69766436327836 83.1277193977971 0
    endloop
  endfacet
  facet normal 0 0 -1
    outer loop
      vertex 229.69766436327836 83.1277193977971 0
      vertex 229.65 84.65 0
      vertex 232.05 84.65 0
    endloop
  endfacet
  facet normal 0 0 -1
    outer loop
      vertex 216.05 79.05000000000001 2.6
      vertex 221.05 85.25 2.6
      vertex 224.05 79.05000000000001 2.6
    endloop
  endfacet
  facet normal 0 0 -1
    outer loop
      vertex 216.05 79.05000000000001 2.6
      vertex 220.30835921350013 85.36746436089163 2.6
      vertex 221.05 85.25 2.6
    endloop
  endfacet
  facet normal 0 0 -1
    outer loop
      vertex 216.05 79.05000000000001 2.6
      vertex 219.10835921350014 86.23931539449808 2.6
      vertex 219.63931539449808 85.70835921350013 2.6
    endloop
  endfacet
  facet normal 0 0 -1
    outer loop
      vertex 216.05 79.05000000000001 2.6
      vertex 218.76746436089164 86.90835921350013 2.6
      vertex 219.10835921350014 86.23931539449808 2.6
    endloop
  endfacet
  facet normal 0 0 -1
    outer loop
      vertex 216.05 79.05000000000001 2.6
      vertex 218.65 87.65 2.6
      vertex 218.76746436089164 86.90835921350013 2.6
    endloop
  endfacet
  facet normal 0 0 -1
    outer loop
      vertex 216.05 79.05000000000001 2.6
      vertex 219.63931539449808 85.70835921350013 2.6
      vertex 220.30835921350013 85.36746436089163 2.6
    endloop
  endfacet
  facet normal -0.15643446504022981 0.9876883405951378 0
    outer loop
      vertex 224.05 79.05000000000001 0
      vertex 224.05 79.05000000000001 2.6
      vertex 225.78049516849973 79.32408350874715 0
    endloop
  endfacet
  facet normal 0 1 0
    outer loop
      vertex 216.05 79.05000000000001 2.6
      vertex 224.05 79.05000000000001 2.6
      vertex 224.05 79.05000000000001 0
    endloop
  endfacet
  facet normal 0 0 -1
    outer loop
      vertex 224.05 79.05000000000001 2.6
      vertex 221.7916407864999 85.36746436089163 2.6
      vertex 225.78049516849973 79.32408350874715 2.6
    endloop
  endfacet
  facet normal 0 0 -1
    outer loop
      vertex 224.05 79.05000000000001 2.6
      vertex 221.05 85.25 2.6
      vertex 221.7916407864999 85.36746436089163 2.6
    endloop
  endfacet
  facet normal 0 0 -1
    outer loop
      vertex 221.7916407864999 85.36746436089163 2.6
      vertex 222.46068460550194 85.70835921350013 2.6
      vertex 225.78049516849973 79.32408350874715 2.6
    endloop
  endfacet
  facet normal 0 0 -1
    outer loop
      vertex 222.46068460550194 85.70835921350013 2.6
      vertex 222.9916407864999 86.23931539449808 2.6
      vertex 228.5804951684997 81.35840258716216 2.6
    endloop
  endfacet
  facet normal 0 0 -1
    outer loop
      vertex 218.65 87.65 2.6
      vertex 216.05 92.65 2.6
      vertex 218.76746436089164 88.39164078649988 2.6
    endloop
  endfacet
  facet normal 0 0 -1
    outer loop
      vertex 218.76746436089164 88.39164078649988 2.6
      vertex 216.05 92.65 2.6
      vertex 219.10835921350014 89.06068460550193 2.6
    endloop
  endfacet
  facet normal -0.45399049973954775 0.8910065241883673 0
    outer loop
      vertex 225.78049516849973 79.32408350874715 0
      vertex 225.78049516849973 79.32408350874715 2.6
      vertex 227.34159741283787 80.11950483150031 0
    endloop
  endfacet
  facet normal -0.7071067811865516 0.7071067811865435 0
    outer loop
      vertex 227.34159741283787 80.11950483150031 0
      vertex 227.34159741283787 80.11950483150031 2.6
      vertex 228.5804951684997 81.35840258716216 0
    endloop
  endfacet
  facet normal -0.15643446504022981 0.9876883405951378 0
    outer loop
      vertex 225.78049516849973 79.32408350874715 0
      vertex 224.05 79.05000000000001 2.6
      vertex 225.78049516849973 79.32408350874715 2.6
    endloop
  endfacet
  facet normal 0 0 -1
    outer loop
      vertex 222.46068460550194 85.70835921350013 2.6
      vertex 227.34159741283787 80.11950483150031 2.6
      vertex 225.78049516849973 79.32408350874715 2.6
    endloop
  endfacet
  facet normal -0.45399049973954775 0.8910065241883673 0
    outer loop
      vertex 227.34159741283787 80.11950483150031 0
      vertex 225.78049516849973 79.32408350874715 2.6
      vertex 227.34159741283787 80.11950483150031 2.6
    endloop
  endfacet
  facet normal -0.7071067811865516 0.7071067811865435 0
    outer loop
      vertex 228.5804951684997 81.35840258716216 0
      vertex 227.34159741283787 80.11950483150031 2.6
      vertex 228.5804951684997 81.35840258716216 2.6
    endloop
  endfacet
  facet normal 0 0 -1
    outer loop
      vertex 222.46068460550194 85.70835921350013 2.6
      vertex 228.5804951684997 81.35840258716216 2.6
      vertex 227.34159741283787 80.11950483150031 2.6
    endloop
  endfacet
  facet normal 0 0 -1
    outer loop
      vertex 223.3325356391084 86.90835921350013 2.6
      vertex 229.37591649125287 82.9195048315003 2.6
      vertex 228.5804951684997 81.35840258716216 2.6
    endloop
  endfacet
  facet normal -0.8910065241883673 0.45399049973954775 0
    outer loop
      vertex 228.5804951684997 81.35840258716216 0
      vertex 228.5804951684997 81.35840258716216 2.6
      vertex 229.37591649125287 82.9195048315003 0
    endloop
  endfacet
  facet normal -0.9876883405951378 0.15643446504023106 0
    outer loop
      vertex 229.37591649125287 82.9195048315003 0
      vertex 229.37591649125287 82.9195048315003 2.6
      vertex 229.65 84.65 0
    endloop
  endfacet
  facet normal -0.8910065241883673 0.45399049973954775 0
    outer loop
      vertex 229.37591649125287 82.9195048315003 0
      vertex 228.5804951684997 81.35840258716216 2.6
      vertex 229.37591649125287 82.9195048315003 2.6
    endloop
  endfacet
  facet normal -0.9876883405951378 0.15643446504023106 0
    outer loop
      vertex 229.65 84.65 0
      vertex 229.37591649125287 82.9195048315003 2.6
      vertex 229.65 84.65 2.6
    endloop
  endfacet
  facet normal 0 0 -1
    outer loop
      vertex 222.9916407864999 86.23931539449808 2.6
      vertex 223.3325356391084 86.90835921350013 2.6
      vertex 228.5804951684997 81.35840258716216 2.6
    endloop
  endfacet
  facet normal 0 0 -1
    outer loop
      vertex 223.3325356391084 86.90835921350013 2.6
      vertex 223.45000000000002 87.65 2.6
      vertex 229.37591649125287 82.9195048315003 2.6
    endloop
  endfacet
  facet normal 0 0 -1
    outer loop
      vertex 223.45000000000002 87.65 2.6
      vertex 223.3325356391084 88.39164078649988 2.6
      vertex 229.65 84.65 2.6
    endloop
  endfacet
  facet normal 0 0 -1
    outer loop
      vertex 223.45000000000002 87.65 2.6
      vertex 229.65 84.65 2.6
      vertex 229.37591649125287 82.9195048315003 2.6
    endloop
  endfacet
  facet normal 0 0 -1
    outer loop
      vertex 223.3325356391084 88.39164078649988 2.6
      vertex 222.9916407864999 89.06068460550193 2.6
      vertex 229.65 92.65 2.6
    endloop
  endfacet
  facet normal 0 0 -1
    outer loop
      vertex 223.3325356391084 88.39164078649988 2.6
      vertex 229.65 92.65 2.6
      vertex 229.65 84.65 2.6
    endloop
  endfacet
  facet normal -1 0 0
    outer loop
      vertex 216.05 79.05000000000001 2.6
      vertex 216.05 79.05000000000001 12.6
      vertex 216.05 92.65 2.6
    endloop
  endfacet
  facet normal -1 0 0
    outer loop
      vertex 216.05 79.05000000000001 12.6
      vertex 216.05 92.65 12.6
      vertex 216.05 92.65 2.6
    endloop
  endfacet
  facet normal -0.15643446815250964 -0.9876883401022012 0
    outer loop
      vertex 226.65 76.65 3
      vertex 227.5770509853959 76.50316954553128 3
      vertex 227.5770509853959 76.50316954553128 27.971927348228345
    endloop
  endfacet
  facet normal -0.4539904970642979 -0.8910065255514751 0
    outer loop
      vertex 228.41335575431586 76.07705098539591 3
      vertex 228.41335575431586 76.07705098539591 27.94969024128944
      vertex 227.5770509853959 76.50316954553128 3
    endloop
  endfacet
  facet normal -0.9876883401022011 -0.15643446815250964 0
    outer loop
      vertex 229.65 73.65 3
      vertex 229.65 73.65 27.858432301978848
      vertex 229.50316954553128 74.57705098539591 3
    endloop
  endfacet
  facet normal -0.7071067811865475 -0.7071067811865475 0
    outer loop
      vertex 228.41335575431586 76.07705098539591 3
      vertex 229.0770509853959 75.41335575431586 3
      vertex 229.0770509853959 75.41335575431586 27.919392635153535
    endloop
  endfacet
  facet normal -0.8910065255514753 -0.4539904970642979 0
    outer loop
      vertex 229.50316954553128 74.57705098539591 3
      vertex 229.50316954553128 74.57705098539591 27.886452691799192
      vertex 229.0770509853959 75.41335575431586 3
    endloop
  endfacet
  facet normal 0.7071067811865476 0.7071067811865476 0
    outer loop
      vertex 219.10835921350014 86.23931539449808 2.6
      vertex 219.10835921350014 86.23931539449808 9.2
      vertex 219.63931539449808 85.70835921350013 2.6
    endloop
  endfacet
  facet normal 0.8910065241883636 0.45399049973955535 2.286833036972273e-18
    outer loop
      vertex 219.10835921350014 86.23931539449808 2.6
      vertex 218.76746436089164 86.90835921350013 2.6
      vertex 218.76746436089164 86.90835921350013 9.2
    endloop
  endfacet
  facet normal 0.9876883405951377 0.1564344650402311 7.462381237372012e-19
    outer loop
      vertex 218.76746436089164 86.90835921350013 2.6
      vertex 218.65 87.65 2.6
      vertex 218.65 87.65 9.2
    endloop
  endfacet
  facet normal 0.453990499739563 0.8910065241883596 0
    outer loop
      vertex 219.63931539449808 85.70835921350013 2.6
      vertex 219.63931539449808 85.70835921350013 9.2
      vertex 220.30835921350013 85.36746436089163 2.6
    endloop
  endfacet
  facet normal 0.15643446504022812 0.9876883405951381 0
    outer loop
      vertex 220.30835921350013 85.36746436089163 2.6
      vertex 220.30835921350013 85.36746436089163 9.2
      vertex 221.05 85.25 2.6
    endloop
  endfacet
  facet normal 0.9876883405951377 -0.1564344650402311 -7.462381237372012e-19
    outer loop
      vertex 218.65 87.65 2.6
      vertex 218.76746436089164 88.39164078649988 2.6
      vertex 218.76746436089164 88.39164078649988 9.2
    endloop
  endfacet
  facet normal 0.8910065241883636 -0.45399049973955535 -2.286833036972273e-18
    outer loop
      vertex 218.76746436089164 88.39164078649988 2.6
      vertex 219.10835921350014 89.06068460550193 2.6
      vertex 219.10835921350014 89.06068460550193 9.2
    endloop
  endfacet
  facet normal 0.7071067811865476 -0.7071067811865476 7.063132379209997e-19
    outer loop
      vertex 219.10835921350014 89.06068460550193 2.6
      vertex 219.63931539449808 89.59164078649988 2.6
      vertex 219.63931539449808 89.59164078649988 9.2
    endloop
  endfacet
  facet normal 0.453990499739563 -0.8910065241883596 2.997111595458609e-19
    outer loop
      vertex 219.63931539449808 89.59164078649988 2.6
      vertex 220.30835921350013 89.93253563910838 2.6
      vertex 220.30835921350013 89.93253563910838 9.2
    endloop
  endfacet
  facet normal 0.15643446504022812 -0.9876883405951381 4.765894493831838e-20
    outer loop
      vertex 220.30835921350013 89.93253563910838 2.6
      vertex 221.05 90.05000000000001 2.6
      vertex 221.05 90.05000000000001 9.2
    endloop
  endfacet
  facet normal -0.15643446504022812 0.9876883405951381 0
    outer loop
      vertex 221.05 85.25 2.6
      vertex 221.05 85.25 9.2
      vertex 221.7916407864999 85.36746436089163 2.6
    endloop
  endfacet
  facet normal -0.453990499739563 0.8910065241883596 0
    outer loop
      vertex 221.7916407864999 85.36746436089163 2.6
      vertex 221.7916407864999 85.36746436089163 9.2
      vertex 222.46068460550194 85.70835921350013 2.6
    endloop
  endfacet
  facet normal -0.7071067811865476 0.7071067811865476 0
    outer loop
      vertex 222.46068460550194 85.70835921350013 2.6
      vertex 222.46068460550194 85.70835921350013 9.2
      vertex 222.9916407864999 86.23931539449808 2.6
    endloop
  endfacet
  facet normal -0.8910065241883636 0.45399049973955535 0
    outer loop
      vertex 222.9916407864999 86.23931539449808 2.6
      vertex 222.9916407864999 86.23931539449808 9.2
      vertex 223.3325356391084 86.90835921350013 2.6
    endloop
  endfacet
  facet normal -0.9876883405951377 0.1564344650402311 0
    outer loop
      vertex 223.3325356391084 86.90835921350013 2.6
      vertex 223.3325356391084 86.90835921350013 9.2
      vertex 223.45000000000002 87.65 2.6
    endloop
  endfacet
  facet normal -0.15643446504022812 -0.9876883405951381 -4.765894493831838e-20
    outer loop
      vertex 221.05 90.05000000000001 2.6
      vertex 221.7916407864999 89.93253563910838 2.6
      vertex 221.7916407864999 89.93253563910838 9.2
    endloop
  endfacet
  facet normal -0.7071067811865476 -0.7071067811865476 -7.063132379209997e-19
    outer loop
      vertex 222.46068460550194 89.59164078649988 2.6
      vertex 222.9916407864999 89.06068460550193 2.6
      vertex 222.9916407864999 89.06068460550193 9.2
    endloop
  endfacet
  facet normal -0.453990499739563 -0.8910065241883596 -2.997111595458609e-19
    outer loop
      vertex 221.7916407864999 89.93253563910838 2.6
      vertex 222.46068460550194 89.59164078649988 2.6
      vertex 222.46068460550194 89.59164078649988 9.2
    endloop
  endfacet
  facet normal -0.9876883405951377 -0.1564344650402311 0
    outer loop
      vertex 223.45000000000002 87.65 2.6
      vertex 223.45000000000002 87.65 9.2
      vertex 223.3325356391084 88.39164078649988 2.6
    endloop
  endfacet
  facet normal -0.8910065241883636 -0.45399049973955535 0
    outer loop
      vertex 223.3325356391084 88.39164078649988 2.6
      vertex 223.3325356391084 88.39164078649988 9.2
      vertex 222.9916407864999 89.06068460550193 2.6
    endloop
  endfacet
  facet normal 0.8910065241883636 0.45399049973955535 0
    outer loop
      vertex 219.10835921350014 86.23931539449808 2.6
      vertex 218.76746436089164 86.90835921350013 9.2
      vertex 219.10835921350014 86.23931539449808 9.2
    endloop
  endfacet
  facet normal 0.9876883405951377 0.1564344650402311 0
    outer loop
      vertex 218.76746436089164 86.90835921350013 2.6
      vertex 218.65 87.65 9.2
      vertex 218.76746436089164 86.90835921350013 9.2
    endloop
  endfacet
  facet normal 0.7071067811865476 0.7071067811865476 0
    outer loop
      vertex 219.63931539449808 85.70835921350013 2.6
      vertex 219.10835921350014 86.23931539449808 9.2
      vertex 219.63931539449808 85.70835921350013 9.2
    endloop
  endfacet
  facet normal 0.453990499739563 0.8910065241883596 0
    outer loop
      vertex 220.30835921350013 85.36746436089163 2.6
      vertex 219.63931539449808 85.70835921350013 9.2
      vertex 220.30835921350013 85.36746436089163 9.2
    endloop
  endfacet
  facet normal 0.15643446504022812 0.9876883405951381 0
    outer loop
      vertex 221.05 85.25 2.6
      vertex 220.30835921350013 85.36746436089163 9.2
      vertex 221.05 85.25 9.2
    endloop
  endfacet
  facet normal 0.9876883405951377 -0.1564344650402311 0
    outer loop
      vertex 218.65 87.65 2.6
      vertex 218.76746436089164 88.39164078649988 9.2
      vertex 218.65 87.65 9.2
    endloop
  endfacet
  facet normal 0.8910065241883636 -0.45399049973955535 0
    outer loop
      vertex 218.76746436089164 88.39164078649988 2.6
      vertex 219.10835921350014 89.06068460550193 9.2
      vertex 218.76746436089164 88.39164078649988 9.2
    endloop
  endfacet
  facet normal 0.7071067811865476 -0.7071067811865476 0
    outer loop
      vertex 219.10835921350014 89.06068460550193 2.6
      vertex 219.63931539449808 89.59164078649988 9.2
      vertex 219.10835921350014 89.06068460550193 9.2
    endloop
  endfacet
  facet normal 0.453990499739563 -0.8910065241883596 0
    outer loop
      vertex 219.63931539449808 89.59164078649988 2.6
      vertex 220.30835921350013 89.93253563910838 9.2
      vertex 219.63931539449808 89.59164078649988 9.2
    endloop
  endfacet
  facet normal 0.15643446504022812 -0.9876883405951381 0
    outer loop
      vertex 220.30835921350013 89.93253563910838 2.6
      vertex 221.05 90.05000000000001 9.2
      vertex 220.30835921350013 89.93253563910838 9.2
    endloop
  endfacet
  facet normal -0.15643446504022812 0.9876883405951381 0
    outer loop
      vertex 221.7916407864999 85.36746436089163 2.6
      vertex 221.05 85.25 9.2
      vertex 221.7916407864999 85.36746436089163 9.2
    endloop
  endfacet
  facet normal -0.453990499739563 0.8910065241883596 0
    outer loop
      vertex 222.46068460550194 85.70835921350013 2.6
      vertex 221.7916407864999 85.36746436089163 9.2
      vertex 222.46068460550194 85.70835921350013 9.2
    endloop
  endfacet
  facet normal -0.7071067811865476 0.7071067811865476 0
    outer loop
      vertex 222.9916407864999 86.23931539449808 2.6
      vertex 222.46068460550194 85.70835921350013 9.2
      vertex 222.9916407864999 86.23931539449808 9.2
    endloop
  endfacet
  facet normal -0.8910065241883636 0.45399049973955535 0
    outer loop
      vertex 223.3325356391084 86.90835921350013 2.6
      vertex 222.9916407864999 86.23931539449808 9.2
      vertex 223.3325356391084 86.90835921350013 9.2
    endloop
  endfacet
  facet normal -0.9876883405951377 0.1564344650402311 0
    outer loop
      vertex 223.45000000000002 87.65 2.6
      vertex 223.3325356391084 86.90835921350013 9.2
      vertex 223.45000000000002 87.65 9.2
    endloop
  endfacet
  facet normal -0.15643446504022812 -0.9876883405951381 0
    outer loop
      vertex 221.05 90.05000000000001 2.6
      vertex 221.7916407864999 89.93253563910838 9.2
      vertex 221.05 90.05000000000001 9.2
    endloop
  endfacet
  facet normal -0.453990499739563 -0.8910065241883596 0
    outer loop
      vertex 221.7916407864999 89.93253563910838 2.6
      vertex 222.46068460550194 89.59164078649988 9.2
      vertex 221.7916407864999 89.93253563910838 9.2
    endloop
  endfacet
  facet normal -0.7071067811865476 -0.7071067811865476 0
    outer loop
      vertex 222.46068460550194 89.59164078649988 2.6
      vertex 222.9916407864999 89.06068460550193 9.2
      vertex 222.46068460550194 89.59164078649988 9.2
    endloop
  endfacet
  facet normal -0.9876883405951377 -0.1564344650402311 0
    outer loop
      vertex 223.3325356391084 88.39164078649988 2.6
      vertex 223.45000000000002 87.65 9.2
      vertex 223.3325356391084 88.39164078649988 9.2
    endloop
  endfacet
  facet normal -0.8910065241883636 -0.45399049973955535 0
    outer loop
      vertex 222.9916407864999 89.06068460550193 2.6
      vertex 223.3325356391084 88.39164078649988 9.2
      vertex 222.9916407864999 89.06068460550193 9.2
    endloop
  endfacet
  facet normal 0 0 1
    outer loop
      vertex 216.05 79.05000000000001 12.6
      vertex 224.05 79.05000000000001 12.6
      vertex 216.05 92.65 12.6
    endloop
  endfacet
  facet normal 0 0 1
    outer loop
      vertex 224.05 79.05000000000001 12.6
      vertex 225.78049516849973 79.32408350874715 12.6
      vertex 216.05 92.65 12.6
    endloop
  endfacet
  facet normal 0 0 1
    outer loop
      vertex 225.78049516849973 79.32408350874715 12.6
      vertex 227.34159741283787 80.11950483150031 12.6
      vertex 216.05 92.65 12.6
    endloop
  endfacet
  facet normal 0 0 -1
    outer loop
      vertex 219.10835921350014 86.23931539449808 9.2
      vertex 218.76746436089164 86.90835921350013 9.2
      vertex 218.76746436089164 88.39164078649988 9.2
    endloop
  endfacet
  facet normal 0 0 -1
    outer loop
      vertex 219.10835921350014 86.23931539449808 9.2
      vertex 219.10835921350014 89.06068460550193 9.2
      vertex 219.63931539449808 85.70835921350013 9.2
    endloop
  endfacet
  facet normal 0 0 -1
    outer loop
      vertex 219.63931539449808 85.70835921350013 9.2
      vertex 219.63931539449808 89.59164078649988 9.2
      vertex 220.30835921350013 85.36746436089163 9.2
    endloop
  endfacet
  facet normal 0 0 -1
    outer loop
      vertex 220.30835921350013 85.36746436089163 9.2
      vertex 220.30835921350013 89.93253563910838 9.2
      vertex 221.05 85.25 9.2
    endloop
  endfacet
  facet normal 0 0 -1
    outer loop
      vertex 218.76746436089164 86.90835921350013 9.2
      vertex 218.65 87.65 9.2
      vertex 218.76746436089164 88.39164078649988 9.2
    endloop
  endfacet
  facet normal 0 0 -1
    outer loop
      vertex 219.10835921350014 86.23931539449808 9.2
      vertex 218.76746436089164 88.39164078649988 9.2
      vertex 219.10835921350014 89.06068460550193 9.2
    endloop
  endfacet
  facet normal 0 0 -1
    outer loop
      vertex 219.63931539449808 85.70835921350013 9.2
      vertex 219.10835921350014 89.06068460550193 9.2
      vertex 219.63931539449808 89.59164078649988 9.2
    endloop
  endfacet
  facet normal 0 0 -1
    outer loop
      vertex 220.30835921350013 85.36746436089163 9.2
      vertex 219.63931539449808 89.59164078649988 9.2
      vertex 220.30835921350013 89.93253563910838 9.2
    endloop
  endfacet
  facet normal 0 0 -1
    outer loop
      vertex 221.05 85.25 9.2
      vertex 220.30835921350013 89.93253563910838 9.2
      vertex 221.05 90.05000000000001 9.2
    endloop
  endfacet
  facet normal 0 0 -1
    outer loop
      vertex 221.05 85.25 9.2
      vertex 221.05 90.05000000000001 9.2
      vertex 221.7916407864999 85.36746436089163 9.2
    endloop
  endfacet
  facet normal 0 0 -1
    outer loop
      vertex 221.7916407864999 85.36746436089163 9.2
      vertex 221.7916407864999 89.93253563910838 9.2
      vertex 222.46068460550194 85.70835921350013 9.2
    endloop
  endfacet
  facet normal 0 0 -1
    outer loop
      vertex 222.46068460550194 85.70835921350013 9.2
      vertex 222.46068460550194 89.59164078649988 9.2
      vertex 222.9916407864999 86.23931539449808 9.2
    endloop
  endfacet
  facet normal 0 0 -1
    outer loop
      vertex 222.9916407864999 86.23931539449808 9.2
      vertex 222.9916407864999 89.06068460550193 9.2
      vertex 223.3325356391084 86.90835921350013 9.2
    endloop
  endfacet
  facet normal 0 0 -1
    outer loop
      vertex 221.05 90.05000000000001 9.2
      vertex 221.7916407864999 89.93253563910838 9.2
      vertex 221.7916407864999 85.36746436089163 9.2
    endloop
  endfacet
  facet normal 0 0 -1
    outer loop
      vertex 222.46068460550194 85.70835921350013 9.2
      vertex 221.7916407864999 89.93253563910838 9.2
      vertex 222.46068460550194 89.59164078649988 9.2
    endloop
  endfacet
  facet normal 0 0 -1
    outer loop
      vertex 222.9916407864999 86.23931539449808 9.2
      vertex 222.46068460550194 89.59164078649988 9.2
      vertex 222.9916407864999 89.06068460550193 9.2
    endloop
  endfacet
  facet normal 0 0 -1
    outer loop
      vertex 223.3325356391084 86.90835921350013 9.2
      vertex 223.3325356391084 88.39164078649988 9.2
      vertex 223.45000000000002 87.65 9.2
    endloop
  endfacet
  facet normal 0 0 -1
    outer loop
      vertex 223.3325356391084 86.90835921350013 9.2
      vertex 222.9916407864999 89.06068460550193 9.2
      vertex 223.3325356391084 88.39164078649988 9.2
    endloop
  endfacet
  facet normal 0 0 1
    outer loop
      vertex 227.34159741283787 80.11950483150031 12.6
      vertex 228.5804951684997 81.35840258716216 12.6
      vertex 216.05 92.65 12.6
    endloop
  endfacet
  facet normal 0 0 1
    outer loop
      vertex 228.5804951684997 81.35840258716216 12.6
      vertex 229.37591649125287 82.9195048315003 12.6
      vertex 216.05 92.65 12.6
    endloop
  endfacet
  facet normal 0 0 1
    outer loop
      vertex 229.37591649125287 82.9195048315003 12.6
      vertex 229.65 84.65 12.6
      vertex 216.05 92.65 12.6
    endloop
  endfacet
  facet normal 0 0 1
    outer loop
      vertex 229.65 84.65 12.6
      vertex 229.65 92.65 12.6
      vertex 216.05 92.65 12.6
    endloop
  endfacet
  facet normal 2.8571603518552797e-16 0.3603992792021624 -0.9327981344055967
    outer loop
      vertex 192.1098743750315 87.5018127394277 24.795646988961774
      vertex 190.8693556272985 88.0914119341404 25.02344667782804
      vertex 192.74335921350013 89.32045741486223 25.498305159016024
    endloop
  endfacet
  facet normal -1.8248357382043552e-15 0.360399279202162 -0.932798134405597
    outer loop
      vertex 192.1098743750315 87.5018127394277 24.795646988961774
      vertex 193.485 89.21088687816338 25.455971088018735
      vertex 193.485 87.2986507026319 24.717152565654303
    endloop
  endfacet
  facet normal 1.645922929595345e-15 0.360399279202163 -0.9327981344055964
    outer loop
      vertex 193.485 87.2986507026319 24.717152565654303
      vertex 194.22664078649987 89.32045741486223 25.498305159016024
      vertex 194.86012562496853 87.5018127394277 24.795646988961774
    endloop
  endfacet
  facet normal -0.45399049973954286 -0.8311292235061262 -0.3211181090819142
    outer loop
      vertex 192.1098743750315 87.5018127394277 24.795646988961774
      vertex 190.8693556272985 86.79045466045446 28.39063020972104
      vertex 190.8693556272985 88.0914119341404 25.02344667782804
    endloop
  endfacet
  facet normal -0.45399049973954286 -0.8311292235061262 -0.3211181090819142
    outer loop
      vertex 192.1098743750315 87.5018127394277 24.795646988961774
      vertex 192.1098743750315 86.20085546574177 28.162830520854772
      vertex 190.8693556272985 86.79045466045446 28.39063020972104
    endloop
  endfacet
  facet normal 6.499684726613856e-15 0.36039927920216286 -0.9327981344055966
    outer loop
      vertex 190.8693556272985 88.0914119341404 25.02344667782804
      vertex 191.2024643608916 90.75780125869062 26.05364255322245
      vertex 191.54335921350014 90.1337184324899 25.812519643099446
    endloop
  endfacet
  facet normal 1.48138415527018e-16 0.3603992792021625 -0.9327981344055967
    outer loop
      vertex 190.8693556272985 88.0914119341404 25.02344667782804
      vertex 192.07431539449806 89.63844349740391 25.621163418179854
      vertex 192.74335921350013 89.32045741486223 25.498305159016024
    endloop
  endfacet
  facet normal -4.995485196790012e-15 0.36039927920216613 -0.9327981344055953
    outer loop
      vertex 190.8693556272985 88.0914119341404 25.02344667782804
      vertex 191.54335921350014 90.1337184324899 25.812519643099446
      vertex 192.07431539449806 89.63844349740391 25.621163418179854
    endloop
  endfacet
  facet normal 1.629700231739435e-14 0.36039927920216186 -0.932798134405597
    outer loop
      vertex 190.8693556272985 88.0914119341404 25.02344667782804
      vertex 191.08499999999998 91.44960240073681 26.32092935810393
      vertex 191.2024643608916 90.75780125869062 26.05364255322245
    endloop
  endfacet
  facet normal -0.7071067811865442 -0.6595878863163607 -0.2548407742585953
    outer loop
      vertex 190.8693556272985 88.0914119341404 25.02344667782804
      vertex 189.88487437503147 87.70877693592641 28.74543654342611
      vertex 189.88487437503147 89.00973420961235 25.37825301153311
    endloop
  endfacet
  facet normal -0.8910065241883725 -0.4234814911949049 -0.16361784887075964
    outer loop
      vertex 189.88487437503147 89.00973420961235 25.37825301153311
      vertex 189.25279850248657 88.86593050950691 29.19251860594585
      vertex 189.25279850248657 90.16688778319285 25.825335074052852
    endloop
  endfacet
  facet normal -0.15643446504023176 -0.9213138414813035 -0.35596216602686925
    outer loop
      vertex 192.1098743750315 87.5018127394277 24.795646988961774
      vertex 193.485 87.2986507026319 24.717152565654303
      vertex 192.1098743750315 86.20085546574177 28.162830520854772
    endloop
  endfacet
  facet normal 0.15643446504023176 -0.9213138414813036 -0.35596216602686886
    outer loop
      vertex 193.485 87.2986507026319 24.717152565654303
      vertex 194.86012562496853 87.5018127394277 24.795646988961774
      vertex 193.485 85.99769342894596 28.084336097547304
    endloop
  endfacet
  facet normal 0.45399049973955113 -0.8311292235061222 -0.32111810908191263
    outer loop
      vertex 194.86012562496853 87.5018127394277 24.795646988961774
      vertex 196.1006443727015 88.0914119341404 25.02344667782804
      vertex 194.86012562496853 86.20085546574177 28.162830520854772
    endloop
  endfacet
  facet normal -0.1564344650402308 -0.9213138414813036 -0.35596216602686886
    outer loop
      vertex 193.485 87.2986507026319 24.717152565654303
      vertex 193.485 85.99769342894596 28.084336097547304
      vertex 192.1098743750315 86.20085546574177 28.162830520854772
    endloop
  endfacet
  facet normal 0.1564344650402309 -0.9213138414813035 -0.35596216602686925
    outer loop
      vertex 194.86012562496853 87.5018127394277 24.795646988961774
      vertex 194.86012562496853 86.20085546574177 28.162830520854772
      vertex 193.485 85.99769342894596 28.084336097547304
    endloop
  endfacet
  facet normal 0.4539904997395511 -0.8311292235061222 -0.32111810908191263
    outer loop
      vertex 196.1006443727015 88.0914119341404 25.02344667782804
      vertex 196.1006443727015 86.79045466045446 28.39063020972104
      vertex 194.86012562496853 86.20085546574177 28.162830520854772
    endloop
  endfacet
  facet normal -4.568273613984468e-15 0.3603992792021639 -0.9327981344055962
    outer loop
      vertex 192.1098743750315 87.5018127394277 24.795646988961774
      vertex 192.74335921350013 89.32045741486223 25.498305159016024
      vertex 193.485 89.21088687816338 25.455971088018735
    endloop
  endfacet
  facet normal 4.984076771587848e-15 0.36039927920216197 -0.932798134405597
    outer loop
      vertex 193.485 87.2986507026319 24.717152565654303
      vertex 193.485 89.21088687816338 25.455971088018735
      vertex 194.22664078649987 89.32045741486223 25.498305159016024
    endloop
  endfacet
  facet normal -1.0806821711903767e-17 0.3603992792021625 -0.9327981344055968
    outer loop
      vertex 194.86012562496853 87.5018127394277 24.795646988961774
      vertex 194.22664078649987 89.32045741486223 25.498305159016024
      vertex 194.89568460550194 89.63844349740391 25.621163418179854
    endloop
  endfacet
  facet normal -6.476962687109911e-16 0.3603992792021631 -0.9327981344055966
    outer loop
      vertex 194.86012562496853 87.5018127394277 24.795646988961774
      vertex 195.4266407864999 90.1337184324899 25.812519643099442
      vertex 196.1006443727015 88.0914119341404 25.02344667782804
    endloop
  endfacet
  facet normal 2.6262209089746423e-15 0.36039927920216247 -0.9327981344055967
    outer loop
      vertex 194.86012562496853 87.5018127394277 24.795646988961774
      vertex 194.89568460550194 89.63844349740391 25.621163418179854
      vertex 195.4266407864999 90.1337184324899 25.812519643099442
    endloop
  endfacet
  facet normal 1.6475968071836009e-15 0.36039927920216375 -0.9327981344055962
    outer loop
      vertex 196.1006443727015 88.0914119341404 25.02344667782804
      vertex 195.4266407864999 90.1337184324899 25.812519643099442
      vertex 195.76753563910836 90.75780125869062 26.05364255322245
    endloop
  endfacet
  facet normal 0.45399049973954775 0.8311292235061243 0.3211181090819116
    outer loop
      vertex 192.07431539449806 89.63844349740391 25.621163418179854
      vertex 192.74335921350013 87.59054087469185 29.97573620416289
      vertex 192.74335921350013 89.32045741486223 25.498305159016024
    endloop
  endfacet
  facet normal 0.15643446504022243 0.9213138414813055 0.3559621660268678
    outer loop
      vertex 192.74335921350013 89.32045741486223 25.498305159016024
      vertex 192.74335921350013 87.59054087469185 29.97573620416289
      vertex 193.485 89.21088687816338 25.455971088018735
    endloop
  endfacet
  facet normal -0.15643446504022826 0.9213138414813046 0.3559621660268675
    outer loop
      vertex 193.485 89.21088687816338 25.455971088018735
      vertex 193.485 87.480970337993 29.9334021331656
      vertex 194.22664078649987 89.32045741486223 25.498305159016024
    endloop
  endfacet
  facet normal -0.4539904997395478 0.8311292235061244 0.3211181090819116
    outer loop
      vertex 194.22664078649987 89.32045741486223 25.498305159016024
      vertex 194.22664078649987 87.59054087469185 29.97573620416289
      vertex 194.89568460550194 89.63844349740391 25.621163418179854
    endloop
  endfacet
  facet normal -0.7071067811865351 0.6595878863163696 0.2548407742585974
    outer loop
      vertex 194.89568460550194 89.63844349740391 25.621163418179854
      vertex 194.89568460550194 87.90852695723353 30.098594463326716
      vertex 195.4266407864999 90.1337184324899 25.812519643099442
    endloop
  endfacet
  facet normal -0.8910065241883725 -0.4234814911949049 -0.16361784887075964
    outer loop
      vertex 189.88487437503147 89.00973420961235 25.37825301153311
      vertex 189.88487437503147 87.70877693592641 28.74543654342611
      vertex 189.25279850248657 88.86593050950691 29.19251860594585
    endloop
  endfacet
  facet normal -0.7071067811865442 -0.6595878863163607 -0.2548407742585953
    outer loop
      vertex 190.8693556272985 88.0914119341404 25.02344667782804
      vertex 190.8693556272985 86.79045466045446 28.39063020972104
      vertex 189.88487437503147 87.70877693592641 28.74543654342611
    endloop
  endfacet
  facet normal 0.7071067811865549 0.6595878863163518 0.2548407742585885
    outer loop
      vertex 192.07431539449806 89.63844349740391 25.621163418179854
      vertex 191.54335921350014 90.1337184324899 25.812519643099446
      vertex 191.54335921350014 88.40380189231954 30.289950688246307
    endloop
  endfacet
  facet normal 0.8910065241883499 0.42348149119494666 0.1636178488707749
    outer loop
      vertex 191.54335921350014 90.1337184324899 25.812519643099446
      vertex 191.2024643608916 90.75780125869062 26.05364255322245
      vertex 191.2024643608916 89.02788471852024 30.53107359836931
    endloop
  endfacet
  facet normal -0.9876883405951369 -0.1459217771462695 -0.056378868442877164
    outer loop
      vertex 189.25279850248657 90.16688778319285 25.825335074052852
      vertex 189.25279850248657 88.86593050950691 29.19251860594585
      vertex 189.035 90.14864512705087 29.688112889996926
    endloop
  endfacet
  facet normal 0.7071067811865638 0.6595878863163429 0.25484077425858714
    outer loop
      vertex 192.07431539449806 89.63844349740391 25.621163418179854
      vertex 191.54335921350014 88.40380189231954 30.289950688246307
      vertex 192.07431539449806 87.90852695723353 30.098594463326716
    endloop
  endfacet
  facet normal 0.9876883405951379 0.1459217771462636 0.05637886844287458
    outer loop
      vertex 191.2024643608916 89.02788471852024 30.53107359836931
      vertex 191.2024643608916 90.75780125869062 26.05364255322245
      vertex 191.08499999999998 89.71968586056643 30.79836040325079
    endloop
  endfacet
  facet normal 0.8910065241883462 0.4234814911949539 0.16361784887077632
    outer loop
      vertex 191.54335921350014 90.1337184324899 25.812519643099446
      vertex 191.2024643608916 89.02788471852024 30.53107359836931
      vertex 191.54335921350014 88.40380189231954 30.289950688246307
    endloop
  endfacet
  facet normal -0.8910065241883809 0.4234814911948904 0.1636178488707517
    outer loop
      vertex 195.4266407864999 90.1337184324899 25.812519643099442
      vertex 195.4266407864999 88.40380189231954 30.289950688246307
      vertex 195.76753563910836 90.75780125869062 26.05364255322245
    endloop
  endfacet
  facet normal 0.45399049973954625 0.8311292235061251 0.321118109081912
    outer loop
      vertex 192.07431539449806 89.63844349740391 25.621163418179854
      vertex 192.07431539449806 87.90852695723353 30.098594463326716
      vertex 192.74335921350013 87.59054087469185 29.97573620416289
    endloop
  endfacet
  facet normal 0.15643446504022243 0.9213138414813055 0.3559621660268678
    outer loop
      vertex 193.485 89.21088687816338 25.455971088018735
      vertex 192.74335921350013 87.59054087469185 29.97573620416289
      vertex 193.485 87.480970337993 29.9334021331656
    endloop
  endfacet
  facet normal -0.15643446504022818 0.9213138414813046 0.3559621660268675
    outer loop
      vertex 194.22664078649987 89.32045741486223 25.498305159016024
      vertex 193.485 87.480970337993 29.9334021331656
      vertex 194.22664078649987 87.59054087469185 29.97573620416289
    endloop
  endfacet
  facet normal -0.4539904997395463 0.8311292235061251 0.321118109081912
    outer loop
      vertex 194.89568460550194 89.63844349740391 25.621163418179854
      vertex 194.22664078649987 87.59054087469185 29.97573620416289
      vertex 194.89568460550194 87.90852695723353 30.098594463326716
    endloop
  endfacet
  facet normal -0.7071067811865448 0.6595878863163613 0.2548407742585919
    outer loop
      vertex 195.4266407864999 90.1337184324899 25.812519643099442
      vertex 194.89568460550194 87.90852695723353 30.098594463326716
      vertex 195.4266407864999 88.40380189231954 30.289950688246307
    endloop
  endfacet
  facet normal -0.8910065241883768 0.4234814911948973 0.1636178488707558
    outer loop
      vertex 195.4266407864999 88.40380189231954 30.289950688246307
      vertex 195.76753563910836 89.02788471852024 30.53107359836931
      vertex 195.76753563910836 90.75780125869062 26.05364255322245
    endloop
  endfacet
  facet normal -1.612564408984627e-14 0.3603992792021618 -0.932798134405597
    outer loop
      vertex 196.1006443727015 88.0914119341404 25.02344667782804
      vertex 195.76753563910836 90.75780125869062 26.05364255322245
      vertex 195.885 91.44960240073681 26.32092935810393
    endloop
  endfacet
  facet normal 0.7071067811865545 -0.6595878863163511 -0.25484077425859164
    outer loop
      vertex 196.1006443727015 88.0914119341404 25.02344667782804
      vertex 197.0851256249685 89.00973420961235 25.37825301153311
      vertex 196.1006443727015 86.79045466045446 28.39063020972104
    endloop
  endfacet
  facet normal 0.8910065241883643 -0.4234814911949201 -0.1636178488707655
    outer loop
      vertex 197.0851256249685 89.00973420961235 25.37825301153311
      vertex 197.71720149751343 90.16688778319285 25.825335074052852
      vertex 197.0851256249685 87.70877693592641 28.74543654342611
    endloop
  endfacet
  facet normal 0.9876883405951369 -0.1459217771462696 -0.05637886844287721
    outer loop
      vertex 197.71720149751343 90.16688778319285 25.825335074052852
      vertex 197.935 91.44960240073681 26.320929358103925
      vertex 197.71720149751343 88.86593050950691 29.19251860594585
    endloop
  endfacet
  facet normal -3.438063113082903e-16 0.3603992792021606 -0.9327981344055976
    outer loop
      vertex 193.485 85.99769342894596 28.084336097547304
      vertex 194.86012562496853 86.20085546574177 28.162830520854772
      vertex 209.7378204255698 85.7794117647059 28
    endloop
  endfacet
  facet normal 0.7071067811865545 -0.6595878863163511 -0.25484077425859164
    outer loop
      vertex 197.0851256249685 89.00973420961235 25.37825301153311
      vertex 197.0851256249685 87.70877693592641 28.74543654342611
      vertex 196.1006443727015 86.79045466045446 28.39063020972104
    endloop
  endfacet
  facet normal 0.8910065241883643 -0.42348149119492007 -0.16361784887076544
    outer loop
      vertex 197.71720149751343 90.16688778319285 25.825335074052852
      vertex 197.71720149751343 88.86593050950691 29.19251860594585
      vertex 197.0851256249685 87.70877693592641 28.74543654342611
    endloop
  endfacet
  facet normal -0.9876883405951379 0.1459217771462636 0.05637886844287458
    outer loop
      vertex 195.76753563910836 89.02788471852024 30.53107359836931
      vertex 195.885 89.71968586056643 30.79836040325079
      vertex 195.885 91.44960240073681 26.32092935810393
    endloop
  endfacet
  facet normal 0.9876883405951369 -0.1459217771462695 -0.05637886844287712
    outer loop
      vertex 197.71720149751343 88.86593050950691 29.19251860594585
      vertex 197.935 91.44960240073681 26.320929358103925
      vertex 197.935 90.14864512705087 29.688112889996926
    endloop
  endfacet
  facet normal -2.810639303679755e-16 0.3603992792021624 -0.9327981344055967
    outer loop
      vertex 194.86012562496853 86.20085546574177 28.162830520854772
      vertex 196.1006443727015 86.79045466045446 28.39063020972104
      vertex 209.7378204255698 85.7794117647059 28
    endloop
  endfacet
  facet normal -3.5748174917810507e-16 0.36039927920216164 -0.932798134405597
    outer loop
      vertex 196.1006443727015 86.79045466045446 28.39063020972104
      vertex 197.0851256249685 87.70877693592641 28.74543654342611
      vertex 209.7378204255698 85.7794117647059 28
    endloop
  endfacet
  facet normal -5.409842404908766e-17 0.36039927920216336 -0.9327981344055964
    outer loop
      vertex 197.0851256249685 87.70877693592641 28.74543654342611
      vertex 197.71720149751343 88.86593050950691 29.19251860594585
      vertex 209.7378204255698 85.7794117647059 28
    endloop
  endfacet
  facet normal -8.079513813316988e-17 0.36039927920216325 -0.9327981344055964
    outer loop
      vertex 197.71720149751343 88.86593050950691 29.19251860594585
      vertex 197.935 90.14864512705087 29.688112889996926
      vertex 209.7378204255698 85.7794117647059 28
    endloop
  endfacet
  facet normal 0 0 1
    outer loop
      vertex 210.09794901687516 55.671830451114545 15
      vertex 211.025 55.525000000000006 15
      vertex 210.55477179816603 57.87778640450005 15
    endloop
  endfacet
  facet normal 0 0 1
    outer loop
      vertex 211.025 55.525000000000006 15
      vertex 211.95205098312485 55.671830451114545 15
      vertex 211.025 57.72500000000001 15
    endloop
  endfacet
  facet normal 0 0 1
    outer loop
      vertex 208.17183045111454 57.59794901687516 15
      vertex 208.59794901687516 56.76164424312259 15
      vertex 208.17183045111454 59.45205098312485 15
    endloop
  endfacet
  facet normal 0 0 1
    outer loop
      vertex 208.17183045111454 57.59794901687516 15
      vertex 208.17183045111454 59.45205098312485 15
      vertex 208.025 58.525000000000006 15
    endloop
  endfacet
  facet normal 0 0 1
    outer loop
      vertex 208.59794901687516 56.76164424312259 15
      vertex 208.59794901687516 60.28835575687742 15
      vertex 208.17183045111454 59.45205098312485 15
    endloop
  endfacet
  facet normal 0 0 1
    outer loop
      vertex 209.2616442431226 56.09794901687516 15
      vertex 208.59794901687516 60.28835575687742 15
      vertex 208.59794901687516 56.76164424312259 15
    endloop
  endfacet
  facet normal 0 0 1
    outer loop
      vertex 209.2616442431226 56.09794901687516 15
      vertex 210.09794901687516 55.671830451114545 15
      vertex 209.2616442431226 60.95205098312485 15
    endloop
  endfacet
  facet normal 0 0 1
    outer loop
      vertex 210.09794901687516 55.671830451114545 15
      vertex 210.37778640450006 58.05477179816603 15
      vertex 210.26415478696387 58.27778640450005 15
    endloop
  endfacet
  facet normal 0 0 1
    outer loop
      vertex 210.09794901687516 55.671830451114545 15
      vertex 210.26415478696387 58.27778640450005 15
      vertex 210.225 58.525000000000006 15
    endloop
  endfacet
  facet normal 0 0 1
    outer loop
      vertex 209.2616442431226 56.09794901687516 15
      vertex 209.2616442431226 60.95205098312485 15
      vertex 208.59794901687516 60.28835575687742 15
    endloop
  endfacet
  facet normal 0 0 1
    outer loop
      vertex 210.09794901687516 55.671830451114545 15
      vertex 210.225 58.525000000000006 15
      vertex 210.09794901687516 61.37816954888547 15
    endloop
  endfacet
  facet normal 0 0 1
    outer loop
      vertex 210.09794901687516 55.671830451114545 15
      vertex 210.09794901687516 61.37816954888547 15
      vertex 209.2616442431226 60.95205098312485 15
    endloop
  endfacet
  facet normal 0 0 1
    outer loop
      vertex 210.225 58.525000000000006 15
      vertex 210.26415478696387 58.77221359549996 15
      vertex 210.09794901687516 61.37816954888547 15
    endloop
  endfacet
  facet normal 0 0 1
    outer loop
      vertex 210.26415478696387 58.77221359549996 15
      vertex 210.37778640450006 58.99522820183398 15
      vertex 210.09794901687516 61.37816954888547 15
    endloop
  endfacet
  facet normal 0 0 1
    outer loop
      vertex 211.025 55.525000000000006 15
      vertex 211.025 57.72500000000001 15
      vertex 210.77778640450003 57.764154786963886 15
    endloop
  endfacet
  facet normal 0 0 1
    outer loop
      vertex 211.025 55.525000000000006 15
      vertex 210.77778640450003 57.764154786963886 15
      vertex 210.55477179816603 57.87778640450005 15
    endloop
  endfacet
  facet normal 0 0 1
    outer loop
      vertex 210.09794901687516 55.671830451114545 15
      vertex 210.55477179816603 57.87778640450005 15
      vertex 210.37778640450006 58.05477179816603 15
    endloop
  endfacet
  facet normal 0 0 1
    outer loop
      vertex 211.95205098312485 55.671830451114545 15
      vertex 211.27221359549998 57.764154786963886 15
      vertex 211.025 57.72500000000001 15
    endloop
  endfacet
  facet normal 0 0 1
    outer loop
      vertex 211.95205098312485 55.671830451114545 15
      vertex 211.49522820183398 57.87778640450005 15
      vertex 211.27221359549998 57.764154786963886 15
    endloop
  endfacet
  facet normal 0 0 1
    outer loop
      vertex 211.95205098312485 55.671830451114545 15
      vertex 211.67221359549995 58.05477179816603 15
      vertex 211.49522820183398 57.87778640450005 15
    endloop
  endfacet
  facet normal 0 0 1
    outer loop
      vertex 211.95205098312485 55.671830451114545 15
      vertex 211.78584521303614 58.27778640450005 15
      vertex 211.67221359549995 58.05477179816603 15
    endloop
  endfacet
  facet normal 0 0 1
    outer loop
      vertex 211.95205098312485 55.671830451114545 15
      vertex 211.82500000000002 58.525000000000006 15
      vertex 211.78584521303614 58.27778640450005 15
    endloop
  endfacet
  facet normal 0 0 1
    outer loop
      vertex 211.95205098312485 55.671830451114545 15
      vertex 211.95205098312485 61.37816954888547 15
      vertex 211.82500000000002 58.525000000000006 15
    endloop
  endfacet
  facet normal 0 0 1
    outer loop
      vertex 211.95205098312485 55.671830451114545 15
      vertex 212.78835575687742 56.09794901687516 15
      vertex 211.95205098312485 61.37816954888547 15
    endloop
  endfacet
  facet normal 0 0 1
    outer loop
      vertex 212.78835575687742 56.09794901687516 15
      vertex 213.45205098312485 56.76164424312259 15
      vertex 212.78835575687742 60.95205098312485 15
    endloop
  endfacet
  facet normal 0 0 1
    outer loop
      vertex 213.45205098312485 56.76164424312259 15
      vertex 213.87816954888547 57.59794901687516 15
      vertex 213.45205098312485 60.28835575687742 15
    endloop
  endfacet
  facet normal 0 0 1
    outer loop
      vertex 213.87816954888547 57.59794901687516 15
      vertex 213.87816954888547 59.45205098312485 15
      vertex 213.45205098312485 60.28835575687742 15
    endloop
  endfacet
  facet normal 0 0 1
    outer loop
      vertex 210.09794901687516 61.37816954888547 15
      vertex 210.37778640450006 58.99522820183398 15
      vertex 210.55477179816603 59.17221359549996 15
    endloop
  endfacet
  facet normal 0 0 1
    outer loop
      vertex 210.09794901687516 61.37816954888547 15
      vertex 210.55477179816603 59.17221359549996 15
      vertex 210.77778640450003 59.285845213036126 15
    endloop
  endfacet
  facet normal 0 0 1
    outer loop
      vertex 210.09794901687516 61.37816954888547 15
      vertex 210.77778640450003 59.285845213036126 15
      vertex 211.025 59.325 15
    endloop
  endfacet
  facet normal 0 0 1
    outer loop
      vertex 211.025 59.325 15
      vertex 211.27221359549998 59.285845213036126 15
      vertex 211.025 61.525000000000006 15
    endloop
  endfacet
  facet normal 0 0 1
    outer loop
      vertex 211.82500000000002 58.525000000000006 15
      vertex 211.95205098312485 61.37816954888547 15
      vertex 211.78584521303614 58.77221359549996 15
    endloop
  endfacet
  facet normal 0 0 1
    outer loop
      vertex 211.78584521303614 58.77221359549996 15
      vertex 211.95205098312485 61.37816954888547 15
      vertex 211.67221359549995 58.99522820183398 15
    endloop
  endfacet
  facet normal 0 0 1
    outer loop
      vertex 211.49522820183398 59.17221359549996 15
      vertex 211.67221359549995 58.99522820183398 15
      vertex 211.95205098312485 61.37816954888547 15
    endloop
  endfacet
  facet normal 0 0 1
    outer loop
      vertex 211.49522820183398 59.17221359549996 15
      vertex 211.025 61.525000000000006 15
      vertex 211.27221359549998 59.285845213036126 15
    endloop
  endfacet
  facet normal 0 0 1
    outer loop
      vertex 210.09794901687516 61.37816954888547 15
      vertex 211.025 59.325 15
      vertex 211.025 61.525000000000006 15
    endloop
  endfacet
  facet normal 0 0 1
    outer loop
      vertex 211.49522820183398 59.17221359549996 15
      vertex 211.95205098312485 61.37816954888547 15
      vertex 211.025 61.525000000000006 15
    endloop
  endfacet
  facet normal 0 0 1
    outer loop
      vertex 212.78835575687742 56.09794901687516 15
      vertex 212.78835575687742 60.95205098312485 15
      vertex 211.95205098312485 61.37816954888547 15
    endloop
  endfacet
  facet normal 0 0 1
    outer loop
      vertex 213.45205098312485 56.76164424312259 15
      vertex 213.45205098312485 60.28835575687742 15
      vertex 212.78835575687742 60.95205098312485 15
    endloop
  endfacet
  facet normal 0 0 1
    outer loop
      vertex 213.87816954888547 57.59794901687516 15
      vertex 214.025 58.525000000000006 15
      vertex 213.87816954888547 59.45205098312485 15
    endloop
  endfacet
  facet normal -1 0 0
    outer loop
      vertex 229.65 5.399999999999999 26.07761038417063
      vertex 229.65 73.65 27.858432301978848
      vertex 229.65 73.65 3
    endloop
  endfacet
  facet normal 1 0 0
    outer loop
      vertex 232.05 8 26
      vertex 232.05 84.65 0
      vertex 232.05 84.65 28
    endloop
  endfacet
  facet normal 0.026074882432281215 -0.026074882432281832 0.9993198692172018
    outer loop
      vertex 229.65 5.399999999999999 26.07761038417063
      vertex 230.52213595499958 79.94771798166022 28
      vertex 229.65 73.65 27.858432301978848
    endloop
  endfacet
  facet normal 0.051125297124492625 -0.026049639997893403 0.9983524529192647
    outer loop
      vertex 230.52213595499958 3.297717981660215 26
      vertex 231.65845213036124 82.17786404500043 28
      vertex 230.52213595499958 79.94771798166022 28
    endloop
  endfacet
  facet normal 0.1624974705642497 -0.025737070929471532 0.9863732433719966
    outer loop
      vertex 232.05 8 26
      vertex 232.05 84.65 28
      vertex 231.65845213036124 82.17786404500043 28
    endloop
  endfacet
  facet normal 0 -1 0
    outer loop
      vertex 226.65 76.65 3
      vertex 226.52213595499958 76.65 27.989783486767415
      vertex 224.05 76.65 28
    endloop
  endfacet
  facet normal 0 -1 0
    outer loop
      vertex 226.65 76.65 3
      vertex 226.65 76.65 27.9880835523903
      vertex 226.52213595499958 76.65 27.989783486767415
    endloop
  endfacet
  facet normal -0.15643446815250964 -0.9876883401022013 0
    outer loop
      vertex 226.65 76.65 3
      vertex 227.5770509853959 76.50316954553128 27.971927348228345
      vertex 226.65 76.65 27.9880835523903
    endloop
  endfacet
  facet normal -0.45399049706429795 -0.8910065255514752 0
    outer loop
      vertex 227.5770509853959 76.50316954553128 3
      vertex 228.41335575431586 76.07705098539591 27.94969024128944
      vertex 227.5770509853959 76.50316954553128 27.971927348228345
    endloop
  endfacet
  facet normal -0.9876883401022012 -0.15643446815250964 0
    outer loop
      vertex 229.50316954553128 74.57705098539591 3
      vertex 229.65 73.65 27.858432301978848
      vertex 229.50316954553128 74.57705098539591 27.886452691799192
    endloop
  endfacet
  facet normal -0.8910065255514753 -0.45399049706429795 0
    outer loop
      vertex 229.0770509853959 75.41335575431586 3
      vertex 229.50316954553128 74.57705098539591 27.886452691799192
      vertex 229.0770509853959 75.41335575431586 27.919392635153535
    endloop
  endfacet
  facet normal -0.7071067811865475 -0.7071067811865475 4.292365897773329e-19
    outer loop
      vertex 228.41335575431586 76.07705098539591 3
      vertex 229.0770509853959 75.41335575431586 27.919392635153535
      vertex 228.7522820183398 75.73812472137197 27.93634078738086
    endloop
  endfacet
  facet normal -0.7071067811865475 -0.7071067811865475 0
    outer loop
      vertex 228.41335575431586 76.07705098539591 3
      vertex 228.7522820183398 75.73812472137197 27.93634078738086
      vertex 228.41335575431586 76.07705098539591 27.94969024128944
    endloop
  endfacet
  facet normal 0 1 0
    outer loop
      vertex 216.05 79.05000000000001 12.6
      vertex 224.05 79.05000000000001 25.4
      vertex 224.05 79.05000000000001 12.6
    endloop
  endfacet
  facet normal -0.15643446504022984 0.987688340595138 0
    outer loop
      vertex 224.05 79.05000000000001 12.6
      vertex 224.05 79.05000000000001 25.4
      vertex 225.78049516849973 79.32408350874715 12.6
    endloop
  endfacet
  facet normal -0.45399049973954775 0.8910065241883673 0
    outer loop
      vertex 225.78049516849973 79.32408350874715 12.6
      vertex 225.78049516849973 79.32408350874715 25.4
      vertex 227.34159741283787 80.11950483150031 12.6
    endloop
  endfacet
  facet normal -0.7071067811865516 0.7071067811865435 0
    outer loop
      vertex 227.34159741283787 80.11950483150031 12.6
      vertex 227.34159741283787 80.11950483150031 25.4
      vertex 228.5804951684997 81.35840258716216 12.6
    endloop
  endfacet
  facet normal -0.8910065241883673 0.45399049973954775 0
    outer loop
      vertex 228.5804951684997 81.35840258716216 12.6
      vertex 228.5804951684997 81.35840258716216 25.4
      vertex 229.37591649125287 82.9195048315003 12.6
    endloop
  endfacet
  facet normal -0.9876883405951377 0.1564344650402311 0
    outer loop
      vertex 229.37591649125287 82.9195048315003 12.6
      vertex 229.37591649125287 82.9195048315003 25.4
      vertex 229.65 84.65 12.6
    endloop
  endfacet
  facet normal -1 0 0
    outer loop
      vertex 229.65 84.65 12.6
      vertex 229.65 84.65 25.4
      vertex 229.65 92.65 12.6
    endloop
  endfacet
  facet normal 0 0.36039927920216286 -0.9327981344055966
    outer loop
      vertex 209.7378204255698 85.7794117647059 28
      vertex 197.0851256249685 92.58851331817533 30.63078923656774
      vertex 211.04004900789357 85.7794117647059 28
    endloop
  endfacet
  facet normal 0 0.36039927920216236 -0.9327981344055968
    outer loop
      vertex 209.7378204255698 85.7794117647059 28
      vertex 211.04004900789357 85.7794117647059 28
      vertex 224.05 79.05000000000001 25.4
    endloop
  endfacet
  facet normal 0.0041312250659606255 -0.026083528517672372 0.999651230439658
    outer loop
      vertex 224.05 76.65 28
      vertex 226.52213595499958 76.65 27.989783486767415
      vertex 226.52213595499958 77.04154786963878 28
    endloop
  endfacet
  facet normal 0.013289161405608903 -0.026081447784043366 0.9995714863233265
    outer loop
      vertex 226.52213595499958 76.65 27.989783486767415
      vertex 226.65 76.65 27.9880835523903
      vertex 226.52213595499958 77.04154786963878 28
    endloop
  endfacet
  facet normal 0.013289161405627163 -0.026081447784037395 0.9995714863233263
    outer loop
      vertex 226.52213595499958 77.04154786963878 28
      vertex 226.65 76.65 27.9880835523903
      vertex 228.7522820183398 78.17786404500043 28
    endloop
  endfacet
  facet normal 0.01328916140563101 -0.02608144778404269 0.999571486323326
    outer loop
      vertex 226.65 76.65 27.9880835523903
      vertex 227.5770509853959 76.50316954553128 27.971927348228345
      vertex 228.7522820183398 78.17786404500043 28
    endloop
  endfacet
  facet normal 0.013289161405626786 -0.02608144778403973 0.9995714863233263
    outer loop
      vertex 228.41335575431586 76.07705098539591 27.94969024128944
      vertex 228.7522820183398 78.17786404500043 28
      vertex 227.5770509853959 76.50316954553128 27.971927348228345
    endloop
  endfacet
  facet normal 0.02607488243228829 -0.02607488243228283 0.9993198692172016
    outer loop
      vertex 229.65 73.65 27.858432301978848
      vertex 230.52213595499958 79.94771798166022 28
      vertex 229.50316954553128 74.57705098539591 27.886452691799192
    endloop
  endfacet
  facet normal 0.02607488243228155 -0.026074882432282533 0.9993198692172018
    outer loop
      vertex 229.0770509853959 75.41335575431586 27.919392635153535
      vertex 228.7522820183398 78.17786404500043 28
      vertex 228.7522820183398 75.73812472137197 27.93634078738086
    endloop
  endfacet
  facet normal 0.013289161405631642 -0.026081447784040503 0.9995714863233262
    outer loop
      vertex 228.41335575431586 76.07705098539591 27.94969024128944
      vertex 228.7522820183398 75.73812472137197 27.93634078738086
      vertex 228.7522820183398 78.17786404500043 28
    endloop
  endfacet
  facet normal 0.02607488243227697 -0.026074882432280694 0.9993198692172021
    outer loop
      vertex 229.50316954553128 74.57705098539591 27.886452691799192
      vertex 230.52213595499958 79.94771798166022 28
      vertex 229.0770509853959 75.41335575431586 27.919392635153535
    endloop
  endfacet
  facet normal 0.026074882432282433 -0.026074882432282433 0.9993198692172017
    outer loop
      vertex 229.0770509853959 75.41335575431586 27.919392635153535
      vertex 230.52213595499958 79.94771798166022 28
      vertex 228.7522820183398 78.17786404500043 28
    endloop
  endfacet
  facet normal -0.15643446504022984 0.987688340595138 0
    outer loop
      vertex 225.78049516849973 79.32408350874715 12.6
      vertex 224.05 79.05000000000001 25.4
      vertex 225.78049516849973 79.32408350874715 25.4
    endloop
  endfacet
  facet normal -0.45399049973954775 0.8910065241883673 0
    outer loop
      vertex 227.34159741283787 80.11950483150031 12.6
      vertex 225.78049516849973 79.32408350874715 25.4
      vertex 227.34159741283787 80.11950483150031 25.4
    endloop
  endfacet
  facet normal -0.7071067811865516 0.7071067811865435 0
    outer loop
      vertex 228.5804951684997 81.35840258716216 12.6
      vertex 227.34159741283787 80.11950483150031 25.4
      vertex 228.5804951684997 81.35840258716216 25.4
    endloop
  endfacet
  facet normal -0.8910065241883673 0.45399049973954775 0
    outer loop
      vertex 229.37591649125287 82.9195048315003 12.6
      vertex 228.5804951684997 81.35840258716216 25.4
      vertex 229.37591649125287 82.9195048315003 25.4
    endloop
  endfacet
  facet normal -0.9876883405951377 0.1564344650402311 0
    outer loop
      vertex 229.65 84.65 12.6
      vertex 229.37591649125287 82.9195048315003 25.4
      vertex 229.65 84.65 25.4
    endloop
  endfacet
  facet normal -0.056988869835940544 0.35981356324629094 -0.9312821636962825
    outer loop
      vertex 224.05 79.05000000000001 25.4
      vertex 224.05 85.7794117647059 28
      vertex 225.78049516849973 79.32408350874715 25.4
    endloop
  endfacet
  facet normal -0.05698886983595827 0.3598135632462864 -0.9312821636962831
    outer loop
      vertex 224.05 85.7794117647059 28
      vertex 224.18233198347352 85.80037109184539 28
      vertex 225.78049516849973 79.32408350874715 25.4
    endloop
  endfacet
  facet normal -0.3390519798317751 0.3390519798317712 -0.8775463007410549
    outer loop
      vertex 227.34159741283787 80.11950483150031 25.4
      vertex 228.5804951684997 88.08781435186805 28
      vertex 228.5804951684997 81.35840258716216 25.4
    endloop
  endfacet
  facet normal -0.5774681697558611 0.29423472876358103 -0.7615487097410368
    outer loop
      vertex 228.5804951684997 81.35840258716216 25.4
      vertex 228.6370005083674 87.72066668102225 27.815300546448086
      vertex 229.37591649125287 82.9195048315003 25.4
    endloop
  endfacet
  facet normal -0.9154940231085256 0.14500000847050212 -0.3752941395707114
    outer loop
      vertex 229.37591649125287 82.9195048315003 25.4
      vertex 229.37591649125287 89.64891659620619 28
      vertex 229.65 84.65 25.4
    endloop
  endfacet
  facet normal -0.5774681697559652 0.29423472876355566 -0.7615487097409677
    outer loop
      vertex 228.5804951684997 81.35840258716216 25.4
      vertex 228.5804951684997 88.08781435186805 28
      vertex 228.6370005083674 87.72066668102225 27.815300546448086
    endloop
  endfacet
  facet normal -0.5774681697557228 0.2942347287636431 -0.7615487097411177
    outer loop
      vertex 229.37591649125287 82.9195048315003 25.4
      vertex 228.6370005083674 87.72066668102225 27.815300546448086
      vertex 228.64132150494555 88.20719275878803 28
    endloop
  endfacet
  facet normal -0.5774681697558687 0.29423472876358026 -0.7615487097410314
    outer loop
      vertex 229.37591649125287 82.9195048315003 25.4
      vertex 228.64132150494555 88.20719275878803 28
      vertex 229.37591649125287 89.64891659620619 28
    endloop
  endfacet
  facet normal -0.9154940231085146 0.14500000847051128 -0.3752941395707349
    outer loop
      vertex 229.65 84.65 25.4
      vertex 229.4920791588217 90.38233881451765 28
      vertex 229.65 90.22441797333937 27.55375239879021
    endloop
  endfacet
  facet normal -0.9154940231085364 0.1450000084704901 -0.3752941395706895
    outer loop
      vertex 229.65 84.65 25.4
      vertex 229.37591649125287 89.64891659620619 28
      vertex 229.4920791588217 90.38233881451765 28
    endloop
  endfacet
  facet normal -0.5774681697558245 0.2942347287636185 -0.76154870974105
    outer loop
      vertex 228.6370005083674 87.72066668102225 27.815300546448086
      vertex 228.5804951684997 88.08781435186805 28
      vertex 228.64132150494555 88.20719275878803 28
    endloop
  endfacet
  facet normal -0.8193704754713649 0.5347399234786764 0.20660406134403225
    outer loop
      vertex 116.34999674707652 82.34954933370403 29.344463957835046
      vertex 116.34999674707652 82.0612299103423 30.090702465359524
      vertex 118.04272674918175 84.6063891264264 30.216424786841415
    endloop
  endfacet
  facet normal -3.034594823009648e-15 -0.36039927920216136 0.9327981344055972
    outer loop
      vertex 115.95278175324202 83.09483639187513 29.632415775764787
      vertex 116.34999674707652 82.34954933370403 29.344463957835046
      vertex 118.04272674918175 84.6063891264264 30.216424786841415
    endloop
  endfacet
  facet normal -3.1455298616972675e-15 -0.36039927920216125 0.9327981344055973
    outer loop
      vertex 115.95278175324202 83.09483639187513 29.632415775764787
      vertex 118.04272674918175 84.6063891264264 30.216424786841415
      vertex 117.17608174830676 84.85061433713895 30.31078452734399
    endloop
  endfacet
  facet normal 0.8384793386791677 -0.5083128487724203 -0.19639360066206885
    outer loop
      vertex 115.95278175324202 83.09483639187513 29.632415775764787
      vertex 117.17608174830676 84.56229491377722 31.057023034868468
      vertex 115.95278175324202 82.8065169685134 30.37865428328927
    endloop
  endfacet
  facet normal 0 -0.3603992792021614 0.932798134405597
    outer loop
      vertex 115.53301175087691 82.8065169685134 30.37865428328927
      vertex 115.95278175324202 82.8065169685134 30.37865428328927
      vertex 117.17608174830676 84.56229491377722 31.057023034868468
    endloop
  endfacet
  facet normal 0.8384793386791678 -0.5083128487724198 -0.1963936006620695
    outer loop
      vertex 115.95278175324202 83.09483639187513 29.632415775764787
      vertex 117.17608174830676 84.85061433713895 30.31078452734399
      vertex 117.17608174830676 84.56229491377722 31.057023034868468
    endloop
  endfacet
  facet normal -0.819370475471365 0.5347399234786764 0.20660406134403222
    outer loop
      vertex 116.34999674707652 82.0612299103423 30.090702465359524
      vertex 118.04272674918175 84.31806970306467 30.962663294365893
      vertex 118.04272674918175 84.6063891264264 30.216424786841415
    endloop
  endfacet
  facet normal 0 -0.3603992792021633 0.9327981344055964
    outer loop
      vertex 116.34999674707652 82.0612299103423 30.090702465359524
      vertex 119.9701132491231 82.0612299103423 30.090702465359524
      vertex 118.04272674918175 84.31806970306467 30.962663294365893
    endloop
  endfacet
  facet normal 0 0.9327981344055978 0.36039927920215964
    outer loop
      vertex 119.9701132491231 82.34954933370403 29.344463957835046
      vertex 119.9701132491231 82.0612299103423 30.090702465359524
      vertex 123.92432324737311 82.34954933370403 29.344463957835046
    endloop
  endfacet
  facet normal 5.5491030639009594e-15 -0.3603992792021647 0.9327981344055959
    outer loop
      vertex 119.9701132491231 82.34954933370403 29.344463957835046
      vertex 120.84585824757815 83.04008580221372 29.61126213885015
      vertex 120.84585824757815 85.0948395409016 30.405144265161383
    endloop
  endfacet
  facet normal 2.8257160835213232e-15 -0.36039927920216425 0.9327981344055962
    outer loop
      vertex 119.9701132491231 82.34954933370403 29.344463957835046
      vertex 120.84585824757815 85.0948395409016 30.405144265161383
      vertex 120.84585824757815 85.75166468267885 30.658917615393502
    endloop
  endfacet
  facet normal -1 0 0
    outer loop
      vertex 120.84585824757815 83.04008580221372 29.61126213885015
      vertex 120.84585824757815 82.75176637885198 30.35750064637463
      vertex 120.84585824757815 85.0948395409016 30.405144265161383
    endloop
  endfacet
  facet normal 0 -0.3603992792021586 0.9327981344055982
    outer loop
      vertex 119.9701132491231 82.34954933370403 29.344463957835046
      vertex 123.92432324737311 82.34954933370403 29.344463957835046
      vertex 120.84585824757815 83.04008580221372 29.61126213885015
    endloop
  endfacet
  facet normal 0 -0.36039927920215864 0.9327981344055983
    outer loop
      vertex 120.84585824757815 83.04008580221372 29.61126213885015
      vertex 123.92432324737311 82.34954933370403 29.344463957835046
      vertex 124.0281282529235 83.04008580221372 29.61126213885015
    endloop
  endfacet
  facet normal -3.1766808916403256e-18 -0.9327981344055918 -0.3603992792021751
    outer loop
      vertex 120.84585824757815 83.04008580221372 29.61126213885015
      vertex 124.0281282529235 82.75176637885198 30.35750064637463
      vertex 120.84585824757815 82.75176637885198 30.35750064637463
    endloop
  endfacet
  facet normal 0 0.9327981344055978 0.36039927920215964
    outer loop
      vertex 119.9701132491231 82.0612299103423 30.090702465359524
      vertex 123.92432324737311 82.0612299103423 30.090702465359524
      vertex 123.92432324737311 82.34954933370403 29.344463957835046
    endloop
  endfacet
  facet normal 0 -0.9327981344055918 -0.3603992792021751
    outer loop
      vertex 120.84585824757815 83.04008580221372 29.61126213885015
      vertex 124.0281282529235 83.04008580221372 29.61126213885015
      vertex 124.0281282529235 82.75176637885198 30.35750064637463
    endloop
  endfacet
  facet normal 1 0 0
    outer loop
      vertex 119.9701132491231 82.34954933370403 29.344463957835046
      vertex 119.9701132491231 88.2086354665147 32.465836430244316
      vertex 119.9701132491231 82.0612299103423 30.090702465359524
    endloop
  endfacet
  facet normal -1 0 0
    outer loop
      vertex 120.84585824757815 82.75176637885198 30.35750064637463
      vertex 120.84585824757815 84.80652011753988 31.15138277268586
      vertex 120.84585824757815 85.0948395409016 30.405144265161383
    endloop
  endfacet
  facet normal 0 -0.36039927920216247 0.9327981344055967
    outer loop
      vertex 120.84585824757815 82.75176637885198 30.35750064637463
      vertex 124.0281282529235 82.75176637885198 30.35750064637463
      vertex 120.84585824757815 84.80652011753988 31.15138277268586
    endloop
  endfacet
  facet normal 0 -0.3603992792021625 0.9327981344055968
    outer loop
      vertex 120.84585824757815 84.80652011753988 31.15138277268586
      vertex 124.0281282529235 82.75176637885198 30.35750064637463
      vertex 123.30591324865819 84.80652011753988 31.15138277268586
    endloop
  endfacet
  facet normal -2.9632914561336556e-15 -0.36039927920216086 0.9327981344055974
    outer loop
      vertex 118.04272674918175 84.6063891264264 30.216424786841415
      vertex 118.04272674918175 86.26958219002869 30.85902210686957
      vertex 117.17608174830676 84.85061433713895 30.31078452734399
    endloop
  endfacet
  facet normal 2.9594697713922914e-15 -0.36039927920216397 0.9327981344055962
    outer loop
      vertex 117.17608174830676 84.85061433713895 30.31078452734399
      vertex 118.04272674918175 86.26958219002869 30.85902210686957
      vertex 117.17608174830676 86.02535698626602 30.76466236905218
    endloop
  endfacet
  facet normal 0 -0.3603992792021639 0.9327981344055961
    outer loop
      vertex 114.31426175087691 84.56229491377722 31.057023034868468
      vertex 117.17608174830676 84.56229491377722 31.057023034868468
      vertex 117.17608174830676 85.73703756290429 31.510900876576656
    endloop
  endfacet
  facet normal 1 0 0
    outer loop
      vertex 117.17608174830676 84.56229491377722 31.057023034868468
      vertex 117.17608174830676 84.85061433713895 30.31078452734399
      vertex 117.17608174830676 85.73703756290429 31.510900876576656
    endloop
  endfacet
  facet normal 1 0 0
    outer loop
      vertex 117.17608174830676 84.85061433713895 30.31078452734399
      vertex 117.17608174830676 86.02535698626602 30.76466236905218
      vertex 117.17608174830676 85.73703756290429 31.510900876576656
    endloop
  endfacet
  facet normal 2.1012332284776797e-15 -0.36039927920216136 0.9327981344055972
    outer loop
      vertex 115.9798867493868 87.75166783865522 31.43164610747528
      vertex 117.17608174830676 86.02535698626602 30.76466236905218
      vertex 118.04272674918175 86.26958219002869 30.85902210686957
    endloop
  endfacet
  facet normal -1 0 0
    outer loop
      vertex 118.04272674918175 84.6063891264264 30.216424786841415
      vertex 118.04272674918175 84.31806970306467 30.962663294365893
      vertex 118.04272674918175 86.26958219002869 30.85902210686957
    endloop
  endfacet
  facet normal -1 0 0
    outer loop
      vertex 118.04272674918175 84.31806970306467 30.962663294365893
      vertex 118.04272674918175 85.98126276666696 31.605260614394048
      vertex 118.04272674918175 86.26958219002869 30.85902210686957
    endloop
  endfacet
  facet normal 1.0832753524386027e-15 -0.3603992792021625 0.9327981344055968
    outer loop
      vertex 118.04272674918175 84.31806970306467 30.962663294365893
      vertex 119.9701132491231 82.0612299103423 30.090702465359524
      vertex 119.9701132491231 88.2086354665147 32.465836430244316
    endloop
  endfacet
  facet normal -3.546461818188963e-15 -0.36039927920216247 0.9327981344055967
    outer loop
      vertex 119.9701132491231 82.34954933370403 29.344463957835046
      vertex 120.84585824757815 85.75166468267885 30.658917615393502
      vertex 119.9701132491231 88.49695488987643 31.71959792271984
    endloop
  endfacet
  facet normal 1 0 0
    outer loop
      vertex 119.9701132491231 82.34954933370403 29.344463957835046
      vertex 119.9701132491231 88.49695488987643 31.71959792271984
      vertex 119.9701132491231 88.2086354665147 32.465836430244316
    endloop
  endfacet
  facet normal -3.4539080952553398e-15 -0.36039927920216247 0.9327981344055967
    outer loop
      vertex 120.84585824757815 85.75166468267885 30.658917615393502
      vertex 120.84585824757815 87.80641842136674 31.452799741704734
      vertex 119.9701132491231 88.49695488987643 31.71959792271984
    endloop
  endfacet
  facet normal -1 0 0
    outer loop
      vertex 120.84585824757815 85.75166468267885 30.658917615393502
      vertex 120.84585824757815 85.46334525931712 31.40515612291798
      vertex 120.84585824757815 87.80641842136674 31.452799741704734
    endloop
  endfacet
  facet normal 0 0.9327981344055979 0.36039927920215964
    outer loop
      vertex 120.84585824757815 85.0948395409016 30.405144265161383
      vertex 120.84585824757815 84.80652011753988 31.15138277268586
      vertex 123.30591324865819 85.0948395409016 30.405144265161383
    endloop
  endfacet
  facet normal 7.430382936156512e-19 -0.36039927920216397 0.9327981344055962
    outer loop
      vertex 120.84585824757815 85.0948395409016 30.405144265161383
      vertex 123.30591324865819 85.75166468267885 30.658917615393502
      vertex 120.84585824757815 85.75166468267885 30.658917615393502
    endloop
  endfacet
  facet normal 0 -0.36039927920216397 0.9327981344055962
    outer loop
      vertex 120.84585824757815 85.0948395409016 30.405144265161383
      vertex 123.30591324865819 85.0948395409016 30.405144265161383
      vertex 123.30591324865819 85.75166468267885 30.658917615393502
    endloop
  endfacet
  facet normal -3.0640152875072895e-18 -0.9327981344055979 -0.36039927920215964
    outer loop
      vertex 120.84585824757815 85.75166468267885 30.658917615393502
      vertex 123.30591324865819 85.46334525931712 31.40515612291798
      vertex 120.84585824757815 85.46334525931712 31.40515612291798
    endloop
  endfacet
  facet normal 0 0.9327981344055979 0.36039927920215964
    outer loop
      vertex 120.84585824757815 84.80652011753988 31.15138277268586
      vertex 123.30591324865819 84.80652011753988 31.15138277268586
      vertex 123.30591324865819 85.0948395409016 30.405144265161383
    endloop
  endfacet
  facet normal 0 -0.9327981344055979 -0.36039927920215964
    outer loop
      vertex 120.84585824757815 85.75166468267885 30.658917615393502
      vertex 123.30591324865819 85.75166468267885 30.658917615393502
      vertex 123.30591324865819 85.46334525931712 31.40515612291798
    endloop
  endfacet
  facet normal 0.839839915938041 0.5063546834349141 0.19563703678166958
    outer loop
      vertex 115.9798867493868 87.4633484152935 32.177884614999755
      vertex 117.17608174830676 85.73703756290429 31.510900876576656
      vertex 117.17608174830676 86.02535698626602 30.76466236905218
    endloop
  endfacet
  facet normal 0.8398399159380411 0.5063546834349134 0.19563703678167033
    outer loop
      vertex 115.9798867493868 87.4633484152935 32.177884614999755
      vertex 117.17608174830676 86.02535698626602 30.76466236905218
      vertex 115.9798867493868 87.75166783865522 31.43164610747528
    endloop
  endfacet
  facet normal -0.825267034953979 -0.5267909401298224 -0.20353286323197506
    outer loop
      vertex 118.04272674918175 86.26958219002869 30.85902210686957
      vertex 118.04272674918175 85.98126276666696 31.605260614394048
      vertex 116.40869175046683 88.49695488987643 31.71959792271984
    endloop
  endfacet
  facet normal -2.8135927262900135e-15 -0.36039927920216086 0.9327981344055974
    outer loop
      vertex 118.04272674918175 84.31806970306467 30.962663294365893
      vertex 119.9701132491231 88.2086354665147 32.465836430244316
      vertex 118.04272674918175 85.98126276666696 31.605260614394048
    endloop
  endfacet
  facet normal 5.032462628440276e-18 -0.360399279202163 0.9327981344055966
    outer loop
      vertex 118.04272674918175 85.98126276666696 31.605260614394048
      vertex 119.9701132491231 88.2086354665147 32.465836430244316
      vertex 116.40869175046683 88.2086354665147 32.465836430244316
    endloop
  endfacet
  facet normal 1.743068315295372e-15 -0.36039927920216186 0.9327981344055971
    outer loop
      vertex 115.9798867493868 87.75166783865522 31.43164610747528
      vertex 118.04272674918175 86.26958219002869 30.85902210686957
      vertex 116.40869175046683 88.49695488987643 31.71959792271984
    endloop
  endfacet
  facet normal -0.825267034953979 -0.5267909401298224 -0.203532863231975
    outer loop
      vertex 118.04272674918175 85.98126276666696 31.605260614394048
      vertex 116.40869175046683 88.2086354665147 32.465836430244316
      vertex 116.40869175046683 88.49695488987643 31.71959792271984
    endloop
  endfacet
  facet normal -1 0 0
    outer loop
      vertex 120.84585824757815 85.46334525931712 31.40515612291798
      vertex 120.84585824757815 87.51809899800502 32.19903824922921
      vertex 120.84585824757815 87.80641842136674 31.452799741704734
    endloop
  endfacet
  facet normal 0 -0.3603992792021625 0.9327981344055968
    outer loop
      vertex 120.84585824757815 85.46334525931712 31.40515612291798
      vertex 123.30591324865819 85.46334525931712 31.40515612291798
      vertex 120.84585824757815 87.51809899800502 32.19903824922921
    endloop
  endfacet
  facet normal 0 -0.36039927920216247 0.9327981344055967
    outer loop
      vertex 120.84585824757815 87.51809899800502 32.19903824922921
      vertex 123.30591324865819 85.46334525931712 31.40515612291798
      vertex 123.86562825143338 87.51809899800502 32.19903824922921
    endloop
  endfacet
  facet normal -1.99031626021718e-18 -0.9327981344055978 -0.36039927920215964
    outer loop
      vertex 119.9701132491231 88.49695488987643 31.71959792271984
      vertex 123.75727325081826 88.2086354665147 32.465836430244316
      vertex 119.9701132491231 88.2086354665147 32.465836430244316
    endloop
  endfacet
  facet normal 0 0.9327981344055979 0.3603992792021597
    outer loop
      vertex 120.84585824757815 87.80641842136674 31.452799741704734
      vertex 120.84585824757815 87.51809899800502 32.19903824922921
      vertex 123.86562825143338 87.80641842136674 31.452799741704734
    endloop
  endfacet
  facet normal 0 -0.3603992792021586 0.9327981344055982
    outer loop
      vertex 119.9701132491231 88.49695488987643 31.71959792271984
      vertex 120.84585824757815 87.80641842136674 31.452799741704734
      vertex 123.75727325081826 88.49695488987643 31.71959792271984
    endloop
  endfacet
  facet normal 0 -0.3603992792021586 0.9327981344055982
    outer loop
      vertex 120.84585824757815 87.80641842136674 31.452799741704734
      vertex 123.86562825143338 87.80641842136674 31.452799741704734
      vertex 123.75727325081826 88.49695488987643 31.71959792271984
    endloop
  endfacet
  facet normal 0 0.9327981344055979 0.3603992792021597
    outer loop
      vertex 120.84585824757815 87.51809899800502 32.19903824922921
      vertex 123.86562825143338 87.51809899800502 32.19903824922921
      vertex 123.86562825143338 87.80641842136674 31.452799741704734
    endloop
  endfacet
  facet normal 0 -0.9327981344055978 -0.36039927920215964
    outer loop
      vertex 119.9701132491231 88.49695488987643 31.71959792271984
      vertex 123.75727325081826 88.49695488987643 31.71959792271984
      vertex 123.75727325081826 88.2086354665147 32.465836430244316
    endloop
  endfacet
  facet normal -0.9903113957989637 0.1295325129164841 0.05004665271773206
    outer loop
      vertex 123.92432324737311 82.34954933370403 29.344463957835046
      vertex 123.92432324737311 82.0612299103423 30.090702465359524
      vertex 124.0281282529235 83.04008580221372 29.61126213885015
    endloop
  endfacet
  facet normal -0.9903113957989633 0.12953251291648554 0.050046652717735084
    outer loop
      vertex 124.0281282529235 83.04008580221372 29.61126213885015
      vertex 123.92432324737311 82.0612299103423 30.090702465359524
      vertex 124.0281282529235 82.75176637885198 30.35750064637463
    endloop
  endfacet
  facet normal 0 -0.36039927920216497 0.9327981344055958
    outer loop
      vertex 123.92432324737311 82.0612299103423 30.090702465359524
      vertex 126.08193975090981 82.0612299103423 30.090702465359524
      vertex 124.0281282529235 82.75176637885198 30.35750064637463
    endloop
  endfacet
  facet normal 0 0.9327981344055979 0.3603992792021597
    outer loop
      vertex 126.08193975090981 82.34954933370403 29.344463957835046
      vertex 126.08193975090981 82.0612299103423 30.090702465359524
      vertex 126.90347474962473 82.34954933370403 29.344463957835046
    endloop
  endfacet
  facet normal 0 0.9327981344055979 0.3603992792021597
    outer loop
      vertex 126.08193975090981 82.0612299103423 30.090702465359524
      vertex 126.90347474962473 82.0612299103423 30.090702465359524
      vertex 126.90347474962473 82.34954933370403 29.344463957835046
    endloop
  endfacet
  facet normal 0 -0.36039927920216264 0.9327981344055966
    outer loop
      vertex 126.08193975090981 82.34954933370403 29.344463957835046
      vertex 126.90347474962473 82.34954933370403 29.344463957835046
      vertex 126.90347474962473 86.91797950186029 31.109539250077237
    endloop
  endfacet
  facet normal 1 0 0
    outer loop
      vertex 126.08193975090981 82.34954933370403 29.344463957835046
      vertex 126.08193975090981 88.2086354665147 32.465836430244316
      vertex 126.08193975090981 82.0612299103423 30.090702465359524
    endloop
  endfacet
  facet normal 9.825173440379014e-16 -0.3603992792021625 0.9327981344055968
    outer loop
      vertex 126.08193975090981 82.0612299103423 30.090702465359524
      vertex 126.08193975090981 88.2086354665147 32.465836430244316
      vertex 124.0281282529235 82.75176637885198 30.35750064637463
    endloop
  endfacet
  facet normal -1 0 0
    outer loop
      vertex 126.90347474962473 82.34954933370403 29.344463957835046
      vertex 126.90347474962473 82.0612299103423 30.090702465359524
      vertex 126.90347474962473 86.91797950186029 31.109539250077237
    endloop
  endfacet
  facet normal 8.18015328819043e-16 -0.36039927920216297 0.9327981344055966
    outer loop
      vertex 129.29579974859953 82.35373293674174 29.34608034991779
      vertex 129.16040475070477 84.03378166718518 29.995190086680033
      vertex 126.95761975049973 86.91797950186029 31.109539250077237
    endloop
  endfacet
  facet normal 0 0.9327981344055924 0.36039927920217363
    outer loop
      vertex 129.29579974859953 82.35373293674174 29.34608034991779
      vertex 129.29579974859953 82.06541351338 30.092318857442272
      vertex 130.0360847502947 82.35373293674174 29.34608034991779
    endloop
  endfacet
  facet normal 0 -0.360399279202163 0.9327981344055966
    outer loop
      vertex 129.29579974859953 82.35373293674174 29.34608034991779
      vertex 130.0360847502947 82.35373293674174 29.34608034991779
      vertex 129.21454975157977 84.03378166718518 29.995190086680033
    endloop
  endfacet
  facet normal -9.197988789461878e-18 0.9327981344055924 0.36039927920217363
    outer loop
      vertex 130.0360847502947 82.35373293674174 29.34608034991779
      vertex 129.29579974859953 82.06541351338 30.092318857442272
      vertex 130.0360847502947 82.06541351338 30.092318857442272
    endloop
  endfacet
  facet normal 8.126817693868043e-16 -0.360399279202163 0.9327981344055966
    outer loop
      vertex 129.29579974859953 82.35373293674174 29.34608034991779
      vertex 129.21454975157977 84.03378166718518 29.995190086680033
      vertex 129.16040475070477 84.03378166718518 29.995190086680033
    endloop
  endfacet
  facet normal 0 -0.9327981344055983 -0.36039927920215814
    outer loop
      vertex 129.16040475070477 84.03378166718518 29.995190086680033
      vertex 129.21454975157977 84.03378166718518 29.995190086680033
      vertex 129.21454975157977 83.74546224382345 30.741428594204514
    endloop
  endfacet
  facet normal -2.1402793269833705e-15 -0.3603992792021627 0.9327981344055968
    outer loop
      vertex 126.90347474962473 82.0612299103423 30.090702465359524
      vertex 129.29579974859953 82.06541351338 30.092318857442272
      vertex 126.95761975049973 86.62966007849856 31.855777757601714
    endloop
  endfacet
  facet normal 0.9022765653593069 0.40218313858029103 0.15538893990602712
    outer loop
      vertex 129.29579974859953 82.35373293674174 29.34608034991779
      vertex 126.95761975049973 86.62966007849856 31.855777757601714
      vertex 129.29579974859953 82.06541351338 30.092318857442272
    endloop
  endfacet
  facet normal -7.826619062610316e-17 -0.9327981344055983 -0.36039927920215814
    outer loop
      vertex 129.16040475070477 84.03378166718518 29.995190086680033
      vertex 129.21454975157977 83.74546224382345 30.741428594204514
      vertex 129.16040475070477 83.74546224382345 30.741428594204514
    endloop
  endfacet
  facet normal -1 0 0
    outer loop
      vertex 130.0360847502947 82.35373293674174 29.34608034991779
      vertex 130.0360847502947 82.06541351338 30.092318857442272
      vertex 130.0360847502947 88.50113849291414 31.721214314802587
    endloop
  endfacet
  facet normal -1 0 0
    outer loop
      vertex 123.30591324865819 85.0948395409016 30.405144265161383
      vertex 123.30591324865819 84.80652011753988 31.15138277268586
      vertex 123.30591324865819 85.75166468267885 30.658917615393502
    endloop
  endfacet
  facet normal -1 0 0
    outer loop
      vertex 123.30591324865819 85.75166468267885 30.658917615393502
      vertex 123.30591324865819 84.80652011753988 31.15138277268586
      vertex 123.30591324865819 85.46334525931712 31.40515612291798
    endloop
  endfacet
  facet normal -9.52938665720068e-16 -0.3603992792021625 0.9327981344055968
    outer loop
      vertex 126.08193975090981 82.34954933370403 29.344463957835046
      vertex 126.90347474962473 86.91797950186029 31.109539250077237
      vertex 126.08193975090981 88.49695488987643 31.71959792271984
    endloop
  endfacet
  facet normal 1 0 0
    outer loop
      vertex 126.08193975090981 82.34954933370403 29.344463957835046
      vertex 126.08193975090981 88.49695488987643 31.71959792271984
      vertex 126.08193975090981 88.2086354665147 32.465836430244316
    endloop
  endfacet
  facet normal 0.9022765653593064 0.40218313858029425 0.15538893990602137
    outer loop
      vertex 129.29579974859953 82.35373293674174 29.34608034991779
      vertex 126.95761975049973 86.91797950186029 31.109539250077237
      vertex 126.95761975049973 86.62966007849856 31.855777757601714
    endloop
  endfacet
  facet normal -1 0 0
    outer loop
      vertex 126.90347474962473 82.0612299103423 30.090702465359524
      vertex 126.90347474962473 86.62966007849856 31.855777757601714
      vertex 126.90347474962473 86.91797950186029 31.109539250077237
    endloop
  endfacet
  facet normal -2.506169526863633e-15 -0.36039927920216264 0.9327981344055966
    outer loop
      vertex 126.90347474962473 82.0612299103423 30.090702465359524
      vertex 126.95761975049973 86.62966007849856 31.855777757601714
      vertex 126.90347474962473 86.62966007849856 31.855777757601714
    endloop
  endfacet
  facet normal -0.901787083873886 -0.40313724050841193 -0.1557575701964298
    outer loop
      vertex 129.16040475070477 84.03378166718518 29.995190086680033
      vertex 129.16040475070477 83.74546224382345 30.741428594204514
      vertex 126.86733474731446 88.49695488987643 31.71959792271984
    endloop
  endfacet
  facet normal 2.231871618036089e-15 -0.36039927920216186 0.932798134405597
    outer loop
      vertex 129.16040475070477 84.03378166718518 29.995190086680033
      vertex 126.86733474731446 88.49695488987643 31.71959792271984
      vertex 126.95761975049973 86.91797950186029 31.109539250077237
    endloop
  endfacet
  facet normal 9.260309345260579e-17 -0.36039927920216297 0.9327981344055966
    outer loop
      vertex 130.0360847502947 82.35373293674174 29.34608034991779
      vertex 130.0360847502947 88.50113849291414 31.721214314802587
      vertex 129.21454975157977 84.03378166718518 29.995190086680033
    endloop
  endfacet
  facet normal 1 0 0
    outer loop
      vertex 129.21454975157977 84.03378166718518 29.995190086680033
      vertex 129.21454975157977 88.21281906955241 32.46745282232706
      vertex 129.21454975157977 83.74546224382345 30.741428594204514
    endloop
  endfacet
  facet normal -9.879731357540089e-17 -0.36039927920216297 0.9327981344055966
    outer loop
      vertex 129.21454975157977 84.03378166718518 29.995190086680033
      vertex 130.0360847502947 88.50113849291414 31.721214314802587
      vertex 129.21454975157977 88.50113849291414 31.721214314802587
    endloop
  endfacet
  facet normal 5.164808960817303e-16 -0.36039927920216236 0.9327981344055969
    outer loop
      vertex 124.0281282529235 82.75176637885198 30.35750064637463
      vertex 126.08193975090981 88.2086354665147 32.465836430244316
      vertex 123.30591324865819 84.80652011753988 31.15138277268586
    endloop
  endfacet
  facet normal 2.785960851776852e-15 -0.36039927920216397 0.9327981344055961
    outer loop
      vertex 123.30591324865819 84.80652011753988 31.15138277268586
      vertex 126.08193975090981 88.2086354665147 32.465836430244316
      vertex 123.30591324865819 85.46334525931712 31.40515612291798
    endloop
  endfacet
  facet normal 1.5349757774232023e-15 -0.3603992792021629 0.9327981344055967
    outer loop
      vertex 123.30591324865819 85.46334525931712 31.40515612291798
      vertex 126.08193975090981 88.2086354665147 32.465836430244316
      vertex 123.86562825143338 87.51809899800502 32.19903824922921
    endloop
  endfacet
  facet normal -0.989457116981949 -0.13509356230754574 -0.0521952399824604
    outer loop
      vertex 123.86562825143338 87.80641842136674 31.452799741704734
      vertex 123.86562825143338 87.51809899800502 32.19903824922921
      vertex 123.75727325081826 88.49695488987643 31.71959792271984
    endloop
  endfacet
  facet normal -0.989457116981949 -0.13509356230754574 -0.0521952399824604
    outer loop
      vertex 123.75727325081826 88.49695488987643 31.71959792271984
      vertex 123.86562825143338 87.51809899800502 32.19903824922921
      vertex 123.75727325081826 88.2086354665147 32.465836430244316
    endloop
  endfacet
  facet normal 3.339119831958366e-17 -0.360399279202162 0.932798134405597
    outer loop
      vertex 126.90347474962473 86.91797950186029 31.109539250077237
      vertex 126.86733474731446 88.49695488987643 31.71959792271984
      vertex 126.08193975090981 88.49695488987643 31.71959792271984
    endloop
  endfacet
  facet normal 0 -0.9327981344055978 -0.36039927920215964
    outer loop
      vertex 126.08193975090981 88.49695488987643 31.71959792271984
      vertex 126.86733474731446 88.49695488987643 31.71959792271984
      vertex 126.86733474731446 88.2086354665147 32.465836430244316
    endloop
  endfacet
  facet normal -9.597267828192884e-18 -0.9327981344055978 -0.36039927920215964
    outer loop
      vertex 126.08193975090981 88.49695488987643 31.71959792271984
      vertex 126.86733474731446 88.2086354665147 32.465836430244316
      vertex 126.08193975090981 88.2086354665147 32.465836430244316
    endloop
  endfacet
  facet normal 6.122966907912708e-18 -0.36039927920215864 0.9327981344055983
    outer loop
      vertex 123.86562825143338 87.51809899800502 32.19903824922921
      vertex 126.08193975090981 88.2086354665147 32.465836430244316
      vertex 123.75727325081826 88.2086354665147 32.465836430244316
    endloop
  endfacet
  facet normal -1.3921222660647936e-16 0.9327981344055978 0.36039927920215964
    outer loop
      vertex 126.95761975049973 86.91797950186029 31.109539250077237
      vertex 126.90347474962473 86.62966007849856 31.855777757601714
      vertex 126.95761975049973 86.62966007849856 31.855777757601714
    endloop
  endfacet
  facet normal 0 0.9327981344055978 0.36039927920215964
    outer loop
      vertex 126.90347474962473 86.91797950186029 31.109539250077237
      vertex 126.90347474962473 86.62966007849856 31.855777757601714
      vertex 126.95761975049973 86.91797950186029 31.109539250077237
    endloop
  endfacet
  facet normal 0 -0.3603992792021621 0.932798134405597
    outer loop
      vertex 126.90347474962473 86.91797950186029 31.109539250077237
      vertex 126.95761975049973 86.91797950186029 31.109539250077237
      vertex 126.86733474731446 88.49695488987643 31.71959792271984
    endloop
  endfacet
  facet normal -0.9017870838738858 -0.4031372405084118 -0.1557575701964304
    outer loop
      vertex 129.16040475070477 83.74546224382345 30.741428594204514
      vertex 126.86733474731446 88.2086354665147 32.465836430244316
      vertex 126.86733474731446 88.49695488987643 31.71959792271984
    endloop
  endfacet
  facet normal 1.3721433988967366e-15 -0.3603992792021617 0.9327981344055971
    outer loop
      vertex 129.16040475070477 83.74546224382345 30.741428594204514
      vertex 129.21454975157977 88.21281906955241 32.46745282232706
      vertex 126.86733474731446 88.2086354665147 32.465836430244316
    endloop
  endfacet
  facet normal 0 -0.36039927920216164 0.9327981344055969
    outer loop
      vertex 129.16040475070477 83.74546224382345 30.741428594204514
      vertex 129.21454975157977 83.74546224382345 30.741428594204514
      vertex 129.21454975157977 88.21281906955241 32.46745282232706
    endloop
  endfacet
  facet normal 1 0 0
    outer loop
      vertex 129.21454975157977 84.03378166718518 29.995190086680033
      vertex 129.21454975157977 88.50113849291414 31.721214314802587
      vertex 129.21454975157977 88.21281906955241 32.46745282232706
    endloop
  endfacet
  facet normal -1 0 0
    outer loop
      vertex 130.0360847502947 82.06541351338 30.092318857442272
      vertex 130.0360847502947 88.21281906955241 32.46745282232706
      vertex 130.0360847502947 88.50113849291414 31.721214314802587
    endloop
  endfacet
  facet normal -1.3191853444899577e-17 -0.9327981344055972 -0.36039927920216114
    outer loop
      vertex 129.21454975157977 88.50113849291414 31.721214314802587
      vertex 130.0360847502947 88.21281906955241 32.46745282232706
      vertex 129.21454975157977 88.21281906955241 32.46745282232706
    endloop
  endfacet
  facet normal 0 -0.9327981344055972 -0.36039927920216114
    outer loop
      vertex 129.21454975157977 88.50113849291414 31.721214314802587
      vertex 130.0360847502947 88.50113849291414 31.721214314802587
      vertex 130.0360847502947 88.21281906955241 32.46745282232706
    endloop
  endfacet
  facet normal 0 0.9327981344055978 0.36039927920215964
    outer loop
      vertex 132.238876247406 82.34954933370403 29.344463957835046
      vertex 132.238876247406 82.0612299103423 30.090702465359524
      vertex 133.11007125079632 82.34954933370403 29.344463957835046
    endloop
  endfacet
  facet normal 0 -0.3603992792021613 0.9327981344055971
    outer loop
      vertex 132.238876247406 82.34954933370403 29.344463957835046
      vertex 133.11007125079632 82.34954933370403 29.344463957835046
      vertex 133.11007125079632 84.03378166718518 29.995190086680033
    endloop
  endfacet
  facet normal 0 0.9327981344055978 0.36039927920215964
    outer loop
      vertex 132.238876247406 82.0612299103423 30.090702465359524
      vertex 133.11007125079632 82.0612299103423 30.090702465359524
      vertex 133.11007125079632 82.34954933370403 29.344463957835046
    endloop
  endfacet
  facet normal -1 0 0
    outer loop
      vertex 133.11007125079632 82.34954933370403 29.344463957835046
      vertex 133.11007125079632 82.0612299103423 30.090702465359524
      vertex 133.11007125079632 84.03378166718518 29.995190086680033
    endloop
  endfacet
  facet normal 1.9235642758986955e-14 -0.36039927920216996 0.9327981344055938
    outer loop
      vertex 132.238876247406 82.34954933370403 29.344463957835046
      vertex 133.11007125079632 84.03378166718518 29.995190086680033
      vertex 133.11007125079632 84.65271187919228 30.23432221404642
    endloop
  endfacet
  facet normal -4.507741368414323e-15 -0.3603992792021622 0.9327981344055968
    outer loop
      vertex 132.238876247406 82.34954933370403 29.344463957835046
      vertex 133.11007125079632 84.65271187919228 30.23432221404642
      vertex 132.238876247406 86.07586334206961 30.784176188339927
    endloop
  endfacet
  facet normal 0 0.9327981344055983 0.3603992792021582
    outer loop
      vertex 133.11007125079632 84.03378166718518 29.995190086680033
      vertex 133.11007125079632 83.74546224382345 30.741428594204514
      vertex 135.32182625085116 84.03378166718518 29.995190086680033
    endloop
  endfacet
  facet normal -7.752947421747946e-18 -0.3603992792021699 0.9327981344055938
    outer loop
      vertex 133.11007125079632 84.03378166718518 29.995190086680033
      vertex 135.32182625085116 84.65271187919228 30.23432221404642
      vertex 133.11007125079632 84.65271187919228 30.23432221404642
    endloop
  endfacet
  facet normal 1 0 0
    outer loop
      vertex 132.238876247406 82.34954933370403 29.344463957835046
      vertex 132.238876247406 85.78754391870788 31.530414695864405
      vertex 132.238876247406 82.0612299103423 30.090702465359524
    endloop
  endfacet
  facet normal 2.32546566941121e-15 -0.3603992792021622 0.9327981344055969
    outer loop
      vertex 130.0360847502947 82.06541351338 30.092318857442272
      vertex 132.238876247406 82.0612299103423 30.090702465359524
      vertex 132.238876247406 85.78754391870788 31.530414695864405
    endloop
  endfacet
  facet normal 1.6511382124647024e-17 -0.36039927920216297 0.9327981344055966
    outer loop
      vertex 133.11007125079632 82.0612299103423 30.090702465359524
      vertex 135.32182625085116 83.74546224382345 30.741428594204514
      vertex 133.11007125079632 83.74546224382345 30.741428594204514
    endloop
  endfacet
  facet normal -1 0 0
    outer loop
      vertex 133.11007125079632 82.0612299103423 30.090702465359524
      vertex 133.11007125079632 83.74546224382345 30.741428594204514
      vertex 133.11007125079632 84.03378166718518 29.995190086680033
    endloop
  endfacet
  facet normal -3.4079932593036346e-18 -0.9327981344055978 -0.3603992792021597
    outer loop
      vertex 133.11007125079632 84.65271187919228 30.23432221404642
      vertex 135.32182625085116 84.36439245583055 30.980560721570896
      vertex 133.11007125079632 84.36439245583055 30.980560721570896
    endloop
  endfacet
  facet normal 0 0.9327981344055978 0.3603992792021596
    outer loop
      vertex 135.32182625085116 82.34954933370403 29.344463957835046
      vertex 135.32182625085116 82.0612299103423 30.090702465359524
      vertex 136.1930212467909 82.34954933370403 29.344463957835046
    endloop
  endfacet
  facet normal 0 -0.3603992792021613 0.9327981344055972
    outer loop
      vertex 135.32182625085116 82.34954933370403 29.344463957835046
      vertex 136.1930212467909 82.34954933370403 29.344463957835046
      vertex 135.32182625085116 84.03378166718518 29.995190086680033
    endloop
  endfacet
  facet normal 0 0.9327981344055978 0.3603992792021596
    outer loop
      vertex 135.32182625085116 82.0612299103423 30.090702465359524
      vertex 136.1930212467909 82.0612299103423 30.090702465359524
      vertex 136.1930212467909 82.34954933370403 29.344463957835046
    endloop
  endfacet
  facet normal 1 0 0
    outer loop
      vertex 135.32182625085116 82.34954933370403 29.344463957835046
      vertex 135.32182625085116 83.74546224382345 30.741428594204514
      vertex 135.32182625085116 82.0612299103423 30.090702465359524
    endloop
  endfacet
  facet normal 0 -0.3603992792021699 0.9327981344055938
    outer loop
      vertex 133.11007125079632 84.03378166718518 29.995190086680033
      vertex 135.32182625085116 84.03378166718518 29.995190086680033
      vertex 135.32182625085116 84.65271187919228 30.23432221404642
    endloop
  endfacet
  facet normal -1.9389584114099572e-14 -0.36039927920217 0.9327981344055938
    outer loop
      vertex 135.32182625085116 84.03378166718518 29.995190086680033
      vertex 136.1930212467909 82.34954933370403 29.344463957835046
      vertex 135.32182625085116 84.65271187919228 30.23432221404642
    endloop
  endfacet
  facet normal 1 0 0
    outer loop
      vertex 135.32182625085116 82.34954933370403 29.344463957835046
      vertex 135.32182625085116 84.03378166718518 29.995190086680033
      vertex 135.32182625085116 83.74546224382345 30.741428594204514
    endloop
  endfacet
  facet normal 4.458604892775705e-15 -0.36039927920216214 0.9327981344055969
    outer loop
      vertex 135.32182625085116 84.65271187919228 30.23432221404642
      vertex 136.1930212467909 82.34954933370403 29.344463957835046
      vertex 136.1930212467909 86.07586334206961 30.784176188339927
    endloop
  endfacet
  facet normal -1 0 0
    outer loop
      vertex 136.1930212467909 82.34954933370403 29.344463957835046
      vertex 136.1930212467909 82.0612299103423 30.090702465359524
      vertex 136.1930212467909 86.07586334206961 30.784176188339927
    endloop
  endfacet
  facet normal 0 -0.36039927920216297 0.9327981344055966
    outer loop
      vertex 133.11007125079632 82.0612299103423 30.090702465359524
      vertex 135.32182625085116 82.0612299103423 30.090702465359524
      vertex 135.32182625085116 83.74546224382345 30.741428594204514
    endloop
  endfacet
  facet normal 0 0.9327981344055983 0.3603992792021582
    outer loop
      vertex 133.11007125079632 83.74546224382345 30.741428594204514
      vertex 135.32182625085116 83.74546224382345 30.741428594204514
      vertex 135.32182625085116 84.03378166718518 29.995190086680033
    endloop
  endfacet
  facet normal 0 -0.9327981344055978 -0.3603992792021597
    outer loop
      vertex 133.11007125079632 84.65271187919228 30.23432221404642
      vertex 135.32182625085116 84.65271187919228 30.23432221404642
      vertex 135.32182625085116 84.36439245583055 30.980560721570896
    endloop
  endfacet
  facet normal -1 0 0
    outer loop
      vertex 136.1930212467909 82.0612299103423 30.090702465359524
      vertex 136.1930212467909 85.78754391870788 31.530414695864405
      vertex 136.1930212467909 86.07586334206961 30.784176188339927
    endloop
  endfacet
  facet normal 1 0 0
    outer loop
      vertex 132.238876247406 82.34954933370403 29.344463957835046
      vertex 132.238876247406 86.07586334206961 30.784176188339927
      vertex 132.238876247406 85.78754391870788 31.530414695864405
    endloop
  endfacet
  facet normal -1 0 0
    outer loop
      vertex 133.11007125079632 84.65271187919228 30.23432221404642
      vertex 133.11007125079632 84.36439245583055 30.980560721570896
      vertex 133.11007125079632 85.82745453526924 30.688200058439786
    endloop
  endfacet
  facet normal -1.939050346888835e-15 -0.36039927920216086 0.9327981344055974
    outer loop
      vertex 133.11007125079632 84.65271187919228 30.23432221404642
      vertex 133.11007125079632 85.82745453526924 30.688200058439786
      vertex 132.238876247406 86.07586334206961 30.784176188339927
    endloop
  endfacet
  facet normal -1 0 0
    outer loop
      vertex 133.11007125079632 84.36439245583055 30.980560721570896
      vertex 133.11007125079632 85.53913511190751 31.434438565964264
      vertex 133.11007125079632 85.82745453526924 30.688200058439786
    endloop
  endfacet
  facet normal 3.9000289086126246e-16 -0.36039927920216075 0.9327981344055974
    outer loop
      vertex 133.11007125079632 84.36439245583055 30.980560721570896
      vertex 135.32182625085116 85.54756294185316 31.437694772988717
      vertex 133.11007125079632 85.53913511190751 31.434438565964264
    endloop
  endfacet
  facet normal -2.3086571932552547e-15 -0.3603992792021621 0.932798134405597
    outer loop
      vertex 132.238876247406 86.07586334206961 30.784176188339927
      vertex 133.11007125079632 85.82745453526924 30.688200058439786
      vertex 134.21598124653102 87.77695132849213 31.441414728548633
    endloop
  endfacet
  facet normal -0.8838808446593245 0.4362810181534258 0.16856312065018578
    outer loop
      vertex 133.11007125079632 85.82745453526924 30.688200058439786
      vertex 133.11007125079632 85.53913511190751 31.434438565964264
      vertex 134.21598124653102 87.77695132849213 31.441414728548633
    endloop
  endfacet
  facet normal 7.300900824742762e-16 -0.3603992792021602 0.9327981344055978
    outer loop
      vertex 135.32182625085116 84.65271187919228 30.23432221404642
      vertex 136.1930212467909 86.07586334206961 30.784176188339927
      vertex 135.32182625085116 85.83588236521489 30.69145626546424
    endloop
  endfacet
  facet normal 0 -0.3603992792021602 0.9327981344055977
    outer loop
      vertex 133.11007125079632 84.36439245583055 30.980560721570896
      vertex 135.32182625085116 84.36439245583055 30.980560721570896
      vertex 135.32182625085116 85.54756294185316 31.437694772988717
    endloop
  endfacet
  facet normal 1 0 0
    outer loop
      vertex 135.32182625085116 84.65271187919228 30.23432221404642
      vertex 135.32182625085116 85.54756294185316 31.437694772988717
      vertex 135.32182625085116 84.36439245583055 30.980560721570896
    endloop
  endfacet
  facet normal 1 0 0
    outer loop
      vertex 135.32182625085116 84.65271187919228 30.23432221404642
      vertex 135.32182625085116 85.83588236521489 30.69145626546424
      vertex 135.32182625085116 85.54756294185316 31.437694772988717
    endloop
  endfacet
  facet normal 1.5251366747596617e-15 -0.36039927920216286 0.9327981344055966
    outer loop
      vertex 135.32182625085116 85.83588236521489 30.69145626546424
      vertex 136.1930212467909 86.07586334206961 30.784176188339927
      vertex 134.21598124653102 87.77695132849213 31.441414728548633
    endloop
  endfacet
  facet normal 6.233861279576824e-16 -0.36039927920216136 0.9327981344055972
    outer loop
      vertex 130.0360847502947 82.06541351338 30.092318857442272
      vertex 132.238876247406 85.78754391870788 31.530414695864405
      vertex 130.0360847502947 88.21281906955241 32.46745282232706
    endloop
  endfacet
  facet normal -9.066078764266314e-16 -0.3603992792021626 0.9327981344055968
    outer loop
      vertex 130.0360847502947 88.21281906955241 32.46745282232706
      vertex 132.238876247406 85.78754391870788 31.530414695864405
      vertex 133.69234124720097 88.2086354665147 32.465836430244316
    endloop
  endfacet
  facet normal 0.8725093692001925 -0.45576272541290885 -0.17609014390953145
    outer loop
      vertex 132.238876247406 86.07586334206961 30.784176188339927
      vertex 133.69234124720097 88.2086354665147 32.465836430244316
      vertex 132.238876247406 85.78754391870788 31.530414695864405
    endloop
  endfacet
  facet normal -2.770906575369884e-15 -0.3603992792021616 0.9327981344055971
    outer loop
      vertex 132.238876247406 86.07586334206961 30.784176188339927
      vertex 134.21598124653102 87.77695132849213 31.441414728548633
      vertex 133.69234124720097 88.49695488987643 31.71959792271984
    endloop
  endfacet
  facet normal -0.8838808446593245 0.4362810181534258 0.16856312065018578
    outer loop
      vertex 133.11007125079632 85.53913511190751 31.434438565964264
      vertex 134.21598124653102 87.4886319051304 32.18765323607311
      vertex 134.21598124653102 87.77695132849213 31.441414728548633
    endloop
  endfacet
  facet normal 0.8725093692001925 -0.45576272541290896 -0.17609014390953143
    outer loop
      vertex 132.238876247406 86.07586334206961 30.784176188339927
      vertex 133.69234124720097 88.49695488987643 31.71959792271984
      vertex 133.69234124720097 88.2086354665147 32.465836430244316
    endloop
  endfacet
  facet normal -7.197801915455594e-18 -0.9327981344055979 -0.3603992792021597
    outer loop
      vertex 133.69234124720097 88.49695488987643 31.71959792271984
      vertex 134.73955624699593 88.2086354665147 32.465836430244316
      vertex 133.69234124720097 88.2086354665147 32.465836430244316
    endloop
  endfacet
  facet normal -7.823749327746643e-20 -0.36039927920147313 0.9327981344058631
    outer loop
      vertex 130.0360847502947 88.21281906955241 32.46745282232706
      vertex 133.69234124720097 88.2086354665147 32.465836430244316
      vertex 134.73955624699593 88.2086354665147 32.465836430244316
    endloop
  endfacet
  facet normal 0.8830521405665653 0.4377387366044343 0.1691263300517118
    outer loop
      vertex 135.32182625085116 85.83588236521489 30.69145626546424
      vertex 134.21598124653102 87.4886319051304 32.18765323607311
      vertex 135.32182625085116 85.54756294185316 31.437694772988717
    endloop
  endfacet
  facet normal 4.13050287217068e-16 -0.3603992792021633 0.9327981344055963
    outer loop
      vertex 133.11007125079632 85.53913511190751 31.434438565964264
      vertex 135.32182625085116 85.54756294185316 31.437694772988717
      vertex 134.21598124653102 87.4886319051304 32.18765323607311
    endloop
  endfacet
  facet normal 0.8830521405665654 0.43773873660443435 0.1691263300517117
    outer loop
      vertex 135.32182625085116 85.83588236521489 30.69145626546424
      vertex 134.21598124653102 87.77695132849213 31.441414728548633
      vertex 134.21598124653102 87.4886319051304 32.18765323607311
    endloop
  endfacet
  facet normal 2.7723030777988536e-15 -0.3603992792021616 0.9327981344055971
    outer loop
      vertex 136.1930212467909 86.07586334206961 30.784176188339927
      vertex 134.73955624699593 88.49695488987643 31.71959792271984
      vertex 134.21598124653102 87.77695132849213 31.441414728548633
    endloop
  endfacet
  facet normal -0.8725093692001925 -0.45576272541290896 -0.17609014390953148
    outer loop
      vertex 136.1930212467909 86.07586334206961 30.784176188339927
      vertex 136.1930212467909 85.78754391870788 31.530414695864405
      vertex 134.73955624699593 88.49695488987643 31.71959792271984
    endloop
  endfacet
  facet normal -0.8725093692001925 -0.45576272541290885 -0.1760901439095315
    outer loop
      vertex 136.1930212467909 85.78754391870788 31.530414695864405
      vertex 134.73955624699593 88.2086354665147 32.465836430244316
      vertex 134.73955624699593 88.49695488987643 31.71959792271984
    endloop
  endfacet
  facet normal 0 -0.3603992792021598 0.9327981344055977
    outer loop
      vertex 133.69234124720097 88.49695488987643 31.71959792271984
      vertex 134.21598124653102 87.77695132849213 31.441414728548633
      vertex 134.73955624699593 88.49695488987643 31.71959792271984
    endloop
  endfacet
  facet normal 0 -0.9327981344055979 -0.3603992792021597
    outer loop
      vertex 133.69234124720097 88.49695488987643 31.71959792271984
      vertex 134.73955624699593 88.49695488987643 31.71959792271984
      vertex 134.73955624699593 88.2086354665147 32.465836430244316
    endloop
  endfacet
  facet normal 0 0.36039927920216325 -0.9327981344055964
    outer loop
      vertex 40.257201497513435 88.86593050950691 29.19251860594585
      vertex 189.035 90.14864512705087 29.688112889996926
      vertex 189.25279850248657 88.86593050950691 29.19251860594585
    endloop
  endfacet
  facet normal 8.633040686140232e-19 -0.36039927920216225 0.9327981344055969
    outer loop
      vertex 224.05 76.65 28
      vertex 136.1930212467909 85.78754391870788 31.530414695864405
      vertex 136.1930212467909 82.0612299103423 30.090702465359524
    endloop
  endfacet
  facet normal -2.904715257740999e-17 -0.36039927920216236 0.9327981344055968
    outer loop
      vertex 224.05 76.65 28
      vertex 186.775 97.68450993093421 36.12696974604276
      vertex 136.1930212467909 85.78754391870788 31.530414695864405
    endloop
  endfacet
  facet normal -9.33589427473723e-15 0.3603992792021626 -0.9327981344055968
    outer loop
      vertex 191.54335921350014 88.40380189231954 30.289950688246307
      vertex 191.2024643608916 89.02788471852024 30.53107359836931
      vertex 191.2024643608916 90.4114870026126 31.06564720813227
    endloop
  endfacet
  facet normal 2.390109997411183e-15 0.3603992792021641 -0.9327981344055961
    outer loop
      vertex 192.07431539449806 87.90852695723353 30.098594463326716
      vertex 191.54335921350014 88.40380189231954 30.289950688246307
      vertex 191.54335921350014 91.03556982881332 31.306770118255276
    endloop
  endfacet
  facet normal 2.193933974661064e-14 0.3603992792021626 -0.9327981344055967
    outer loop
      vertex 191.2024643608916 89.02788471852024 30.53107359836931
      vertex 191.08499999999998 89.71968586056643 30.79836040325079
      vertex 191.2024643608916 90.4114870026126 31.06564720813227
    endloop
  endfacet
  facet normal 8.383564106982933e-16 0.3603992792021641 -0.9327981344055962
    outer loop
      vertex 191.54335921350014 88.40380189231954 30.289950688246307
      vertex 191.2024643608916 90.4114870026126 31.06564720813227
      vertex 191.54335921350014 91.03556982881332 31.306770118255276
    endloop
  endfacet
  facet normal -1.65285204190459e-15 0.36039927920216347 -0.9327981344055962
    outer loop
      vertex 192.07431539449806 87.90852695723353 30.098594463326716
      vertex 191.54335921350014 91.03556982881332 31.306770118255276
      vertex 192.07431539449806 91.53084476389932 31.498126343174867
    endloop
  endfacet
  facet normal 5.540317395721337e-15 0.36039927920216347 -0.9327981344055962
    outer loop
      vertex 192.07431539449806 87.90852695723353 30.098594463326716
      vertex 192.07431539449806 91.53084476389932 31.498126343174867
      vertex 192.74335921350013 87.59054087469185 29.97573620416289
    endloop
  endfacet
  facet normal -4.946442438994404e-15 0.3603992792021619 -0.9327981344055969
    outer loop
      vertex 193.485 87.480970337993 29.9334021331656
      vertex 192.74335921350013 87.59054087469185 29.97573620416289
      vertex 192.74335921350013 91.848830846441 31.620984602338694
    endloop
  endfacet
  facet normal 4.817307258972603e-15 0.3603992792021627 -0.9327981344055966
    outer loop
      vertex 193.485 87.480970337993 29.9334021331656
      vertex 193.485 91.95840138313986 31.66331867333598
      vertex 194.22664078649987 87.59054087469185 29.97573620416289
    endloop
  endfacet
  facet normal -4.702390816631789e-15 0.360399279202162 -0.9327981344055971
    outer loop
      vertex 192.74335921350013 87.59054087469185 29.97573620416289
      vertex 192.07431539449806 91.53084476389932 31.498126343174867
      vertex 192.74335921350013 91.848830846441 31.620984602338694
    endloop
  endfacet
  facet normal -4.732645291100256e-15 0.360399279202162 -0.9327981344055971
    outer loop
      vertex 194.22664078649987 87.59054087469185 29.97573620416289
      vertex 194.22664078649987 91.848830846441 31.620984602338694
      vertex 194.89568460550194 87.90852695723353 30.098594463326716
    endloop
  endfacet
  facet normal -1.7288905978631198e-15 0.36039927920216347 -0.9327981344055963
    outer loop
      vertex 194.89568460550194 87.90852695723353 30.098594463326716
      vertex 194.89568460550194 91.53084476389932 31.498126343174867
      vertex 195.4266407864999 88.40380189231954 30.289950688246307
    endloop
  endfacet
  facet normal 6.185259971731448e-15 0.3603992792021641 -0.9327981344055962
    outer loop
      vertex 195.4266407864999 88.40380189231954 30.289950688246307
      vertex 195.4266407864999 91.03556982881332 31.306770118255276
      vertex 195.76753563910836 89.02788471852024 30.53107359836931
    endloop
  endfacet
  facet normal 2.305184566516106e-15 0.3603992792021641 -0.9327981344055961
    outer loop
      vertex 195.4266407864999 88.40380189231954 30.289950688246307
      vertex 194.89568460550194 91.53084476389932 31.498126343174867
      vertex 195.4266407864999 91.03556982881332 31.306770118255276
    endloop
  endfacet
  facet normal -3.8288008293934804e-15 0.3603992792021626 -0.9327981344055967
    outer loop
      vertex 195.76753563910836 89.02788471852024 30.53107359836931
      vertex 195.4266407864999 91.03556982881332 31.306770118255276
      vertex 195.76753563910836 90.4114870026126 31.06564720813227
    endloop
  endfacet
  facet normal -2.1844877701636322e-14 0.3603992792021626 -0.9327981344055967
    outer loop
      vertex 195.76753563910836 89.02788471852024 30.53107359836931
      vertex 195.76753563910836 90.4114870026126 31.06564720813227
      vertex 195.885 89.71968586056643 30.79836040325079
    endloop
  endfacet
  facet normal -1.6285300176219927e-15 0.36039927920215953 -0.9327981344055978
    outer loop
      vertex 209.7378204255698 85.7794117647059 28
      vertex 197.935 90.14864512705087 29.688112889996926
      vertex 197.71720149751343 91.43135974459484 30.183707174048003
    endloop
  endfacet
  facet normal 1.5620162822029433e-15 0.3603992792021652 -0.9327981344055957
    outer loop
      vertex 209.7378204255698 85.7794117647059 28
      vertex 197.71720149751343 91.43135974459484 30.183707174048003
      vertex 197.0851256249685 92.58851331817533 30.63078923656774
    endloop
  endfacet
  facet normal 0 1 0
    outer loop
      vertex 8 180.65 0
      vertex 175.65 180.65 10.343548392291538
      vertex 224.05 180.65 0
    endloop
  endfacet
  facet normal 0 -1 0
    outer loop
      vertex 93.825 178.25 2.6
      vertex 224.05 178.25 0
      vertex 103.825 178.25 2.6
    endloop
  endfacet
  facet normal 0 1 0
    outer loop
      vertex 8 180.65 0
      vertex 171.1614184081683 180.65 10.2
      vertex 175.65 180.65 10.343548392291538
    endloop
  endfacet
  facet normal 0 -1 0
    outer loop
      vertex 103.825 178.25 2.6
      vertex 224.05 178.25 0
      vertex 103.825 178.25 12.6
    endloop
  endfacet
  facet normal 0 -1 0
    outer loop
      vertex 103.825 178.25 12.6
      vertex 150.60278640836478 178.25 10.639154788851737
      vertex 150.37977180033923 178.25 10.752786409854888
    endloop
  endfacet
  facet normal 0 -1 0
    outer loop
      vertex 103.825 178.25 12.6
      vertex 150.85000000298024 178.25 10.600000005960464
      vertex 150.60278640836478 178.25 10.639154788851737
    endloop
  endfacet
  facet normal 0 -1 0
    outer loop
      vertex 103.825 178.25 12.6
      vertex 150.37977180033923 178.25 10.752786409854888
      vertex 150.2027864098549 178.25 10.929771800339221
    endloop
  endfacet
  facet normal 0 -1 0
    outer loop
      vertex 103.825 178.25 12.6
      vertex 150.2027864098549 178.25 10.929771800339221
      vertex 150.08915478885174 178.25 11.152786408364772
    endloop
  endfacet
  facet normal 0 -1 0
    outer loop
      vertex 103.825 178.25 12.6
      vertex 150.08915478885174 178.25 11.152786408364772
      vertex 150.05000000596047 178.25 11.400000002980232
    endloop
  endfacet
  facet normal 0 -1 0
    outer loop
      vertex 103.825 178.25 12.6
      vertex 150.05000000596047 178.25 11.400000002980232
      vertex 150.05000000596047 178.25 13.999999997019767
    endloop
  endfacet
  facet normal 0 0 -1
    outer loop
      vertex 8 178.25 0
      vertex 226.52213595499958 180.25845213036123 0
      vertex 224.05 178.25 0
    endloop
  endfacet
  facet normal 0 0 -1
    outer loop
      vertex 8 180.65 0
      vertex 224.05 180.65 0
      vertex 226.52213595499958 180.25845213036123 0
    endloop
  endfacet
  facet normal 0.7071067811865476 0 0.7071067811865476
    outer loop
      vertex 150.37977180033923 178.25 10.752786409854888
      vertex 150.37977180033923 180.65 10.752786409854888
      vertex 150.2027864098549 178.25 10.929771800339221
    endloop
  endfacet
  facet normal 0.45399050800249663 0 0.8910065199781846
    outer loop
      vertex 150.37977180033923 178.25 10.752786409854888
      vertex 150.60278640836478 180.65 10.639154788851737
      vertex 150.37977180033923 180.65 10.752786409854888
    endloop
  endfacet
  facet normal 0.45399050800249663 0 0.8910065199781846
    outer loop
      vertex 150.37977180033923 178.25 10.752786409854888
      vertex 150.60278640836478 178.25 10.639154788851737
      vertex 150.60278640836478 180.65 10.639154788851737
    endloop
  endfacet
  facet normal 0.15643444971321585 0 0.9876883430226983
    outer loop
      vertex 150.60278640836478 178.25 10.639154788851737
      vertex 150.85000000298024 178.25 10.600000005960464
      vertex 150.85000000298024 180.65 10.600000005960464
    endloop
  endfacet
  facet normal 0.15643444971321585 0 0.9876883430226983
    outer loop
      vertex 150.60278640836478 178.25 10.639154788851737
      vertex 150.85000000298024 180.65 10.600000005960464
      vertex 150.60278640836478 180.65 10.639154788851737
    endloop
  endfacet
  facet normal 0.8910065199781846 0 0.45399050800249663
    outer loop
      vertex 150.2027864098549 178.25 10.929771800339221
      vertex 150.2027864098549 180.65 10.929771800339221
      vertex 150.08915478885174 178.25 11.152786408364772
    endloop
  endfacet
  facet normal 0.9876883430226983 0 0.15643444971321585
    outer loop
      vertex 150.08915478885174 178.25 11.152786408364772
      vertex 150.08915478885174 180.65 11.152786408364772
      vertex 150.05000000596047 178.25 11.400000002980232
    endloop
  endfacet
  facet normal 0.7071067811865476 0 0.7071067811865476
    outer loop
      vertex 150.37977180033923 180.65 10.752786409854888
      vertex 150.2027864098549 180.65 10.929771800339221
      vertex 150.2027864098549 178.25 10.929771800339221
    endloop
  endfacet
  facet normal 0.8910065199781846 0 0.45399050800249663
    outer loop
      vertex 150.08915478885174 178.25 11.152786408364772
      vertex 150.2027864098549 180.65 10.929771800339221
      vertex 150.08915478885174 180.65 11.152786408364772
    endloop
  endfacet
  facet normal 0.9876883430226983 0 0.15643444971321585
    outer loop
      vertex 150.05000000596047 178.25 11.400000002980232
      vertex 150.08915478885174 180.65 11.152786408364772
      vertex 150.05000000596047 180.65 11.400000002980232
    endloop
  endfacet
  facet normal 1 0 0
    outer loop
      vertex 150.05000000596047 178.25 11.400000002980232
      vertex 150.05000000596047 180.65 11.400000002980232
      vertex 150.05000000596047 178.25 13.999999997019767
    endloop
  endfacet
  facet normal 0 0 1
    outer loop
      vertex 150.85000000298024 178.25 10.600000005960464
      vertex 158.94999999701977 180.65 10.600000005960464
      vertex 150.85000000298024 180.65 10.600000005960464
    endloop
  endfacet
  facet normal 0 0 1
    outer loop
      vertex 150.85000000298024 178.25 10.600000005960464
      vertex 158.94999999701977 178.25 10.600000005960464
      vertex 158.94999999701977 180.65 10.600000005960464
    endloop
  endfacet
  facet normal -0.15643444971321585 0 0.9876883430226983
    outer loop
      vertex 158.94999999701977 178.25 10.600000005960464
      vertex 159.19721359163523 178.25 10.639154788851737
      vertex 159.19721359163523 180.65 10.639154788851737
    endloop
  endfacet
  facet normal -0.45399050800249663 0 0.8910065199781846
    outer loop
      vertex 159.19721359163523 178.25 10.639154788851737
      vertex 159.42022819966078 178.25 10.752786409854888
      vertex 159.42022819966078 180.65 10.752786409854888
    endloop
  endfacet
  facet normal -0.15643444971321585 0 0.9876883430226983
    outer loop
      vertex 158.94999999701977 178.25 10.600000005960464
      vertex 159.19721359163523 180.65 10.639154788851737
      vertex 158.94999999701977 180.65 10.600000005960464
    endloop
  endfacet
  facet normal -0.45399050800249663 0 0.8910065199781846
    outer loop
      vertex 159.19721359163523 178.25 10.639154788851737
      vertex 159.42022819966078 180.65 10.752786409854888
      vertex 159.19721359163523 180.65 10.639154788851737
    endloop
  endfacet
  facet normal -0.7071067811865476 0 0.7071067811865476
    outer loop
      vertex 159.42022819966078 178.25 10.752786409854888
      vertex 159.59721359014512 180.65 10.929771800339221
      vertex 159.42022819966078 180.65 10.752786409854888
    endloop
  endfacet
  facet normal 0 -1 0
    outer loop
      vertex 103.825 178.25 12.6
      vertex 224.05 178.25 0
      vertex 150.85000000298024 178.25 10.600000005960464
    endloop
  endfacet
  facet normal 0 -1 0
    outer loop
      vertex 158.94999999701977 178.25 10.600000005960464
      vertex 165.15 178.25 10.600000005960464
      vertex 159.19721359163523 178.25 10.639154788851737
    endloop
  endfacet
  facet normal 0 -1 0
    outer loop
      vertex 159.19721359163523 178.25 10.639154788851737
      vertex 165.15 178.25 10.600000005960464
      vertex 159.42022819966078 178.25 10.752786409854888
    endloop
  endfacet
  facet normal 0 1 0
    outer loop
      vertex 158.94999999701977 180.65 10.600000005960464
      vertex 159.19721359163523 180.65 10.639154788851737
      vertex 165.15 180.65 10.2
    endloop
  endfacet
  facet normal 0 1 0
    outer loop
      vertex 159.19721359163523 180.65 10.639154788851737
      vertex 159.42022819966078 180.65 10.752786409854888
      vertex 165.15 180.65 10.2
    endloop
  endfacet
  facet normal 0 -1 0
    outer loop
      vertex 159.42022819966078 178.25 10.752786409854888
      vertex 165.15 178.25 10.600000005960464
      vertex 159.59721359014512 178.25 10.929771800339221
    endloop
  endfacet
  facet normal 0 1 0
    outer loop
      vertex 159.42022819966078 180.65 10.752786409854888
      vertex 159.59721359014512 180.65 10.929771800339221
      vertex 165.15 180.65 10.2
    endloop
  endfacet
  facet normal 0 1 0
    outer loop
      vertex 165.15 180.65 10.2
      vertex 159.59721359014512 180.65 10.929771800339221
      vertex 159.71084521114827 180.65 11.152786408364772
    endloop
  endfacet
  facet normal -0.7071067811865476 0 0.7071067811865476
    outer loop
      vertex 159.42022819966078 178.25 10.752786409854888
      vertex 159.59721359014512 178.25 10.929771800339221
      vertex 159.59721359014512 180.65 10.929771800339221
    endloop
  endfacet
  facet normal -0.8910065199781846 0 0.45399050800249663
    outer loop
      vertex 159.59721359014512 178.25 10.929771800339221
      vertex 159.71084521114827 178.25 11.152786408364772
      vertex 159.71084521114827 180.65 11.152786408364772
    endloop
  endfacet
  facet normal -0.9876883430226983 0 0.15643444971321585
    outer loop
      vertex 159.71084521114827 178.25 11.152786408364772
      vertex 159.74999999403954 178.25 11.400000002980232
      vertex 159.74999999403954 180.65 11.400000002980232
    endloop
  endfacet
  facet normal -0.8910065199781846 0 0.45399050800249663
    outer loop
      vertex 159.59721359014512 178.25 10.929771800339221
      vertex 159.71084521114827 180.65 11.152786408364772
      vertex 159.59721359014512 180.65 10.929771800339221
    endloop
  endfacet
  facet normal -0.9876883430226983 0 0.15643444971321585
    outer loop
      vertex 159.71084521114827 178.25 11.152786408364772
      vertex 159.74999999403954 180.65 11.400000002980232
      vertex 159.71084521114827 180.65 11.152786408364772
    endloop
  endfacet
  facet normal 0 -1 0
    outer loop
      vertex 165.15 178.25 10.600000005960464
      vertex 159.71084521114827 178.25 11.152786408364772
      vertex 159.59721359014512 178.25 10.929771800339221
    endloop
  endfacet
  facet normal 0 -1 0
    outer loop
      vertex 165.15 178.25 10.600000005960464
      vertex 159.74999999403954 178.25 11.400000002980232
      vertex 159.71084521114827 178.25 11.152786408364772
    endloop
  endfacet
  facet normal 0 1 0
    outer loop
      vertex 165.15 180.65 10.2
      vertex 159.71084521114827 180.65 11.152786408364772
      vertex 159.74999999403954 180.65 11.400000002980232
    endloop
  endfacet
  facet normal -1 0 0
    outer loop
      vertex 159.74999999403954 178.25 11.400000002980232
      vertex 159.74999999403954 180.65 13.999999997019767
      vertex 159.74999999403954 180.65 11.400000002980232
    endloop
  endfacet
  facet normal 0 1 0
    outer loop
      vertex 165.15 180.65 10.2
      vertex 159.74999999403954 180.65 11.400000002980232
      vertex 159.74999999403954 180.65 13.999999997019767
    endloop
  endfacet
  facet normal 0 1 0
    outer loop
      vertex 165.15 180.65 10.2
      vertex 159.74999999403954 180.65 13.999999997019767
      vertex 159.71084521114827 180.65 14.247213591635226
    endloop
  endfacet
  facet normal 0 -1 0
    outer loop
      vertex 165.15 178.25 10.600000005960464
      vertex 165.15 178.25 14.760845211148261
      vertex 159.74999999403954 178.25 11.400000002980232
    endloop
  endfacet
  facet normal 0 1 0
    outer loop
      vertex 165.15 180.65 10.2
      vertex 165.15 180.65 15.2
      vertex 171.1614184081683 180.65 10.2
    endloop
  endfacet
  facet normal 0 -1 0
    outer loop
      vertex 165.15 178.25 10.600000005960464
      vertex 167.60830800912984 178.25 10.2
      vertex 175.65 178.25 15.2
    endloop
  endfacet
  facet normal 0 1 0
    outer loop
      vertex 171.1614184081683 180.65 10.2
      vertex 165.15 180.65 15.2
      vertex 175.65 180.65 10.343548392291538
    endloop
  endfacet
  facet normal 0 -1 0
    outer loop
      vertex 167.60830800912984 178.25 10.2
      vertex 175.65 178.25 10.2
      vertex 175.65 178.25 15.2
    endloop
  endfacet
  facet normal 0 -1 0
    outer loop
      vertex 103.825 178.25 12.6
      vertex 150.05000000596047 178.25 13.999999997019767
      vertex 150.08915478885174 178.25 14.247213591635226
    endloop
  endfacet
  facet normal 0 -1 0
    outer loop
      vertex 103.825 178.25 12.6
      vertex 150.08915478885174 178.25 14.247213591635226
      vertex 150.2027864098549 178.25 14.470228199660777
    endloop
  endfacet
  facet normal 0 -1 0
    outer loop
      vertex 103.825 178.25 12.6
      vertex 150.2027864098549 178.25 14.470228199660777
      vertex 150.37977180033923 178.25 14.64721359014511
    endloop
  endfacet
  facet normal 0 -1 0
    outer loop
      vertex 103.825 178.25 12.6
      vertex 150.37977180033923 178.25 14.64721359014511
      vertex 150.60278640836478 178.25 14.760845211148261
    endloop
  endfacet
  facet normal 0 -1 0
    outer loop
      vertex 103.825 178.25 12.6
      vertex 150.60278640836478 178.25 14.760845211148261
      vertex 150.85000000298024 178.25 14.799999994039535
    endloop
  endfacet
  facet normal 0 -1 0
    outer loop
      vertex 93.825 178.25 12.6
      vertex 103.825 178.25 12.6
      vertex 224.05 178.25 59.4
    endloop
  endfacet
  facet normal 1 0 0
    outer loop
      vertex 150.05000000596047 180.65 11.400000002980232
      vertex 150.05000000596047 180.65 13.999999997019767
      vertex 150.05000000596047 178.25 13.999999997019767
    endloop
  endfacet
  facet normal 0.9876883430226983 0 -0.15643444971321585
    outer loop
      vertex 150.05000000596047 178.25 13.999999997019767
      vertex 150.05000000596047 180.65 13.999999997019767
      vertex 150.08915478885174 178.25 14.247213591635226
    endloop
  endfacet
  facet normal 0.8910065199781846 0 -0.45399050800249663
    outer loop
      vertex 150.08915478885174 178.25 14.247213591635226
      vertex 150.08915478885174 180.65 14.247213591635226
      vertex 150.2027864098549 178.25 14.470228199660777
    endloop
  endfacet
  facet normal 0.7071067811865476 0 -0.7071067811865476
    outer loop
      vertex 150.2027864098549 178.25 14.470228199660777
      vertex 150.2027864098549 180.65 14.470228199660777
      vertex 150.37977180033923 178.25 14.64721359014511
    endloop
  endfacet
  facet normal 0.45399050800249663 0 -0.8910065199781846
    outer loop
      vertex 150.37977180033923 178.25 14.64721359014511
      vertex 150.37977180033923 180.65 14.64721359014511
      vertex 150.60278640836478 178.25 14.760845211148261
    endloop
  endfacet
  facet normal 0.9876883430226983 0 -0.15643444971321585
    outer loop
      vertex 150.08915478885174 178.25 14.247213591635226
      vertex 150.05000000596047 180.65 13.999999997019767
      vertex 150.08915478885174 180.65 14.247213591635226
    endloop
  endfacet
  facet normal 0.8910065199781846 0 -0.45399050800249663
    outer loop
      vertex 150.2027864098549 178.25 14.470228199660777
      vertex 150.08915478885174 180.65 14.247213591635226
      vertex 150.2027864098549 180.65 14.470228199660777
    endloop
  endfacet
  facet normal 0.7071067811865476 0 -0.7071067811865476
    outer loop
      vertex 150.37977180033923 178.25 14.64721359014511
      vertex 150.2027864098549 180.65 14.470228199660777
      vertex 150.37977180033923 180.65 14.64721359014511
    endloop
  endfacet
  facet normal 0.15643444971321585 0 -0.9876883430226983
    outer loop
      vertex 150.60278640836478 178.25 14.760845211148261
      vertex 150.60278640836478 180.65 14.760845211148261
      vertex 150.85000000298024 178.25 14.799999994039535
    endloop
  endfacet
  facet normal 0.45399050800249663 0 -0.8910065199781846
    outer loop
      vertex 150.37977180033923 180.65 14.64721359014511
      vertex 150.60278640836478 180.65 14.760845211148261
      vertex 150.60278640836478 178.25 14.760845211148261
    endloop
  endfacet
  facet normal 0.15643444971321585 0 -0.9876883430226983
    outer loop
      vertex 150.85000000298024 178.25 14.799999994039535
      vertex 150.60278640836478 180.65 14.760845211148261
      vertex 150.85000000298024 180.65 14.799999994039535
    endloop
  endfacet
  facet normal 0 0 -1
    outer loop
      vertex 150.85000000298024 178.25 14.799999994039535
      vertex 150.85000000298024 180.65 14.799999994039535
      vertex 158.94999999701977 178.25 14.799999994039535
    endloop
  endfacet
  facet normal 0 0 -1
    outer loop
      vertex 150.85000000298024 180.65 14.799999994039535
      vertex 158.94999999701977 180.65 14.799999994039535
      vertex 158.94999999701977 178.25 14.799999994039535
    endloop
  endfacet
  facet normal -0.7071067811865476 0 -0.7071067811865476
    outer loop
      vertex 159.42022819966078 178.25 14.64721359014511
      vertex 159.42022819966078 180.65 14.64721359014511
      vertex 159.59721359014512 178.25 14.470228199660777
    endloop
  endfacet
  facet normal -0.15643444971321585 0 -0.9876883430226983
    outer loop
      vertex 158.94999999701977 178.25 14.799999994039535
      vertex 158.94999999701977 180.65 14.799999994039535
      vertex 159.19721359163523 178.25 14.760845211148261
    endloop
  endfacet
  facet normal -0.45399050800249663 0 -0.8910065199781846
    outer loop
      vertex 159.42022819966078 178.25 14.64721359014511
      vertex 159.19721359163523 178.25 14.760845211148261
      vertex 159.19721359163523 180.65 14.760845211148261
    endloop
  endfacet
  facet normal -0.15643444971321585 0 -0.9876883430226983
    outer loop
      vertex 159.19721359163523 178.25 14.760845211148261
      vertex 158.94999999701977 180.65 14.799999994039535
      vertex 159.19721359163523 180.65 14.760845211148261
    endloop
  endfacet
  facet normal -0.45399050800249663 0 -0.8910065199781846
    outer loop
      vertex 159.42022819966078 178.25 14.64721359014511
      vertex 159.19721359163523 180.65 14.760845211148261
      vertex 159.42022819966078 180.65 14.64721359014511
    endloop
  endfacet
  facet normal -1 0 0
    outer loop
      vertex 159.74999999403954 178.25 11.400000002980232
      vertex 159.74999999403954 178.25 13.999999997019767
      vertex 159.74999999403954 180.65 13.999999997019767
    endloop
  endfacet
  facet normal 0 -1 0
    outer loop
      vertex 159.74999999403954 178.25 11.400000002980232
      vertex 165.15 178.25 14.760845211148261
      vertex 159.74999999403954 178.25 13.999999997019767
    endloop
  endfacet
  facet normal 0 1 0
    outer loop
      vertex 165.15 180.65 10.2
      vertex 159.71084521114827 180.65 14.247213591635226
      vertex 159.59721359014512 180.65 14.470228199660777
    endloop
  endfacet
  facet normal 0 1 0
    outer loop
      vertex 165.15 180.65 10.2
      vertex 159.59721359014512 180.65 14.470228199660777
      vertex 159.42022819966078 180.65 14.64721359014511
    endloop
  endfacet
  facet normal -0.9876883430226983 0 -0.15643444971321585
    outer loop
      vertex 159.74999999403954 178.25 13.999999997019767
      vertex 159.71084521114827 178.25 14.247213591635226
      vertex 159.71084521114827 180.65 14.247213591635226
    endloop
  endfacet
  facet normal -0.8910065199781846 0 -0.45399050800249663
    outer loop
      vertex 159.71084521114827 178.25 14.247213591635226
      vertex 159.59721359014512 178.25 14.470228199660777
      vertex 159.59721359014512 180.65 14.470228199660777
    endloop
  endfacet
  facet normal 0 -1 0
    outer loop
      vertex 159.42022819966078 178.25 14.64721359014511
      vertex 165.15 178.25 14.760845211148261
      vertex 159.19721359163523 178.25 14.760845211148261
    endloop
  endfacet
  facet normal -0.9876883430226983 0 -0.15643444971321585
    outer loop
      vertex 159.74999999403954 178.25 13.999999997019767
      vertex 159.71084521114827 180.65 14.247213591635226
      vertex 159.74999999403954 180.65 13.999999997019767
    endloop
  endfacet
  facet normal -0.8910065199781846 0 -0.45399050800249663
    outer loop
      vertex 159.71084521114827 178.25 14.247213591635226
      vertex 159.59721359014512 180.65 14.470228199660777
      vertex 159.71084521114827 180.65 14.247213591635226
    endloop
  endfacet
  facet normal -0.7071067811865476 0 -0.7071067811865476
    outer loop
      vertex 159.42022819966078 180.65 14.64721359014511
      vertex 159.59721359014512 180.65 14.470228199660777
      vertex 159.59721359014512 178.25 14.470228199660777
    endloop
  endfacet
  facet normal 0 1 0
    outer loop
      vertex 158.94999999701977 180.65 14.799999994039535
      vertex 165.15 180.65 15.2
      vertex 159.19721359163523 180.65 14.760845211148261
    endloop
  endfacet
  facet normal 0 1 0
    outer loop
      vertex 159.42022819966078 180.65 14.64721359014511
      vertex 159.19721359163523 180.65 14.760845211148261
      vertex 165.15 180.65 15.2
    endloop
  endfacet
  facet normal 0 -1 0
    outer loop
      vertex 159.74999999403954 178.25 13.999999997019767
      vertex 165.15 178.25 14.760845211148261
      vertex 159.71084521114827 178.25 14.247213591635226
    endloop
  endfacet
  facet normal 0 -1 0
    outer loop
      vertex 159.71084521114827 178.25 14.247213591635226
      vertex 165.15 178.25 14.760845211148261
      vertex 159.59721359014512 178.25 14.470228199660777
    endloop
  endfacet
  facet normal 0 -1 0
    outer loop
      vertex 159.42022819966078 178.25 14.64721359014511
      vertex 159.59721359014512 178.25 14.470228199660777
      vertex 165.15 178.25 14.760845211148261
    endloop
  endfacet
  facet normal 0 1 0
    outer loop
      vertex 165.15 180.65 10.2
      vertex 159.42022819966078 180.65 14.64721359014511
      vertex 165.15 180.65 15.2
    endloop
  endfacet
  facet normal 0 -1 0
    outer loop
      vertex 165.15 178.25 10.600000005960464
      vertex 175.65 178.25 15.2
      vertex 165.15 178.25 14.760845211148261
    endloop
  endfacet
  facet normal 0 1 0
    outer loop
      vertex 165.15 180.65 15.2
      vertex 175.65 180.65 14.729304110467805
      vertex 175.65 180.65 10.343548392291538
    endloop
  endfacet
  facet normal 0 -1 0
    outer loop
      vertex 165.15 178.25 14.760845211148261
      vertex 175.65 178.25 15.2
      vertex 165.7769701692707 178.25 15.2
    endloop
  endfacet
  facet normal 0 1 0
    outer loop
      vertex 165.15 180.65 15.2
      vertex 173.84430023967 180.65 15.2
      vertex 175.65 180.65 14.729304110467805
    endloop
  endfacet
  facet normal 0 -1 0
    outer loop
      vertex 103.825 178.25 12.6
      vertex 150.85000000298024 178.25 14.799999994039535
      vertex 224.05 178.25 59.4
    endloop
  endfacet
  facet normal 0 0 -1
    outer loop
      vertex 219.10835921350014 89.06068460550193 2.6
      vertex 216.05 92.65 2.6
      vertex 219.63931539449808 89.59164078649988 2.6
    endloop
  endfacet
  facet normal 0 0 -1
    outer loop
      vertex 219.63931539449808 89.59164078649988 2.6
      vertex 216.05 92.65 2.6
      vertex 220.30835921350013 89.93253563910838 2.6
    endloop
  endfacet
  facet normal 0 0 -1
    outer loop
      vertex 220.30835921350013 89.93253563910838 2.6
      vertex 216.05 92.65 2.6
      vertex 229.65 92.65 2.6
    endloop
  endfacet
  facet normal 0 0 -1
    outer loop
      vertex 220.30835921350013 89.93253563910838 2.6
      vertex 229.65 92.65 2.6
      vertex 221.05 90.05000000000001 2.6
    endloop
  endfacet
  facet normal 0 0 -1
    outer loop
      vertex 221.05 90.05000000000001 2.6
      vertex 229.65 92.65 2.6
      vertex 221.7916407864999 89.93253563910838 2.6
    endloop
  endfacet
  facet normal 0 0 -1
    outer loop
      vertex 221.7916407864999 89.93253563910838 2.6
      vertex 229.65 92.65 2.6
      vertex 222.46068460550194 89.59164078649988 2.6
    endloop
  endfacet
  facet normal 0 0 -1
    outer loop
      vertex 222.46068460550194 89.59164078649988 2.6
      vertex 229.65 92.65 2.6
      vertex 222.9916407864999 89.06068460550193 2.6
    endloop
  endfacet
  facet normal 0 1 0
    outer loop
      vertex 216.05 92.65 2.6
      vertex 216.05 92.65 12.6
      vertex 229.65 92.65 2.6
    endloop
  endfacet
  facet normal 0 1 0
    outer loop
      vertex 229.65 92.65 2.6
      vertex 216.05 92.65 12.6
      vertex 229.65 92.65 12.6
    endloop
  endfacet
  facet normal 0 0 -1
    outer loop
      vertex 229.65 84.65 0
      vertex 229.65 172.65 0
      vertex 232.05 84.65 0
    endloop
  endfacet
  facet normal -1 0 0
    outer loop
      vertex 229.65 84.65 0
      vertex 229.65 84.65 2.6
      vertex 229.65 172.65 0
    endloop
  endfacet
  facet normal -1 0 0
    outer loop
      vertex 229.65 84.65 2.6
      vertex 229.65 92.65 2.6
      vertex 229.65 172.65 0
    endloop
  endfacet
  facet normal -1 0 0
    outer loop
      vertex 229.65 92.65 2.6
      vertex 229.65 92.65 12.6
      vertex 229.65 172.65 0
    endloop
  endfacet
  facet normal -1 0 0
    outer loop
      vertex 229.65 84.65 25.4
      vertex 229.65 172.65 0
      vertex 229.65 92.65 12.6
    endloop
  endfacet
  facet normal -1.2777717581966276e-15 0.36039927920216264 -0.9327981344055967
    outer loop
      vertex 189.88487437503147 89.00973420961235 25.37825301153311
      vertex 189.25279850248657 90.16688778319285 25.825335074052852
      vertex 189.88487437503147 93.88947059186127 27.26360570467474
    endloop
  endfacet
  facet normal 1.5900998922171513e-15 0.36039927920216275 -0.9327981344055967
    outer loop
      vertex 190.8693556272985 88.0914119341404 25.02344667782804
      vertex 189.88487437503147 89.00973420961235 25.37825301153311
      vertex 190.8693556272985 94.80779286733322 27.618412038379816
    endloop
  endfacet
  facet normal 1.5044785534162857e-14 0.36039927920216325 -0.9327981344055966
    outer loop
      vertex 189.25279850248657 90.16688778319285 25.825335074052852
      vertex 189.035 91.44960240073681 26.320929358103925
      vertex 189.25279850248657 92.73231701828077 26.816523642155005
    endloop
  endfacet
  facet normal -5.088770250232959e-15 0.3603992792021632 -0.9327981344055964
    outer loop
      vertex 189.25279850248657 90.16688778319285 25.825335074052852
      vertex 189.25279850248657 92.73231701828077 26.816523642155005
      vertex 189.88487437503147 93.88947059186127 27.26360570467474
    endloop
  endfacet
  facet normal 1.8653655809570845e-15 0.36039927920216264 -0.9327981344055966
    outer loop
      vertex 189.88487437503147 89.00973420961235 25.37825301153311
      vertex 189.88487437503147 93.88947059186127 27.26360570467474
      vertex 190.8693556272985 94.80779286733322 27.618412038379816
    endloop
  endfacet
  facet normal -1.5456242840556388e-16 0.3603992792021627 -0.9327981344055967
    outer loop
      vertex 190.8693556272985 88.0914119341404 25.02344667782804
      vertex 190.8693556272985 94.80779286733322 27.618412038379816
      vertex 191.08499999999998 91.44960240073681 26.32092935810393
    endloop
  endfacet
  facet normal -1.650288860311293e-14 0.3603992792021618 -0.932798134405597
    outer loop
      vertex 191.08499999999998 91.44960240073681 26.32092935810393
      vertex 190.8693556272985 94.80779286733322 27.618412038379816
      vertex 191.2024643608916 92.141403542783 26.588216162985407
    endloop
  endfacet
  facet normal -6.365638806640332e-15 0.3603992792021629 -0.9327981344055966
    outer loop
      vertex 191.2024643608916 92.141403542783 26.588216162985407
      vertex 190.8693556272985 94.80779286733322 27.618412038379816
      vertex 191.54335921350014 92.76548636898372 26.82933907310841
    endloop
  endfacet
  facet normal 6.368216166924447e-15 0.36039927920216286 -0.9327981344055967
    outer loop
      vertex 195.76753563910836 92.141403542783 26.588216162985407
      vertex 195.4266407864999 92.76548636898372 26.82933907310841
      vertex 196.1006443727015 94.80779286733322 27.618412038379816
    endloop
  endfacet
  facet normal -5.049984506279308e-15 0.36039927920216613 -0.9327981344055953
    outer loop
      vertex 195.4266407864999 92.76548636898372 26.82933907310841
      vertex 194.89568460550194 93.2607613040697 27.020695298028002
      vertex 196.1006443727015 94.80779286733322 27.618412038379816
    endloop
  endfacet
  facet normal -0.9876883405951369 -0.14592177714626964 -0.056378868442877164
    outer loop
      vertex 189.25279850248657 90.16688778319285 25.825335074052852
      vertex 189.035 90.14864512705087 29.688112889996926
      vertex 189.035 91.44960240073681 26.320929358103925
    endloop
  endfacet
  facet normal -0.9876883405951369 0.14592177714626953 0.056378868442876574
    outer loop
      vertex 189.035 91.44960240073681 26.320929358103925
      vertex 189.25279850248657 91.43135974459484 30.183707174048003
      vertex 189.25279850248657 92.73231701828077 26.816523642155005
    endloop
  endfacet
  facet normal 0.9876883405951379 0.14592177714626361 0.05637886844287459
    outer loop
      vertex 191.08499999999998 89.71968586056643 30.79836040325079
      vertex 191.2024643608916 90.75780125869062 26.05364255322245
      vertex 191.08499999999998 91.44960240073681 26.32092935810393
    endloop
  endfacet
  facet normal 0.987688340595138 -0.14592177714626342 -0.056378868442874985
    outer loop
      vertex 191.08499999999998 91.44960240073681 26.32092935810393
      vertex 191.2024643608916 92.141403542783 26.588216162985407
      vertex 191.2024643608916 90.4114870026126 31.06564720813227
    endloop
  endfacet
  facet normal -0.9876883405951372 0.14592177714626814 0.05637886844287658
    outer loop
      vertex 189.035 90.14864512705087 29.688112889996926
      vertex 189.25279850248657 91.43135974459484 30.183707174048003
      vertex 189.035 91.44960240073681 26.320929358103925
    endloop
  endfacet
  facet normal -0.8910065241883723 0.4234814911949053 0.16361784887075978
    outer loop
      vertex 189.25279850248657 92.73231701828077 26.816523642155005
      vertex 189.88487437503147 92.58851331817533 30.63078923656774
      vertex 189.88487437503147 93.88947059186127 27.26360570467474
    endloop
  endfacet
  facet normal -0.8910065241883705 0.4234814911949095 0.16361784887075964
    outer loop
      vertex 189.25279850248657 92.73231701828077 26.816523642155005
      vertex 189.25279850248657 91.43135974459484 30.183707174048003
      vertex 189.88487437503147 92.58851331817533 30.63078923656774
    endloop
  endfacet
  facet normal 0.8910065241883499 -0.42348149119494627 -0.16361784887077596
    outer loop
      vertex 191.2024643608916 92.141403542783 26.588216162985407
      vertex 191.54335921350014 92.76548636898372 26.82933907310841
      vertex 191.54335921350014 91.03556982881332 31.306770118255276
    endloop
  endfacet
  facet normal 0.707106781186554 -0.6595878863163521 -0.25484077425859025
    outer loop
      vertex 191.54335921350014 92.76548636898372 26.82933907310841
      vertex 192.07431539449806 93.2607613040697 27.020695298028
      vertex 192.07431539449806 91.53084476389932 31.498126343174867
    endloop
  endfacet
  facet normal 2.7614167582064455e-15 0.36039927920216247 -0.9327981344055967
    outer loop
      vertex 191.54335921350014 92.76548636898372 26.82933907310841
      vertex 192.1098743750315 95.39739206204591 27.84621172724608
      vertex 192.07431539449806 93.2607613040697 27.020695298028
    endloop
  endfacet
  facet normal -3.680133170630311e-15 0.36039927920216375 -0.9327981344055962
    outer loop
      vertex 191.54335921350014 92.76548636898372 26.82933907310841
      vertex 190.8693556272985 94.80779286733322 27.618412038379816
      vertex 192.1098743750315 95.39739206204591 27.84621172724608
    endloop
  endfacet
  facet normal -0.7071067811865448 0.6595878863163612 0.25484077425859275
    outer loop
      vertex 189.88487437503147 93.88947059186127 27.26360570467474
      vertex 190.8693556272985 93.5068355936473 30.985595570272814
      vertex 190.8693556272985 94.80779286733322 27.618412038379816
    endloop
  endfacet
  facet normal -0.4539904997395421 0.8311292235061264 0.3211181090819143
    outer loop
      vertex 190.8693556272985 94.80779286733322 27.618412038379816
      vertex 192.1098743750315 94.09643478835997 31.213395259139077
      vertex 192.1098743750315 95.39739206204591 27.84621172724608
    endloop
  endfacet
  facet normal -0.8910065241883806 -0.4234814911948901 -0.16361784887075437
    outer loop
      vertex 195.76753563910836 92.141403542783 26.588216162985407
      vertex 195.76753563910836 90.4114870026126 31.06564720813227
      vertex 195.4266407864999 92.76548636898372 26.82933907310841
    endloop
  endfacet
  facet normal 0.45399049973954775 -0.8311292235061244 -0.3211181090819115
    outer loop
      vertex 192.07431539449806 93.2607613040697 27.020695298028
      vertex 192.74335921350013 93.57874738661138 27.14355355719183
      vertex 192.74335921350013 91.848830846441 31.620984602338694
    endloop
  endfacet
  facet normal 0.15643446504022243 -0.9213138414813054 -0.35596216602686803
    outer loop
      vertex 192.74335921350013 93.57874738661138 27.14355355719183
      vertex 193.485 93.68831792331024 27.185887628189118
      vertex 193.485 91.95840138313986 31.66331867333598
    endloop
  endfacet
  facet normal -0.15643446504022993 -0.9213138414813045 -0.35596216602686714
    outer loop
      vertex 193.485 93.68831792331024 27.185887628189118
      vertex 194.22664078649987 93.57874738661138 27.143553557191826
      vertex 194.22664078649987 91.848830846441 31.620984602338694
    endloop
  endfacet
  facet normal -0.4539904997395451 -0.8311292235061257 -0.321118109081912
    outer loop
      vertex 194.22664078649987 93.57874738661138 27.143553557191826
      vertex 194.89568460550194 93.2607613040697 27.020695298028002
      vertex 194.89568460550194 91.53084476389932 31.498126343174867
    endloop
  endfacet
  facet normal -0.707106781186536 -0.6595878863163681 -0.25484077425859875
    outer loop
      vertex 195.4266407864999 92.76548636898372 26.82933907310841
      vertex 195.4266407864999 91.03556982881332 31.306770118255276
      vertex 194.89568460550194 93.2607613040697 27.020695298028002
    endloop
  endfacet
  facet normal -5.737239299068299e-17 0.3603992792021625 -0.9327981344055968
    outer loop
      vertex 192.07431539449806 93.2607613040697 27.020695298028
      vertex 192.1098743750315 95.39739206204591 27.84621172724608
      vertex 192.74335921350013 93.57874738661138 27.14355355719183
    endloop
  endfacet
  facet normal 4.947253966682365e-15 0.36039927920216197 -0.9327981344055969
    outer loop
      vertex 192.74335921350013 93.57874738661138 27.14355355719183
      vertex 193.485 95.60055409884171 27.92470615055355
      vertex 193.485 93.68831792331024 27.185887628189118
    endloop
  endfacet
  facet normal 1.6485018678943237e-15 0.360399279202163 -0.9327981344055966
    outer loop
      vertex 192.74335921350013 93.57874738661138 27.14355355719183
      vertex 192.1098743750315 95.39739206204591 27.84621172724608
      vertex 193.485 95.60055409884171 27.92470615055355
    endloop
  endfacet
  facet normal -1.861213572116399e-15 0.360399279202162 -0.932798134405597
    outer loop
      vertex 193.485 93.68831792331024 27.185887628189118
      vertex 193.485 95.60055409884171 27.92470615055355
      vertex 194.86012562496853 95.39739206204591 27.84621172724608
    endloop
  endfacet
  facet normal -8.607116686308523e-15 0.36039927920216674 -0.9327981344055951
    outer loop
      vertex 193.485 93.68831792331024 27.185887628189118
      vertex 194.86012562496853 95.39739206204591 27.84621172724608
      vertex 194.22664078649987 93.57874738661138 27.143553557191826
    endloop
  endfacet
  facet normal 7.36052645377199e-15 0.3603992792021578 -0.9327981344055987
    outer loop
      vertex 194.22664078649987 93.57874738661138 27.143553557191826
      vertex 196.1006443727015 94.80779286733322 27.618412038379816
      vertex 194.89568460550194 93.2607613040697 27.020695298028002
    endloop
  endfacet
  facet normal 3.3056768445985596e-15 0.3603992792021631 -0.9327981344055964
    outer loop
      vertex 194.22664078649987 93.57874738661138 27.143553557191826
      vertex 194.86012562496853 95.39739206204591 27.84621172724608
      vertex 196.1006443727015 94.80779286733322 27.618412038379816
    endloop
  endfacet
  facet normal -0.15643446504023173 0.9213138414813046 0.3559621660268658
    outer loop
      vertex 192.1098743750315 95.39739206204591 27.84621172724608
      vertex 193.485 94.29959682515579 31.29188968244655
      vertex 193.485 95.60055409884171 27.92470615055355
    endloop
  endfacet
  facet normal 0.15643446504023176 0.9213138414813036 0.35596216602686886
    outer loop
      vertex 193.485 95.60055409884171 27.92470615055355
      vertex 194.86012562496853 94.09643478835997 31.21339525913908
      vertex 194.86012562496853 95.39739206204591 27.84621172724608
    endloop
  endfacet
  facet normal 0.45399049973955036 0.8311292235061236 0.3211181090819097
    outer loop
      vertex 194.86012562496853 95.39739206204591 27.84621172724608
      vertex 196.1006443727015 93.5068355936473 30.985595570272814
      vertex 196.1006443727015 94.80779286733322 27.618412038379816
    endloop
  endfacet
  facet normal -1.50797655589284e-15 0.3603992792021627 -0.9327981344055967
    outer loop
      vertex 196.1006443727015 88.0914119341404 25.02344667782804
      vertex 197.0851256249685 93.88947059186127 27.26360570467474
      vertex 197.0851256249685 89.00973420961235 25.37825301153311
    endloop
  endfacet
  facet normal 1.9054793794334174e-16 0.3603992792021632 -0.9327981344055964
    outer loop
      vertex 197.0851256249685 89.00973420961235 25.37825301153311
      vertex 197.71720149751343 92.73231701828077 26.816523642155005
      vertex 197.71720149751343 90.16688778319285 25.825335074052852
    endloop
  endfacet
  facet normal -1.5456242840554351e-16 0.3603992792021627 -0.9327981344055967
    outer loop
      vertex 196.1006443727015 88.0914119341404 25.02344667782804
      vertex 195.885 91.44960240073681 26.32092935810393
      vertex 196.1006443727015 94.80779286733322 27.618412038379816
    endloop
  endfacet
  facet normal -1.8363316347319657e-15 0.3603992792021627 -0.9327981344055967
    outer loop
      vertex 196.1006443727015 88.0914119341404 25.02344667782804
      vertex 196.1006443727015 94.80779286733322 27.618412038379816
      vertex 197.0851256249685 93.88947059186127 27.26360570467474
    endloop
  endfacet
  facet normal 3.9800463728507874e-15 0.36039927920216264 -0.9327981344055967
    outer loop
      vertex 197.0851256249685 89.00973420961235 25.37825301153311
      vertex 197.0851256249685 93.88947059186127 27.26360570467474
      vertex 197.71720149751343 92.73231701828077 26.816523642155005
    endloop
  endfacet
  facet normal 1.6401020580567293e-14 0.3603992792021618 -0.932798134405597
    outer loop
      vertex 195.76753563910836 92.141403542783 26.588216162985407
      vertex 196.1006443727015 94.80779286733322 27.618412038379816
      vertex 195.885 91.44960240073681 26.32092935810393
    endloop
  endfacet
  facet normal -1.5369314593521684e-14 0.36039927920216325 -0.9327981344055966
    outer loop
      vertex 197.71720149751343 90.16688778319285 25.825335074052852
      vertex 197.71720149751343 92.73231701828077 26.816523642155005
      vertex 197.935 91.44960240073681 26.320929358103925
    endloop
  endfacet
  facet normal -0.9876883405951379 0.1459217771462636 0.05637886844287458
    outer loop
      vertex 195.76753563910836 89.02788471852024 30.53107359836931
      vertex 195.885 91.44960240073681 26.32092935810393
      vertex 195.76753563910836 90.75780125869062 26.05364255322245
    endloop
  endfacet
  facet normal -0.9876883405951379 -0.1459217771462636 -0.05637886844287458
    outer loop
      vertex 195.885 89.71968586056643 30.79836040325079
      vertex 195.76753563910836 92.141403542783 26.588216162985407
      vertex 195.885 91.44960240073681 26.32092935810393
    endloop
  endfacet
  facet normal 0.8910065241883641 0.423481491194921 0.16361784887076405
    outer loop
      vertex 197.71720149751343 92.73231701828077 26.816523642155005
      vertex 197.0851256249685 93.88947059186127 27.26360570467474
      vertex 197.71720149751343 91.43135974459484 30.183707174048003
    endloop
  endfacet
  facet normal 0.9876883405951369 0.14592177714626936 0.05637886844287705
    outer loop
      vertex 197.935 90.14864512705087 29.688112889996926
      vertex 197.935 91.44960240073681 26.320929358103925
      vertex 197.71720149751343 92.73231701828077 26.816523642155005
    endloop
  endfacet
  facet normal 0.9876883405951372 0.14592177714626833 0.0563788684428761
    outer loop
      vertex 197.935 90.14864512705087 29.688112889996926
      vertex 197.71720149751343 92.73231701828077 26.816523642155005
      vertex 197.71720149751343 91.43135974459484 30.183707174048003
    endloop
  endfacet
  facet normal 0.7071067811865549 0.6595878863163507 0.2548407742585915
    outer loop
      vertex 197.0851256249685 93.88947059186127 27.26360570467474
      vertex 196.1006443727015 94.80779286733322 27.618412038379816
      vertex 197.0851256249685 92.58851331817533 30.63078923656774
    endloop
  endfacet
  facet normal -1 0 0
    outer loop
      vertex 229.65 84.65 25.4
      vertex 229.65 90.22441797333937 27.55375239879021
      vertex 229.65 172.65 0
    endloop
  endfacet
  facet normal 0 -1 0
    outer loop
      vertex 150.85000000298024 178.25 10.600000005960464
      vertex 224.05 178.25 0
      vertex 158.94999999701977 178.25 10.600000005960464
    endloop
  endfacet
  facet normal 0 -1 0
    outer loop
      vertex 158.94999999701977 178.25 10.600000005960464
      vertex 224.05 178.25 0
      vertex 165.15 178.25 10.600000005960464
    endloop
  endfacet
  facet normal 0 -1 0
    outer loop
      vertex 165.15 178.25 10.600000005960464
      vertex 224.05 178.25 0
      vertex 167.60830800912984 178.25 10.2
    endloop
  endfacet
  facet normal 0 -1 0
    outer loop
      vertex 175.65 178.25 10.2
      vertex 178.35278640836478 178.25 11.639154788851737
      vertex 178.12977180033923 178.25 11.752786409854888
    endloop
  endfacet
  facet normal 0 -1 0
    outer loop
      vertex 175.65 178.25 10.2
      vertex 178.60000000298024 178.25 11.600000005960464
      vertex 178.35278640836478 178.25 11.639154788851737
    endloop
  endfacet
  facet normal 0 -1 0
    outer loop
      vertex 175.65 178.25 10.2
      vertex 178.12977180033923 178.25 11.752786409854888
      vertex 177.9527864098549 178.25 11.929771800339221
    endloop
  endfacet
  facet normal 0 -1 0
    outer loop
      vertex 175.65 178.25 10.2
      vertex 177.9527864098549 178.25 11.929771800339221
      vertex 177.83915478885174 178.25 12.152786408364772
    endloop
  endfacet
  facet normal 0 -1 0
    outer loop
      vertex 175.65 178.25 10.2
      vertex 177.83915478885174 178.25 12.152786408364772
      vertex 177.80000000596047 178.25 12.400000002980232
    endloop
  endfacet
  facet normal 0 1 0
    outer loop
      vertex 175.65 180.65 10.343548392291538
      vertex 178.35278640836478 180.65 11.639154788851737
      vertex 178.60000000298024 180.65 11.600000005960464
    endloop
  endfacet
  facet normal 0 1 0
    outer loop
      vertex 175.65 180.65 10.343548392291538
      vertex 178.12977180033923 180.65 11.752786409854888
      vertex 178.35278640836478 180.65 11.639154788851737
    endloop
  endfacet
  facet normal 0 1 0
    outer loop
      vertex 175.65 180.65 10.343548392291538
      vertex 177.83915478885174 180.65 12.152786408364772
      vertex 177.9527864098549 180.65 11.929771800339221
    endloop
  endfacet
  facet normal 0 1 0
    outer loop
      vertex 175.65 180.65 10.343548392291538
      vertex 177.9527864098549 180.65 11.929771800339221
      vertex 178.12977180033923 180.65 11.752786409854888
    endloop
  endfacet
  facet normal 0 1 0
    outer loop
      vertex 175.65 180.65 10.343548392291538
      vertex 177.80000000596047 180.65 12.400000002980232
      vertex 177.83915478885174 180.65 12.152786408364772
    endloop
  endfacet
  facet normal 0 -1 0
    outer loop
      vertex 175.65 178.25 10.2
      vertex 177.80000000596047 178.25 12.400000002980232
      vertex 177.80000000596047 178.25 13.999999997019767
    endloop
  endfacet
  facet normal 0 -1 0
    outer loop
      vertex 175.65 178.25 10.2
      vertex 177.80000000596047 178.25 13.999999997019767
      vertex 177.83915478885174 178.25 14.247213591635226
    endloop
  endfacet
  facet normal 0 1 0
    outer loop
      vertex 175.65 180.65 10.343548392291538
      vertex 175.65 180.65 14.729304110467805
      vertex 177.80000000596047 180.65 12.400000002980232
    endloop
  endfacet
  facet normal 0.7071067811865476 0 0.7071067811865476
    outer loop
      vertex 178.12977180033923 178.25 11.752786409854888
      vertex 178.12977180033923 180.65 11.752786409854888
      vertex 177.9527864098549 178.25 11.929771800339221
    endloop
  endfacet
  facet normal 0.45399050800249663 0 0.8910065199781846
    outer loop
      vertex 178.35278640836478 178.25 11.639154788851737
      vertex 178.35278640836478 180.65 11.639154788851737
      vertex 178.12977180033923 178.25 11.752786409854888
    endloop
  endfacet
  facet normal 0.15643444971321585 0 0.9876883430226983
    outer loop
      vertex 178.35278640836478 178.25 11.639154788851737
      vertex 178.60000000298024 178.25 11.600000005960464
      vertex 178.60000000298024 180.65 11.600000005960464
    endloop
  endfacet
  facet normal 0.45399050800249663 0 0.8910065199781846
    outer loop
      vertex 178.12977180033923 178.25 11.752786409854888
      vertex 178.35278640836478 180.65 11.639154788851737
      vertex 178.12977180033923 180.65 11.752786409854888
    endloop
  endfacet
  facet normal 0.15643444971321585 0 0.9876883430226983
    outer loop
      vertex 178.35278640836478 178.25 11.639154788851737
      vertex 178.60000000298024 180.65 11.600000005960464
      vertex 178.35278640836478 180.65 11.639154788851737
    endloop
  endfacet
  facet normal 0.8910065199781846 0 0.45399050800249663
    outer loop
      vertex 177.9527864098549 178.25 11.929771800339221
      vertex 177.9527864098549 180.65 11.929771800339221
      vertex 177.83915478885174 178.25 12.152786408364772
    endloop
  endfacet
  facet normal 0.9876883430226983 0 0.15643444971321585
    outer loop
      vertex 177.83915478885174 178.25 12.152786408364772
      vertex 177.83915478885174 180.65 12.152786408364772
      vertex 177.80000000596047 178.25 12.400000002980232
    endloop
  endfacet
  facet normal 0.7071067811865476 0 0.7071067811865476
    outer loop
      vertex 178.12977180033923 180.65 11.752786409854888
      vertex 177.9527864098549 180.65 11.929771800339221
      vertex 177.9527864098549 178.25 11.929771800339221
    endloop
  endfacet
  facet normal 0.8910065199781846 0 0.45399050800249663
    outer loop
      vertex 177.83915478885174 178.25 12.152786408364772
      vertex 177.9527864098549 180.65 11.929771800339221
      vertex 177.83915478885174 180.65 12.152786408364772
    endloop
  endfacet
  facet normal 0.9876883430226983 0 0.15643444971321585
    outer loop
      vertex 177.80000000596047 178.25 12.400000002980232
      vertex 177.83915478885174 180.65 12.152786408364772
      vertex 177.80000000596047 180.65 12.400000002980232
    endloop
  endfacet
  facet normal 0 0 1
    outer loop
      vertex 178.60000000298024 178.25 11.600000005960464
      vertex 192.19999999701977 180.65 11.600000005960464
      vertex 178.60000000298024 180.65 11.600000005960464
    endloop
  endfacet
  facet normal 0 0 1
    outer loop
      vertex 178.60000000298024 178.25 11.600000005960464
      vertex 192.19999999701977 178.25 11.600000005960464
      vertex 192.19999999701977 180.65 11.600000005960464
    endloop
  endfacet
  facet normal 0 -1 0
    outer loop
      vertex 167.60830800912984 178.25 10.2
      vertex 224.05 178.25 0
      vertex 175.65 178.25 10.2
    endloop
  endfacet
  facet normal 0 -1 0
    outer loop
      vertex 175.65 178.25 10.2
      vertex 224.05 178.25 0
      vertex 178.60000000298024 178.25 11.600000005960464
    endloop
  endfacet
  facet normal 0 1 0
    outer loop
      vertex 175.65 180.65 10.343548392291538
      vertex 178.60000000298024 180.65 11.600000005960464
      vertex 224.05 180.65 0
    endloop
  endfacet
  facet normal 0 -1 0
    outer loop
      vertex 178.60000000298024 178.25 11.600000005960464
      vertex 224.05 178.25 0
      vertex 192.19999999701977 178.25 11.600000005960464
    endloop
  endfacet
  facet normal 0 1 0
    outer loop
      vertex 178.60000000298024 180.65 11.600000005960464
      vertex 192.19999999701977 180.65 11.600000005960464
      vertex 224.05 180.65 0
    endloop
  endfacet
  facet normal 0 -1 0
    outer loop
      vertex 192.19999999701977 178.25 11.600000005960464
      vertex 224.05 178.25 0
      vertex 192.44721359163523 178.25 11.639154788851737
    endloop
  endfacet
  facet normal 0 1 0
    outer loop
      vertex 192.19999999701977 180.65 11.600000005960464
      vertex 192.44721359163523 180.65 11.639154788851737
      vertex 224.05 180.65 0
    endloop
  endfacet
  facet normal -0.15643444971321585 0 0.9876883430226983
    outer loop
      vertex 192.19999999701977 178.25 11.600000005960464
      vertex 192.44721359163523 178.25 11.639154788851737
      vertex 192.44721359163523 180.65 11.639154788851737
    endloop
  endfacet
  facet normal -0.45399050800249663 0 0.8910065199781846
    outer loop
      vertex 192.44721359163523 178.25 11.639154788851737
      vertex 192.67022819966078 178.25 11.752786409854888
      vertex 192.67022819966078 180.65 11.752786409854888
    endloop
  endfacet
  facet normal -0.15643444971321585 0 0.9876883430226983
    outer loop
      vertex 192.19999999701977 178.25 11.600000005960464
      vertex 192.44721359163523 180.65 11.639154788851737
      vertex 192.19999999701977 180.65 11.600000005960464
    endloop
  endfacet
  facet normal -0.45399050800249663 0 0.8910065199781846
    outer loop
      vertex 192.44721359163523 178.25 11.639154788851737
      vertex 192.67022819966078 180.65 11.752786409854888
      vertex 192.44721359163523 180.65 11.639154788851737
    endloop
  endfacet
  facet normal -0.7071067811865476 0 0.7071067811865476
    outer loop
      vertex 192.67022819966078 178.25 11.752786409854888
      vertex 192.84721359014512 180.65 11.929771800339221
      vertex 192.67022819966078 180.65 11.752786409854888
    endloop
  endfacet
  facet normal -0.7071067811865476 0 0.7071067811865476
    outer loop
      vertex 192.67022819966078 178.25 11.752786409854888
      vertex 192.84721359014512 178.25 11.929771800339221
      vertex 192.84721359014512 180.65 11.929771800339221
    endloop
  endfacet
  facet normal -0.8910065199781846 0 0.45399050800249663
    outer loop
      vertex 192.84721359014512 178.25 11.929771800339221
      vertex 192.96084521114827 178.25 12.152786408364772
      vertex 192.96084521114827 180.65 12.152786408364772
    endloop
  endfacet
  facet normal -0.9876883430226983 0 0.15643444971321585
    outer loop
      vertex 192.96084521114827 178.25 12.152786408364772
      vertex 192.99999999403954 178.25 12.400000002980232
      vertex 192.99999999403954 180.65 12.400000002980232
    endloop
  endfacet
  facet normal -0.8910065199781846 0 0.45399050800249663
    outer loop
      vertex 192.84721359014512 178.25 11.929771800339221
      vertex 192.96084521114827 180.65 12.152786408364772
      vertex 192.84721359014512 180.65 11.929771800339221
    endloop
  endfacet
  facet normal -0.9876883430226983 0 0.15643444971321585
    outer loop
      vertex 192.96084521114827 178.25 12.152786408364772
      vertex 192.99999999403954 180.65 12.400000002980232
      vertex 192.96084521114827 180.65 12.152786408364772
    endloop
  endfacet
  facet normal 0 0 -1
    outer loop
      vertex 232.05 84.65 0
      vertex 229.65 172.65 0
      vertex 232.05 172.65 0
    endloop
  endfacet
  facet normal 0 0 -1
    outer loop
      vertex 229.37591649125287 174.3804951684997 0
      vertex 228.5804951684997 175.94159741283784 0
      vertex 232.05 172.65 0
    endloop
  endfacet
  facet normal 0 0 -1
    outer loop
      vertex 229.65 172.65 0
      vertex 229.37591649125287 174.3804951684997 0
      vertex 232.05 172.65 0
    endloop
  endfacet
  facet normal 0 0 -1
    outer loop
      vertex 227.34159741283787 177.1804951684997 0
      vertex 226.52213595499958 180.25845213036123 0
      vertex 228.5804951684997 175.94159741283784 0
    endloop
  endfacet
  facet normal 0 0 -1
    outer loop
      vertex 224.05 178.25 0
      vertex 226.52213595499958 180.25845213036123 0
      vertex 225.78049516849973 177.97591649125286 0
    endloop
  endfacet
  facet normal 0 0 -1
    outer loop
      vertex 227.34159741283787 177.1804951684997 0
      vertex 225.78049516849973 177.97591649125286 0
      vertex 226.52213595499958 180.25845213036123 0
    endloop
  endfacet
  facet normal 0 0 -1
    outer loop
      vertex 232.05 172.65 0
      vertex 228.5804951684997 175.94159741283784 0
      vertex 226.52213595499958 180.25845213036123 0
    endloop
  endfacet
  facet normal 0 0 -1
    outer loop
      vertex 232.05 172.65 0
      vertex 226.52213595499958 180.25845213036123 0
      vertex 230.52213595499958 177.3522820183398 0
    endloop
  endfacet
  facet normal 0 0 -1
    outer loop
      vertex 232.05 172.65 0
      vertex 230.52213595499958 177.3522820183398 0
      vertex 231.65845213036124 175.12213595499958 0
    endloop
  endfacet
  facet normal 0 0 -1
    outer loop
      vertex 226.52213595499958 180.25845213036123 0
      vertex 228.7522820183398 179.12213595499958 0
      vertex 230.52213595499958 177.3522820183398 0
    endloop
  endfacet
  facet normal 0 -1 0
    outer loop
      vertex 192.44721359163523 178.25 11.639154788851737
      vertex 224.05 178.25 0
      vertex 192.67022819966078 178.25 11.752786409854888
    endloop
  endfacet
  facet normal 0 -1 0
    outer loop
      vertex 192.67022819966078 178.25 11.752786409854888
      vertex 224.05 178.25 0
      vertex 192.84721359014512 178.25 11.929771800339221
    endloop
  endfacet
  facet normal 0 -1 0
    outer loop
      vertex 192.84721359014512 178.25 11.929771800339221
      vertex 224.05 178.25 0
      vertex 192.96084521114827 178.25 12.152786408364772
    endloop
  endfacet
  facet normal 0 -1 0
    outer loop
      vertex 192.96084521114827 178.25 12.152786408364772
      vertex 224.05 178.25 0
      vertex 192.99999999403954 178.25 12.400000002980232
    endloop
  endfacet
  facet normal 0 1 0
    outer loop
      vertex 192.44721359163523 180.65 11.639154788851737
      vertex 192.67022819966078 180.65 11.752786409854888
      vertex 224.05 180.65 0
    endloop
  endfacet
  facet normal 0 1 0
    outer loop
      vertex 192.67022819966078 180.65 11.752786409854888
      vertex 192.84721359014512 180.65 11.929771800339221
      vertex 224.05 180.65 0
    endloop
  endfacet
  facet normal 0 1 0
    outer loop
      vertex 192.84721359014512 180.65 11.929771800339221
      vertex 192.96084521114827 180.65 12.152786408364772
      vertex 224.05 180.65 0
    endloop
  endfacet
  facet normal 0 1 0
    outer loop
      vertex 192.96084521114827 180.65 12.152786408364772
      vertex 192.99999999403954 180.65 12.400000002980232
      vertex 224.05 180.65 0
    endloop
  endfacet
  facet normal 0 -1 0
    outer loop
      vertex 192.99999999403954 178.25 12.400000002980232
      vertex 224.05 178.25 0
      vertex 192.99999999403954 178.25 13.999999997019767
    endloop
  endfacet
  facet normal 0 1 0
    outer loop
      vertex 192.99999999403954 180.65 12.400000002980232
      vertex 192.99999999403954 180.65 13.999999997019767
      vertex 224.05 180.65 0
    endloop
  endfacet
  facet normal 0 1 0
    outer loop
      vertex 224.05 180.65 0
      vertex 192.99999999403954 180.65 13.999999997019767
      vertex 192.96084521114827 180.65 14.247213591635226
    endloop
  endfacet
  facet normal 0 1 0
    outer loop
      vertex 224.05 180.65 0
      vertex 192.96084521114827 180.65 14.247213591635226
      vertex 192.84721359014512 180.65 14.470228199660777
    endloop
  endfacet
  facet normal 0 -1 0
    outer loop
      vertex 224.05 178.25 0
      vertex 212.05 178.25 19.650000000000002
      vertex 192.99999999403954 178.25 13.999999997019767
    endloop
  endfacet
  facet normal 0 1 0
    outer loop
      vertex 224.05 180.65 0
      vertex 192.84721359014512 180.65 14.470228199660777
      vertex 212.05 180.65 19.650000000000002
    endloop
  endfacet
  facet normal 0 -1 0
    outer loop
      vertex 175.65 178.25 10.2
      vertex 177.9527864098549 178.25 14.470228199660777
      vertex 175.65 178.25 15.2
    endloop
  endfacet
  facet normal 0 -1 0
    outer loop
      vertex 175.65 178.25 10.2
      vertex 177.83915478885174 178.25 14.247213591635226
      vertex 177.9527864098549 178.25 14.470228199660777
    endloop
  endfacet
  facet normal 0 1 0
    outer loop
      vertex 177.80000000596047 180.65 12.400000002980232
      vertex 175.65 180.65 14.729304110467805
      vertex 177.80000000596047 180.65 13.999999997019767
    endloop
  endfacet
  facet normal 0 -1 0
    outer loop
      vertex 177.9527864098549 178.25 14.470228199660777
      vertex 178.12977180033923 178.25 14.64721359014511
      vertex 175.65 178.25 15.2
    endloop
  endfacet
  facet normal 0 -1 0
    outer loop
      vertex 178.12977180033923 178.25 14.64721359014511
      vertex 178.35278640836478 178.25 14.760845211148261
      vertex 175.65 178.25 15.2
    endloop
  endfacet
  facet normal 0 1 0
    outer loop
      vertex 175.65 180.65 14.729304110467805
      vertex 177.83915478885174 180.65 14.247213591635226
      vertex 177.80000000596047 180.65 13.999999997019767
    endloop
  endfacet
  facet normal 0 1 0
    outer loop
      vertex 175.65 180.65 14.729304110467805
      vertex 177.9527864098549 180.65 14.470228199660777
      vertex 177.83915478885174 180.65 14.247213591635226
    endloop
  endfacet
  facet normal 0 1 0
    outer loop
      vertex 175.65 180.65 14.729304110467805
      vertex 178.12977180033923 180.65 14.64721359014511
      vertex 177.9527864098549 180.65 14.470228199660777
    endloop
  endfacet
  facet normal 1 0 0
    outer loop
      vertex 177.80000000596047 178.25 12.400000002980232
      vertex 177.80000000596047 180.65 12.400000002980232
      vertex 177.80000000596047 178.25 13.999999997019767
    endloop
  endfacet
  facet normal 1 0 0
    outer loop
      vertex 177.80000000596047 180.65 12.400000002980232
      vertex 177.80000000596047 180.65 13.999999997019767
      vertex 177.80000000596047 178.25 13.999999997019767
    endloop
  endfacet
  facet normal 0.9876883430226983 0 -0.15643444971321585
    outer loop
      vertex 177.80000000596047 178.25 13.999999997019767
      vertex 177.80000000596047 180.65 13.999999997019767
      vertex 177.83915478885174 178.25 14.247213591635226
    endloop
  endfacet
  facet normal 0.8910065199781846 0 -0.45399050800249663
    outer loop
      vertex 177.83915478885174 178.25 14.247213591635226
      vertex 177.83915478885174 180.65 14.247213591635226
      vertex 177.9527864098549 178.25 14.470228199660777
    endloop
  endfacet
  facet normal 0.7071067811865476 0 -0.7071067811865476
    outer loop
      vertex 177.9527864098549 178.25 14.470228199660777
      vertex 177.9527864098549 180.65 14.470228199660777
      vertex 178.12977180033923 178.25 14.64721359014511
    endloop
  endfacet
  facet normal 0.45399050800249663 0 -0.8910065199781846
    outer loop
      vertex 178.12977180033923 178.25 14.64721359014511
      vertex 178.12977180033923 180.65 14.64721359014511
      vertex 178.35278640836478 178.25 14.760845211148261
    endloop
  endfacet
  facet normal 0.15643444971321585 0 -0.9876883430226983
    outer loop
      vertex 178.35278640836478 178.25 14.760845211148261
      vertex 178.35278640836478 180.65 14.760845211148261
      vertex 178.60000000298024 178.25 14.799999994039535
    endloop
  endfacet
  facet normal 0.9876883430226983 0 -0.15643444971321585
    outer loop
      vertex 177.83915478885174 178.25 14.247213591635226
      vertex 177.80000000596047 180.65 13.999999997019767
      vertex 177.83915478885174 180.65 14.247213591635226
    endloop
  endfacet
  facet normal 0.8910065199781846 0 -0.45399050800249663
    outer loop
      vertex 177.9527864098549 178.25 14.470228199660777
      vertex 177.83915478885174 180.65 14.247213591635226
      vertex 177.9527864098549 180.65 14.470228199660777
    endloop
  endfacet
  facet normal 0.7071067811865476 0 -0.7071067811865476
    outer loop
      vertex 178.12977180033923 178.25 14.64721359014511
      vertex 177.9527864098549 180.65 14.470228199660777
      vertex 178.12977180033923 180.65 14.64721359014511
    endloop
  endfacet
  facet normal 0.45399050800249663 0 -0.8910065199781846
    outer loop
      vertex 178.35278640836478 178.25 14.760845211148261
      vertex 178.12977180033923 180.65 14.64721359014511
      vertex 178.35278640836478 180.65 14.760845211148261
    endloop
  endfacet
  facet normal 0.15643444971321585 0 -0.9876883430226983
    outer loop
      vertex 178.60000000298024 178.25 14.799999994039535
      vertex 178.35278640836478 180.65 14.760845211148261
      vertex 178.60000000298024 180.65 14.799999994039535
    endloop
  endfacet
  facet normal 0 0 -1
    outer loop
      vertex 178.60000000298024 178.25 14.799999994039535
      vertex 178.60000000298024 180.65 14.799999994039535
      vertex 192.19999999701977 178.25 14.799999994039535
    endloop
  endfacet
  facet normal 0 0 -1
    outer loop
      vertex 178.60000000298024 180.65 14.799999994039535
      vertex 192.19999999701977 180.65 14.799999994039535
      vertex 192.19999999701977 178.25 14.799999994039535
    endloop
  endfacet
  facet normal 0 -1 0
    outer loop
      vertex 178.35278640836478 178.25 14.760845211148261
      vertex 178.60000000298024 178.25 14.799999994039535
      vertex 206.42733188909412 178.25 30.68510750343269
    endloop
  endfacet
  facet normal 0 -1 0
    outer loop
      vertex 178.35278640836478 178.25 14.760845211148261
      vertex 207.96489249656733 178.25 32.222668110905886
      vertex 175.65 178.25 15.2
    endloop
  endfacet
  facet normal -1 0 0
    outer loop
      vertex 192.99999999403954 178.25 12.400000002980232
      vertex 192.99999999403954 178.25 13.999999997019767
      vertex 192.99999999403954 180.65 13.999999997019767
    endloop
  endfacet
  facet normal -1 0 0
    outer loop
      vertex 192.99999999403954 178.25 12.400000002980232
      vertex 192.99999999403954 180.65 13.999999997019767
      vertex 192.99999999403954 180.65 12.400000002980232
    endloop
  endfacet
  facet normal -0.9876883430226983 0 -0.15643444971321585
    outer loop
      vertex 192.99999999403954 178.25 13.999999997019767
      vertex 192.96084521114827 178.25 14.247213591635226
      vertex 192.96084521114827 180.65 14.247213591635226
    endloop
  endfacet
  facet normal -0.8910065199781846 0 -0.45399050800249663
    outer loop
      vertex 192.96084521114827 178.25 14.247213591635226
      vertex 192.84721359014512 178.25 14.470228199660777
      vertex 192.84721359014512 180.65 14.470228199660777
    endloop
  endfacet
  facet normal -0.7071067811865476 0 -0.7071067811865476
    outer loop
      vertex 192.84721359014512 178.25 14.470228199660777
      vertex 192.67022819966078 178.25 14.64721359014511
      vertex 192.67022819966078 180.65 14.64721359014511
    endloop
  endfacet
  facet normal -0.15643444971321585 0 -0.9876883430226983
    outer loop
      vertex 192.44721359163523 178.25 14.760845211148261
      vertex 192.19999999701977 178.25 14.799999994039535
      vertex 192.19999999701977 180.65 14.799999994039535
    endloop
  endfacet
  facet normal -0.45399050800249663 0 -0.8910065199781846
    outer loop
      vertex 192.67022819966078 178.25 14.64721359014511
      vertex 192.44721359163523 178.25 14.760845211148261
      vertex 192.44721359163523 180.65 14.760845211148261
    endloop
  endfacet
  facet normal -0.9876883430226983 0 -0.15643444971321585
    outer loop
      vertex 192.99999999403954 178.25 13.999999997019767
      vertex 192.96084521114827 180.65 14.247213591635226
      vertex 192.99999999403954 180.65 13.999999997019767
    endloop
  endfacet
  facet normal -0.8910065199781846 0 -0.45399050800249663
    outer loop
      vertex 192.96084521114827 178.25 14.247213591635226
      vertex 192.84721359014512 180.65 14.470228199660777
      vertex 192.96084521114827 180.65 14.247213591635226
    endloop
  endfacet
  facet normal -0.7071067811865476 0 -0.7071067811865476
    outer loop
      vertex 192.84721359014512 178.25 14.470228199660777
      vertex 192.67022819966078 180.65 14.64721359014511
      vertex 192.84721359014512 180.65 14.470228199660777
    endloop
  endfacet
  facet normal -0.15643444971321585 0 -0.9876883430226983
    outer loop
      vertex 192.44721359163523 178.25 14.760845211148261
      vertex 192.19999999701977 180.65 14.799999994039535
      vertex 192.44721359163523 180.65 14.760845211148261
    endloop
  endfacet
  facet normal -0.45399050800249663 0 -0.8910065199781846
    outer loop
      vertex 192.67022819966078 178.25 14.64721359014511
      vertex 192.44721359163523 180.65 14.760845211148261
      vertex 192.67022819966078 180.65 14.64721359014511
    endloop
  endfacet
  facet normal 0 -1 0
    outer loop
      vertex 192.99999999403954 178.25 13.999999997019767
      vertex 206.42733188909412 178.25 22.514892496567313
      vertex 192.96084521114827 178.25 14.247213591635226
    endloop
  endfacet
  facet normal 0 -1 0
    outer loop
      vertex 178.60000000298024 178.25 14.799999994039535
      vertex 192.19999999701977 178.25 14.799999994039535
      vertex 205.4401572117487 178.25 28.747668110905884
    endloop
  endfacet
  facet normal 0 -1 0
    outer loop
      vertex 192.96084521114827 178.25 14.247213591635226
      vertex 206.42733188909412 178.25 22.514892496567313
      vertex 192.84721359014512 178.25 14.470228199660777
    endloop
  endfacet
  facet normal 0 -1 0
    outer loop
      vertex 192.84721359014512 178.25 14.470228199660777
      vertex 205.4401572117487 178.25 24.45233188909412
      vertex 192.67022819966078 178.25 14.64721359014511
    endloop
  endfacet
  facet normal 0 -1 0
    outer loop
      vertex 192.67022819966078 178.25 14.64721359014511
      vertex 205.4401572117487 178.25 24.45233188909412
      vertex 192.44721359163523 178.25 14.760845211148261
    endloop
  endfacet
  facet normal 0 1 0
    outer loop
      vertex 192.84721359014512 180.65 14.470228199660777
      vertex 192.67022819966078 180.65 14.64721359014511
      vertex 206.42733188909412 180.65 22.514892496567313
    endloop
  endfacet
  facet normal 0 1 0
    outer loop
      vertex 192.67022819966078 180.65 14.64721359014511
      vertex 192.44721359163523 180.65 14.760845211148261
      vertex 206.42733188909412 180.65 22.514892496567313
    endloop
  endfacet
  facet normal 0 -1 0
    outer loop
      vertex 192.44721359163523 178.25 14.760845211148261
      vertex 205.10000000000002 178.25 26.6
      vertex 192.19999999701977 178.25 14.799999994039535
    endloop
  endfacet
  facet normal 0 -1 0
    outer loop
      vertex 192.99999999403954 178.25 13.999999997019767
      vertex 207.96489249656733 178.25 20.977331889094117
      vertex 206.42733188909412 178.25 22.514892496567313
    endloop
  endfacet
  facet normal 0 1 0
    outer loop
      vertex 192.84721359014512 180.65 14.470228199660777
      vertex 206.42733188909412 180.65 22.514892496567313
      vertex 207.96489249656733 180.65 20.977331889094117
    endloop
  endfacet
  facet normal 0 -1 0
    outer loop
      vertex 192.84721359014512 178.25 14.470228199660777
      vertex 206.42733188909412 178.25 22.514892496567313
      vertex 205.4401572117487 178.25 24.45233188909412
    endloop
  endfacet
  facet normal 0 -1 0
    outer loop
      vertex 192.44721359163523 178.25 14.760845211148261
      vertex 205.4401572117487 178.25 24.45233188909412
      vertex 205.10000000000002 178.25 26.6
    endloop
  endfacet
  facet normal 0 -1 0
    outer loop
      vertex 178.60000000298024 178.25 14.799999994039535
      vertex 205.4401572117487 178.25 28.747668110905884
      vertex 206.42733188909412 178.25 30.68510750343269
    endloop
  endfacet
  facet normal 0 -1 0
    outer loop
      vertex 192.19999999701977 178.25 14.799999994039535
      vertex 205.10000000000002 178.25 26.6
      vertex 205.4401572117487 178.25 28.747668110905884
    endloop
  endfacet
  facet normal 0 -1 0
    outer loop
      vertex 178.35278640836478 178.25 14.760845211148261
      vertex 206.42733188909412 178.25 30.68510750343269
      vertex 207.96489249656733 178.25 32.222668110905886
    endloop
  endfacet
  facet normal 1 0 0
    outer loop
      vertex 232.05 84.65 0
      vertex 232.05 172.65 0
      vertex 232.05 172.65 62
    endloop
  endfacet
  facet normal -1 0 0
    outer loop
      vertex 229.65 90.22441797333937 27.55375239879021
      vertex 229.65 172.65 59.4
      vertex 229.65 172.65 0
    endloop
  endfacet
  facet normal 0 -1 0
    outer loop
      vertex 224.05 178.25 0
      vertex 214.1976681109059 178.25 19.990157211748684
      vertex 212.05 178.25 19.650000000000002
    endloop
  endfacet
  facet normal 0 1 0
    outer loop
      vertex 224.05 180.65 0
      vertex 212.05 180.65 19.650000000000002
      vertex 214.1976681109059 180.65 19.990157211748684
    endloop
  endfacet
  facet normal 0 -1 0
    outer loop
      vertex 192.99999999403954 178.25 13.999999997019767
      vertex 212.05 178.25 19.650000000000002
      vertex 209.9023318890941 178.25 19.990157211748684
    endloop
  endfacet
  facet normal 0 -1 0
    outer loop
      vertex 192.99999999403954 178.25 13.999999997019767
      vertex 209.9023318890941 178.25 19.990157211748684
      vertex 207.96489249656733 178.25 20.977331889094117
    endloop
  endfacet
  facet normal 0 1 0
    outer loop
      vertex 192.84721359014512 180.65 14.470228199660777
      vertex 207.96489249656733 180.65 20.977331889094117
      vertex 209.9023318890941 180.65 19.990157211748684
    endloop
  endfacet
  facet normal 0 1 0
    outer loop
      vertex 192.84721359014512 180.65 14.470228199660777
      vertex 209.9023318890941 180.65 19.990157211748684
      vertex 212.05 180.65 19.650000000000002
    endloop
  endfacet
  facet normal 0.4539904997395504 0 0.891006524188366
    outer loop
      vertex 209.9023318890941 178.25 19.990157211748684
      vertex 209.9023318890941 180.65 19.990157211748684
      vertex 207.96489249656733 178.25 20.977331889094117
    endloop
  endfacet
  facet normal 0.4539904997395504 2.0195973632053857e-17 0.891006524188366
    outer loop
      vertex 209.9023318890941 180.65 19.990157211748684
      vertex 207.96489249656733 180.65 20.977331889094117
      vertex 207.96489249656733 178.25 20.977331889094117
    endloop
  endfacet
  facet normal 0.15643446504022976 -8.104617475955559e-18 0.9876883405951379
    outer loop
      vertex 209.9023318890941 178.25 19.990157211748684
      vertex 212.05 178.25 19.650000000000002
      vertex 212.05 180.65 19.650000000000002
    endloop
  endfacet
  facet normal 0.15643446504022976 0 0.9876883405951379
    outer loop
      vertex 209.9023318890941 178.25 19.990157211748684
      vertex 212.05 180.65 19.650000000000002
      vertex 209.9023318890941 180.65 19.990157211748684
    endloop
  endfacet
  facet normal -0.15643446504022976 8.104617475955559e-18 0.9876883405951379
    outer loop
      vertex 212.05 178.25 19.650000000000002
      vertex 214.1976681109059 178.25 19.990157211748684
      vertex 214.1976681109059 180.65 19.990157211748684
    endloop
  endfacet
  facet normal -0.15643446504022976 0 0.9876883405951379
    outer loop
      vertex 212.05 178.25 19.650000000000002
      vertex 214.1976681109059 180.65 19.990157211748684
      vertex 212.05 180.65 19.650000000000002
    endloop
  endfacet
  facet normal -0.4539904997395504 -2.0195973632053857e-17 0.891006524188366
    outer loop
      vertex 214.1976681109059 178.25 19.990157211748684
      vertex 216.1351075034327 178.25 20.977331889094117
      vertex 216.1351075034327 180.65 20.977331889094117
    endloop
  endfacet
  facet normal -0.4539904997395504 0 0.891006524188366
    outer loop
      vertex 214.1976681109059 178.25 19.990157211748684
      vertex 216.1351075034327 180.65 20.977331889094117
      vertex 214.1976681109059 180.65 19.990157211748684
    endloop
  endfacet
  facet normal 0 -1 0
    outer loop
      vertex 224.05 178.25 0
      vertex 216.1351075034327 178.25 20.977331889094117
      vertex 214.1976681109059 178.25 19.990157211748684
    endloop
  endfacet
  facet normal 0 1 0
    outer loop
      vertex 224.05 180.65 0
      vertex 214.1976681109059 180.65 19.990157211748684
      vertex 216.1351075034327 180.65 20.977331889094117
    endloop
  endfacet
  facet normal 0 -1 0
    outer loop
      vertex 224.05 178.25 0
      vertex 217.6726681109059 178.25 22.514892496567313
      vertex 216.1351075034327 178.25 20.977331889094117
    endloop
  endfacet
  facet normal 0 1 0
    outer loop
      vertex 224.05 180.65 0
      vertex 216.1351075034327 180.65 20.977331889094117
      vertex 217.6726681109059 180.65 22.514892496567313
    endloop
  endfacet
  facet normal 0 -1 0
    outer loop
      vertex 224.05 178.25 0
      vertex 218.65984278825132 178.25 24.45233188909412
      vertex 217.6726681109059 178.25 22.514892496567313
    endloop
  endfacet
  facet normal 0 1 0
    outer loop
      vertex 224.05 180.65 0
      vertex 217.6726681109059 180.65 22.514892496567313
      vertex 218.65984278825132 180.65 24.45233188909412
    endloop
  endfacet
  facet normal 0 -1 0
    outer loop
      vertex 224.05 178.25 0
      vertex 219 178.25 26.6
      vertex 218.65984278825132 178.25 24.45233188909412
    endloop
  endfacet
  facet normal 0 1 0
    outer loop
      vertex 224.05 180.65 0
      vertex 218.65984278825132 180.65 24.45233188909412
      vertex 219 180.65 26.6
    endloop
  endfacet
  facet normal 0 1 0
    outer loop
      vertex 224.05 180.65 0
      vertex 219 180.65 26.6
      vertex 218.65984278825132 180.65 28.747668110905884
    endloop
  endfacet
  facet normal -0.9876883405951374 -0.1564344650402323 0
    outer loop
      vertex 229.65 172.65 0
      vertex 229.65 172.65 59.4
      vertex 229.37591649125287 174.3804951684997 0
    endloop
  endfacet
  facet normal -0.8910065241883672 -0.45399049973954775 0
    outer loop
      vertex 229.37591649125287 174.3804951684997 0
      vertex 229.37591649125287 174.3804951684997 59.4
      vertex 228.5804951684997 175.94159741283784 0
    endloop
  endfacet
  facet normal 0.9876883405951378 0.1564344650402311 0
    outer loop
      vertex 232.05 172.65 0
      vertex 231.65845213036124 175.12213595499958 0
      vertex 232.05 172.65 62
    endloop
  endfacet
  facet normal -0.7071067811865557 -0.7071067811865395 -8.03068908290054e-20
    outer loop
      vertex 227.34159741283787 177.1804951684997 0
      vertex 228.5804951684997 175.94159741283784 0
      vertex 228.5804951684997 175.94159741283784 59.4
    endloop
  endfacet
  facet normal -0.45399049973954775 -0.8910065241883672 0
    outer loop
      vertex 227.34159741283787 177.1804951684997 0
      vertex 227.34159741283787 177.1804951684997 59.4
      vertex 225.78049516849973 177.97591649125286 0
    endloop
  endfacet
  facet normal -0.15643446504022981 -0.9876883405951379 2.2378904745639115e-19
    outer loop
      vertex 224.05 178.25 0
      vertex 225.78049516849973 177.97591649125286 0
      vertex 225.78049516849973 177.97591649125286 59.4
    endloop
  endfacet
  facet normal 0.1564344650402311 0.9876883405951378 1.0581010595091994e-19
    outer loop
      vertex 224.05 180.65 0
      vertex 226.52213595499958 180.25845213036123 62
      vertex 226.52213595499958 180.25845213036123 0
    endloop
  endfacet
  facet normal 0.4539904997395477 0.8910065241883673 0
    outer loop
      vertex 226.52213595499958 180.25845213036123 0
      vertex 226.52213595499958 180.25845213036123 62
      vertex 228.7522820183398 179.12213595499958 0
    endloop
  endfacet
  facet normal 0.8910065241883673 0.4539904997395477 -1.2807966005004646e-18
    outer loop
      vertex 231.65845213036124 175.12213595499958 0
      vertex 230.52213595499958 177.3522820183398 0
      vertex 230.52213595499958 177.3522820183398 62
    endloop
  endfacet
  facet normal 0.7071067811865476 0.7071067811865476 0
    outer loop
      vertex 230.52213595499958 177.3522820183398 0
      vertex 228.7522820183398 179.12213595499958 0
      vertex 230.52213595499958 177.3522820183398 62
    endloop
  endfacet
  facet normal 0.7071067811865442 0 0.7071067811865508
    outer loop
      vertex 207.96489249656733 178.25 20.977331889094117
      vertex 207.96489249656733 180.65 20.977331889094117
      vertex 206.42733188909412 178.25 22.514892496567313
    endloop
  endfacet
  facet normal 0.7071067811865442 -1.5511368310029925e-17 0.7071067811865508
    outer loop
      vertex 207.96489249656733 180.65 20.977331889094117
      vertex 206.42733188909412 180.65 22.514892496567313
      vertex 206.42733188909412 178.25 22.514892496567313
    endloop
  endfacet
  facet normal 0.8910065241883701 0 0.45399049973954264
    outer loop
      vertex 206.42733188909412 178.25 22.514892496567313
      vertex 206.42733188909412 180.65 22.514892496567313
      vertex 205.4401572117487 178.25 24.45233188909412
    endloop
  endfacet
  facet normal 0.8910065241883701 -1.2637585663750753e-17 0.45399049973954264
    outer loop
      vertex 206.42733188909412 180.65 22.514892496567313
      vertex 205.4401572117487 180.65 24.45233188909412
      vertex 205.4401572117487 178.25 24.45233188909412
    endloop
  endfacet
  facet normal -0.7071067811865442 1.5511368310029925e-17 0.7071067811865508
    outer loop
      vertex 216.1351075034327 178.25 20.977331889094117
      vertex 217.6726681109059 178.25 22.514892496567313
      vertex 217.6726681109059 180.65 22.514892496567313
    endloop
  endfacet
  facet normal -0.7071067811865442 0 0.7071067811865508
    outer loop
      vertex 216.1351075034327 178.25 20.977331889094117
      vertex 217.6726681109059 180.65 22.514892496567313
      vertex 216.1351075034327 180.65 20.977331889094117
    endloop
  endfacet
  facet normal 0.9876883405951382 0 0.15643446504022757
    outer loop
      vertex 205.4401572117487 178.25 24.45233188909412
      vertex 205.4401572117487 180.65 24.45233188909412
      vertex 205.10000000000002 178.25 26.6
    endloop
  endfacet
  facet normal 0.9876883405951382 -8.29859067219551e-18 0.15643446504022757
    outer loop
      vertex 205.4401572117487 180.65 24.45233188909412
      vertex 205.10000000000002 180.65 26.6
      vertex 205.10000000000002 178.25 26.6
    endloop
  endfacet
  facet normal 0.9876883405951382 0 -0.15643446504022757
    outer loop
      vertex 205.10000000000002 178.25 26.6
      vertex 205.10000000000002 180.65 26.6
      vertex 205.4401572117487 178.25 28.747668110905884
    endloop
  endfacet
  facet normal 0.9876883405951382 8.29859067219551e-18 -0.15643446504022757
    outer loop
      vertex 205.10000000000002 180.65 26.6
      vertex 205.4401572117487 180.65 28.747668110905884
      vertex 205.4401572117487 178.25 28.747668110905884
    endloop
  endfacet
  facet normal -0.8910065241883701 1.2637585663750753e-17 0.45399049973954264
    outer loop
      vertex 217.6726681109059 178.25 22.514892496567313
      vertex 218.65984278825132 178.25 24.45233188909412
      vertex 218.65984278825132 180.65 24.45233188909412
    endloop
  endfacet
  facet normal -0.8910065241883701 0 0.45399049973954264
    outer loop
      vertex 217.6726681109059 178.25 22.514892496567313
      vertex 218.65984278825132 180.65 24.45233188909412
      vertex 217.6726681109059 180.65 22.514892496567313
    endloop
  endfacet
  facet normal -0.9876883405951382 8.29859067219551e-18 0.15643446504022757
    outer loop
      vertex 218.65984278825132 178.25 24.45233188909412
      vertex 219 178.25 26.6
      vertex 219 180.65 26.6
    endloop
  endfacet
  facet normal -0.9876883405951382 0 0.15643446504022757
    outer loop
      vertex 218.65984278825132 178.25 24.45233188909412
      vertex 219 180.65 26.6
      vertex 218.65984278825132 180.65 24.45233188909412
    endloop
  endfacet
  facet normal -0.9876883405951382 -8.29859067219551e-18 -0.15643446504022757
    outer loop
      vertex 219 178.25 26.6
      vertex 218.65984278825132 178.25 28.747668110905884
      vertex 218.65984278825132 180.65 28.747668110905884
    endloop
  endfacet
  facet normal -0.9876883405951382 0 -0.15643446504022757
    outer loop
      vertex 219 178.25 26.6
      vertex 218.65984278825132 180.65 28.747668110905884
      vertex 219 180.65 26.6
    endloop
  endfacet
  facet normal 0 -1 0
    outer loop
      vertex 224.05 178.25 0
      vertex 224.05 178.25 59.4
      vertex 219 178.25 26.6
    endloop
  endfacet
  facet normal 0 -0.3603992792021627 0.9327981344055967
    outer loop
      vertex 45.275000000000006 97.68450993093421 36.12696974604276
      vertex 130.0360847502947 88.21281906955241 32.46745282232706
      vertex 186.775 97.68450993093421 36.12696974604276
    endloop
  endfacet
  facet normal 0 0.36039927920216286 -0.9327981344055967
    outer loop
      vertex 36.56500000000001 94.49179631635506 32.320517358939924
      vertex 186.775 98.54946820101941 33.88825422346933
      vertex 188.485 94.49179631635506 32.320517358939924
    endloop
  endfacet
  facet normal 0 0.36039927920215975 -0.9327981344055979
    outer loop
      vertex 40.47500000000001 90.14864512705087 29.688112889996926
      vertex 189.25279850248657 91.43135974459484 30.183707174048003
      vertex 189.035 90.14864512705087 29.688112889996926
    endloop
  endfacet
  facet normal 0 0.36039927920216225 -0.9327981344055967
    outer loop
      vertex 40.257201497513435 91.43135974459484 30.183707174048003
      vertex 188.485 94.81263579907886 31.490109286007737
      vertex 189.25279850248657 91.43135974459484 30.183707174048003
    endloop
  endfacet
  facet normal 0 0.9327981344055972 0.36039927920216114
    outer loop
      vertex 36.56500000000001 94.49179631635506 32.320517358939924
      vertex 188.485 94.49179631635506 32.320517358939924
      vertex 188.485 94.81263579907886 31.490109286007737
    endloop
  endfacet
  facet normal 0 0.9327981344055956 0.36039927920216525
    outer loop
      vertex 45.275000000000006 97.68450993093421 36.12696974604276
      vertex 186.775 97.68450993093421 36.12696974604276
      vertex 186.775 98.54946820101941 33.88825422346933
    endloop
  endfacet
  facet normal -7.011201298126562e-16 -0.360399279202159 0.932798134405598
    outer loop
      vertex 130.0360847502947 88.21281906955241 32.46745282232706
      vertex 134.73955624699593 88.2086354665147 32.465836430244316
      vertex 186.775 97.68450993093421 36.12696974604276
    endloop
  endfacet
  facet normal 1.247811137104532e-16 -0.36039927920216297 0.9327981344055966
    outer loop
      vertex 136.1930212467909 85.78754391870788 31.530414695864405
      vertex 186.775 97.68450993093421 36.12696974604276
      vertex 134.73955624699593 88.2086354665147 32.465836430244316
    endloop
  endfacet
  facet normal 0 1 0
    outer loop
      vertex 8 180.65 62
      vertex 175.65 180.65 14.729304110467805
      vertex 173.84430023967 180.65 15.2
    endloop
  endfacet
  facet normal 0 1 0
    outer loop
      vertex 8 180.65 62
      vertex 178.12977180033923 180.65 14.64721359014511
      vertex 175.65 180.65 14.729304110467805
    endloop
  endfacet
  facet normal 0 1 0
    outer loop
      vertex 8 180.65 62
      vertex 178.35278640836478 180.65 14.760845211148261
      vertex 178.12977180033923 180.65 14.64721359014511
    endloop
  endfacet
  facet normal 0 1 0
    outer loop
      vertex 8 180.65 62
      vertex 178.60000000298024 180.65 14.799999994039535
      vertex 178.35278640836478 180.65 14.760845211148261
    endloop
  endfacet
  facet normal 0 1 0
    outer loop
      vertex 8 180.65 62
      vertex 192.19999999701977 180.65 14.799999994039535
      vertex 178.60000000298024 180.65 14.799999994039535
    endloop
  endfacet
  facet normal 0 1 0
    outer loop
      vertex 8 180.65 62
      vertex 192.44721359163523 180.65 14.760845211148261
      vertex 192.19999999701977 180.65 14.799999994039535
    endloop
  endfacet
  facet normal 0 1 0
    outer loop
      vertex 8 180.65 62
      vertex 206.42733188909412 180.65 22.514892496567313
      vertex 192.44721359163523 180.65 14.760845211148261
    endloop
  endfacet
  facet normal 0 1 0
    outer loop
      vertex 8 180.65 62
      vertex 205.4401572117487 180.65 24.45233188909412
      vertex 206.42733188909412 180.65 22.514892496567313
    endloop
  endfacet
  facet normal 0 1 0
    outer loop
      vertex 8 180.65 62
      vertex 205.10000000000002 180.65 26.6
      vertex 205.4401572117487 180.65 24.45233188909412
    endloop
  endfacet
  facet normal 0 1 0
    outer loop
      vertex 8 180.65 62
      vertex 205.4401572117487 180.65 28.747668110905884
      vertex 205.10000000000002 180.65 26.6
    endloop
  endfacet
  facet normal 0 1 0
    outer loop
      vertex 8 180.65 62
      vertex 206.42733188909412 180.65 30.68510750343269
      vertex 205.4401572117487 180.65 28.747668110905884
    endloop
  endfacet
  facet normal 0 1 0
    outer loop
      vertex 8 180.65 62
      vertex 207.96489249656733 180.65 32.222668110905886
      vertex 206.42733188909412 180.65 30.68510750343269
    endloop
  endfacet
  facet normal 0 1 0
    outer loop
      vertex 8 180.65 62
      vertex 209.9023318890941 180.65 33.20984278825132
      vertex 207.96489249656733 180.65 32.222668110905886
    endloop
  endfacet
  facet normal 0 -0.9327981344055956 -0.36039927920216525
    outer loop
      vertex 45.275000000000006 144.480448339151 51.63431473138381
      vertex 186.775 144.480448339151 51.63431473138381
      vertex 186.775 143.6154900690658 53.87303025395724
    endloop
  endfacet
  facet normal 0 0.36039927920216397 -0.9327981344055962
    outer loop
      vertex 45.275000000000006 144.480448339151 51.63431473138381
      vertex 188.485 148.53812022381533 53.20205159591322
      vertex 186.775 144.480448339151 51.63431473138381
    endloop
  endfacet
  facet normal 0 -0.9327981344056037 -0.36039927920214454
    outer loop
      vertex 36.56500000000001 148.8589597065391 52.371643522981024
      vertex 188.485 148.8589597065391 52.371643522981024
      vertex 188.485 148.53812022381533 53.20205159591322
    endloop
  endfacet
  facet normal 0 0.36039927920216236 -0.9327981344055968
    outer loop
      vertex 36.56500000000001 148.8589597065391 52.371643522981024
      vertex 189.88487437503147 151.08308218744264 53.230963572421025
      vertex 188.485 148.8589597065391 52.371643522981024
    endloop
  endfacet
  facet normal -1.5536514378991785e-17 0.3603992792021633 -0.9327981344055964
    outer loop
      vertex 36.56500000000001 148.8589597065391 52.371643522981024
      vertex 189.25279850248657 152.24023576102314 53.678045634940766
      vertex 189.88487437503147 151.08308218744264 53.230963572421025
    endloop
  endfacet
  facet normal 1.3235554997877435e-16 0.3603992792021575 -0.9327981344055987
    outer loop
      vertex 36.56500000000001 148.8589597065391 52.371643522981024
      vertex 189.035 153.52295037856712 54.17363991899184
      vertex 189.25279850248657 152.24023576102314 53.678045634940766
    endloop
  endfacet
  facet normal -2.755278654987061e-17 0.3603992792021621 -0.932798134405597
    outer loop
      vertex 36.56500000000001 148.8589597065391 52.371643522981024
      vertex 189.25279850248657 154.8056649961111 54.66923420304292
      vertex 189.035 153.52295037856712 54.17363991899184
    endloop
  endfacet
  facet normal 0 0.36039927920216325 -0.9327981344055963
    outer loop
      vertex 40.257201497513435 154.8056649961111 54.66923420304292
      vertex 189.88487437503147 155.9628185696916 55.11631626556266
      vertex 189.25279850248657 154.8056649961111 54.66923420304292
    endloop
  endfacet
  facet normal 0 0.3603992792021549 -0.9327981344055996
    outer loop
      vertex 39.62512562496852 155.9628185696916 55.11631626556266
      vertex 190.8693556272985 156.88114084516354 55.47112259926772
      vertex 189.88487437503147 155.9628185696916 55.11631626556266
    endloop
  endfacet
  facet normal 0 0.3603992792021722 -0.9327981344055931
    outer loop
      vertex 38.640644372701516 156.88114084516354 55.47112259926772
      vertex 192.1098743750315 157.4707400398762 55.698922288133986
      vertex 190.8693556272985 156.88114084516354 55.47112259926772
    endloop
  endfacet
  facet normal 1.0310769772477603e-16 0.36039927920214887 -0.9327981344056019
    outer loop
      vertex 38.640644372701516 156.88114084516354 55.47112259926772
      vertex 193.485 157.67390207667205 55.77741671144147
      vertex 192.1098743750315 157.4707400398762 55.698922288133986
    endloop
  endfacet
  facet normal 0 -0.36039927920216236 0.9327981344055968
    outer loop
      vertex 8 164.65 62
      vertex 186.775 143.6154900690658 53.87303025395724
      vertex 224.05 164.65 62
    endloop
  endfacet
  facet normal 0 1 0
    outer loop
      vertex 8 180.65 62
      vertex 224.05 180.65 62
      vertex 209.9023318890941 180.65 33.20984278825132
    endloop
  endfacet
  facet normal 2.3696991002408795e-17 0.36039927920216236 -0.9327981344055968
    outer loop
      vertex 38.640644372701516 156.88114084516354 55.47112259926772
      vertex 224.05 167.05 59.4
      vertex 193.485 157.67390207667205 55.77741671144147
    endloop
  endfacet
  facet normal 0 0 -1
    outer loop
      vertex 8 167.05 59.4
      vertex 224.05 178.25 59.4
      vertex 224.05 167.05 59.4
    endloop
  endfacet
  facet normal 0 0 1
    outer loop
      vertex 1.5278640450004204 177.3522820183398 62
      vertex 224.05 164.65 62
      vertex 226.52213595499958 180.25845213036123 62
    endloop
  endfacet
  facet normal 0 0 1
    outer loop
      vertex 8 180.65 62
      vertex 226.52213595499958 180.25845213036123 62
      vertex 224.05 180.65 62
    endloop
  endfacet
  facet normal 0.9876883405951374 -0.1459217771462661 -0.05637886844287556
    outer loop
      vertex 191.08499999999998 89.71968586056643 30.79836040325079
      vertex 191.08499999999998 91.44960240073681 26.32092935810393
      vertex 191.2024643608916 90.4114870026126 31.06564720813227
    endloop
  endfacet
  facet normal 0.8910065241883502 -0.4234814911949456 -0.16361784887077582
    outer loop
      vertex 191.2024643608916 92.141403542783 26.588216162985407
      vertex 191.54335921350014 91.03556982881332 31.306770118255276
      vertex 191.2024643608916 90.4114870026126 31.06564720813227
    endloop
  endfacet
  facet normal 0.7071067811865638 -0.6595878863163422 -0.25484077425858875
    outer loop
      vertex 191.54335921350014 92.76548636898372 26.82933907310841
      vertex 192.07431539449806 91.53084476389932 31.498126343174867
      vertex 191.54335921350014 91.03556982881332 31.306770118255276
    endloop
  endfacet
  facet normal -0.7071067811865496 0.6595878863163559 0.25484077425859347
    outer loop
      vertex 189.88487437503147 93.88947059186127 27.26360570467474
      vertex 189.88487437503147 92.58851331817533 30.63078923656774
      vertex 190.8693556272985 93.5068355936473 30.985595570272814
    endloop
  endfacet
  facet normal -0.45399049973953454 0.8311292235061313 0.32111810908191263
    outer loop
      vertex 190.8693556272985 94.80779286733322 27.618412038379816
      vertex 190.8693556272985 93.5068355936473 30.985595570272814
      vertex 192.1098743750315 94.09643478835997 31.213395259139077
    endloop
  endfacet
  facet normal 0.4539904997395464 -0.8311292235061252 -0.3211181090819116
    outer loop
      vertex 192.07431539449806 93.2607613040697 27.020695298028
      vertex 192.74335921350013 91.848830846441 31.620984602338694
      vertex 192.07431539449806 91.53084476389932 31.498126343174867
    endloop
  endfacet
  facet normal 0.15643446504022074 -0.9213138414813057 -0.3559621660268679
    outer loop
      vertex 192.74335921350013 93.57874738661138 27.14355355719183
      vertex 193.485 91.95840138313986 31.66331867333598
      vertex 192.74335921350013 91.848830846441 31.620984602338694
    endloop
  endfacet
  facet normal -0.15643446504022648 -0.9213138414813047 -0.3559621660268678
    outer loop
      vertex 193.485 93.68831792331024 27.185887628189118
      vertex 194.22664078649987 91.848830846441 31.620984602338694
      vertex 193.485 91.95840138313986 31.66331867333598
    endloop
  endfacet
  facet normal -0.8910065241883809 -0.4234814911948896 -0.16361784887075406
    outer loop
      vertex 195.4266407864999 92.76548636898372 26.82933907310841
      vertex 195.76753563910836 90.4114870026126 31.06564720813227
      vertex 195.4266407864999 91.03556982881332 31.306770118255276
    endloop
  endfacet
  facet normal -0.4539904997395465 -0.8311292235061252 -0.3211181090819116
    outer loop
      vertex 194.22664078649987 93.57874738661138 27.143553557191826
      vertex 194.89568460550194 91.53084476389932 31.498126343174867
      vertex 194.22664078649987 91.848830846441 31.620984602338694
    endloop
  endfacet
  facet normal -0.7071067811865449 -0.6595878863163606 -0.25484077425859375
    outer loop
      vertex 194.89568460550194 93.2607613040697 27.020695298028002
      vertex 195.4266407864999 91.03556982881332 31.306770118255276
      vertex 194.89568460550194 91.53084476389932 31.498126343174867
    endloop
  endfacet
  facet normal 2.893473326018063e-16 0.3603992792021627 -0.9327981344055967
    outer loop
      vertex 193.485 87.480970337993 29.9334021331656
      vertex 192.74335921350013 91.848830846441 31.620984602338694
      vertex 193.485 91.95840138313986 31.66331867333598
    endloop
  endfacet
  facet normal -4.2741642276030063e-16 0.36039927920216197 -0.9327981344055969
    outer loop
      vertex 194.22664078649987 87.59054087469185 29.97573620416289
      vertex 193.485 91.95840138313986 31.66331867333598
      vertex 194.22664078649987 91.848830846441 31.620984602338694
    endloop
  endfacet
  facet normal 5.682714540558585e-15 0.36039927920216347 -0.9327981344055962
    outer loop
      vertex 194.89568460550194 87.90852695723353 30.098594463326716
      vertex 194.22664078649987 91.848830846441 31.620984602338694
      vertex 194.89568460550194 91.53084476389932 31.498126343174867
    endloop
  endfacet
  facet normal -0.15643446504024108 0.921313841481302 0.3559621660268687
    outer loop
      vertex 192.1098743750315 95.39739206204591 27.84621172724608
      vertex 192.1098743750315 94.09643478835997 31.213395259139077
      vertex 193.485 94.29959682515579 31.29188968244655
    endloop
  endfacet
  facet normal 0.1564344650402402 0.9213138414813035 0.35596216602686537
    outer loop
      vertex 193.485 95.60055409884171 27.92470615055355
      vertex 193.485 94.29959682515579 31.29188968244655
      vertex 194.86012562496853 94.09643478835997 31.21339525913908
    endloop
  endfacet
  facet normal 0.4539904997395436 0.8311292235061258 0.3211181090819137
    outer loop
      vertex 194.86012562496853 95.39739206204591 27.84621172724608
      vertex 194.86012562496853 94.09643478835997 31.21339525913908
      vertex 196.1006443727015 93.5068355936473 30.985595570272814
    endloop
  endfacet
  facet normal -0.9876883405951374 -0.14592177714626597 -0.05637886844287597
    outer loop
      vertex 195.885 89.71968586056643 30.79836040325079
      vertex 195.76753563910836 90.4114870026126 31.06564720813227
      vertex 195.76753563910836 92.141403542783 26.588216162985407
    endloop
  endfacet
  facet normal 0.891006524188362 0.423481491194924 0.163617848870767
    outer loop
      vertex 197.0851256249685 93.88947059186127 27.26360570467474
      vertex 197.0851256249685 92.58851331817533 30.63078923656774
      vertex 197.71720149751343 91.43135974459484 30.183707174048003
    endloop
  endfacet
  facet normal 0.7071067811865596 0.6595878863163471 0.25484077425858737
    outer loop
      vertex 196.1006443727015 94.80779286733322 27.618412038379816
      vertex 196.1006443727015 93.5068355936473 30.985595570272814
      vertex 197.0851256249685 92.58851331817533 30.63078923656774
    endloop
  endfacet
  facet normal -3.786914028013614e-15 0.36039927920215625 -0.9327981344055992
    outer loop
      vertex 211.04004900789357 85.7794117647059 28
      vertex 197.0851256249685 92.58851331817533 30.63078923656774
      vertex 196.1006443727015 93.5068355936473 30.985595570272814
    endloop
  endfacet
  facet normal -6.184318280111859e-17 0.3603992792021624 -0.9327981344055967
    outer loop
      vertex 211.04004900789357 85.7794117647059 28
      vertex 196.1006443727015 93.5068355936473 30.985595570272814
      vertex 196.1006443727015 150.1647599119707 52.87615723871595
    endloop
  endfacet
  facet normal -1 0 0
    outer loop
      vertex 188.485 94.81263579907886 31.490109286007737
      vertex 188.485 94.49179631635506 32.320517358939924
      vertex 188.485 148.8589597065391 52.371643522981024
    endloop
  endfacet
  facet normal 1.167946534060206e-15 0.36039927920216247 -0.9327981344055967
    outer loop
      vertex 188.485 94.81263579907886 31.490109286007737
      vertex 188.485 148.8589597065391 52.371643522981024
      vertex 189.25279850248657 91.43135974459484 30.183707174048003
    endloop
  endfacet
  facet normal 4.546465344280307e-15 0.36039927920216247 -0.9327981344055967
    outer loop
      vertex 189.25279850248657 91.43135974459484 30.183707174048003
      vertex 189.88487437503147 151.08308218744264 53.230963572421025
      vertex 189.88487437503147 92.58851331817533 30.63078923656774
    endloop
  endfacet
  facet normal -3.150659361407679e-15 0.3603992792021625 -0.9327981344055968
    outer loop
      vertex 189.88487437503147 92.58851331817533 30.63078923656774
      vertex 189.88487437503147 151.08308218744264 53.230963572421025
      vertex 190.8693556272985 93.5068355936473 30.985595570272814
    endloop
  endfacet
  facet normal 1.186585237550057e-15 0.36039927920216247 -0.9327981344055967
    outer loop
      vertex 190.8693556272985 93.5068355936473 30.985595570272814
      vertex 190.8693556272985 150.1647599119707 52.87615723871595
      vertex 192.1098743750315 94.09643478835997 31.213395259139077
    endloop
  endfacet
  facet normal -1.953728267462415e-15 0.3603992792021623 -0.9327981344055968
    outer loop
      vertex 192.1098743750315 94.09643478835997 31.213395259139077
      vertex 192.1098743750315 149.57516071725803 52.648357549849685
      vertex 193.485 94.29959682515579 31.29188968244655
    endloop
  endfacet
  facet normal 4.394551793877746e-15 0.36039927920216247 -0.9327981344055968
    outer loop
      vertex 193.485 94.29959682515579 31.29188968244655
      vertex 193.485 149.3719986804622 52.56986312654222
      vertex 194.86012562496853 94.09643478835997 31.21339525913908
    endloop
  endfacet
  facet normal -3.897012525514333e-15 0.3603992792021624 -0.9327981344055968
    outer loop
      vertex 194.86012562496853 94.09643478835997 31.21339525913908
      vertex 194.86012562496853 149.57516071725803 52.64835754984969
      vertex 196.1006443727015 93.5068355936473 30.985595570272814
    endloop
  endfacet
  facet normal -8.300899823642754e-16 0.3603992792021625 -0.9327981344055967
    outer loop
      vertex 188.485 94.49179631635506 32.320517358939924
      vertex 186.775 98.54946820101941 33.88825422346933
      vertex 188.485 148.53812022381533 53.20205159591322
    endloop
  endfacet
  facet normal -1 0 0
    outer loop
      vertex 186.775 98.54946820101941 33.88825422346933
      vertex 186.775 97.68450993093421 36.12696974604276
      vertex 186.775 144.480448339151 51.63431473138381
    endloop
  endfacet
  facet normal -1.0878470453744469e-15 0.3603992792021625 -0.9327981344055968
    outer loop
      vertex 189.25279850248657 91.43135974459484 30.183707174048003
      vertex 188.485 148.8589597065391 52.371643522981024
      vertex 189.88487437503147 151.08308218744264 53.230963572421025
    endloop
  endfacet
  facet normal -4.824865246554446e-15 0.36039927920216236 -0.9327981344055968
    outer loop
      vertex 192.1098743750315 94.09643478835997 31.213395259139077
      vertex 190.8693556272985 150.1647599119707 52.87615723871595
      vertex 192.1098743750315 149.57516071725803 52.648357549849685
    endloop
  endfacet
  facet normal 5.476416238991332e-15 0.36039927920216247 -0.9327981344055968
    outer loop
      vertex 193.485 94.29959682515579 31.29188968244655
      vertex 192.1098743750315 149.57516071725803 52.648357549849685
      vertex 193.485 149.3719986804622 52.56986312654222
    endloop
  endfacet
  facet normal -1.7075984154182498e-16 0.36039927920216236 -0.9327981344055968
    outer loop
      vertex 194.86012562496853 94.09643478835997 31.21339525913908
      vertex 193.485 149.3719986804622 52.56986312654222
      vertex 194.86012562496853 149.57516071725803 52.64835754984969
    endloop
  endfacet
  facet normal -4.918103577951695e-16 0.3603992792021625 -0.9327981344055969
    outer loop
      vertex 196.1006443727015 93.5068355936473 30.985595570272814
      vertex 194.86012562496853 149.57516071725803 52.64835754984969
      vertex 196.1006443727015 150.1647599119707 52.87615723871595
    endloop
  endfacet
  facet normal 7.483724880394444e-17 0.36039927920216247 -0.9327981344055968
    outer loop
      vertex 211.04004900789357 85.7794117647059 28
      vertex 196.1006443727015 150.1647599119707 52.87615723871595
      vertex 224.05 79.05000000000001 25.4
    endloop
  endfacet
  facet normal -3.1323610272795043e-16 0.36039927920216236 -0.9327981344055968
    outer loop
      vertex 224.05 79.05000000000001 25.4
      vertex 197.935 153.52295037856712 54.17363991899184
      vertex 224.05 85.7794117647059 28
    endloop
  endfacet
  facet normal -0.18061263926455026 0.35447226324761744 -0.9174576225232451
    outer loop
      vertex 225.78049516849973 79.32408350874715 25.4
      vertex 225.78049516849973 167.32408350874715 59.4
      vertex 227.34159741283787 80.11950483150031 25.4
    endloop
  endfacet
  facet normal -0.05698886983595894 0.3598135632462906 -0.9312821636962816
    outer loop
      vertex 224.05 85.7794117647059 28
      vertex 224.05 167.05 59.4
      vertex 224.18233198347352 85.80037109184539 28
    endloop
  endfacet
  facet normal 0.056988869835941015 -0.35981356324629094 0.9312821636962825
    outer loop
      vertex 224.05 76.65 28
      vertex 226.52213595499958 77.04154786963878 28
      vertex 224.05 164.65 62
    endloop
  endfacet
  facet normal 0.18061263926455026 -0.35447226324761744 0.9174576225232451
    outer loop
      vertex 226.52213595499958 77.04154786963878 28
      vertex 228.7522820183398 78.17786404500043 28
      vertex 228.7522820183398 166.17786404500043 62
    endloop
  endfacet
  facet normal -0.05698886983593885 0.35981356324629105 -0.9312821636962827
    outer loop
      vertex 224.18233198347352 85.80037109184539 28
      vertex 225.78049516849973 167.32408350874715 59.4
      vertex 225.78049516849973 79.32408350874715 25.4
    endloop
  endfacet
  facet normal -0.33905197983177526 0.33905197983177116 -0.8775463007410547
    outer loop
      vertex 227.34159741283787 80.11950483150031 25.4
      vertex 227.34159741283787 168.1195048315003 59.4
      vertex 228.5804951684997 88.08781435186805 28
    endloop
  endfacet
  facet normal 0.3390519798317716 -0.3390519798317716 0.877546300741056
    outer loop
      vertex 228.7522820183398 78.17786404500043 28
      vertex 230.52213595499958 79.94771798166022 28
      vertex 230.52213595499958 167.94771798166022 62
    endloop
  endfacet
  facet normal 0.5774681697558627 -0.29423472876358187 0.7615487097410354
    outer loop
      vertex 230.52213595499958 79.94771798166022 28
      vertex 231.65845213036124 82.17786404500043 28
      vertex 231.65845213036124 170.17786404500043 62
    endloop
  endfacet
  facet normal 0.9154940231085257 -0.14500000847050212 0.3752941395707114
    outer loop
      vertex 231.65845213036124 82.17786404500043 28
      vertex 232.05 84.65 28
      vertex 231.65845213036124 170.17786404500043 62
    endloop
  endfacet
  facet normal 1 0 0
    outer loop
      vertex 232.05 84.65 0
      vertex 232.05 172.65 62
      vertex 232.05 84.65 28
    endloop
  endfacet
  facet normal 0 -0.36039927920216236 0.9327981344055968
    outer loop
      vertex 224.05 76.65 28
      vertex 224.05 164.65 62
      vertex 186.775 97.68450993093421 36.12696974604276
    endloop
  endfacet
  facet normal 3.3249256418531678e-15 0.36039927920216397 -0.9327981344055962
    outer loop
      vertex 224.05 79.05000000000001 25.4
      vertex 196.1006443727015 150.1647599119707 52.87615723871595
      vertex 197.0851256249685 151.08308218744264 53.230963572421025
    endloop
  endfacet
  facet normal 1.6597704801118919e-15 0.36039927920216264 -0.9327981344055966
    outer loop
      vertex 224.05 79.05000000000001 25.4
      vertex 197.0851256249685 151.08308218744264 53.230963572421025
      vertex 197.71720149751343 152.24023576102314 53.678045634940766
    endloop
  endfacet
  facet normal -6.854683856565446e-15 0.36039927920215875 -0.9327981344055982
    outer loop
      vertex 224.05 79.05000000000001 25.4
      vertex 197.71720149751343 152.24023576102314 53.678045634940766
      vertex 197.935 153.52295037856712 54.17363991899184
    endloop
  endfacet
  facet normal -0.5774681697557892 0.2942347287636005 -0.7615487097410838
    outer loop
      vertex 228.64132150494555 88.20719275878803 28
      vertex 228.5804951684997 88.08781435186805 28
      vertex 228.5804951684997 169.35840258716217 59.4
    endloop
  endfacet
  facet normal -0.9154940231085147 0.14500000847051134 -0.37529413957073476
    outer loop
      vertex 229.65 90.22441797333937 27.55375239879021
      vertex 229.4920791588217 90.38233881451765 28
      vertex 229.37591649125287 170.91950483150032 59.4
    endloop
  endfacet
  facet normal -0.5774681697558686 0.2942347287635802 -0.7615487097410313
    outer loop
      vertex 228.64132150494555 88.20719275878803 28
      vertex 229.37591649125287 170.91950483150032 59.4
      vertex 229.37591649125287 89.64891659620619 28
    endloop
  endfacet
  facet normal -0.9154940231085398 0.14500000847049058 -0.3752941395706816
    outer loop
      vertex 229.37591649125287 89.64891659620619 28
      vertex 229.37591649125287 170.91950483150032 59.4
      vertex 229.4920791588217 90.38233881451765 28
    endloop
  endfacet
  facet normal -1 0 0
    outer loop
      vertex 186.775 97.68450993093421 36.12696974604276
      vertex 186.775 143.6154900690658 53.87303025395724
      vertex 186.775 144.480448339151 51.63431473138381
    endloop
  endfacet
  facet normal -1 0 0
    outer loop
      vertex 188.485 94.49179631635506 32.320517358939924
      vertex 188.485 148.53812022381533 53.20205159591322
      vertex 188.485 148.8589597065391 52.371643522981024
    endloop
  endfacet
  facet normal 4.071662268819785e-15 0.3603992792021624 -0.9327981344055968
    outer loop
      vertex 186.775 98.54946820101941 33.88825422346933
      vertex 186.775 144.480448339151 51.63431473138381
      vertex 188.485 148.53812022381533 53.20205159591322
    endloop
  endfacet
  facet normal -3.6318681832648254e-15 0.3603992792021624 -0.9327981344055967
    outer loop
      vertex 190.8693556272985 93.5068355936473 30.985595570272814
      vertex 189.88487437503147 151.08308218744264 53.230963572421025
      vertex 190.8693556272985 150.1647599119707 52.87615723871595
    endloop
  endfacet
  facet normal 3.636788613744737e-18 -0.3603992792021624 0.9327981344055968
    outer loop
      vertex 186.775 97.68450993093421 36.12696974604276
      vertex 224.05 164.65 62
      vertex 186.775 143.6154900690658 53.87303025395724
    endloop
  endfacet
  facet normal -1.2850222278135842e-16 0.3603992792021624 -0.9327981344055969
    outer loop
      vertex 224.05 85.7794117647059 28
      vertex 197.935 153.52295037856712 54.17363991899184
      vertex 224.05 167.05 59.4
    endloop
  endfacet
  facet normal 0 -1 0
    outer loop
      vertex 150.85000000298024 178.25 14.799999994039535
      vertex 158.94999999701977 178.25 14.799999994039535
      vertex 224.05 178.25 59.4
    endloop
  endfacet
  facet normal 0 -1 0
    outer loop
      vertex 158.94999999701977 178.25 14.799999994039535
      vertex 159.19721359163523 178.25 14.760845211148261
      vertex 224.05 178.25 59.4
    endloop
  endfacet
  facet normal 0 -1 0
    outer loop
      vertex 159.19721359163523 178.25 14.760845211148261
      vertex 165.15 178.25 14.760845211148261
      vertex 224.05 178.25 59.4
    endloop
  endfacet
  facet normal 0 -1 0
    outer loop
      vertex 165.15 178.25 14.760845211148261
      vertex 165.7769701692707 178.25 15.2
      vertex 224.05 178.25 59.4
    endloop
  endfacet
  facet normal 0 -1 0
    outer loop
      vertex 165.7769701692707 178.25 15.2
      vertex 175.65 178.25 15.2
      vertex 224.05 178.25 59.4
    endloop
  endfacet
  facet normal 0 -1 0
    outer loop
      vertex 175.65 178.25 15.2
      vertex 207.96489249656733 178.25 32.222668110905886
      vertex 224.05 178.25 59.4
    endloop
  endfacet
  facet normal 0.8910065241883701 0 -0.45399049973954264
    outer loop
      vertex 205.4401572117487 178.25 28.747668110905884
      vertex 205.4401572117487 180.65 28.747668110905884
      vertex 206.42733188909412 178.25 30.68510750343269
    endloop
  endfacet
  facet normal 0.8910065241883701 1.2637585663750753e-17 -0.45399049973954264
    outer loop
      vertex 205.4401572117487 180.65 28.747668110905884
      vertex 206.42733188909412 180.65 30.68510750343269
      vertex 206.42733188909412 178.25 30.68510750343269
    endloop
  endfacet
  facet normal 0.7071067811865442 0 -0.7071067811865508
    outer loop
      vertex 206.42733188909412 178.25 30.68510750343269
      vertex 206.42733188909412 180.65 30.68510750343269
      vertex 207.96489249656733 178.25 32.222668110905886
    endloop
  endfacet
  facet normal 0.7071067811865442 1.5511368310029925e-17 -0.7071067811865508
    outer loop
      vertex 206.42733188909412 180.65 30.68510750343269
      vertex 207.96489249656733 180.65 32.222668110905886
      vertex 207.96489249656733 178.25 32.222668110905886
    endloop
  endfacet
  facet normal 0.45399049973955174 0 -0.8910065241883653
    outer loop
      vertex 207.96489249656733 178.25 32.222668110905886
      vertex 207.96489249656733 180.65 32.222668110905886
      vertex 209.9023318890941 178.25 33.20984278825132
    endloop
  endfacet
  facet normal 0.45399049973955174 -2.0237233506591038e-17 -0.8910065241883653
    outer loop
      vertex 207.96489249656733 180.65 32.222668110905886
      vertex 209.9023318890941 180.65 33.20984278825132
      vertex 209.9023318890941 178.25 33.20984278825132
    endloop
  endfacet
  facet normal -0.7071067811865442 -1.5511368310029925e-17 -0.7071067811865508
    outer loop
      vertex 216.1351075034327 180.65 32.222668110905886
      vertex 217.6726681109059 180.65 30.68510750343269
      vertex 217.6726681109059 178.25 30.68510750343269
    endloop
  endfacet
  facet normal 0.15643446504022976 0 -0.9876883405951379
    outer loop
      vertex 209.9023318890941 178.25 33.20984278825132
      vertex 209.9023318890941 180.65 33.20984278825132
      vertex 212.05 178.25 33.550000000000004
    endloop
  endfacet
  facet normal -0.15643446504022976 0 -0.9876883405951379
    outer loop
      vertex 214.1976681109059 178.25 33.20984278825132
      vertex 212.05 180.65 33.550000000000004
      vertex 214.1976681109059 180.65 33.20984278825132
    endloop
  endfacet
  facet normal -0.7071067811865442 0 -0.7071067811865508
    outer loop
      vertex 216.1351075034327 178.25 32.222668110905886
      vertex 216.1351075034327 180.65 32.222668110905886
      vertex 217.6726681109059 178.25 30.68510750343269
    endloop
  endfacet
  facet normal -0.45399049973955174 2.0237233506591038e-17 -0.8910065241883653
    outer loop
      vertex 216.1351075034327 178.25 32.222668110905886
      vertex 214.1976681109059 178.25 33.20984278825132
      vertex 214.1976681109059 180.65 33.20984278825132
    endloop
  endfacet
  facet normal -0.45399049973955174 0 -0.8910065241883653
    outer loop
      vertex 216.1351075034327 178.25 32.222668110905886
      vertex 214.1976681109059 180.65 33.20984278825132
      vertex 216.1351075034327 180.65 32.222668110905886
    endloop
  endfacet
  facet normal 0.15643446504022976 8.104617475955559e-18 -0.9876883405951379
    outer loop
      vertex 209.9023318890941 180.65 33.20984278825132
      vertex 212.05 180.65 33.550000000000004
      vertex 212.05 178.25 33.550000000000004
    endloop
  endfacet
  facet normal -0.15643446504022976 -8.104617475955559e-18 -0.9876883405951379
    outer loop
      vertex 214.1976681109059 178.25 33.20984278825132
      vertex 212.05 178.25 33.550000000000004
      vertex 212.05 180.65 33.550000000000004
    endloop
  endfacet
  facet normal -0.8910065241883701 -1.2637585663750753e-17 -0.45399049973954264
    outer loop
      vertex 218.65984278825132 178.25 28.747668110905884
      vertex 217.6726681109059 178.25 30.68510750343269
      vertex 217.6726681109059 180.65 30.68510750343269
    endloop
  endfacet
  facet normal -0.8910065241883701 0 -0.45399049973954264
    outer loop
      vertex 218.65984278825132 178.25 28.747668110905884
      vertex 217.6726681109059 180.65 30.68510750343269
      vertex 218.65984278825132 180.65 28.747668110905884
    endloop
  endfacet
  facet normal 0 1 0
    outer loop
      vertex 224.05 180.65 0
      vertex 218.65984278825132 180.65 28.747668110905884
      vertex 224.05 180.65 62
    endloop
  endfacet
  facet normal 0 -1 0
    outer loop
      vertex 207.96489249656733 178.25 32.222668110905886
      vertex 209.9023318890941 178.25 33.20984278825132
      vertex 224.05 178.25 59.4
    endloop
  endfacet
  facet normal 0 -1 0
    outer loop
      vertex 209.9023318890941 178.25 33.20984278825132
      vertex 212.05 178.25 33.550000000000004
      vertex 224.05 178.25 59.4
    endloop
  endfacet
  facet normal 0 -1 0
    outer loop
      vertex 214.1976681109059 178.25 33.20984278825132
      vertex 224.05 178.25 59.4
      vertex 212.05 178.25 33.550000000000004
    endloop
  endfacet
  facet normal 0 1 0
    outer loop
      vertex 209.9023318890941 180.65 33.20984278825132
      vertex 224.05 180.65 62
      vertex 212.05 180.65 33.550000000000004
    endloop
  endfacet
  facet normal 0 1 0
    outer loop
      vertex 214.1976681109059 180.65 33.20984278825132
      vertex 212.05 180.65 33.550000000000004
      vertex 224.05 180.65 62
    endloop
  endfacet
  facet normal 0 -1 0
    outer loop
      vertex 219 178.25 26.6
      vertex 224.05 178.25 59.4
      vertex 218.65984278825132 178.25 28.747668110905884
    endloop
  endfacet
  facet normal 0 -1 0
    outer loop
      vertex 218.65984278825132 178.25 28.747668110905884
      vertex 224.05 178.25 59.4
      vertex 217.6726681109059 178.25 30.68510750343269
    endloop
  endfacet
  facet normal 0 1 0
    outer loop
      vertex 218.65984278825132 180.65 28.747668110905884
      vertex 217.6726681109059 180.65 30.68510750343269
      vertex 224.05 180.65 62
    endloop
  endfacet
  facet normal 0 -1 0
    outer loop
      vertex 216.1351075034327 178.25 32.222668110905886
      vertex 217.6726681109059 178.25 30.68510750343269
      vertex 224.05 178.25 59.4
    endloop
  endfacet
  facet normal -0.15643446504022981 -0.9876883405951379 0
    outer loop
      vertex 224.05 178.25 0
      vertex 225.78049516849973 177.97591649125286 59.4
      vertex 224.05 178.25 59.4
    endloop
  endfacet
  facet normal -0.9876883405951374 -0.1564344650402323 0
    outer loop
      vertex 229.37591649125287 174.3804951684997 0
      vertex 229.65 172.65 59.4
      vertex 229.37591649125287 174.3804951684997 59.4
    endloop
  endfacet
  facet normal 0.9876883405951378 0.1564344650402311 0
    outer loop
      vertex 231.65845213036124 175.12213595499958 0
      vertex 231.65845213036124 175.12213595499958 62
      vertex 232.05 172.65 62
    endloop
  endfacet
  facet normal -0.45399049973954775 -0.8910065241883672 0
    outer loop
      vertex 225.78049516849973 177.97591649125286 0
      vertex 227.34159741283787 177.1804951684997 59.4
      vertex 225.78049516849973 177.97591649125286 59.4
    endloop
  endfacet
  facet normal -0.7071067811865557 -0.7071067811865395 0
    outer loop
      vertex 227.34159741283787 177.1804951684997 0
      vertex 228.5804951684997 175.94159741283784 59.4
      vertex 227.34159741283787 177.1804951684997 59.4
    endloop
  endfacet
  facet normal 0.1564344650402311 0.9876883405951378 0
    outer loop
      vertex 224.05 180.65 0
      vertex 224.05 180.65 62
      vertex 226.52213595499958 180.25845213036123 62
    endloop
  endfacet
  facet normal 0.4539904997395477 0.8910065241883673 0
    outer loop
      vertex 228.7522820183398 179.12213595499958 0
      vertex 226.52213595499958 180.25845213036123 62
      vertex 228.7522820183398 179.12213595499958 62
    endloop
  endfacet
  facet normal -0.8910065241883672 -0.45399049973954775 0
    outer loop
      vertex 228.5804951684997 175.94159741283784 0
      vertex 229.37591649125287 174.3804951684997 59.4
      vertex 228.5804951684997 175.94159741283784 59.4
    endloop
  endfacet
  facet normal 0.8910065241883673 0.4539904997395477 0
    outer loop
      vertex 231.65845213036124 175.12213595499958 0
      vertex 230.52213595499958 177.3522820183398 62
      vertex 231.65845213036124 175.12213595499958 62
    endloop
  endfacet
  facet normal 0.7071067811865476 0.7071067811865476 0
    outer loop
      vertex 228.7522820183398 179.12213595499958 0
      vertex 228.7522820183398 179.12213595499958 62
      vertex 230.52213595499958 177.3522820183398 62
    endloop
  endfacet
  facet normal 0 -1 0
    outer loop
      vertex 216.1351075034327 178.25 32.222668110905886
      vertex 224.05 178.25 59.4
      vertex 214.1976681109059 178.25 33.20984278825132
    endloop
  endfacet
  facet normal 0 1 0
    outer loop
      vertex 216.1351075034327 180.65 32.222668110905886
      vertex 224.05 180.65 62
      vertex 217.6726681109059 180.65 30.68510750343269
    endloop
  endfacet
  facet normal 0 1 0
    outer loop
      vertex 216.1351075034327 180.65 32.222668110905886
      vertex 214.1976681109059 180.65 33.20984278825132
      vertex 224.05 180.65 62
    endloop
  endfacet
  facet normal -9.446524196687609e-15 0.36039927920216464 -0.9327981344055959
    outer loop
      vertex 192.1098743750315 150.87611799094395 49.28117401795669
      vertex 190.8693556272985 151.46571718565662 49.50897370682296
      vertex 192.74335921350013 152.69476266637847 49.98383218801093
    endloop
  endfacet
  facet normal 3.912956877077275e-15 0.3603992792021597 -0.9327981344055979
    outer loop
      vertex 192.1098743750315 150.87611799094395 49.28117401795669
      vertex 193.485 152.58519212967963 49.94149811701365
      vertex 193.485 150.67295595414814 49.20267959464922
    endloop
  endfacet
  facet normal 7.817095374402728e-15 0.36039927920215964 -0.9327981344055979
    outer loop
      vertex 193.485 150.67295595414814 49.20267959464922
      vertex 193.485 152.58519212967963 49.94149811701365
      vertex 194.22664078649987 152.69476266637847 49.983832188010936
    endloop
  endfacet
  facet normal -4.5844561837554964e-15 0.36039927920216364 -0.9327981344055963
    outer loop
      vertex 193.485 150.67295595414814 49.20267959464922
      vertex 194.22664078649987 152.69476266637847 49.983832188010936
      vertex 194.86012562496853 150.87611799094395 49.28117401795669
    endloop
  endfacet
  facet normal 1.3252046009345963e-14 0.3603992792021577 -0.9327981344055986
    outer loop
      vertex 194.86012562496853 150.87611799094395 49.28117401795669
      vertex 195.4266407864999 153.50802368400616 50.29804667209435
      vertex 196.1006443727015 151.46571718565662 49.50897370682296
    endloop
  endfacet
  facet normal -0.4539904997395285 -0.8311292235061339 -0.3211181090819143
    outer loop
      vertex 192.1098743750315 150.87611799094395 49.28117401795669
      vertex 190.8693556272985 150.1647599119707 52.87615723871595
      vertex 190.8693556272985 151.46571718565662 49.50897370682296
    endloop
  endfacet
  facet normal -1.6738903338843576e-15 0.36039927920215425 -0.9327981344055999
    outer loop
      vertex 190.8693556272985 151.46571718565662 49.50897370682296
      vertex 192.07431539449806 153.01274874892016 50.10669044717476
      vertex 192.74335921350013 152.69476266637847 49.98383218801093
    endloop
  endfacet
  facet normal -0.7071067811865442 -0.6595878863163616 -0.25484077425859286
    outer loop
      vertex 190.8693556272985 151.46571718565662 49.50897370682296
      vertex 189.88487437503147 151.08308218744264 53.230963572421025
      vertex 189.88487437503147 152.38403946112857 49.86378004052803
    endloop
  endfacet
  facet normal -0.45399049973952693 -0.8311292235061348 -0.321118109081914
    outer loop
      vertex 192.1098743750315 150.87611799094395 49.28117401795669
      vertex 192.1098743750315 149.57516071725803 52.648357549849685
      vertex 190.8693556272985 150.1647599119707 52.87615723871595
    endloop
  endfacet
  facet normal -0.15643446504024014 -0.9213138414813035 -0.35596216602686537
    outer loop
      vertex 192.1098743750315 150.87611799094395 49.28117401795669
      vertex 193.485 150.67295595414814 49.20267959464922
      vertex 192.1098743750315 149.57516071725803 52.648357549849685
    endloop
  endfacet
  facet normal 0.15643446504024014 -0.9213138414813035 -0.35596216602686537
    outer loop
      vertex 193.485 150.67295595414814 49.20267959464922
      vertex 194.86012562496853 150.87611799094395 49.28117401795669
      vertex 193.485 149.3719986804622 52.56986312654222
    endloop
  endfacet
  facet normal 1.3959329554789686e-15 0.36039927920216136 -0.9327981344055971
    outer loop
      vertex 192.1098743750315 150.87611799094395 49.28117401795669
      vertex 192.74335921350013 152.69476266637847 49.98383218801093
      vertex 193.485 152.58519212967963 49.94149811701365
    endloop
  endfacet
  facet normal 0.45399049973953676 -0.8311292235061304 -0.32111810908191163
    outer loop
      vertex 194.86012562496853 150.87611799094395 49.28117401795669
      vertex 196.1006443727015 151.46571718565662 49.50897370682296
      vertex 194.86012562496853 149.57516071725803 52.64835754984969
    endloop
  endfacet
  facet normal -1.1976640329202023e-14 0.36039927920216136 -0.9327981344055973
    outer loop
      vertex 194.86012562496853 150.87611799094395 49.28117401795669
      vertex 194.22664078649987 152.69476266637847 49.983832188010936
      vertex 194.89568460550194 153.01274874892016 50.10669044717476
    endloop
  endfacet
  facet normal -0.1564344650402401 -0.9213138414813035 -0.35596216602686537
    outer loop
      vertex 193.485 150.67295595414814 49.20267959464922
      vertex 193.485 149.3719986804622 52.56986312654222
      vertex 192.1098743750315 149.57516071725803 52.648357549849685
    endloop
  endfacet
  facet normal 0.15643446504020023 0.9213138414813099 0.3559621660268661
    outer loop
      vertex 192.74335921350013 152.69476266637847 49.98383218801093
      vertex 192.74335921350013 150.9648461262081 54.4612632331578
      vertex 193.485 152.58519212967963 49.94149811701365
    endloop
  endfacet
  facet normal 0.4539904997395631 0.8311292235061182 0.321118109081906
    outer loop
      vertex 192.07431539449806 153.01274874892016 50.10669044717476
      vertex 192.74335921350013 150.9648461262081 54.4612632331578
      vertex 192.74335921350013 152.69476266637847 49.98383218801093
    endloop
  endfacet
  facet normal -0.1564344650402094 0.9213138414813061 0.3559621660268716
    outer loop
      vertex 193.485 152.58519212967963 49.94149811701365
      vertex 193.485 150.85527558950923 54.41892916216051
      vertex 194.22664078649987 152.69476266637847 49.983832188010936
    endloop
  endfacet
  facet normal 0.156434465040242 -0.9213138414813035 -0.3559621660268646
    outer loop
      vertex 194.86012562496853 150.87611799094395 49.28117401795669
      vertex 194.86012562496853 149.57516071725803 52.64835754984969
      vertex 193.485 149.3719986804622 52.56986312654222
    endloop
  endfacet
  facet normal 0.45399049973953376 -0.8311292235061313 -0.32111810908191335
    outer loop
      vertex 196.1006443727015 151.46571718565662 49.50897370682296
      vertex 196.1006443727015 150.1647599119707 52.87615723871595
      vertex 194.86012562496853 149.57516071725803 52.64835754984969
    endloop
  endfacet
  facet normal -0.45399049973956046 0.8311292235061193 0.3211181090819069
    outer loop
      vertex 194.22664078649987 152.69476266637847 49.983832188010936
      vertex 194.22664078649987 150.9648461262081 54.4612632331578
      vertex 194.89568460550194 153.01274874892016 50.10669044717476
    endloop
  endfacet
  facet normal -0.8910065241883726 -0.4234814911949055 -0.1636178488707581
    outer loop
      vertex 189.88487437503147 152.38403946112857 49.86378004052803
      vertex 189.88487437503147 151.08308218744264 53.230963572421025
      vertex 189.25279850248657 152.24023576102314 53.678045634940766
    endloop
  endfacet
  facet normal -0.7071067811865451 -0.6595878863163606 -0.25484077425859303
    outer loop
      vertex 190.8693556272985 151.46571718565662 49.50897370682296
      vertex 190.8693556272985 150.1647599119707 52.87615723871595
      vertex 189.88487437503147 151.08308218744264 53.230963572421025
    endloop
  endfacet
  facet normal 0.7071067811865628 0.6595878863163431 0.2548407742585891
    outer loop
      vertex 192.07431539449806 153.01274874892016 50.10669044717476
      vertex 191.54335921350014 151.77810714383577 54.775477717241216
      vertex 192.07431539449806 151.28283220874977 54.58412149232163
    endloop
  endfacet
  facet normal 0.45399049973953254 0.8311292235061306 0.3211181090819166
    outer loop
      vertex 192.07431539449806 153.01274874892016 50.10669044717476
      vertex 192.07431539449806 151.28283220874977 54.58412149232163
      vertex 192.74335921350013 150.9648461262081 54.4612632331578
    endloop
  endfacet
  facet normal 0.1564344650402412 0.9213138414813015 0.35596216602686975
    outer loop
      vertex 193.485 152.58519212967963 49.94149811701365
      vertex 192.74335921350013 150.9648461262081 54.4612632331578
      vertex 193.485 150.85527558950923 54.41892916216051
    endloop
  endfacet
  facet normal -0.15643446504024708 0.9213138414813028 0.3559621660268639
    outer loop
      vertex 194.22664078649987 152.69476266637847 49.983832188010936
      vertex 193.485 150.85527558950923 54.41892916216051
      vertex 194.22664078649987 150.9648461262081 54.4612632331578
    endloop
  endfacet
  facet normal -0.4539904997395324 0.8311292235061307 0.3211181090819167
    outer loop
      vertex 194.89568460550194 153.01274874892016 50.10669044717476
      vertex 194.22664078649987 150.9648461262081 54.4612632331578
      vertex 194.89568460550194 151.28283220874977 54.58412149232163
    endloop
  endfacet
  facet normal -0.7071067811865439 0.6595878863163608 0.2548407742585959
    outer loop
      vertex 195.4266407864999 153.50802368400616 50.29804667209435
      vertex 194.89568460550194 151.28283220874977 54.58412149232163
      vertex 195.4266407864999 151.77810714383577 54.775477717241216
    endloop
  endfacet
  facet normal -6.4159104428160746e-15 0.3603992792021603 -0.9327981344055977
    outer loop
      vertex 189.88487437503147 152.38403946112857 49.86378004052803
      vertex 189.25279850248657 153.54119303470907 50.31086210304777
      vertex 189.88487437503147 157.26377584337752 51.749132733669654
    endloop
  endfacet
  facet normal -1.6340789703453424e-14 0.3603992792021614 -0.9327981344055971
    outer loop
      vertex 190.8693556272985 151.46571718565662 49.50897370682296
      vertex 191.2024643608916 154.13210651020688 50.53916958221737
      vertex 191.54335921350014 153.50802368400616 50.29804667209436
    endloop
  endfacet
  facet normal -9.025243421460431e-15 0.36039927920215936 -0.9327981344055979
    outer loop
      vertex 190.8693556272985 151.46571718565662 49.50897370682296
      vertex 191.54335921350014 153.50802368400616 50.29804667209436
      vertex 192.07431539449806 153.01274874892016 50.10669044717476
    endloop
  endfacet
  facet normal -1.6595881071898607e-14 0.3603992792021614 -0.9327981344055972
    outer loop
      vertex 190.8693556272985 151.46571718565662 49.50897370682296
      vertex 191.08499999999998 154.82390765225304 50.80645638709884
      vertex 191.2024643608916 154.13210651020688 50.53916958221737
    endloop
  endfacet
  facet normal -7.713439733953645e-16 0.3603992792021605 -0.9327981344055976
    outer loop
      vertex 190.8693556272985 151.46571718565662 49.50897370682296
      vertex 189.88487437503147 152.38403946112857 49.86378004052803
      vertex 190.8693556272985 158.18209811884947 52.103939067374725
    endloop
  endfacet
  facet normal -0.8910065241883726 -0.4234814911949055 -0.1636178488707581
    outer loop
      vertex 189.88487437503147 152.38403946112857 49.86378004052803
      vertex 189.25279850248657 152.24023576102314 53.678045634940766
      vertex 189.25279850248657 153.54119303470907 50.31086210304777
    endloop
  endfacet
  facet normal -9.304317213131597e-18 0.3603992792021575 -0.9327981344055987
    outer loop
      vertex 189.25279850248657 153.54119303470907 50.31086210304777
      vertex 189.035 154.82390765225304 50.80645638709884
      vertex 189.25279850248657 156.10662226979701 51.302050671149914
    endloop
  endfacet
  facet normal -0.9876883405951372 -0.14592177714626844 -0.05637886844287616
    outer loop
      vertex 189.25279850248657 153.54119303470907 50.31086210304777
      vertex 189.035 153.52295037856712 54.17363991899184
      vertex 189.035 154.82390765225304 50.80645638709884
    endloop
  endfacet
  facet normal 0.7071067811865647 0.6595878863163414 0.2548407742585888
    outer loop
      vertex 192.07431539449806 153.01274874892016 50.10669044717476
      vertex 191.54335921350014 153.50802368400616 50.29804667209436
      vertex 191.54335921350014 151.77810714383577 54.775477717241216
    endloop
  endfacet
  facet normal 2.1949683004717094e-16 0.3603992792021605 -0.9327981344055974
    outer loop
      vertex 190.8693556272985 151.46571718565662 49.50897370682296
      vertex 190.8693556272985 158.18209811884947 52.103939067374725
      vertex 191.08499999999998 154.82390765225304 50.80645638709884
    endloop
  endfacet
  facet normal 1.2161620295175215e-14 0.3603992792021575 -0.9327981344055987
    outer loop
      vertex 189.25279850248657 153.54119303470907 50.31086210304777
      vertex 189.25279850248657 156.10662226979701 51.302050671149914
      vertex 189.88487437503147 157.26377584337752 51.749132733669654
    endloop
  endfacet
  facet normal 9.422304688839153e-16 0.36039927920216025 -0.9327981344055977
    outer loop
      vertex 189.88487437503147 152.38403946112857 49.86378004052803
      vertex 189.88487437503147 157.26377584337752 51.749132733669654
      vertex 190.8693556272985 158.18209811884947 52.103939067374725
    endloop
  endfacet
  facet normal 3.533715589215641e-14 0.3603992792021625 -0.9327981344055969
    outer loop
      vertex 191.08499999999998 154.82390765225304 50.80645638709884
      vertex 190.8693556272985 158.18209811884947 52.103939067374725
      vertex 191.2024643608916 155.51570879429923 51.07374319198033
    endloop
  endfacet
  facet normal 2.05985264277806e-15 0.3603992792021589 -0.9327981344055981
    outer loop
      vertex 191.2024643608916 155.51570879429923 51.07374319198033
      vertex 190.8693556272985 158.18209811884947 52.103939067374725
      vertex 191.54335921350014 156.13979162049995 51.31486610210333
    endloop
  endfacet
  facet normal -1.0080633458095997e-14 0.36039927920216547 -0.9327981344055956
    outer loop
      vertex 191.54335921350014 156.13979162049995 51.31486610210333
      vertex 192.1098743750315 158.77169731356213 52.331738756240995
      vertex 192.07431539449806 156.63506655558595 51.50622232702292
    endloop
  endfacet
  facet normal -5.568237565905282e-15 0.36039927920216125 -0.9327981344055972
    outer loop
      vertex 194.86012562496853 150.87611799094395 49.28117401795669
      vertex 194.89568460550194 153.01274874892016 50.10669044717476
      vertex 195.4266407864999 153.50802368400616 50.29804667209435
    endloop
  endfacet
  facet normal 3.214994481459902e-14 0.36039927920216314 -0.9327981344055966
    outer loop
      vertex 196.1006443727015 151.46571718565662 49.50897370682296
      vertex 195.4266407864999 153.50802368400616 50.29804667209435
      vertex 195.76753563910836 154.13210651020688 50.53916958221737
    endloop
  endfacet
  facet normal -0.7071067811865439 0.6595878863163608 0.2548407742585959
    outer loop
      vertex 194.89568460550194 153.01274874892016 50.10669044717476
      vertex 194.89568460550194 151.28283220874977 54.58412149232163
      vertex 195.4266407864999 153.50802368400616 50.29804667209435
    endloop
  endfacet
  facet normal 1.6418774215906848e-15 0.3603992792021606 -0.9327981344055974
    outer loop
      vertex 195.76753563910836 155.51570879429923 51.07374319198032
      vertex 195.4266407864999 156.13979162049995 51.31486610210332
      vertex 196.1006443727015 158.18209811884947 52.103939067374725
    endloop
  endfacet
  facet normal 6.22351069905945e-16 0.3603992792021586 -0.9327981344055983
    outer loop
      vertex 194.89568460550194 156.63506655558595 51.50622232702292
      vertex 194.22664078649987 156.95305263812764 51.62908058618675
      vertex 196.1006443727015 158.18209811884947 52.103939067374725
    endloop
  endfacet
  facet normal -5.380147869841909e-15 0.36039927920216264 -0.9327981344055967
    outer loop
      vertex 194.89568460550194 156.63506655558595 51.50622232702292
      vertex 196.1006443727015 158.18209811884947 52.103939067374725
      vertex 195.4266407864999 156.13979162049995 51.31486610210332
    endloop
  endfacet
  facet normal -0.9876883405951372 -0.14592177714626844 -0.05637886844287616
    outer loop
      vertex 189.25279850248657 152.24023576102314 53.678045634940766
      vertex 189.035 153.52295037856712 54.17363991899184
      vertex 189.25279850248657 153.54119303470907 50.31086210304777
    endloop
  endfacet
  facet normal -0.987688340595137 0.14592177714626847 0.05637886844287605
    outer loop
      vertex 189.035 154.82390765225304 50.80645638709884
      vertex 189.25279850248657 154.8056649961111 54.66923420304292
      vertex 189.25279850248657 156.10662226979701 51.302050671149914
    endloop
  endfacet
  facet normal 0.8910065241883506 0.4234814911949449 0.16361784887077568
    outer loop
      vertex 191.54335921350014 153.50802368400616 50.29804667209436
      vertex 191.2024643608916 154.13210651020688 50.53916958221737
      vertex 191.2024643608916 152.4021899700365 55.01660062736423
    endloop
  endfacet
  facet normal 0.987688340595137 0.14592177714626933 0.0563788684428763
    outer loop
      vertex 191.2024643608916 154.13210651020688 50.53916958221737
      vertex 191.08499999999998 154.82390765225304 50.80645638709884
      vertex 191.08499999999998 153.09399111208268 55.283887432245706
    endloop
  endfacet
  facet normal 0.987688340595138 -0.1459217771462632 -0.05637886844287403
    outer loop
      vertex 191.08499999999998 154.82390765225304 50.80645638709884
      vertex 191.2024643608916 155.51570879429923 51.07374319198033
      vertex 191.2024643608916 153.78579225412886 55.551174237127185
    endloop
  endfacet
  facet normal -0.9876883405951372 0.14592177714626817 0.05637886844287605
    outer loop
      vertex 189.035 154.82390765225304 50.80645638709884
      vertex 189.035 153.52295037856712 54.17363991899184
      vertex 189.25279850248657 154.8056649961111 54.66923420304292
    endloop
  endfacet
  facet normal 0.987688340595138 0.1459217771462634 0.05637886844287502
    outer loop
      vertex 191.2024643608916 154.13210651020688 50.53916958221737
      vertex 191.08499999999998 153.09399111208268 55.283887432245706
      vertex 191.2024643608916 152.4021899700365 55.01660062736423
    endloop
  endfacet
  facet normal 0.8910065241883506 0.4234814911949449 0.16361784887077568
    outer loop
      vertex 191.54335921350014 153.50802368400616 50.29804667209436
      vertex 191.2024643608916 152.4021899700365 55.01660062736423
      vertex 191.54335921350014 151.77810714383577 54.775477717241216
    endloop
  endfacet
  facet normal -0.8910065241883726 0.4234814911949057 0.16361784887075778
    outer loop
      vertex 189.25279850248657 156.10662226979701 51.302050671149914
      vertex 189.88487437503147 155.9628185696916 55.11631626556266
      vertex 189.88487437503147 157.26377584337752 51.749132733669654
    endloop
  endfacet
  facet normal 0.8910065241883499 -0.42348149119494716 -0.16361784887077363
    outer loop
      vertex 191.2024643608916 155.51570879429923 51.07374319198033
      vertex 191.54335921350014 156.13979162049995 51.31486610210333
      vertex 191.54335921350014 154.40987508032958 55.792297147250196
    endloop
  endfacet
  facet normal 1.1188704145226753e-14 0.36039927920216147 -0.9327981344055971
    outer loop
      vertex 191.54335921350014 156.13979162049995 51.31486610210333
      vertex 190.8693556272985 158.18209811884947 52.103939067374725
      vertex 192.1098743750315 158.77169731356213 52.331738756240995
    endloop
  endfacet
  facet normal -0.8910065241883726 0.4234814911949057 0.1636178488707578
    outer loop
      vertex 189.25279850248657 156.10662226979701 51.302050671149914
      vertex 189.25279850248657 154.8056649961111 54.66923420304292
      vertex 189.88487437503147 155.9628185696916 55.11631626556266
    endloop
  endfacet
  facet normal 0.7071067811865629 -0.6595878863163446 -0.2548407742585854
    outer loop
      vertex 191.54335921350014 156.13979162049995 51.31486610210333
      vertex 192.07431539449806 156.63506655558595 51.50622232702292
      vertex 192.07431539449806 154.9051500154156 55.98365337216978
    endloop
  endfacet
  facet normal -0.7071067811865442 0.6595878863163616 0.25484077425859286
    outer loop
      vertex 189.88487437503147 157.26377584337752 51.749132733669654
      vertex 190.8693556272985 156.88114084516354 55.47112259926772
      vertex 190.8693556272985 158.18209811884947 52.103939067374725
    endloop
  endfacet
  facet normal -0.891006524188382 0.42348149119488765 0.16361784887075329
    outer loop
      vertex 195.4266407864999 153.50802368400616 50.29804667209435
      vertex 195.4266407864999 151.77810714383577 54.775477717241216
      vertex 195.76753563910836 154.13210651020688 50.53916958221737
    endloop
  endfacet
  facet normal -0.8910065241883806 -0.42348149119489115 -0.16361784887075195
    outer loop
      vertex 195.76753563910836 155.51570879429923 51.07374319198032
      vertex 195.76753563910836 153.78579225412886 55.551174237127185
      vertex 195.4266407864999 156.13979162049995 51.31486610210332
    endloop
  endfacet
  facet normal -0.8910065241883813 0.42348149119488887 0.16361784887075403
    outer loop
      vertex 195.76753563910836 154.13210651020688 50.53916958221737
      vertex 195.4266407864999 151.77810714383577 54.775477717241216
      vertex 195.76753563910836 152.4021899700365 55.01660062736423
    endloop
  endfacet
  facet normal -1.432061098464542e-14 0.3603992792021656 -0.9327981344055957
    outer loop
      vertex 192.07431539449806 156.63506655558595 51.50622232702292
      vertex 192.1098743750315 158.77169731356213 52.331738756240995
      vertex 192.74335921350013 156.95305263812764 51.629080586186745
    endloop
  endfacet
  facet normal 1.6718485798979755e-14 0.3603992792021596 -0.9327981344055978
    outer loop
      vertex 192.74335921350013 156.95305263812764 51.629080586186745
      vertex 193.485 158.97485935035797 52.41023317954847
      vertex 193.485 157.06262317482648 51.67141465718404
    endloop
  endfacet
  facet normal -6.254425421709799e-15 0.36039927920216863 -0.9327981344055944
    outer loop
      vertex 193.485 157.06262317482648 51.67141465718404
      vertex 194.86012562496853 158.77169731356213 52.331738756240995
      vertex 194.22664078649987 156.95305263812764 51.62908058618675
    endloop
  endfacet
  facet normal -7.143892550915205e-15 0.3603992792021689 -0.9327981344055943
    outer loop
      vertex 194.22664078649987 156.95305263812764 51.62908058618675
      vertex 194.86012562496853 158.77169731356213 52.331738756240995
      vertex 196.1006443727015 158.18209811884947 52.103939067374725
    endloop
  endfacet
  facet normal 0.45399049973956046 -0.8311292235061174 -0.3211181090819115
    outer loop
      vertex 192.07431539449806 156.63506655558595 51.50622232702292
      vertex 192.74335921350013 156.95305263812764 51.629080586186745
      vertex 192.74335921350013 155.22313609795725 56.10651163133361
    endloop
  endfacet
  facet normal 0.15643446504020686 -0.9213138414813087 -0.35596216602686614
    outer loop
      vertex 192.74335921350013 156.95305263812764 51.629080586186745
      vertex 193.485 157.06262317482648 51.67141465718404
      vertex 193.485 155.33270663465612 56.1488457023309
    endloop
  endfacet
  facet normal -0.4539904997395631 -0.831129223506118 -0.3211181090819064
    outer loop
      vertex 194.89568460550194 156.63506655558595 51.50622232702292
      vertex 194.89568460550194 154.9051500154156 55.98365337216978
      vertex 194.22664078649987 156.95305263812764 51.62908058618675
    endloop
  endfacet
  facet normal -0.1564344650402094 -0.9213138414813061 -0.3559621660268716
    outer loop
      vertex 193.485 157.06262317482648 51.67141465718404
      vertex 194.22664078649987 156.95305263812764 51.62908058618675
      vertex 194.22664078649987 155.22313609795725 56.10651163133361
    endloop
  endfacet
  facet normal -0.7071067811865457 -0.6595878863163606 -0.25484077425859125
    outer loop
      vertex 194.89568460550194 156.63506655558595 51.50622232702292
      vertex 195.4266407864999 156.13979162049995 51.31486610210332
      vertex 195.4266407864999 154.40987508032958 55.792297147250196
    endloop
  endfacet
  facet normal 0.45399049973953665 0.8311292235061303 0.32111810908191224
    outer loop
      vertex 196.1006443727015 156.88114084516354 55.47112259926772
      vertex 196.1006443727015 158.18209811884947 52.103939067374725
      vertex 194.86012562496853 158.77169731356213 52.331738756240995
    endloop
  endfacet
  facet normal 0.7071067811865545 -0.6595878863163518 -0.2548407742585897
    outer loop
      vertex 196.1006443727015 151.46571718565662 49.50897370682296
      vertex 197.0851256249685 152.38403946112857 49.86378004052803
      vertex 196.1006443727015 150.1647599119707 52.87615723871595
    endloop
  endfacet
  facet normal 0.8910065241883643 -0.42348149119492073 -0.16361784887076394
    outer loop
      vertex 197.0851256249685 152.38403946112857 49.86378004052803
      vertex 197.71720149751343 153.54119303470907 50.31086210304777
      vertex 197.0851256249685 151.08308218744264 53.230963572421025
    endloop
  endfacet
  facet normal 0.7071067811865553 -0.6595878863163511 -0.25484077425858886
    outer loop
      vertex 197.0851256249685 152.38403946112857 49.86378004052803
      vertex 197.0851256249685 151.08308218744264 53.230963572421025
      vertex 196.1006443727015 150.1647599119707 52.87615723871595
    endloop
  endfacet
  facet normal 0.8910065241883643 -0.42348149119492073 -0.16361784887076394
    outer loop
      vertex 197.0851256249685 151.08308218744264 53.230963572421025
      vertex 197.71720149751343 153.54119303470907 50.31086210304777
      vertex 197.71720149751343 152.24023576102314 53.678045634940766
    endloop
  endfacet
  facet normal 1.6812206549204656e-14 0.36039927920216147 -0.9327981344055971
    outer loop
      vertex 196.1006443727015 151.46571718565662 49.50897370682296
      vertex 195.76753563910836 154.13210651020688 50.53916958221737
      vertex 195.885 154.82390765225304 50.80645638709884
    endloop
  endfacet
  facet normal 1.0536848488967854e-15 0.36039927920216025 -0.9327981344055976
    outer loop
      vertex 196.1006443727015 151.46571718565662 49.50897370682296
      vertex 197.0851256249685 157.26377584337752 51.749132733669654
      vertex 197.0851256249685 152.38403946112857 49.86378004052803
    endloop
  endfacet
  facet normal 1.2226258082045869e-14 0.36039927920215753 -0.9327981344055986
    outer loop
      vertex 197.0851256249685 152.38403946112857 49.86378004052803
      vertex 197.71720149751343 156.10662226979701 51.302050671149914
      vertex 197.71720149751343 153.54119303470907 50.31086210304777
    endloop
  endfacet
  facet normal 2.1949683004714203e-16 0.3603992792021606 -0.9327981344055976
    outer loop
      vertex 196.1006443727015 151.46571718565662 49.50897370682296
      vertex 195.885 154.82390765225304 50.80645638709884
      vertex 196.1006443727015 158.18209811884947 52.103939067374725
    endloop
  endfacet
  facet normal 0.9876883405951372 -0.14592177714626847 -0.056378868442876165
    outer loop
      vertex 197.71720149751343 152.24023576102314 53.678045634940766
      vertex 197.71720149751343 153.54119303470907 50.31086210304777
      vertex 197.935 154.82390765225304 50.80645638709884
    endloop
  endfacet
  facet normal -9.304317213131597e-18 0.3603992792021575 -0.9327981344055987
    outer loop
      vertex 197.71720149751343 153.54119303470907 50.31086210304777
      vertex 197.71720149751343 156.10662226979701 51.302050671149914
      vertex 197.935 154.82390765225304 50.80645638709884
    endloop
  endfacet
  facet normal -7.31255278709209e-16 0.36039927920216047 -0.9327981344055974
    outer loop
      vertex 196.1006443727015 151.46571718565662 49.50897370682296
      vertex 196.1006443727015 158.18209811884947 52.103939067374725
      vertex 197.0851256249685 157.26377584337752 51.749132733669654
    endloop
  endfacet
  facet normal -6.499300834552656e-15 0.36039927920216025 -0.9327981344055977
    outer loop
      vertex 197.0851256249685 152.38403946112857 49.86378004052803
      vertex 197.0851256249685 157.26377584337752 51.749132733669654
      vertex 197.71720149751343 156.10662226979701 51.302050671149914
    endloop
  endfacet
  facet normal 5.692919506333395e-15 0.36039927920216025 -0.9327981344055977
    outer loop
      vertex 195.76753563910836 155.51570879429923 51.07374319198032
      vertex 196.1006443727015 158.18209811884947 52.103939067374725
      vertex 195.885 154.82390765225304 50.80645638709884
    endloop
  endfacet
  facet normal -0.987688340595137 0.14592177714626897 0.05637886844287718
    outer loop
      vertex 195.76753563910836 154.13210651020688 50.53916958221737
      vertex 195.76753563910836 152.4021899700365 55.01660062736423
      vertex 195.885 154.82390765225304 50.80645638709884
    endloop
  endfacet
  facet normal -0.9876883405951379 -0.14592177714626375 -0.056378868442874146
    outer loop
      vertex 195.76753563910836 155.51570879429923 51.07374319198032
      vertex 195.885 154.82390765225304 50.80645638709884
      vertex 195.885 153.09399111208268 55.283887432245706
    endloop
  endfacet
  facet normal 0.9876883405951372 0.14592177714626844 0.05637886844287616
    outer loop
      vertex 197.935 154.82390765225304 50.80645638709884
      vertex 197.71720149751343 156.10662226979701 51.302050671149914
      vertex 197.935 153.52295037856712 54.17363991899184
    endloop
  endfacet
  facet normal -0.9876883405951379 0.14592177714626378 0.05637886844287415
    outer loop
      vertex 195.885 154.82390765225304 50.80645638709884
      vertex 195.76753563910836 152.4021899700365 55.01660062736423
      vertex 195.885 153.09399111208268 55.283887432245706
    endloop
  endfacet
  facet normal 0.9876883405951372 -0.14592177714626844 -0.05637886844287616
    outer loop
      vertex 197.71720149751343 152.24023576102314 53.678045634940766
      vertex 197.935 154.82390765225304 50.80645638709884
      vertex 197.935 153.52295037856712 54.17363991899184
    endloop
  endfacet
  facet normal 0.9876883405951372 0.14592177714626822 0.05637886844287595
    outer loop
      vertex 197.71720149751343 156.10662226979701 51.302050671149914
      vertex 197.71720149751343 154.8056649961111 54.66923420304292
      vertex 197.935 153.52295037856712 54.17363991899184
    endloop
  endfacet
  facet normal 0.8910065241883643 0.42348149119492084 0.16361784887076367
    outer loop
      vertex 197.0851256249685 157.26377584337752 51.749132733669654
      vertex 197.71720149751343 154.8056649961111 54.66923420304292
      vertex 197.71720149751343 156.10662226979701 51.302050671149914
    endloop
  endfacet
  facet normal 0.7071067811865546 0.6595878863163523 0.25484077425858875
    outer loop
      vertex 197.0851256249685 157.26377584337752 51.749132733669654
      vertex 196.1006443727015 158.18209811884947 52.103939067374725
      vertex 197.0851256249685 155.9628185696916 55.11631626556266
    endloop
  endfacet
  facet normal -3.025455581806385e-15 0.3603992792021618 -0.9327981344055969
    outer loop
      vertex 192.07431539449806 151.28283220874977 54.58412149232163
      vertex 192.07431539449806 154.9051500154156 55.98365337216978
      vertex 192.74335921350013 150.9648461262081 54.4612632331578
    endloop
  endfacet
  facet normal -2.398220771992697e-15 0.36039927920216264 -0.9327981344055967
    outer loop
      vertex 192.74335921350013 150.9648461262081 54.4612632331578
      vertex 192.74335921350013 155.22313609795725 56.10651163133361
      vertex 193.485 150.85527558950923 54.41892916216051
    endloop
  endfacet
  facet normal 2.279152667174743e-15 0.3603992792021633 -0.9327981344055963
    outer loop
      vertex 193.485 150.85527558950923 54.41892916216051
      vertex 193.485 155.33270663465612 56.1488457023309
      vertex 194.22664078649987 150.9648461262081 54.4612632331578
    endloop
  endfacet
  facet normal 0.9876883405951379 -0.14592177714626375 -0.05637886844287414
    outer loop
      vertex 191.08499999999998 154.82390765225304 50.80645638709884
      vertex 191.2024643608916 153.78579225412886 55.551174237127185
      vertex 191.08499999999998 153.09399111208268 55.283887432245706
    endloop
  endfacet
  facet normal 0.8910065241883507 -0.4234814911949457 -0.16361784887077332
    outer loop
      vertex 191.2024643608916 155.51570879429923 51.07374319198033
      vertex 191.54335921350014 154.40987508032958 55.792297147250196
      vertex 191.2024643608916 153.78579225412886 55.551174237127185
    endloop
  endfacet
  facet normal 0.707106781186563 -0.6595878863163444 -0.2548407742585854
    outer loop
      vertex 191.54335921350014 156.13979162049995 51.31486610210333
      vertex 192.07431539449806 154.9051500154156 55.98365337216978
      vertex 191.54335921350014 154.40987508032958 55.792297147250196
    endloop
  endfacet
  facet normal -4.430024423008007e-17 0.36039927920215936 -0.9327981344055979
    outer loop
      vertex 191.2024643608916 152.4021899700365 55.01660062736423
      vertex 191.08499999999998 153.09399111208268 55.283887432245706
      vertex 191.2024643608916 153.78579225412886 55.551174237127185
    endloop
  endfacet
  facet normal 8.519037868202272e-15 0.360399279202164 -0.9327981344055962
    outer loop
      vertex 192.07431539449806 151.28283220874977 54.58412149232163
      vertex 191.54335921350014 151.77810714383577 54.775477717241216
      vertex 191.54335921350014 154.40987508032958 55.792297147250196
    endloop
  endfacet
  facet normal -2.0483188197340263e-14 0.3603992792021594 -0.932798134405598
    outer loop
      vertex 191.54335921350014 151.77810714383577 54.775477717241216
      vertex 191.2024643608916 152.4021899700365 55.01660062736423
      vertex 191.2024643608916 153.78579225412886 55.551174237127185
    endloop
  endfacet
  facet normal 1.065518520877024e-14 0.360399279202164 -0.9327981344055961
    outer loop
      vertex 191.54335921350014 151.77810714383577 54.775477717241216
      vertex 191.2024643608916 153.78579225412886 55.551174237127185
      vertex 191.54335921350014 154.40987508032958 55.792297147250196
    endloop
  endfacet
  facet normal -6.264994182282728e-15 0.3603992792021618 -0.9327981344055969
    outer loop
      vertex 192.07431539449806 151.28283220874977 54.58412149232163
      vertex 191.54335921350014 154.40987508032958 55.792297147250196
      vertex 192.07431539449806 154.9051500154156 55.98365337216978
    endloop
  endfacet
  facet normal -0.7071067811865432 0.6595878863163626 0.25484077425859275
    outer loop
      vertex 189.88487437503147 157.26377584337752 51.749132733669654
      vertex 189.88487437503147 155.9628185696916 55.11631626556266
      vertex 190.8693556272985 156.88114084516354 55.47112259926772
    endloop
  endfacet
  facet normal -0.45399049973952693 0.8311292235061348 0.321118109081914
    outer loop
      vertex 190.8693556272985 156.88114084516354 55.47112259926772
      vertex 192.1098743750315 157.4707400398762 55.698922288133986
      vertex 190.8693556272985 158.18209811884947 52.103939067374725
    endloop
  endfacet
  facet normal -0.8910065241883813 -0.4234814911948899 -0.16361784887075123
    outer loop
      vertex 195.4266407864999 156.13979162049995 51.31486610210332
      vertex 195.76753563910836 153.78579225412886 55.551174237127185
      vertex 195.4266407864999 154.40987508032958 55.792297147250196
    endloop
  endfacet
  facet normal 2.5924443762999556e-15 0.36039927920216275 -0.9327981344055968
    outer loop
      vertex 192.74335921350013 150.9648461262081 54.4612632331578
      vertex 192.07431539449806 154.9051500154156 55.98365337216978
      vertex 192.74335921350013 155.22313609795725 56.10651163133361
    endloop
  endfacet
  facet normal 2.176650815887418e-15 0.36039927920216336 -0.9327981344055964
    outer loop
      vertex 193.485 150.85527558950923 54.41892916216051
      vertex 192.74335921350013 155.22313609795725 56.10651163133361
      vertex 193.485 155.33270663465612 56.1488457023309
    endloop
  endfacet
  facet normal 2.5737667692062992e-15 0.36039927920216275 -0.9327981344055968
    outer loop
      vertex 194.22664078649987 150.9648461262081 54.4612632331578
      vertex 194.22664078649987 155.22313609795725 56.10651163133361
      vertex 194.89568460550194 151.28283220874977 54.58412149232163
    endloop
  endfacet
  facet normal -6.1941685412824114e-15 0.3603992792021618 -0.932798134405597
    outer loop
      vertex 194.89568460550194 151.28283220874977 54.58412149232163
      vertex 194.89568460550194 154.9051500154156 55.98365337216978
      vertex 195.4266407864999 151.77810714383577 54.775477717241216
    endloop
  endfacet
  facet normal 1.0821118731603154e-14 0.36039927920216397 -0.9327981344055962
    outer loop
      vertex 195.4266407864999 151.77810714383577 54.775477717241216
      vertex 195.4266407864999 154.40987508032958 55.792297147250196
      vertex 195.76753563910836 152.4021899700365 55.01660062736423
    endloop
  endfacet
  facet normal -3.1530619656394148e-15 0.3603992792021618 -0.9327981344055969
    outer loop
      vertex 194.89568460550194 151.28283220874977 54.58412149232163
      vertex 194.22664078649987 155.22313609795725 56.10651163133361
      vertex 194.89568460550194 154.9051500154156 55.98365337216978
    endloop
  endfacet
  facet normal 8.567833219749968e-15 0.360399279202164 -0.9327981344055962
    outer loop
      vertex 195.4266407864999 151.77810714383577 54.775477717241216
      vertex 194.89568460550194 154.9051500154156 55.98365337216978
      vertex 195.4266407864999 154.40987508032958 55.792297147250196
    endloop
  endfacet
  facet normal -2.042245043755777e-14 0.3603992792021594 -0.932798134405598
    outer loop
      vertex 195.76753563910836 152.4021899700365 55.01660062736423
      vertex 195.4266407864999 154.40987508032958 55.792297147250196
      vertex 195.76753563910836 153.78579225412886 55.551174237127185
    endloop
  endfacet
  facet normal -2.3174430947388124e-15 0.3603992792021627 -0.9327981344055968
    outer loop
      vertex 194.22664078649987 150.9648461262081 54.4612632331578
      vertex 193.485 155.33270663465612 56.1488457023309
      vertex 194.22664078649987 155.22313609795725 56.10651163133361
    endloop
  endfacet
  facet normal 0.4539904997395323 -0.8311292235061326 -0.3211181090819121
    outer loop
      vertex 192.07431539449806 156.63506655558595 51.50622232702292
      vertex 192.74335921350013 155.22313609795725 56.10651163133361
      vertex 192.07431539449806 154.9051500154156 55.98365337216978
    endloop
  endfacet
  facet normal 0.15643446504024125 -0.9213138414813017 -0.35596216602686936
    outer loop
      vertex 192.74335921350013 156.95305263812764 51.629080586186745
      vertex 193.485 155.33270663465612 56.1488457023309
      vertex 192.74335921350013 155.22313609795725 56.10651163133361
    endloop
  endfacet
  facet normal -0.15643446504024708 -0.9213138414813028 -0.3559621660268639
    outer loop
      vertex 193.485 157.06262317482648 51.67141465718404
      vertex 194.22664078649987 155.22313609795725 56.10651163133361
      vertex 193.485 155.33270663465612 56.1488457023309
    endloop
  endfacet
  facet normal -0.1564344650402623 0.9213138414812999 0.3559621660268647
    outer loop
      vertex 192.1098743750315 157.4707400398762 55.698922288133986
      vertex 193.485 157.67390207667205 55.77741671144147
      vertex 192.1098743750315 158.77169731356213 52.331738756240995
    endloop
  endfacet
  facet normal 0.1564344650402605 0.9213138414813004 0.35596216602686415
    outer loop
      vertex 193.485 157.67390207667205 55.77741671144147
      vertex 194.86012562496853 157.4707400398762 55.69892228813399
      vertex 193.485 158.97485935035797 52.41023317954847
    endloop
  endfacet
  facet normal -0.4539904997395325 -0.8311292235061306 -0.32111810908191707
    outer loop
      vertex 194.22664078649987 156.95305263812764 51.62908058618675
      vertex 194.89568460550194 154.9051500154156 55.98365337216978
      vertex 194.22664078649987 155.22313609795725 56.10651163133361
    endloop
  endfacet
  facet normal -0.7071067811865439 -0.6595878863163621 -0.25484077425859225
    outer loop
      vertex 194.89568460550194 156.63506655558595 51.50622232702292
      vertex 195.4266407864999 154.40987508032958 55.792297147250196
      vertex 194.89568460550194 154.9051500154156 55.98365337216978
    endloop
  endfacet
  facet normal 0.45399049973953676 0.8311292235061303 0.32111810908191224
    outer loop
      vertex 194.86012562496853 157.4707400398762 55.69892228813399
      vertex 196.1006443727015 156.88114084516354 55.47112259926772
      vertex 194.86012562496853 158.77169731356213 52.331738756240995
    endloop
  endfacet
  facet normal -0.9876883405951379 -0.14592177714626378 -0.05637886844287415
    outer loop
      vertex 195.76753563910836 155.51570879429923 51.07374319198032
      vertex 195.885 153.09399111208268 55.283887432245706
      vertex 195.76753563910836 153.78579225412886 55.551174237127185
    endloop
  endfacet
  facet normal -4.430024423008007e-17 0.36039927920215936 -0.9327981344055979
    outer loop
      vertex 195.76753563910836 152.4021899700365 55.01660062736423
      vertex 195.76753563910836 153.78579225412886 55.551174237127185
      vertex 195.885 153.09399111208268 55.283887432245706
    endloop
  endfacet
  facet normal 0.8910065241883643 0.4234814911949208 0.16361784887076364
    outer loop
      vertex 197.0851256249685 157.26377584337752 51.749132733669654
      vertex 197.0851256249685 155.9628185696916 55.11631626556266
      vertex 197.71720149751343 154.8056649961111 54.66923420304292
    endloop
  endfacet
  facet normal 0.7071067811865536 0.6595878863163529 0.25484077425858953
    outer loop
      vertex 197.0851256249685 155.9628185696916 55.11631626556266
      vertex 196.1006443727015 158.18209811884947 52.103939067374725
      vertex 196.1006443727015 156.88114084516354 55.47112259926772
    endloop
  endfacet
  facet normal -0.4539904997395284 0.8311292235061339 0.32111810908191435
    outer loop
      vertex 192.1098743750315 157.4707400398762 55.698922288133986
      vertex 192.1098743750315 158.77169731356213 52.331738756240995
      vertex 190.8693556272985 158.18209811884947 52.103939067374725
    endloop
  endfacet
  facet normal -7.873081147323478e-15 0.3603992792021675 -0.9327981344055948
    outer loop
      vertex 192.74335921350013 156.95305263812764 51.629080586186745
      vertex 192.1098743750315 158.77169731356213 52.331738756240995
      vertex 193.485 158.97485935035797 52.41023317954847
    endloop
  endfacet
  facet normal 6.5404595077193304e-15 0.3603992792021597 -0.9327981344055979
    outer loop
      vertex 193.485 157.06262317482648 51.67141465718404
      vertex 193.485 158.97485935035797 52.41023317954847
      vertex 194.86012562496853 158.77169731356213 52.331738756240995
    endloop
  endfacet
  facet normal -0.1564344650402605 0.9213138414813004 0.35596216602686415
    outer loop
      vertex 193.485 157.67390207667205 55.77741671144147
      vertex 193.485 158.97485935035797 52.41023317954847
      vertex 192.1098743750315 158.77169731356213 52.331738756240995
    endloop
  endfacet
  facet normal 0.15643446504026046 0.9213138414813005 0.3559621660268642
    outer loop
      vertex 194.86012562496853 157.4707400398762 55.69892228813399
      vertex 194.86012562496853 158.77169731356213 52.331738756240995
      vertex 193.485 158.97485935035797 52.41023317954847
    endloop
  endfacet
  facet normal -0.05698886983594188 0.359813563246291 -0.9312821636962826
    outer loop
      vertex 224.18233198347352 85.80037109184539 28
      vertex 224.05 167.05 59.4
      vertex 225.78049516849973 167.32408350874715 59.4
    endloop
  endfacet
  facet normal -0.18061263926455026 0.35447226324761744 -0.9174576225232451
    outer loop
      vertex 227.34159741283787 80.11950483150031 25.4
      vertex 225.78049516849973 167.32408350874715 59.4
      vertex 227.34159741283787 168.1195048315003 59.4
    endloop
  endfacet
  facet normal -0.3390519798317777 0.33905197983177077 -0.877546300741054
    outer loop
      vertex 228.5804951684997 88.08781435186805 28
      vertex 227.34159741283787 168.1195048315003 59.4
      vertex 228.5804951684997 169.35840258716217 59.4
    endloop
  endfacet
  facet normal -0.5774681697558608 0.2942347287635822 -0.7615487097410365
    outer loop
      vertex 228.64132150494555 88.20719275878803 28
      vertex 228.5804951684997 169.35840258716217 59.4
      vertex 229.37591649125287 170.91950483150032 59.4
    endloop
  endfacet
  facet normal -0.9154940231085246 0.14500000847050307 -0.3752941395707139
    outer loop
      vertex 229.65 90.22441797333937 27.55375239879021
      vertex 229.37591649125287 170.91950483150032 59.4
      vertex 229.65 172.65 59.4
    endloop
  endfacet
  facet normal 0.056988869835941015 -0.35981356324629094 0.9312821636962825
    outer loop
      vertex 226.52213595499958 77.04154786963878 28
      vertex 226.52213595499958 165.04154786963878 62
      vertex 224.05 164.65 62
    endloop
  endfacet
  facet normal 0.18061263926455026 -0.35447226324761744 0.9174576225232451
    outer loop
      vertex 226.52213595499958 77.04154786963878 28
      vertex 228.7522820183398 166.17786404500043 62
      vertex 226.52213595499958 165.04154786963878 62
    endloop
  endfacet
  facet normal 0.3390519798317716 -0.3390519798317716 0.877546300741056
    outer loop
      vertex 228.7522820183398 78.17786404500043 28
      vertex 230.52213595499958 167.94771798166022 62
      vertex 228.7522820183398 166.17786404500043 62
    endloop
  endfacet
  facet normal 0.5774681697558627 -0.29423472876358187 0.7615487097410354
    outer loop
      vertex 230.52213595499958 79.94771798166022 28
      vertex 231.65845213036124 170.17786404500043 62
      vertex 230.52213595499958 167.94771798166022 62
    endloop
  endfacet
  facet normal 0.915494023108526 -0.14500000847050187 0.3752941395707108
    outer loop
      vertex 232.05 84.65 28
      vertex 232.05 172.65 62
      vertex 231.65845213036124 170.17786404500043 62
    endloop
  endfacet
  facet normal 9.852896444662247e-17 0.360399279202162 -0.9327981344055969
    outer loop
      vertex 197.935 153.52295037856712 54.17363991899184
      vertex 197.71720149751343 154.8056649961111 54.66923420304292
      vertex 224.05 167.05 59.4
    endloop
  endfacet
  facet normal -4.703035569980663e-16 0.3603992792021631 -0.9327981344055964
    outer loop
      vertex 197.71720149751343 154.8056649961111 54.66923420304292
      vertex 197.0851256249685 155.9628185696916 55.11631626556266
      vertex 224.05 167.05 59.4
    endloop
  endfacet
  facet normal 2.3289619061177543e-15 0.36039927920215714 -0.9327981344055988
    outer loop
      vertex 197.0851256249685 155.9628185696916 55.11631626556266
      vertex 196.1006443727015 156.88114084516354 55.47112259926772
      vertex 224.05 167.05 59.4
    endloop
  endfacet
  facet normal -4.5607316352788315e-15 0.36039927920217363 -0.9327981344055923
    outer loop
      vertex 194.86012562496853 157.4707400398762 55.69892228813399
      vertex 224.05 167.05 59.4
      vertex 196.1006443727015 156.88114084516354 55.47112259926772
    endloop
  endfacet
  facet normal 4.731555458113601e-15 0.3603992792021489 -0.9327981344056019
    outer loop
      vertex 193.485 157.67390207667205 55.77741671144147
      vertex 224.05 167.05 59.4
      vertex 194.86012562496853 157.4707400398762 55.69892228813399
    endloop
  endfacet
  facet normal 0 0 -1
    outer loop
      vertex 225.78049516849973 167.32408350874715 59.4
      vertex 229.37591649125287 170.91950483150032 59.4
      vertex 227.34159741283787 168.1195048315003 59.4
    endloop
  endfacet
  facet normal 0 0 1
    outer loop
      vertex 224.05 164.65 62
      vertex 226.52213595499958 165.04154786963878 62
      vertex 228.7522820183398 166.17786404500043 62
    endloop
  endfacet
  facet normal 0 0 1
    outer loop
      vertex 224.05 164.65 62
      vertex 228.7522820183398 166.17786404500043 62
      vertex 232.05 172.65 62
    endloop
  endfacet
  facet normal 0 0 1
    outer loop
      vertex 228.7522820183398 166.17786404500043 62
      vertex 230.52213595499958 167.94771798166022 62
      vertex 231.65845213036124 170.17786404500043 62
    endloop
  endfacet
  facet normal 0 0 -1
    outer loop
      vertex 224.05 167.05 59.4
      vertex 224.05 178.25 59.4
      vertex 225.78049516849973 167.32408350874715 59.4
    endloop
  endfacet
  facet normal 0 0 -1
    outer loop
      vertex 225.78049516849973 167.32408350874715 59.4
      vertex 224.05 178.25 59.4
      vertex 229.37591649125287 170.91950483150032 59.4
    endloop
  endfacet
  facet normal 0 0 -1
    outer loop
      vertex 224.05 178.25 59.4
      vertex 229.65 172.65 59.4
      vertex 229.37591649125287 170.91950483150032 59.4
    endloop
  endfacet
  facet normal 0 0 -1
    outer loop
      vertex 227.34159741283787 168.1195048315003 59.4
      vertex 229.37591649125287 170.91950483150032 59.4
      vertex 228.5804951684997 169.35840258716217 59.4
    endloop
  endfacet
  facet normal 0 0 -1
    outer loop
      vertex 229.65 172.65 59.4
      vertex 227.34159741283787 177.1804951684997 59.4
      vertex 229.37591649125287 174.3804951684997 59.4
    endloop
  endfacet
  facet normal 0 0 1
    outer loop
      vertex 224.05 164.65 62
      vertex 232.05 172.65 62
      vertex 226.52213595499958 180.25845213036123 62
    endloop
  endfacet
  facet normal 0 0 1
    outer loop
      vertex 228.7522820183398 166.17786404500043 62
      vertex 231.65845213036124 170.17786404500043 62
      vertex 232.05 172.65 62
    endloop
  endfacet
  facet normal 0 0 -1
    outer loop
      vertex 224.05 178.25 59.4
      vertex 225.78049516849973 177.97591649125286 59.4
      vertex 227.34159741283787 177.1804951684997 59.4
    endloop
  endfacet
  facet normal 0 0 -1
    outer loop
      vertex 224.05 178.25 59.4
      vertex 227.34159741283787 177.1804951684997 59.4
      vertex 229.65 172.65 59.4
    endloop
  endfacet
  facet normal 0 0 -1
    outer loop
      vertex 229.37591649125287 174.3804951684997 59.4
      vertex 227.34159741283787 177.1804951684997 59.4
      vertex 228.5804951684997 175.94159741283784 59.4
    endloop
  endfacet
  facet normal 0 0 1
    outer loop
      vertex 232.05 172.65 62
      vertex 230.52213595499958 177.3522820183398 62
      vertex 226.52213595499958 180.25845213036123 62
    endloop
  endfacet
  facet normal 0 0 1
    outer loop
      vertex 232.05 172.65 62
      vertex 231.65845213036124 175.12213595499958 62
      vertex 230.52213595499958 177.3522820183398 62
    endloop
  endfacet
  facet normal 0 0 1
    outer loop
      vertex 226.52213595499958 180.25845213036123 62
      vertex 230.52213595499958 177.3522820183398 62
      vertex 228.7522820183398 179.12213595499958 62
    endloop
  endfacet
endsolid OpenSCAD_Model
