solid OpenSCAD_Model
  facet normal 0 0 -1
    outer loop
      vertex 3.297717981660215 1.5278640450004204 0
      vertex 0.39154786963877175 5.52786404500042 0
      vertex 5.52786404500042 0.39154786963877175 0
    endloop
  endfacet
  facet normal 0 0 -1
    outer loop
      vertex 3.297717981660215 1.5278640450004204 0
      vertex 1.5278640450004204 3.297717981660215 0
      vertex 0.39154786963877175 5.52786404500042 0
    endloop
  endfacet
  facet normal 0 0 -1
    outer loop
      vertex 5.52786404500042 0.39154786963877175 0
      vertex 8.336881039375367 9.885503233952688 0
      vertex 9.885503233952688 8.336881039375367 0
    endloop
  endfacet
  facet normal 0 0 -1
    outer loop
      vertex 5.52786404500042 0.39154786963877175 0
      vertex 9.885503233952688 8.336881039375367 0
      vertex 11.836881039375369 7.342604385933925 0
    endloop
  endfacet
  facet normal -0.7071067811865476 -0.7071067811865476 0
    outer loop
      vertex 8.336881039375367 9.885503233952688 -3.5
      vertex 9.885503233952688 8.336881039375367 -3.5
      vertex 8.336881039375367 9.885503233952688 0
    endloop
  endfacet
  facet normal -0.8910065241883682 -0.4539904997395462 1.37559125965806e-17
    outer loop
      vertex 8.336881039375367 9.885503233952688 -3.5
      vertex 7.342604385933925 11.836881039375369 0
      vertex 7.342604385933925 11.836881039375369 -3.5
    endloop
  endfacet
  facet normal 0 0 -1
    outer loop
      vertex 5.52786404500042 0.39154786963877175 0
      vertex 7 14 0
      vertex 7.342604385933925 11.836881039375369 0
    endloop
  endfacet
  facet normal 0 0 -1
    outer loop
      vertex 5.52786404500042 0.39154786963877175 0
      vertex 7.342604385933925 11.836881039375369 0
      vertex 8.336881039375367 9.885503233952688 0
    endloop
  endfacet
  facet normal -0.8910065241883682 -0.4539904997395462 0
    outer loop
      vertex 8.336881039375367 9.885503233952688 -3.5
      vertex 8.336881039375367 9.885503233952688 0
      vertex 7.342604385933925 11.836881039375369 0
    endloop
  endfacet
  facet normal -0.9876883405951377 -0.1564344650402311 0
    outer loop
      vertex 7.342604385933925 11.836881039375369 -3.5
      vertex 7.342604385933925 11.836881039375369 0
      vertex 7 14 0
    endloop
  endfacet
  facet normal 0 0 -1
    outer loop
      vertex 5.52786404500042 0.39154786963877175 0
      vertex 11.836881039375369 7.342604385933925 0
      vertex 14 7 0
    endloop
  endfacet
  facet normal 0 0 -1
    outer loop
      vertex 5.52786404500042 0.39154786963877175 0
      vertex 14 7 0
      vertex 16.163118960624633 7.342604385933925 0
    endloop
  endfacet
  facet normal 0 0 -1
    outer loop
      vertex 5.52786404500042 0.39154786963877175 0
      vertex 16.163118960624633 7.342604385933925 0
      vertex 18.11449676604731 8.336881039375367 0
    endloop
  endfacet
  facet normal -0.4539904997395462 -0.8910065241883682 0
    outer loop
      vertex 9.885503233952688 8.336881039375367 -3.5
      vertex 11.836881039375369 7.342604385933925 -3.5
      vertex 9.885503233952688 8.336881039375367 0
    endloop
  endfacet
  facet normal -0.1564344650402311 -0.9876883405951377 0
    outer loop
      vertex 11.836881039375369 7.342604385933925 -3.5
      vertex 14 7 -3.5
      vertex 11.836881039375369 7.342604385933925 0
    endloop
  endfacet
  facet normal 0 0 -1
    outer loop
      vertex 8.336881039375367 9.885503233952688 -3.5
      vertex 9.885503233952688 19.663118960624633 -3.5
      vertex 9.885503233952688 8.336881039375367 -3.5
    endloop
  endfacet
  facet normal 0 0 -1
    outer loop
      vertex 9.885503233952688 8.336881039375367 -3.5
      vertex 11.836881039375369 20.657395614066075 -3.5
      vertex 11.836881039375369 7.342604385933925 -3.5
    endloop
  endfacet
  facet normal 0 0 -1
    outer loop
      vertex 11.836881039375369 7.342604385933925 -3.5
      vertex 14 21 -3.5
      vertex 14 7 -3.5
    endloop
  endfacet
  facet normal 0.15643446504023098 -0.9876883405951378 0
    outer loop
      vertex 14 7 -3.5
      vertex 16.163118960624633 7.342604385933925 -3.5
      vertex 14 7 0
    endloop
  endfacet
  facet normal 0.4539904997395468 -0.8910065241883678 0
    outer loop
      vertex 16.163118960624633 7.342604385933925 -3.5
      vertex 18.11449676604731 8.336881039375367 -3.5
      vertex 16.163118960624633 7.342604385933925 0
    endloop
  endfacet
  facet normal 0 0 -1
    outer loop
      vertex 14 7 -3.5
      vertex 16.163118960624633 20.657395614066075 -3.5
      vertex 16.163118960624633 7.342604385933925 -3.5
    endloop
  endfacet
  facet normal 0 0 -1
    outer loop
      vertex 16.163118960624633 7.342604385933925 -3.5
      vertex 18.11449676604731 19.663118960624633 -3.5
      vertex 18.11449676604731 8.336881039375367 -3.5
    endloop
  endfacet
  facet normal -0.4539904997395462 -0.8910065241883682 0
    outer loop
      vertex 11.836881039375369 7.342604385933925 -3.5
      vertex 11.836881039375369 7.342604385933925 0
      vertex 9.885503233952688 8.336881039375367 0
    endloop
  endfacet
  facet normal -0.7071067811865476 -0.7071067811865476 -2.4048214225933797e-17
    outer loop
      vertex 8.336881039375367 9.885503233952688 0
      vertex 9.885503233952688 8.336881039375367 -3.5
      vertex 9.885503233952688 8.336881039375367 0
    endloop
  endfacet
  facet normal -0.1564344650402311 -0.9876883405951377 0
    outer loop
      vertex 14 7 -3.5
      vertex 14 7 0
      vertex 11.836881039375369 7.342604385933925 0
    endloop
  endfacet
  facet normal 0.15643446504023098 -0.9876883405951378 0
    outer loop
      vertex 16.163118960624633 7.342604385933925 -3.5
      vertex 16.163118960624633 7.342604385933925 0
      vertex 14 7 0
    endloop
  endfacet
  facet normal 0.4539904997395468 -0.8910065241883678 0
    outer loop
      vertex 18.11449676604731 8.336881039375367 -3.5
      vertex 18.11449676604731 8.336881039375367 0
      vertex 16.163118960624633 7.342604385933925 0
    endloop
  endfacet
  facet normal 0 0 -1
    outer loop
      vertex 7.342604385933925 11.836881039375369 -3.5
      vertex 7 14 -3.5
      vertex 7.342604385933925 16.163118960624633 -3.5
    endloop
  endfacet
  facet normal 0 0 -1
    outer loop
      vertex 8.336881039375367 9.885503233952688 -3.5
      vertex 7.342604385933925 11.836881039375369 -3.5
      vertex 8.336881039375367 18.11449676604731 -3.5
    endloop
  endfacet
  facet normal 0 0 -1
    outer loop
      vertex 7.342604385933925 11.836881039375369 -3.5
      vertex 7.342604385933925 16.163118960624633 -3.5
      vertex 8.336881039375367 18.11449676604731 -3.5
    endloop
  endfacet
  facet normal -0.9876883405951377 -0.1564344650402311 -5.1486645884025354e-18
    outer loop
      vertex 7.342604385933925 11.836881039375369 -3.5
      vertex 7 14 0
      vertex 7 14 -3.5
    endloop
  endfacet
  facet normal -0.9876883405951378 0.15643446504023098 -2.358706916067562e-18
    outer loop
      vertex 7 14 -3.5
      vertex 7.342604385933925 16.163118960624633 0
      vertex 7.342604385933925 16.163118960624633 -3.5
    endloop
  endfacet
  facet normal 0 0 -1
    outer loop
      vertex 8.336881039375367 9.885503233952688 -3.5
      vertex 8.336881039375367 18.11449676604731 -3.5
      vertex 9.885503233952688 19.663118960624633 -3.5
    endloop
  endfacet
  facet normal -0.8910065241883678 0.4539904997395468 -1.1103251728582134e-17
    outer loop
      vertex 7.342604385933925 16.163118960624633 -3.5
      vertex 8.336881039375367 18.11449676604731 0
      vertex 8.336881039375367 18.11449676604731 -3.5
    endloop
  endfacet
  facet normal -0.9876883405951378 0.15643446504023098 0
    outer loop
      vertex 7 14 -3.5
      vertex 7 14 0
      vertex 7.342604385933925 16.163118960624633 0
    endloop
  endfacet
  facet normal -0.8910065241883678 0.4539904997395468 0
    outer loop
      vertex 7.342604385933925 16.163118960624633 -3.5
      vertex 7.342604385933925 16.163118960624633 0
      vertex 8.336881039375367 18.11449676604731 0
    endloop
  endfacet
  facet normal -0.7071067811865479 0.7071067811865471 0
    outer loop
      vertex 8.336881039375367 18.11449676604731 -3.5
      vertex 8.336881039375367 18.11449676604731 0
      vertex 9.885503233952688 19.663118960624633 0
    endloop
  endfacet
  facet normal 0 0 -1
    outer loop
      vertex 9.885503233952688 8.336881039375367 -3.5
      vertex 9.885503233952688 19.663118960624633 -3.5
      vertex 11.836881039375369 20.657395614066075 -3.5
    endloop
  endfacet
  facet normal 0 0 -1
    outer loop
      vertex 11.836881039375369 7.342604385933925 -3.5
      vertex 11.836881039375369 20.657395614066075 -3.5
      vertex 14 21 -3.5
    endloop
  endfacet
  facet normal 0 0 -1
    outer loop
      vertex 14 7 -3.5
      vertex 14 21 -3.5
      vertex 16.163118960624633 20.657395614066075 -3.5
    endloop
  endfacet
  facet normal 0 0 -1
    outer loop
      vertex 16.163118960624633 7.342604385933925 -3.5
      vertex 16.163118960624633 20.657395614066075 -3.5
      vertex 18.11449676604731 19.663118960624633 -3.5
    endloop
  endfacet
  facet normal -0.7071067811865479 0.7071067811865471 -2.2619152380527564e-17
    outer loop
      vertex 8.336881039375367 18.11449676604731 -3.5
      vertex 9.885503233952688 19.663118960624633 0
      vertex 9.885503233952688 19.663118960624633 -3.5
    endloop
  endfacet
  facet normal -0.45399049973954647 0.891006524188368 9.577770706650314e-18
    outer loop
      vertex 9.885503233952688 19.663118960624633 -3.5
      vertex 11.836881039375369 20.657395614066075 0
      vertex 11.836881039375369 20.657395614066075 -3.5
    endloop
  endfacet
  facet normal -0.1564344650402307 0.9876883405951378 7.318136191680714e-19
    outer loop
      vertex 11.836881039375369 20.657395614066075 -3.5
      vertex 14 21 0
      vertex 14 21 -3.5
    endloop
  endfacet
  facet normal 0.15643446504023056 0.9876883405951378 6.775557885302228e-18
    outer loop
      vertex 14 21 -3.5
      vertex 16.163118960624633 20.657395614066075 0
      vertex 16.163118960624633 20.657395614066075 -3.5
    endloop
  endfacet
  facet normal 0.45399049973954714 0.8910065241883678 0
    outer loop
      vertex 18.11449676604731 19.663118960624633 -3.5
      vertex 16.163118960624633 20.657395614066075 -3.5
      vertex 18.11449676604731 19.663118960624633 0
    endloop
  endfacet
  facet normal -0.45399049973954647 0.891006524188368 0
    outer loop
      vertex 9.885503233952688 19.663118960624633 -3.5
      vertex 9.885503233952688 19.663118960624633 0
      vertex 11.836881039375369 20.657395614066075 0
    endloop
  endfacet
  facet normal -0.1564344650402307 0.9876883405951378 0
    outer loop
      vertex 11.836881039375369 20.657395614066075 -3.5
      vertex 11.836881039375369 20.657395614066075 0
      vertex 14 21 0
    endloop
  endfacet
  facet normal 0.15643446504023056 0.9876883405951378 0
    outer loop
      vertex 14 21 -3.5
      vertex 14 21 0
      vertex 16.163118960624633 20.657395614066075 0
    endloop
  endfacet
  facet normal 0.45399049973954714 0.8910065241883678 0
    outer loop
      vertex 16.163118960624633 20.657395614066075 -3.5
      vertex 16.163118960624633 20.657395614066075 0
      vertex 18.11449676604731 19.663118960624633 0
    endloop
  endfacet
  facet normal 0.7071067811865471 -0.7071067811865479 0
    outer loop
      vertex 18.11449676604731 8.336881039375367 -3.5
      vertex 19.663118960624633 9.885503233952688 -3.5
      vertex 18.11449676604731 8.336881039375367 0
    endloop
  endfacet
  facet normal 0 0 -1
    outer loop
      vertex 18.11449676604731 8.336881039375367 -3.5
      vertex 19.663118960624633 18.11449676604731 -3.5
      vertex 19.663118960624633 9.885503233952688 -3.5
    endloop
  endfacet
  facet normal 0 0 -1
    outer loop
      vertex 19.663118960624633 9.885503233952688 -3.5
      vertex 20.657395614066075 16.163118960624633 -3.5
      vertex 20.657395614066075 11.836881039375369 -3.5
    endloop
  endfacet
  facet normal 0.891006524188368 -0.45399049973954647 0
    outer loop
      vertex 19.663118960624633 9.885503233952688 -3.5
      vertex 20.657395614066075 11.836881039375369 -3.5
      vertex 19.663118960624633 9.885503233952688 0
    endloop
  endfacet
  facet normal 0.9876883405951378 -0.1564344650402307 0
    outer loop
      vertex 20.657395614066075 11.836881039375369 -3.5
      vertex 21 14 -3.5
      vertex 20.657395614066075 11.836881039375369 0
    endloop
  endfacet
  facet normal 0.7071067811865471 -0.7071067811865479 -2.2619152380527564e-17
    outer loop
      vertex 18.11449676604731 8.336881039375367 0
      vertex 19.663118960624633 9.885503233952688 -3.5
      vertex 19.663118960624633 9.885503233952688 0
    endloop
  endfacet
  facet normal 0.891006524188368 -0.45399049973954647 0
    outer loop
      vertex 20.657395614066075 11.836881039375369 -3.5
      vertex 20.657395614066075 11.836881039375369 0
      vertex 19.663118960624633 9.885503233952688 0
    endloop
  endfacet
  facet normal 0 0 -1
    outer loop
      vertex 18.11449676604731 8.336881039375367 -3.5
      vertex 18.11449676604731 19.663118960624633 -3.5
      vertex 19.663118960624633 18.11449676604731 -3.5
    endloop
  endfacet
  facet normal 0 0 -1
    outer loop
      vertex 19.663118960624633 9.885503233952688 -3.5
      vertex 19.663118960624633 18.11449676604731 -3.5
      vertex 20.657395614066075 16.163118960624633 -3.5
    endloop
  endfacet
  facet normal 0 0 -1
    outer loop
      vertex 20.657395614066075 11.836881039375369 -3.5
      vertex 20.657395614066075 16.163118960624633 -3.5
      vertex 21 14 -3.5
    endloop
  endfacet
  facet normal 0.9876883405951378 0.15643446504023056 0
    outer loop
      vertex 21 14 -3.5
      vertex 20.657395614066075 16.163118960624633 -3.5
      vertex 21 14 0
    endloop
  endfacet
  facet normal 0.8910065241883678 0.45399049973954714 -1.22304315746484e-17
    outer loop
      vertex 19.663118960624633 18.11449676604731 -3.5
      vertex 20.657395614066075 16.163118960624633 0
      vertex 20.657395614066075 16.163118960624633 -3.5
    endloop
  endfacet
  facet normal 0.7071067811865476 0.7071067811865476 1.1351427147411593e-17
    outer loop
      vertex 18.11449676604731 19.663118960624633 -3.5
      vertex 19.663118960624633 18.11449676604731 0
      vertex 19.663118960624633 18.11449676604731 -3.5
    endloop
  endfacet
  facet normal 0.9876883405951378 -0.1564344650402307 7.318136191680714e-19
    outer loop
      vertex 20.657395614066075 11.836881039375369 0
      vertex 21 14 -3.5
      vertex 21 14 0
    endloop
  endfacet
  facet normal 0.9876883405951378 0.15643446504023056 0
    outer loop
      vertex 20.657395614066075 16.163118960624633 -3.5
      vertex 20.657395614066075 16.163118960624633 0
      vertex 21 14 0
    endloop
  endfacet
  facet normal 0.8910065241883678 0.45399049973954714 0
    outer loop
      vertex 19.663118960624633 18.11449676604731 -3.5
      vertex 19.663118960624633 18.11449676604731 0
      vertex 20.657395614066075 16.163118960624633 0
    endloop
  endfacet
  facet normal 0.7071067811865476 0.7071067811865476 0
    outer loop
      vertex 18.11449676604731 19.663118960624633 -3.5
      vertex 18.11449676604731 19.663118960624633 0
      vertex 19.663118960624633 18.11449676604731 0
    endloop
  endfacet
  facet normal -0.45399049973954664 -0.891006524188368 0
    outer loop
      vertex 3.297717981660215 1.5278640450004204 0
      vertex 5.52786404500042 0.39154786963877175 0
      vertex 3.297717981660215 1.5278640450004204 24
    endloop
  endfacet
  facet normal -0.7071067811865476 -0.7071067811865476 0
    outer loop
      vertex 3.297717981660215 1.5278640450004204 0
      vertex 3.297717981660215 1.5278640450004204 24
      vertex 1.5278640450004204 3.297717981660215 0
    endloop
  endfacet
  facet normal -0.891006524188368 -0.45399049973954664 3.1152330529108098e-18
    outer loop
      vertex 1.5278640450004204 3.297717981660215 0
      vertex 0.39154786963877175 5.52786404500042 24
      vertex 0.39154786963877175 5.52786404500042 0
    endloop
  endfacet
  facet normal -0.15643446504023098 -0.9876883405951378 5.761662720759065e-19
    outer loop
      vertex 5.52786404500042 0.39154786963877175 0
      vertex 8 0 0
      vertex 8 0 24
    endloop
  endfacet
  facet normal -0.9876883405951378 -0.15643446504023098 5.761662720759065e-19
    outer loop
      vertex 0.39154786963877175 5.52786404500042 0
      vertex 0 8 24
      vertex 0 8 0
    endloop
  endfacet
  facet normal 0.4539904970642979 0.8910065255514752 0
    outer loop
      vertex 3.6366442456841526 2.9729490146040902 3
      vertex 3.6366442456841526 2.9729490146040902 24.032881636720038
      vertex 4.472949014604097 2.5468304544687257 3
    endloop
  endfacet
  facet normal 0.7071067811865476 0.7071067811865476 0
    outer loop
      vertex 3.6366442456841526 2.9729490146040902 3
      vertex 2.9729490146040973 3.6366442456841455 3
      vertex 2.9729490146040973 3.6366442456841455 24.036260390927392
    endloop
  endfacet
  facet normal 0.8910065255514752 0.4539904970642979 0
    outer loop
      vertex 2.9729490146040973 3.6366442456841455 3
      vertex 2.546830454468733 4.47294901460409 3
      vertex 2.546830454468733 4.47294901460409 24.04459750899212
    endloop
  endfacet
  facet normal 0.9876883401022011 0.15643446815250964 0
    outer loop
      vertex 2.546830454468733 4.47294901460409 3
      vertex 2.4000000000000057 5.399999999999999 3
      vertex 2.4000000000000057 5.399999999999999 24.060455649864622
    endloop
  endfacet
  facet normal 0.15643446815250964 0.9876883401022011 0
    outer loop
      vertex 4.472949014604097 2.5468304544687257 3
      vertex 4.472949014604097 2.5468304544687257 24.032881636784325
      vertex 5.400000000000006 2.3999999999999986 3
    endloop
  endfacet
  facet normal 0 0 -1
    outer loop
      vertex 0.39154786963877175 5.52786404500042 0
      vertex 0 106.4 0
      vertex 5.52786404500042 0.39154786963877175 0
    endloop
  endfacet
  facet normal 0 0 1
    outer loop
      vertex 3.6366442456841526 2.9729490146040902 3
      vertex 2.9729490146040973 97.16335575431586 3
      vertex 2.9729490146040973 3.6366442456841455 3
    endloop
  endfacet
  facet normal 0 0 1
    outer loop
      vertex 3.6366442456841526 2.9729490146040902 3
      vertex 4.472949014604097 2.5468304544687257 3
      vertex 3.6366442456841526 97.82705098539591 3
    endloop
  endfacet
  facet normal 0 0 1
    outer loop
      vertex 2.546830454468733 4.47294901460409 3
      vertex 2.4000000000000057 95.4 3
      vertex 2.4000000000000057 5.399999999999999 3
    endloop
  endfacet
  facet normal 0 0 1
    outer loop
      vertex 2.9729490146040973 3.6366442456841455 3
      vertex 2.546830454468733 96.32705098539591 3
      vertex 2.546830454468733 4.47294901460409 3
    endloop
  endfacet
  facet normal 0 0 1
    outer loop
      vertex 4.472949014604097 2.5468304544687257 3
      vertex 5.400000000000006 2.3999999999999986 3
      vertex 4.472949014604097 98.25316954553128 3
    endloop
  endfacet
  facet normal 0 0 -1
    outer loop
      vertex 0.39154786963877175 5.52786404500042 0
      vertex 0 8 0
      vertex 0 106.4 0
    endloop
  endfacet
  facet normal 0 0 -1
    outer loop
      vertex 5.52786404500042 0.39154786963877175 0
      vertex 4.719568864739393 100.48672956541668 0
      vertex 7 14 0
    endloop
  endfacet
  facet normal 0 0 -1
    outer loop
      vertex 7 14 0
      vertex 4.719568864739393 100.48672956541668 0
      vertex 7.342604385933925 16.163118960624633 0
    endloop
  endfacet
  facet normal 0 0 -1
    outer loop
      vertex 7.342604385933925 16.163118960624633 0
      vertex 4.719568864739393 100.48672956541668 0
      vertex 8.336881039375367 18.11449676604731 0
    endloop
  endfacet
  facet normal 0 0 -1
    outer loop
      vertex 8.336881039375367 18.11449676604731 0
      vertex 4.719568864739393 100.48672956541668 0
      vertex 9.885503233952688 19.663118960624633 0
    endloop
  endfacet
  facet normal 0 0 -1
    outer loop
      vertex 9.885503233952688 19.663118960624633 0
      vertex 4.719568864739393 100.48672956541668 0
      vertex 11.836881039375369 20.657395614066075 0
    endloop
  endfacet
  facet normal 0 0 -1
    outer loop
      vertex 11.836881039375369 20.657395614066075 0
      vertex 4.719568864739393 100.48672956541668 0
      vertex 14 21 0
    endloop
  endfacet
  facet normal 0 0 1
    outer loop
      vertex 5.400000000000006 2.3999999999999986 3
      vertex 27.42294901687516 66.94683045111455 3
      vertex 26.586644243122585 67.37294901687517 3
    endloop
  endfacet
  facet normal 0 0 1
    outer loop
      vertex 5.400000000000006 2.3999999999999986 3
      vertex 28.350000000000005 66.80000000000001 3
      vertex 27.42294901687516 66.94683045111455 3
    endloop
  endfacet
  facet normal 0 0 1
    outer loop
      vertex 5.400000000000006 2.3999999999999986 3
      vertex 26.586644243122585 67.37294901687517 3
      vertex 25.92294901687516 68.0366442431226 3
    endloop
  endfacet
  facet normal -1 0 0
    outer loop
      vertex 0 8 0
      vertex 0 8 24
      vertex 0 106.4 0
    endloop
  endfacet
  facet normal -0.7071067811865476 -0.7071067811865476 0
    outer loop
      vertex 1.5278640450004204 3.297717981660215 0
      vertex 3.297717981660215 1.5278640450004204 24
      vertex 1.5278640450004204 3.297717981660215 24
    endloop
  endfacet
  facet normal -0.891006524188368 -0.45399049973954664 0
    outer loop
      vertex 1.5278640450004204 3.297717981660215 0
      vertex 1.5278640450004204 3.297717981660215 24
      vertex 0.39154786963877175 5.52786404500042 24
    endloop
  endfacet
  facet normal -0.45399049973954664 -0.891006524188368 0
    outer loop
      vertex 5.52786404500042 0.39154786963877175 0
      vertex 5.52786404500042 0.39154786963877175 24
      vertex 3.297717981660215 1.5278640450004204 24
    endloop
  endfacet
  facet normal -0.15643446504023098 -0.9876883405951378 0
    outer loop
      vertex 5.52786404500042 0.39154786963877175 0
      vertex 8 0 24
      vertex 5.52786404500042 0.39154786963877175 24
    endloop
  endfacet
  facet normal -0.9876883405951378 -0.15643446504023098 0
    outer loop
      vertex 0.39154786963877175 5.52786404500042 0
      vertex 0.39154786963877175 5.52786404500042 24
      vertex 0 8 24
    endloop
  endfacet
  facet normal 0.7071067811865476 0.7071067811865476 0
    outer loop
      vertex 3.6366442456841526 2.9729490146040902 3
      vertex 3.297717981660215 3.311875278628028 24.03626039092739
      vertex 3.6366442456841526 2.9729490146040902 24.032881636720038
    endloop
  endfacet
  facet normal 0.4539904970642979 0.8910065255514752 0
    outer loop
      vertex 4.472949014604097 2.5468304544687257 3
      vertex 3.6366442456841526 2.9729490146040902 24.032881636720038
      vertex 4.472949014604097 2.5468304544687257 24.032881636784325
    endloop
  endfacet
  facet normal 0.8910065255514752 0.4539904970642979 0
    outer loop
      vertex 2.9729490146040973 3.6366442456841455 3
      vertex 2.546830454468733 4.47294901460409 24.04459750899212
      vertex 2.9729490146040973 3.6366442456841455 24.036260390927392
    endloop
  endfacet
  facet normal 0.7071067811865475 0.7071067811865475 -9.947029273093063e-19
    outer loop
      vertex 3.6366442456841526 2.9729490146040902 3
      vertex 2.9729490146040973 3.6366442456841455 24.036260390927392
      vertex 3.297717981660215 3.311875278628028 24.03626039092739
    endloop
  endfacet
  facet normal 0.9876883401022013 0.15643446815250966 0
    outer loop
      vertex 2.546830454468733 4.47294901460409 3
      vertex 2.4000000000000057 5.399999999999999 24.060455649864622
      vertex 2.546830454468733 4.47294901460409 24.04459750899212
    endloop
  endfacet
  facet normal 0.15643446815250964 0.9876883401022012 0
    outer loop
      vertex 5.400000000000006 2.3999999999999986 3
      vertex 4.472949014604097 2.5468304544687257 24.032881636784325
      vertex 5.400000000000006 2.3999999999999986 24.03949801108452
    endloop
  endfacet
  facet normal 0 1 0
    outer loop
      vertex 5.400000000000006 2.3999999999999986 3
      vertex 5.400000000000006 2.3999999999999986 24.03949801108452
      vertex 5.52786404500042 2.3999999999999986 24.04082219777157
    endloop
  endfacet
  facet normal 0 1 0
    outer loop
      vertex 5.400000000000006 2.3999999999999986 3
      vertex 5.52786404500042 2.3999999999999986 24.04082219777157
      vertex 8 2.3999999999999986 24.048780487804876
    endloop
  endfacet
  facet normal -0.010353514870343913 -0.02031991705344077 0.9997399190293298
    outer loop
      vertex 3.297717981660215 1.5278640450004204 24
      vertex 5.52786404500042 0.39154786963877175 24
      vertex 4.472949014604097 2.5468304544687257 24.032881636784325
    endloop
  endfacet
  facet normal -0.020316811827872115 -0.020316811827872115 0.9995871419312585
    outer loop
      vertex 3.297717981660215 1.5278640450004204 24
      vertex 2.9729490146040973 3.6366442456841455 24.036260390927392
      vertex 1.5278640450004204 3.297717981660215 24
    endloop
  endfacet
  facet normal -0.010353514870345245 -0.02031991705344068 0.9997399190293297
    outer loop
      vertex 3.297717981660215 1.5278640450004204 24
      vertex 3.6366442456841526 2.9729490146040902 24.032881636720038
      vertex 3.297717981660215 3.311875278628028 24.03626039092739
    endloop
  endfacet
  facet normal -0.0203168118278592 -0.020316811827870127 0.9995871419312587
    outer loop
      vertex 3.297717981660215 1.5278640450004204 24
      vertex 3.297717981660215 3.311875278628028 24.03626039092739
      vertex 2.9729490146040973 3.6366442456841455 24.036260390927392
    endloop
  endfacet
  facet normal -0.010353514870343668 -0.02031991705344105 0.9997399190293298
    outer loop
      vertex 3.297717981660215 1.5278640450004204 24
      vertex 4.472949014604097 2.5468304544687257 24.032881636784325
      vertex 3.6366442456841526 2.9729490146040902 24.032881636720038
    endloop
  endfacet
  facet normal -0.020316811827873375 -0.020316811827870408 0.9995871419312584
    outer loop
      vertex 1.5278640450004204 3.297717981660215 24
      vertex 2.546830454468733 4.47294901460409 24.04459750899212
      vertex 2.4000000000000057 5.399999999999999 24.060455649864622
    endloop
  endfacet
  facet normal -0.020316811827872296 -0.020316811827871335 0.9995871419312584
    outer loop
      vertex 1.5278640450004204 3.297717981660215 24
      vertex 2.9729490146040973 3.6366442456841455 24.036260390927392
      vertex 2.546830454468733 4.47294901460409 24.04459750899212
    endloop
  endfacet
  facet normal -0.01035351487034789 -0.020319917053442712 0.9997399190293297
    outer loop
      vertex 4.472949014604097 2.5468304544687257 24.032881636784325
      vertex 5.52786404500042 0.39154786963877175 24
      vertex 5.400000000000006 2.3999999999999986 24.03949801108452
    endloop
  endfacet
  facet normal -0.010353514870321292 -0.02031991705344103 0.9997399190293301
    outer loop
      vertex 5.52786404500042 0.39154786963877175 24
      vertex 5.52786404500042 2.3999999999999986 24.04082219777157
      vertex 5.400000000000006 2.3999999999999986 24.03949801108452
    endloop
  endfacet
  facet normal -0.0032185145300729166 -0.020320900989251937 0.9997883286712266
    outer loop
      vertex 5.52786404500042 0.39154786963877175 24
      vertex 8 2.3999999999999986 24.048780487804876
      vertex 5.52786404500042 2.3999999999999986 24.04082219777157
    endloop
  endfacet
  facet normal -0.0032185145300729755 -0.020320900989251867 0.9997883286712268
    outer loop
      vertex 5.52786404500042 0.39154786963877175 24
      vertex 8 0 24
      vertex 8 2.3999999999999986 24.048780487804876
    endloop
  endfacet
  facet normal 1 0 0
    outer loop
      vertex 2.4000000000000057 5.399999999999999 3
      vertex 2.4000000000000057 95.4 25.889723942547548
      vertex 2.4000000000000057 5.399999999999999 24.060455649864622
    endloop
  endfacet
  facet normal -0.020316811827871706 -0.02031681182787109 0.9995871419312585
    outer loop
      vertex 1.5278640450004204 3.297717981660215 24
      vertex 2.4000000000000057 5.399999999999999 24.060455649864622
      vertex 2.4000000000000057 95.4 25.889723942547548
    endloop
  endfacet
  facet normal -0.039850539957652115 -0.020304864284518383 0.9989993227983045
    outer loop
      vertex 1.5278640450004204 3.297717981660215 24
      vertex 1.5278640450004204 101.69771798166022 26
      vertex 0.39154786963877175 5.52786404500042 24
    endloop
  endfacet
  facet normal -0.12725863499420617 -0.02015578768002181 0.991664753857073
    outer loop
      vertex 0.39154786963877175 5.52786404500042 24
      vertex 0 106.4 26
      vertex 0 8 24
    endloop
  endfacet
  facet normal 0 0 1
    outer loop
      vertex 5.400000000000006 2.3999999999999986 3
      vertex 25.92294901687516 68.0366442431226 3
      vertex 5.400000000000006 98.4 3
    endloop
  endfacet
  facet normal 0 0 -1
    outer loop
      vertex 5.52786404500042 0.39154786963877175 0
      vertex 2.6967424771536748 103.84153964557227 0
      vertex 3.5000816125745104 101.58255094827886 0
    endloop
  endfacet
  facet normal 0 0 -1
    outer loop
      vertex 5.52786404500042 0.39154786963877175 0
      vertex 3.5000816125745104 101.58255094827886 0
      vertex 4.719568864739393 100.48672956541668 0
    endloop
  endfacet
  facet normal 0 0 -1
    outer loop
      vertex 5.52786404500042 0.39154786963877175 0
      vertex 0 106.4 0
      vertex 2.6967424771536748 103.84153964557227 0
    endloop
  endfacet
  facet normal 0 0 1
    outer loop
      vertex 2.546830454468733 4.47294901460409 3
      vertex 2.546830454468733 96.32705098539591 3
      vertex 2.4000000000000057 95.4 3
    endloop
  endfacet
  facet normal 0 0 1
    outer loop
      vertex 2.9729490146040973 3.6366442456841455 3
      vertex 2.9729490146040973 97.16335575431586 3
      vertex 2.546830454468733 96.32705098539591 3
    endloop
  endfacet
  facet normal 0 0 1
    outer loop
      vertex 3.6366442456841526 2.9729490146040902 3
      vertex 3.6366442456841526 97.82705098539591 3
      vertex 2.9729490146040973 97.16335575431586 3
    endloop
  endfacet
  facet normal 0 0 1
    outer loop
      vertex 4.472949014604097 2.5468304544687257 3
      vertex 4.472949014604097 98.25316954553128 3
      vertex 3.6366442456841526 97.82705098539591 3
    endloop
  endfacet
  facet normal 0 0 1
    outer loop
      vertex 5.400000000000006 2.3999999999999986 3
      vertex 5.400000000000006 98.4 3
      vertex 4.472949014604097 98.25316954553128 3
    endloop
  endfacet
  facet normal 0 0 1
    outer loop
      vertex 28.350000000000005 68.75000000000001 3
      vertex 27.50053215590631 69.18282548509292 3
      vertex 27.73282548509291 68.95053215590632 3
    endloop
  endfacet
  facet normal 0 0 1
    outer loop
      vertex 28.350000000000005 68.75000000000001 3
      vertex 27.351390657890093 69.47553215590632 3
      vertex 27.50053215590631 69.18282548509292 3
    endloop
  endfacet
  facet normal 0 0 1
    outer loop
      vertex 27.300000000000004 69.80000000000001 3
      vertex 27.351390657890093 69.47553215590632 3
      vertex 28.350000000000005 68.75000000000001 3
    endloop
  endfacet
  facet normal 0 0 1
    outer loop
      vertex 27.300000000000004 69.80000000000001 3
      vertex 28.350000000000005 68.75000000000001 3
      vertex 27.351390657890093 70.1244678440937 3
    endloop
  endfacet
  facet normal 0 0 1
    outer loop
      vertex 28.350000000000005 68.75000000000001 3
      vertex 27.73282548509291 68.95053215590632 3
      vertex 28.025532155906312 68.8013906578901 3
    endloop
  endfacet
  facet normal 0 0 1
    outer loop
      vertex 28.350000000000005 68.75000000000001 3
      vertex 28.674467844093698 68.8013906578901 3
      vertex 28.9671745149071 70.6494678440937 3
    endloop
  endfacet
  facet normal 0 0 1
    outer loop
      vertex 28.674467844093698 68.8013906578901 3
      vertex 28.9671745149071 68.95053215590632 3
      vertex 28.9671745149071 70.6494678440937 3
    endloop
  endfacet
  facet normal 0 0 1
    outer loop
      vertex 28.9671745149071 68.95053215590632 3
      vertex 29.1994678440937 69.18282548509292 3
      vertex 29.1994678440937 70.4171745149071 3
    endloop
  endfacet
  facet normal 0 0 1
    outer loop
      vertex 28.350000000000005 68.75000000000001 3
      vertex 27.50053215590631 70.4171745149071 3
      vertex 27.351390657890093 70.1244678440937 3
    endloop
  endfacet
  facet normal 0 0 1
    outer loop
      vertex 28.350000000000005 68.75000000000001 3
      vertex 27.73282548509291 70.6494678440937 3
      vertex 27.50053215590631 70.4171745149071 3
    endloop
  endfacet
  facet normal 0 0 1
    outer loop
      vertex 28.350000000000005 68.75000000000001 3
      vertex 28.025532155906312 70.79860934210993 3
      vertex 27.73282548509291 70.6494678440937 3
    endloop
  endfacet
  facet normal 0 0 1
    outer loop
      vertex 28.350000000000005 68.75000000000001 3
      vertex 28.350000000000005 70.85000000000001 3
      vertex 28.025532155906312 70.79860934210993 3
    endloop
  endfacet
  facet normal 0 0 1
    outer loop
      vertex 28.350000000000005 68.75000000000001 3
      vertex 28.674467844093698 70.79860934210993 3
      vertex 28.350000000000005 70.85000000000001 3
    endloop
  endfacet
  facet normal 0 0 1
    outer loop
      vertex 28.350000000000005 68.75000000000001 3
      vertex 28.9671745149071 70.6494678440937 3
      vertex 28.674467844093698 70.79860934210993 3
    endloop
  endfacet
  facet normal 0 0 1
    outer loop
      vertex 29.1994678440937 69.18282548509292 3
      vertex 29.348609342109917 69.47553215590632 3
      vertex 29.348609342109917 70.1244678440937 3
    endloop
  endfacet
  facet normal 0 0 1
    outer loop
      vertex 29.1994678440937 69.18282548509292 3
      vertex 29.348609342109917 70.1244678440937 3
      vertex 29.1994678440937 70.4171745149071 3
    endloop
  endfacet
  facet normal 0 0 1
    outer loop
      vertex 29.348609342109917 69.47553215590632 3
      vertex 29.400000000000006 69.80000000000001 3
      vertex 29.348609342109917 70.1244678440937 3
    endloop
  endfacet
  facet normal 0 0 1
    outer loop
      vertex 28.9671745149071 68.95053215590632 3
      vertex 29.1994678440937 70.4171745149071 3
      vertex 28.9671745149071 70.6494678440937 3
    endloop
  endfacet
  facet normal 1 0 0
    outer loop
      vertex 2.4000000000000057 5.399999999999999 3
      vertex 2.4000000000000057 95.4 3
      vertex 2.4000000000000057 95.4 25.889723942547548
    endloop
  endfacet
  facet normal -0.7071067811865495 -0.7071067811865457 2.7882264981446066e-18
    outer loop
      vertex 26.586644243122585 67.37294901687517 3
      vertex 25.92294901687516 68.0366442431226 13
      vertex 25.92294901687516 68.0366442431226 3
    endloop
  endfacet
  facet normal -0.4539904997395463 -0.8910065241883682 -1.9718825247142826e-18
    outer loop
      vertex 26.586644243122585 67.37294901687517 3
      vertex 27.42294901687516 66.94683045111455 3
      vertex 27.42294901687516 66.94683045111455 13
    endloop
  endfacet
  facet normal -0.8910065241883675 -0.45399049973954786 -3.656535605323061e-19
    outer loop
      vertex 25.92294901687516 68.0366442431226 3
      vertex 25.496830451114544 68.87294901687517 13
      vertex 25.496830451114544 68.87294901687517 3
    endloop
  endfacet
  facet normal -0.9876883405951378 -0.15643446504023048 1.2239293472463295e-18
    outer loop
      vertex 25.496830451114544 68.87294901687517 3
      vertex 25.350000000000005 69.80000000000001 13
      vertex 25.350000000000005 69.80000000000001 3
    endloop
  endfacet
  facet normal -0.9876883405951378 0.15643446504023048 -1.2239293472463295e-18
    outer loop
      vertex 25.350000000000005 69.80000000000001 3
      vertex 25.496830451114544 70.72705098312485 13
      vertex 25.496830451114544 70.72705098312485 3
    endloop
  endfacet
  facet normal -0.8910065241883675 0.45399049973954786 3.656535605323061e-19
    outer loop
      vertex 25.496830451114544 70.72705098312485 3
      vertex 25.92294901687516 71.56335575687743 13
      vertex 25.92294901687516 71.56335575687743 3
    endloop
  endfacet
  facet normal -0.7071067811865495 0.7071067811865457 -2.7882264981446066e-18
    outer loop
      vertex 25.92294901687516 71.56335575687743 3
      vertex 26.586644243122585 72.22705098312485 13
      vertex 26.586644243122585 72.22705098312485 3
    endloop
  endfacet
  facet normal -0.4539904997395463 0.8910065241883682 0
    outer loop
      vertex 26.586644243122585 72.22705098312485 3
      vertex 26.586644243122585 72.22705098312485 13
      vertex 27.42294901687516 72.65316954888547 3
    endloop
  endfacet
  facet normal -0.15643446504023048 -0.9876883405951378 1.2239293472463295e-18
    outer loop
      vertex 27.42294901687516 66.94683045111455 3
      vertex 28.350000000000005 66.80000000000001 3
      vertex 28.350000000000005 66.80000000000001 13
    endloop
  endfacet
  facet normal 0.15643446504023048 -0.9876883405951378 -1.2239293472463295e-18
    outer loop
      vertex 28.350000000000005 66.80000000000001 3
      vertex 29.277050983124848 66.94683045111455 3
      vertex 29.277050983124848 66.94683045111455 13
    endloop
  endfacet
  facet normal 0.15643446504021039 0.9876883405951409 -1.371022471170603e-19
    outer loop
      vertex 28.350000000000005 68.75000000000001 3
      vertex 28.025532155906312 68.8013906578901 3
      vertex 28.025532155906312 68.8013906578901 13
    endloop
  endfacet
  facet normal 0.7071067811865529 0.707106781186542 -5.339818365088129e-19
    outer loop
      vertex 27.73282548509291 68.95053215590632 3
      vertex 27.50053215590631 69.18282548509292 3
      vertex 27.50053215590631 69.18282548509292 13
    endloop
  endfacet
  facet normal 0.45399049973955635 0.891006524188363 0
    outer loop
      vertex 27.73282548509291 68.95053215590632 3
      vertex 27.73282548509291 68.95053215590632 13
      vertex 28.025532155906312 68.8013906578901 3
    endloop
  endfacet
  facet normal 0.8910065241883675 0.4539904997395478 -1.0094953246097113e-18
    outer loop
      vertex 27.50053215590631 69.18282548509292 3
      vertex 27.351390657890093 69.47553215590632 3
      vertex 27.351390657890093 69.47553215590632 13
    endloop
  endfacet
  facet normal -0.15643446504021039 0.9876883405951409 0
    outer loop
      vertex 28.350000000000005 68.75000000000001 3
      vertex 28.350000000000005 68.75000000000001 13
      vertex 28.674467844093698 68.8013906578901 3
    endloop
  endfacet
  facet normal -0.45399049973955635 0.891006524188363 0
    outer loop
      vertex 28.674467844093698 68.8013906578901 3
      vertex 28.674467844093698 68.8013906578901 13
      vertex 28.9671745149071 68.95053215590632 3
    endloop
  endfacet
  facet normal -0.7071067811865529 0.707106781186542 0
    outer loop
      vertex 28.9671745149071 68.95053215590632 3
      vertex 28.9671745149071 68.95053215590632 13
      vertex 29.1994678440937 69.18282548509292 3
    endloop
  endfacet
  facet normal -0.8910065241883675 0.4539904997395478 0
    outer loop
      vertex 29.1994678440937 69.18282548509292 3
      vertex 29.1994678440937 69.18282548509292 13
      vertex 29.348609342109917 69.47553215590632 3
    endloop
  endfacet
  facet normal 0.4539904997395463 -0.8910065241883682 1.9718825247142826e-18
    outer loop
      vertex 29.277050983124848 66.94683045111455 3
      vertex 30.113355756877425 67.37294901687517 3
      vertex 30.113355756877425 67.37294901687517 13
    endloop
  endfacet
  facet normal 0.7071067811865495 -0.7071067811865457 0
    outer loop
      vertex 30.113355756877425 67.37294901687517 3
      vertex 30.777050983124848 68.0366442431226 3
      vertex 30.113355756877425 67.37294901687517 13
    endloop
  endfacet
  facet normal 0.8910065241883675 -0.45399049973954786 0
    outer loop
      vertex 30.777050983124848 68.0366442431226 3
      vertex 31.203169548885466 68.87294901687517 3
      vertex 30.777050983124848 68.0366442431226 13
    endloop
  endfacet
  facet normal 0.9876883405951378 -0.15643446504023048 0
    outer loop
      vertex 31.203169548885466 68.87294901687517 3
      vertex 31.350000000000005 69.80000000000001 3
      vertex 31.203169548885466 68.87294901687517 13
    endloop
  endfacet
  facet normal 0.9876883405951374 0.15643446504023317 0
    outer loop
      vertex 27.300000000000004 69.80000000000001 3
      vertex 27.300000000000004 69.80000000000001 13
      vertex 27.351390657890093 69.47553215590632 3
    endloop
  endfacet
  facet normal 0.9876883405951374 -0.15643446504023317 1.682313822866668e-20
    outer loop
      vertex 27.300000000000004 69.80000000000001 3
      vertex 27.351390657890093 70.1244678440937 3
      vertex 27.351390657890093 70.1244678440937 13
    endloop
  endfacet
  facet normal 0.8910065241883675 -0.4539904997395478 1.0094953246097113e-18
    outer loop
      vertex 27.351390657890093 70.1244678440937 3
      vertex 27.50053215590631 70.4171745149071 3
      vertex 27.50053215590631 70.4171745149071 13
    endloop
  endfacet
  facet normal 0.7071067811865529 -0.707106781186542 5.339818365088129e-19
    outer loop
      vertex 27.50053215590631 70.4171745149071 3
      vertex 27.73282548509291 70.6494678440937 3
      vertex 27.73282548509291 70.6494678440937 13
    endloop
  endfacet
  facet normal 0.45399049973955635 -0.891006524188363 7.260684653735774e-19
    outer loop
      vertex 27.73282548509291 70.6494678440937 3
      vertex 28.025532155906312 70.79860934210993 3
      vertex 28.025532155906312 70.79860934210993 13
    endloop
  endfacet
  facet normal 0.15643446504021039 -0.9876883405951409 1.371022471170603e-19
    outer loop
      vertex 28.025532155906312 70.79860934210993 3
      vertex 28.350000000000005 70.85000000000001 3
      vertex 28.350000000000005 70.85000000000001 13
    endloop
  endfacet
  facet normal -0.9876883405951374 0.15643446504023317 0
    outer loop
      vertex 29.348609342109917 69.47553215590632 3
      vertex 29.348609342109917 69.47553215590632 13
      vertex 29.400000000000006 69.80000000000001 3
    endloop
  endfacet
  facet normal -0.9876883405951374 -0.15643446504023317 0
    outer loop
      vertex 29.400000000000006 69.80000000000001 3
      vertex 29.400000000000006 69.80000000000001 13
      vertex 29.348609342109917 70.1244678440937 3
    endloop
  endfacet
  facet normal -0.8910065241883675 -0.4539904997395478 0
    outer loop
      vertex 29.348609342109917 70.1244678440937 3
      vertex 29.348609342109917 70.1244678440937 13
      vertex 29.1994678440937 70.4171745149071 3
    endloop
  endfacet
  facet normal -0.45399049973955635 -0.891006524188363 0
    outer loop
      vertex 28.9671745149071 70.6494678440937 3
      vertex 28.9671745149071 70.6494678440937 13
      vertex 28.674467844093698 70.79860934210993 3
    endloop
  endfacet
  facet normal -0.15643446504021039 -0.9876883405951409 -1.371022471170603e-19
    outer loop
      vertex 28.350000000000005 70.85000000000001 3
      vertex 28.674467844093698 70.79860934210993 3
      vertex 28.674467844093698 70.79860934210993 13
    endloop
  endfacet
  facet normal -0.7071067811865529 -0.707106781186542 -5.339818365088129e-19
    outer loop
      vertex 28.9671745149071 70.6494678440937 3
      vertex 29.1994678440937 70.4171745149071 3
      vertex 29.1994678440937 70.4171745149071 13
    endloop
  endfacet
  facet normal -0.15643446504023048 0.9876883405951378 0
    outer loop
      vertex 27.42294901687516 72.65316954888547 3
      vertex 27.42294901687516 72.65316954888547 13
      vertex 28.350000000000005 72.80000000000001 3
    endloop
  endfacet
  facet normal 0.4539904997395463 0.8910065241883682 0
    outer loop
      vertex 29.277050983124848 72.65316954888547 3
      vertex 29.277050983124848 72.65316954888547 13
      vertex 30.113355756877425 72.22705098312485 3
    endloop
  endfacet
  facet normal 0.9876883405951378 0.15643446504023048 0
    outer loop
      vertex 31.350000000000005 69.80000000000001 3
      vertex 31.203169548885466 70.72705098312485 3
      vertex 31.350000000000005 69.80000000000001 13
    endloop
  endfacet
  facet normal 0.8910065241883675 0.45399049973954786 0
    outer loop
      vertex 31.203169548885466 70.72705098312485 3
      vertex 30.777050983124848 71.56335575687743 3
      vertex 31.203169548885466 70.72705098312485 13
    endloop
  endfacet
  facet normal 0.7071067811865495 0.7071067811865457 2.7882264981446066e-18
    outer loop
      vertex 30.113355756877425 72.22705098312485 3
      vertex 30.777050983124848 71.56335575687743 13
      vertex 30.777050983124848 71.56335575687743 3
    endloop
  endfacet
  facet normal 0.15643446504023048 0.9876883405951378 1.2239293472463295e-18
    outer loop
      vertex 29.277050983124848 72.65316954888547 3
      vertex 28.350000000000005 72.80000000000001 3
      vertex 28.350000000000005 72.80000000000001 13
    endloop
  endfacet
  facet normal -0.7071067811865495 -0.7071067811865457 0
    outer loop
      vertex 26.586644243122585 67.37294901687517 3
      vertex 26.586644243122585 67.37294901687517 13
      vertex 25.92294901687516 68.0366442431226 13
    endloop
  endfacet
  facet normal -0.4539904997395463 -0.8910065241883682 0
    outer loop
      vertex 26.586644243122585 67.37294901687517 3
      vertex 27.42294901687516 66.94683045111455 13
      vertex 26.586644243122585 67.37294901687517 13
    endloop
  endfacet
  facet normal -0.8910065241883675 -0.45399049973954786 0
    outer loop
      vertex 25.92294901687516 68.0366442431226 3
      vertex 25.92294901687516 68.0366442431226 13
      vertex 25.496830451114544 68.87294901687517 13
    endloop
  endfacet
  facet normal -0.9876883405951378 -0.15643446504023048 0
    outer loop
      vertex 25.496830451114544 68.87294901687517 3
      vertex 25.496830451114544 68.87294901687517 13
      vertex 25.350000000000005 69.80000000000001 13
    endloop
  endfacet
  facet normal -0.9876883405951378 0.15643446504023048 0
    outer loop
      vertex 25.350000000000005 69.80000000000001 3
      vertex 25.350000000000005 69.80000000000001 13
      vertex 25.496830451114544 70.72705098312485 13
    endloop
  endfacet
  facet normal -0.8910065241883675 0.45399049973954786 0
    outer loop
      vertex 25.496830451114544 70.72705098312485 3
      vertex 25.496830451114544 70.72705098312485 13
      vertex 25.92294901687516 71.56335575687743 13
    endloop
  endfacet
  facet normal -0.7071067811865495 0.7071067811865457 0
    outer loop
      vertex 25.92294901687516 71.56335575687743 3
      vertex 25.92294901687516 71.56335575687743 13
      vertex 26.586644243122585 72.22705098312485 13
    endloop
  endfacet
  facet normal -0.4539904997395463 0.8910065241883682 0
    outer loop
      vertex 27.42294901687516 72.65316954888547 3
      vertex 26.586644243122585 72.22705098312485 13
      vertex 27.42294901687516 72.65316954888547 13
    endloop
  endfacet
  facet normal -0.15643446504023048 -0.9876883405951378 0
    outer loop
      vertex 27.42294901687516 66.94683045111455 3
      vertex 28.350000000000005 66.80000000000001 13
      vertex 27.42294901687516 66.94683045111455 13
    endloop
  endfacet
  facet normal 0.15643446504023048 -0.9876883405951378 0
    outer loop
      vertex 28.350000000000005 66.80000000000001 3
      vertex 29.277050983124848 66.94683045111455 13
      vertex 28.350000000000005 66.80000000000001 13
    endloop
  endfacet
  facet normal 0.4539904997395463 -0.8910065241883682 0
    outer loop
      vertex 29.277050983124848 66.94683045111455 3
      vertex 30.113355756877425 67.37294901687517 13
      vertex 29.277050983124848 66.94683045111455 13
    endloop
  endfacet
  facet normal 0.15643446504021039 0.9876883405951409 0
    outer loop
      vertex 28.350000000000005 68.75000000000001 3
      vertex 28.025532155906312 68.8013906578901 13
      vertex 28.350000000000005 68.75000000000001 13
    endloop
  endfacet
  facet normal 0.7071067811865529 0.707106781186542 0
    outer loop
      vertex 27.73282548509291 68.95053215590632 3
      vertex 27.50053215590631 69.18282548509292 13
      vertex 27.73282548509291 68.95053215590632 13
    endloop
  endfacet
  facet normal 0.8910065241883675 0.4539904997395478 0
    outer loop
      vertex 27.50053215590631 69.18282548509292 3
      vertex 27.351390657890093 69.47553215590632 13
      vertex 27.50053215590631 69.18282548509292 13
    endloop
  endfacet
  facet normal 0.45399049973955635 0.891006524188363 0
    outer loop
      vertex 28.025532155906312 68.8013906578901 3
      vertex 27.73282548509291 68.95053215590632 13
      vertex 28.025532155906312 68.8013906578901 13
    endloop
  endfacet
  facet normal -0.15643446504021039 0.9876883405951409 0
    outer loop
      vertex 28.674467844093698 68.8013906578901 3
      vertex 28.350000000000005 68.75000000000001 13
      vertex 28.674467844093698 68.8013906578901 13
    endloop
  endfacet
  facet normal -0.45399049973955635 0.891006524188363 0
    outer loop
      vertex 28.9671745149071 68.95053215590632 3
      vertex 28.674467844093698 68.8013906578901 13
      vertex 28.9671745149071 68.95053215590632 13
    endloop
  endfacet
  facet normal -0.7071067811865529 0.707106781186542 0
    outer loop
      vertex 29.1994678440937 69.18282548509292 3
      vertex 28.9671745149071 68.95053215590632 13
      vertex 29.1994678440937 69.18282548509292 13
    endloop
  endfacet
  facet normal -0.8910065241883675 0.4539904997395478 0
    outer loop
      vertex 29.348609342109917 69.47553215590632 3
      vertex 29.1994678440937 69.18282548509292 13
      vertex 29.348609342109917 69.47553215590632 13
    endloop
  endfacet
  facet normal 0.7071067811865495 -0.7071067811865457 0
    outer loop
      vertex 30.777050983124848 68.0366442431226 3
      vertex 30.777050983124848 68.0366442431226 13
      vertex 30.113355756877425 67.37294901687517 13
    endloop
  endfacet
  facet normal 0.8910065241883675 -0.45399049973954786 0
    outer loop
      vertex 31.203169548885466 68.87294901687517 3
      vertex 31.203169548885466 68.87294901687517 13
      vertex 30.777050983124848 68.0366442431226 13
    endloop
  endfacet
  facet normal 0.9876883405951378 -0.15643446504023048 0
    outer loop
      vertex 31.350000000000005 69.80000000000001 3
      vertex 31.350000000000005 69.80000000000001 13
      vertex 31.203169548885466 68.87294901687517 13
    endloop
  endfacet
  facet normal 0.9876883405951374 0.15643446504023317 0
    outer loop
      vertex 27.351390657890093 69.47553215590632 3
      vertex 27.300000000000004 69.80000000000001 13
      vertex 27.351390657890093 69.47553215590632 13
    endloop
  endfacet
  facet normal 0.9876883405951374 -0.15643446504023317 0
    outer loop
      vertex 27.300000000000004 69.80000000000001 3
      vertex 27.351390657890093 70.1244678440937 13
      vertex 27.300000000000004 69.80000000000001 13
    endloop
  endfacet
  facet normal 0.8910065241883675 -0.4539904997395478 0
    outer loop
      vertex 27.351390657890093 70.1244678440937 3
      vertex 27.50053215590631 70.4171745149071 13
      vertex 27.351390657890093 70.1244678440937 13
    endloop
  endfacet
  facet normal 0.7071067811865529 -0.707106781186542 0
    outer loop
      vertex 27.50053215590631 70.4171745149071 3
      vertex 27.73282548509291 70.6494678440937 13
      vertex 27.50053215590631 70.4171745149071 13
    endloop
  endfacet
  facet normal 0.45399049973955635 -0.891006524188363 0
    outer loop
      vertex 27.73282548509291 70.6494678440937 3
      vertex 28.025532155906312 70.79860934210993 13
      vertex 27.73282548509291 70.6494678440937 13
    endloop
  endfacet
  facet normal 0.15643446504021039 -0.9876883405951409 0
    outer loop
      vertex 28.025532155906312 70.79860934210993 3
      vertex 28.350000000000005 70.85000000000001 13
      vertex 28.025532155906312 70.79860934210993 13
    endloop
  endfacet
  facet normal -0.9876883405951374 0.15643446504023317 0
    outer loop
      vertex 29.400000000000006 69.80000000000001 3
      vertex 29.348609342109917 69.47553215590632 13
      vertex 29.400000000000006 69.80000000000001 13
    endloop
  endfacet
  facet normal -0.8910065241883675 -0.4539904997395478 0
    outer loop
      vertex 29.1994678440937 70.4171745149071 3
      vertex 29.348609342109917 70.1244678440937 13
      vertex 29.1994678440937 70.4171745149071 13
    endloop
  endfacet
  facet normal -0.9876883405951374 -0.15643446504023317 0
    outer loop
      vertex 29.348609342109917 70.1244678440937 3
      vertex 29.400000000000006 69.80000000000001 13
      vertex 29.348609342109917 70.1244678440937 13
    endloop
  endfacet
  facet normal -0.45399049973955635 -0.891006524188363 0
    outer loop
      vertex 28.674467844093698 70.79860934210993 3
      vertex 28.9671745149071 70.6494678440937 13
      vertex 28.674467844093698 70.79860934210993 13
    endloop
  endfacet
  facet normal -0.15643446504021039 -0.9876883405951409 0
    outer loop
      vertex 28.350000000000005 70.85000000000001 3
      vertex 28.674467844093698 70.79860934210993 13
      vertex 28.350000000000005 70.85000000000001 13
    endloop
  endfacet
  facet normal -0.7071067811865529 -0.707106781186542 0
    outer loop
      vertex 28.9671745149071 70.6494678440937 3
      vertex 29.1994678440937 70.4171745149071 13
      vertex 28.9671745149071 70.6494678440937 13
    endloop
  endfacet
  facet normal 0.15643446504023048 0.9876883405951378 0
    outer loop
      vertex 29.277050983124848 72.65316954888547 3
      vertex 28.350000000000005 72.80000000000001 13
      vertex 29.277050983124848 72.65316954888547 13
    endloop
  endfacet
  facet normal 0.9876883405951378 0.15643446504023048 0
    outer loop
      vertex 31.203169548885466 70.72705098312485 3
      vertex 31.203169548885466 70.72705098312485 13
      vertex 31.350000000000005 69.80000000000001 13
    endloop
  endfacet
  facet normal 0.4539904997395463 0.8910065241883682 0
    outer loop
      vertex 30.113355756877425 72.22705098312485 3
      vertex 29.277050983124848 72.65316954888547 13
      vertex 30.113355756877425 72.22705098312485 13
    endloop
  endfacet
  facet normal 0.7071067811865495 0.7071067811865457 0
    outer loop
      vertex 30.113355756877425 72.22705098312485 3
      vertex 30.113355756877425 72.22705098312485 13
      vertex 30.777050983124848 71.56335575687743 13
    endloop
  endfacet
  facet normal 0.8910065241883675 0.45399049973954786 0
    outer loop
      vertex 30.777050983124848 71.56335575687743 3
      vertex 30.777050983124848 71.56335575687743 13
      vertex 31.203169548885466 70.72705098312485 13
    endloop
  endfacet
  facet normal -0.15643446504023048 0.9876883405951378 0
    outer loop
      vertex 28.350000000000005 72.80000000000001 3
      vertex 27.42294901687516 72.65316954888547 13
      vertex 28.350000000000005 72.80000000000001 13
    endloop
  endfacet
  facet normal 0 0 -1
    outer loop
      vertex 4.719568864739393 100.48672956541668 0
      vertex 4.70840258716215 101.86950483150031 0
      vertex 6.269504831500295 101.07408350874715 0
    endloop
  endfacet
  facet normal 0 0 -1
    outer loop
      vertex 4.719568864739393 100.48672956541668 0
      vertex 6.269504831500295 101.07408350874715 0
      vertex 8 100.80000000000001 0
    endloop
  endfacet
  facet normal 0.15643446504023065 0.9876883405951378 0
    outer loop
      vertex 6.269504831500295 101.07408350874715 0
      vertex 6.269504831500295 101.07408350874715 2.6
      vertex 8 100.80000000000001 0
    endloop
  endfacet
  facet normal 0.15643446504023065 0.9876883405951378 0
    outer loop
      vertex 8 100.80000000000001 0
      vertex 6.269504831500295 101.07408350874715 2.6
      vertex 8 100.80000000000001 2.6
    endloop
  endfacet
  facet normal 0 1 0
    outer loop
      vertex 8 100.80000000000001 0
      vertex 8 100.80000000000001 2.6
      vertex 16 100.80000000000001 2.6
    endloop
  endfacet
  facet normal 0 0 1
    outer loop
      vertex 25.496830451114544 68.87294901687517 3
      vertex 25.350000000000005 69.80000000000001 3
      vertex 5.400000000000006 98.4 3
    endloop
  endfacet
  facet normal 0 0 1
    outer loop
      vertex 25.92294901687516 68.0366442431226 3
      vertex 25.496830451114544 68.87294901687517 3
      vertex 5.400000000000006 98.4 3
    endloop
  endfacet
  facet normal 0 0 1
    outer loop
      vertex 25.350000000000005 69.80000000000001 3
      vertex 25.496830451114544 70.72705098312485 3
      vertex 5.400000000000006 98.4 3
    endloop
  endfacet
  facet normal 0 0 1
    outer loop
      vertex 25.496830451114544 70.72705098312485 3
      vertex 25.92294901687516 71.56335575687743 3
      vertex 5.400000000000006 98.4 3
    endloop
  endfacet
  facet normal 0 0 1
    outer loop
      vertex 25.92294901687516 71.56335575687743 3
      vertex 26.586644243122585 72.22705098312485 3
      vertex 5.400000000000006 98.4 3
    endloop
  endfacet
  facet normal 0 0 1
    outer loop
      vertex 26.586644243122585 72.22705098312485 3
      vertex 27.42294901687516 72.65316954888547 3
      vertex 5.400000000000006 98.4 3
    endloop
  endfacet
  facet normal 0 0 1
    outer loop
      vertex 27.42294901687516 72.65316954888547 3
      vertex 28.350000000000005 72.80000000000001 3
      vertex 5.400000000000006 98.4 3
    endloop
  endfacet
  facet normal 0 0 1
    outer loop
      vertex 29.277050983124848 72.65316954888547 3
      vertex 5.400000000000006 98.4 3
      vertex 28.350000000000005 72.80000000000001 3
    endloop
  endfacet
  facet normal 0 -1 0
    outer loop
      vertex 5.400000000000006 98.4 3
      vertex 30.150000000000006 98.4 10
      vertex 14.150000000000006 98.4 10
    endloop
  endfacet
  facet normal 0.9876883401022012 -0.15643446815250964 0
    outer loop
      vertex 2.4000000000000057 95.4 3
      vertex 2.546830454468733 96.32705098539591 3
      vertex 2.546830454468733 96.32705098539591 25.911550801081383
    endloop
  endfacet
  facet normal 0.8910065255514753 -0.45399049706429795 0
    outer loop
      vertex 2.546830454468733 96.32705098539591 3
      vertex 2.9729490146040973 97.16335575431586 3
      vertex 2.9729490146040973 97.16335575431586 25.93720981183454
    endloop
  endfacet
  facet normal 0.7071067811865475 -0.7071067811865475 0
    outer loop
      vertex 2.9729490146040973 97.16335575431586 3
      vertex 3.6366442456841526 97.82705098539591 3
      vertex 3.6366442456841526 97.82705098539591 25.9608105385654
    endloop
  endfacet
  facet normal 0.4539904970642979 -0.8910065255514752 0
    outer loop
      vertex 3.6366442456841526 97.82705098539591 3
      vertex 4.472949014604097 98.25316954553128 3
      vertex 4.472949014604097 98.25316954553128 25.978132431318116
    endloop
  endfacet
  facet normal 0.15643446815250964 -0.9876883401022012 0
    outer loop
      vertex 4.472949014604097 98.25316954553128 3
      vertex 5.400000000000006 98.4 3
      vertex 5.400000000000006 98.4 25.99071752327964
    endloop
  endfacet
  facet normal 0 0 1
    outer loop
      vertex 14.150000000000006 102.80000000000001 10
      vertex 14.150000000000006 98.4 10
      vertex 16 100.80000000000001 10
    endloop
  endfacet
  facet normal 0 -1 0
    outer loop
      vertex 5.400000000000006 98.4 3
      vertex 14.150000000000006 98.4 10
      vertex 14.150000000000006 98.4 22
    endloop
  endfacet
  facet normal 1 0 0
    outer loop
      vertex 14.150000000000006 102.80000000000001 10
      vertex 14.150000000000006 100.80000000000001 12.6
      vertex 14.150000000000006 98.4 10
    endloop
  endfacet
  facet normal 0 1 0
    outer loop
      vertex 16 100.80000000000001 2.6
      vertex 16 100.80000000000001 10
      vertex 30.150000000000006 100.80000000000001 10
    endloop
  endfacet
  facet normal 0 0 1
    outer loop
      vertex 16 100.80000000000001 10
      vertex 14.150000000000006 98.4 10
      vertex 30.150000000000006 100.80000000000001 10
    endloop
  endfacet
  facet normal 0 0 1
    outer loop
      vertex 30.150000000000006 100.80000000000001 10
      vertex 14.150000000000006 98.4 10
      vertex 30.150000000000006 98.4 10
    endloop
  endfacet
  facet normal 0 0 1
    outer loop
      vertex 28.350000000000005 66.80000000000001 3
      vertex 129.58664424312258 47.47294901687516 3
      vertex 29.277050983124848 66.94683045111455 3
    endloop
  endfacet
  facet normal 0 0 1
    outer loop
      vertex 29.277050983124848 66.94683045111455 3
      vertex 128.92294901687515 48.13664424312259 3
      vertex 30.113355756877425 67.37294901687517 3
    endloop
  endfacet
  facet normal 0 0 1
    outer loop
      vertex 30.113355756877425 67.37294901687517 3
      vertex 128.49683045111453 48.97294901687516 3
      vertex 30.777050983124848 68.0366442431226 3
    endloop
  endfacet
  facet normal 0 0 1
    outer loop
      vertex 30.777050983124848 68.0366442431226 3
      vertex 128.35 49.900000000000006 3
      vertex 31.203169548885466 68.87294901687517 3
    endloop
  endfacet
  facet normal 0 0 1
    outer loop
      vertex 31.203169548885466 68.87294901687517 3
      vertex 128.49683045111453 50.82705098312485 3
      vertex 31.350000000000005 69.80000000000001 3
    endloop
  endfacet
  facet normal 0 0 1
    outer loop
      vertex 29.277050983124848 72.65316954888547 3
      vertex 132.27705098312484 52.75316954888547 3
      vertex 5.400000000000006 98.4 3
    endloop
  endfacet
  facet normal 0 0 1
    outer loop
      vertex 31.350000000000005 69.80000000000001 3
      vertex 132.27705098312484 52.75316954888547 3
      vertex 31.203169548885466 70.72705098312485 3
    endloop
  endfacet
  facet normal 0 0 1
    outer loop
      vertex 31.203169548885466 70.72705098312485 3
      vertex 132.27705098312484 52.75316954888547 3
      vertex 30.777050983124848 71.56335575687743 3
    endloop
  endfacet
  facet normal 0 0 1
    outer loop
      vertex 30.113355756877425 72.22705098312485 3
      vertex 30.777050983124848 71.56335575687743 3
      vertex 132.27705098312484 52.75316954888547 3
    endloop
  endfacet
  facet normal 0 0 1
    outer loop
      vertex 29.277050983124848 72.65316954888547 3
      vertex 30.113355756877425 72.22705098312485 3
      vertex 132.27705098312484 52.75316954888547 3
    endloop
  endfacet
  facet normal -1 0 0
    outer loop
      vertex 0 8 24
      vertex 0 106.4 26
      vertex 0 106.4 0
    endloop
  endfacet
  facet normal 0 0 1
    outer loop
      vertex 26.586644243122585 67.37294901687517 13
      vertex 25.92294901687516 71.56335575687743 13
      vertex 25.92294901687516 68.0366442431226 13
    endloop
  endfacet
  facet normal 0 0 1
    outer loop
      vertex 25.92294901687516 68.0366442431226 13
      vertex 25.496830451114544 70.72705098312485 13
      vertex 25.496830451114544 68.87294901687517 13
    endloop
  endfacet
  facet normal 0 0 1
    outer loop
      vertex 26.586644243122585 67.37294901687517 13
      vertex 27.42294901687516 66.94683045111455 13
      vertex 26.586644243122585 72.22705098312485 13
    endloop
  endfacet
  facet normal 0 0 1
    outer loop
      vertex 25.496830451114544 68.87294901687517 13
      vertex 25.496830451114544 70.72705098312485 13
      vertex 25.350000000000005 69.80000000000001 13
    endloop
  endfacet
  facet normal 0 0 1
    outer loop
      vertex 25.92294901687516 68.0366442431226 13
      vertex 25.92294901687516 71.56335575687743 13
      vertex 25.496830451114544 70.72705098312485 13
    endloop
  endfacet
  facet normal 0 0 1
    outer loop
      vertex 27.300000000000004 69.80000000000001 13
      vertex 26.586644243122585 72.22705098312485 13
      vertex 27.42294901687516 66.94683045111455 13
    endloop
  endfacet
  facet normal 0 0 1
    outer loop
      vertex 26.586644243122585 67.37294901687517 13
      vertex 26.586644243122585 72.22705098312485 13
      vertex 25.92294901687516 71.56335575687743 13
    endloop
  endfacet
  facet normal 0 0 1
    outer loop
      vertex 27.300000000000004 69.80000000000001 13
      vertex 27.351390657890093 70.1244678440937 13
      vertex 26.586644243122585 72.22705098312485 13
    endloop
  endfacet
  facet normal 0 0 1
    outer loop
      vertex 26.586644243122585 72.22705098312485 13
      vertex 27.351390657890093 70.1244678440937 13
      vertex 27.50053215590631 70.4171745149071 13
    endloop
  endfacet
  facet normal 0 0 1
    outer loop
      vertex 26.586644243122585 72.22705098312485 13
      vertex 27.50053215590631 70.4171745149071 13
      vertex 27.42294901687516 72.65316954888547 13
    endloop
  endfacet
  facet normal 0 0 1
    outer loop
      vertex 27.42294901687516 66.94683045111455 13
      vertex 28.350000000000005 66.80000000000001 13
      vertex 28.025532155906312 68.8013906578901 13
    endloop
  endfacet
  facet normal 0 0 1
    outer loop
      vertex 28.350000000000005 66.80000000000001 13
      vertex 29.277050983124848 66.94683045111455 13
      vertex 28.350000000000005 68.75000000000001 13
    endloop
  endfacet
  facet normal 0 0 1
    outer loop
      vertex 29.277050983124848 66.94683045111455 13
      vertex 30.113355756877425 67.37294901687517 13
      vertex 29.1994678440937 69.18282548509292 13
    endloop
  endfacet
  facet normal 0 0 1
    outer loop
      vertex 27.42294901687516 66.94683045111455 13
      vertex 27.73282548509291 68.95053215590632 13
      vertex 27.50053215590631 69.18282548509292 13
    endloop
  endfacet
  facet normal 0 0 1
    outer loop
      vertex 27.42294901687516 66.94683045111455 13
      vertex 28.025532155906312 68.8013906578901 13
      vertex 27.73282548509291 68.95053215590632 13
    endloop
  endfacet
  facet normal 0 0 1
    outer loop
      vertex 27.42294901687516 66.94683045111455 13
      vertex 27.50053215590631 69.18282548509292 13
      vertex 27.351390657890093 69.47553215590632 13
    endloop
  endfacet
  facet normal 0 0 1
    outer loop
      vertex 27.300000000000004 69.80000000000001 13
      vertex 27.42294901687516 66.94683045111455 13
      vertex 27.351390657890093 69.47553215590632 13
    endloop
  endfacet
  facet normal 0 0 1
    outer loop
      vertex 28.350000000000005 66.80000000000001 13
      vertex 28.350000000000005 68.75000000000001 13
      vertex 28.025532155906312 68.8013906578901 13
    endloop
  endfacet
  facet normal 0 0 1
    outer loop
      vertex 29.277050983124848 66.94683045111455 13
      vertex 28.674467844093698 68.8013906578901 13
      vertex 28.350000000000005 68.75000000000001 13
    endloop
  endfacet
  facet normal 0 0 1
    outer loop
      vertex 29.277050983124848 66.94683045111455 13
      vertex 28.9671745149071 68.95053215590632 13
      vertex 28.674467844093698 68.8013906578901 13
    endloop
  endfacet
  facet normal 0 0 1
    outer loop
      vertex 29.277050983124848 66.94683045111455 13
      vertex 29.1994678440937 69.18282548509292 13
      vertex 28.9671745149071 68.95053215590632 13
    endloop
  endfacet
  facet normal 0 0 1
    outer loop
      vertex 29.1994678440937 69.18282548509292 13
      vertex 30.113355756877425 67.37294901687517 13
      vertex 29.348609342109917 69.47553215590632 13
    endloop
  endfacet
  facet normal 0 0 1
    outer loop
      vertex 29.348609342109917 69.47553215590632 13
      vertex 30.113355756877425 67.37294901687517 13
      vertex 29.400000000000006 69.80000000000001 13
    endloop
  endfacet
  facet normal 0 0 1
    outer loop
      vertex 30.113355756877425 67.37294901687517 13
      vertex 30.777050983124848 68.0366442431226 13
      vertex 30.113355756877425 72.22705098312485 13
    endloop
  endfacet
  facet normal 0 0 1
    outer loop
      vertex 30.777050983124848 68.0366442431226 13
      vertex 31.203169548885466 68.87294901687517 13
      vertex 30.777050983124848 71.56335575687743 13
    endloop
  endfacet
  facet normal 0 0 1
    outer loop
      vertex 29.348609342109917 70.1244678440937 13
      vertex 29.277050983124848 72.65316954888547 13
      vertex 29.1994678440937 70.4171745149071 13
    endloop
  endfacet
  facet normal 0 0 1
    outer loop
      vertex 29.400000000000006 69.80000000000001 13
      vertex 29.277050983124848 72.65316954888547 13
      vertex 29.348609342109917 70.1244678440937 13
    endloop
  endfacet
  facet normal 0 0 1
    outer loop
      vertex 27.50053215590631 70.4171745149071 13
      vertex 27.73282548509291 70.6494678440937 13
      vertex 27.42294901687516 72.65316954888547 13
    endloop
  endfacet
  facet normal 0 0 1
    outer loop
      vertex 27.73282548509291 70.6494678440937 13
      vertex 28.025532155906312 70.79860934210993 13
      vertex 27.42294901687516 72.65316954888547 13
    endloop
  endfacet
  facet normal 0 0 1
    outer loop
      vertex 28.025532155906312 70.79860934210993 13
      vertex 28.350000000000005 70.85000000000001 13
      vertex 27.42294901687516 72.65316954888547 13
    endloop
  endfacet
  facet normal 0 0 1
    outer loop
      vertex 28.350000000000005 70.85000000000001 13
      vertex 28.350000000000005 72.80000000000001 13
      vertex 27.42294901687516 72.65316954888547 13
    endloop
  endfacet
  facet normal 0 0 1
    outer loop
      vertex 28.350000000000005 70.85000000000001 13
      vertex 28.674467844093698 70.79860934210993 13
      vertex 28.350000000000005 72.80000000000001 13
    endloop
  endfacet
  facet normal 0 0 1
    outer loop
      vertex 28.9671745149071 70.6494678440937 13
      vertex 29.277050983124848 72.65316954888547 13
      vertex 28.674467844093698 70.79860934210993 13
    endloop
  endfacet
  facet normal 0 0 1
    outer loop
      vertex 28.9671745149071 70.6494678440937 13
      vertex 29.1994678440937 70.4171745149071 13
      vertex 29.277050983124848 72.65316954888547 13
    endloop
  endfacet
  facet normal 0 0 1
    outer loop
      vertex 28.674467844093698 70.79860934210993 13
      vertex 29.277050983124848 72.65316954888547 13
      vertex 28.350000000000005 72.80000000000001 13
    endloop
  endfacet
  facet normal 0 0 1
    outer loop
      vertex 30.113355756877425 67.37294901687517 13
      vertex 29.277050983124848 72.65316954888547 13
      vertex 29.400000000000006 69.80000000000001 13
    endloop
  endfacet
  facet normal 0 0 1
    outer loop
      vertex 30.113355756877425 67.37294901687517 13
      vertex 30.113355756877425 72.22705098312485 13
      vertex 29.277050983124848 72.65316954888547 13
    endloop
  endfacet
  facet normal 0 0 1
    outer loop
      vertex 30.777050983124848 68.0366442431226 13
      vertex 30.777050983124848 71.56335575687743 13
      vertex 30.113355756877425 72.22705098312485 13
    endloop
  endfacet
  facet normal 0 0 1
    outer loop
      vertex 31.203169548885466 68.87294901687517 13
      vertex 31.350000000000005 69.80000000000001 13
      vertex 31.203169548885466 70.72705098312485 13
    endloop
  endfacet
  facet normal 0 0 1
    outer loop
      vertex 31.203169548885466 68.87294901687517 13
      vertex 31.203169548885466 70.72705098312485 13
      vertex 30.777050983124848 71.56335575687743 13
    endloop
  endfacet
  facet normal -0.020316811827870276 -0.020316811827871106 0.9995871419312584
    outer loop
      vertex 1.5278640450004204 3.297717981660215 24
      vertex 2.4000000000000057 95.4 25.889723942547548
      vertex 1.5278640450004204 101.69771798166022 26
    endloop
  endfacet
  facet normal -0.039850539957652274 -0.020304864284518383 0.9989993227983045
    outer loop
      vertex 0.39154786963877175 5.52786404500042 24
      vertex 1.5278640450004204 101.69771798166022 26
      vertex 0.39154786963877175 103.92786404500043 26
    endloop
  endfacet
  facet normal -0.12725863499420578 -0.020155787680021808 0.991664753857073
    outer loop
      vertex 0.39154786963877175 5.52786404500042 24
      vertex 0.39154786963877175 103.92786404500043 26
      vertex 0 106.4 26
    endloop
  endfacet
  facet normal 0.1564344650402307 0.9876883405951378 0
    outer loop
      vertex 6.269504831500295 101.07408350874715 12.6
      vertex 6.269504831500295 101.07408350874715 23.4
      vertex 8 100.80000000000001 12.6
    endloop
  endfacet
  facet normal 0 1 0
    outer loop
      vertex 8 100.80000000000001 12.6
      vertex 8 100.80000000000001 23.4
      vertex 14.150000000000006 100.80000000000001 12.6
    endloop
  endfacet
  facet normal 1 0 0
    outer loop
      vertex 14.150000000000006 100.80000000000001 12.6
      vertex 14.150000000000006 98.4 22
      vertex 14.150000000000006 98.4 10
    endloop
  endfacet
  facet normal 0.9876883401022011 -0.15643446815250964 0
    outer loop
      vertex 2.4000000000000057 95.4 3
      vertex 2.546830454468733 96.32705098539591 25.911550801081383
      vertex 2.4000000000000057 95.4 25.889723942547548
    endloop
  endfacet
  facet normal 0.8910065255514752 -0.4539904970642978 0
    outer loop
      vertex 2.546830454468733 96.32705098539591 3
      vertex 2.9729490146040973 97.16335575431586 25.93720981183454
      vertex 2.546830454468733 96.32705098539591 25.911550801081383
    endloop
  endfacet
  facet normal 0.7071067811865476 -0.7071067811865476 0
    outer loop
      vertex 2.9729490146040973 97.16335575431586 3
      vertex 3.6366442456841526 97.82705098539591 25.9608105385654
      vertex 2.9729490146040973 97.16335575431586 25.93720981183454
    endloop
  endfacet
  facet normal 0.4539904970642979 -0.8910065255514753 0
    outer loop
      vertex 3.6366442456841526 97.82705098539591 3
      vertex 4.472949014604097 98.25316954553128 25.978132431318116
      vertex 3.6366442456841526 97.82705098539591 25.9608105385654
    endloop
  endfacet
  facet normal 0.15643446815250966 -0.9876883401022013 0
    outer loop
      vertex 4.472949014604097 98.25316954553128 3
      vertex 5.400000000000006 98.4 25.99071752327964
      vertex 4.472949014604097 98.25316954553128 25.978132431318116
    endloop
  endfacet
  facet normal 0 -1 0
    outer loop
      vertex 5.400000000000006 98.4 3
      vertex 5.52786404500042 98.4 25.992041709966692
      vertex 5.400000000000006 98.4 25.99071752327964
    endloop
  endfacet
  facet normal 0 -1 0
    outer loop
      vertex 5.400000000000006 98.4 3
      vertex 8 98.4 26
      vertex 5.52786404500042 98.4 25.992041709966692
    endloop
  endfacet
  facet normal 0.1564344650402307 0.9876883405951378 0
    outer loop
      vertex 8 100.80000000000001 12.6
      vertex 6.269504831500295 101.07408350874715 23.4
      vertex 8 100.80000000000001 23.4
    endloop
  endfacet
  facet normal 0 -1 0
    outer loop
      vertex 5.400000000000006 98.4 3
      vertex 14.150000000000006 98.4 22
      vertex 8 98.4 26
    endloop
  endfacet
  facet normal 0 1 0
    outer loop
      vertex 8 100.80000000000001 23.4
      vertex 14.150000000000006 100.80000000000001 22
      vertex 14.150000000000006 100.80000000000001 12.6
    endloop
  endfacet
  facet normal 1 0 0
    outer loop
      vertex 14.150000000000006 100.80000000000001 22
      vertex 14.150000000000006 98.4 22
      vertex 14.150000000000006 100.80000000000001 12.6
    endloop
  endfacet
  facet normal -1 0 0
    outer loop
      vertex 30.150000000000006 100.80000000000001 22
      vertex 30.150000000000006 100.80000000000001 10
      vertex 30.150000000000006 98.4 10
    endloop
  endfacet
  facet normal -1 0 0
    outer loop
      vertex 30.150000000000006 100.80000000000001 22
      vertex 30.150000000000006 98.4 10
      vertex 30.150000000000006 98.4 22
    endloop
  endfacet
  facet normal 0 1 0
    outer loop
      vertex 8 100.80000000000001 23.4
      vertex 30.150000000000006 100.80000000000001 22
      vertex 14.150000000000006 100.80000000000001 22
    endloop
  endfacet
  facet normal -0.02031681182787435 -0.02031681182787165 0.9995871419312583
    outer loop
      vertex 2.4000000000000057 95.4 25.889723942547548
      vertex 2.546830454468733 96.32705098539591 25.911550801081383
      vertex 1.5278640450004204 101.69771798166022 26
    endloop
  endfacet
  facet normal 0.707106781186561 -0.7071067811865339 -7.65911711264205e-13
    outer loop
      vertex 2.9729490146040973 97.16335575431586 25.93720981183454
      vertex 3.6366442456841526 97.82705098539591 25.9608105385654
      vertex 3.297717981660215 97.48812472137197 25.950411802365274
    endloop
  endfacet
  facet normal -0.020316811827869676 -0.020316811827870766 0.9995871419312585
    outer loop
      vertex 2.546830454468733 96.32705098539591 25.911550801081383
      vertex 2.9729490146040973 97.16335575431586 25.93720981183454
      vertex 1.5278640450004204 101.69771798166022 26
    endloop
  endfacet
  facet normal -0.020316811827866713 -0.020316811827871747 0.9995871419312585
    outer loop
      vertex 2.9729490146040973 97.16335575431586 25.93720981183454
      vertex 3.297717981660215 97.48812472137197 25.950411802365274
      vertex 3.297717981660215 99.92786404500043 26
    endloop
  endfacet
  facet normal -0.010353514870346381 -0.020319917053442303 0.9997399190293298
    outer loop
      vertex 3.297717981660215 97.48812472137197 25.950411802365274
      vertex 3.6366442456841526 97.82705098539591 25.9608105385654
      vertex 3.297717981660215 99.92786404500043 26
    endloop
  endfacet
  facet normal -0.020316811827871123 -0.020316811827871227 0.9995871419312584
    outer loop
      vertex 2.9729490146040973 97.16335575431586 25.93720981183454
      vertex 3.297717981660215 99.92786404500043 26
      vertex 1.5278640450004204 101.69771798166022 26
    endloop
  endfacet
  facet normal -0.010353514870343226 -0.020319917053441792 0.9997399190293298
    outer loop
      vertex 3.6366442456841526 97.82705098539591 25.9608105385654
      vertex 4.472949014604097 98.25316954553128 25.978132431318116
      vertex 3.297717981660215 99.92786404500043 26
    endloop
  endfacet
  facet normal -0.010353514870345717 -0.02031991705344354 0.9997399190293298
    outer loop
      vertex 4.472949014604097 98.25316954553128 25.978132431318116
      vertex 5.400000000000006 98.4 25.99071752327964
      vertex 3.297717981660215 99.92786404500043 26
    endloop
  endfacet
  facet normal -0.010353514870349093 -0.02031991705344063 0.9997399190293298
    outer loop
      vertex 5.400000000000006 98.4 25.99071752327964
      vertex 5.52786404500042 98.4 25.992041709966692
      vertex 5.52786404500042 98.79154786963878 26
    endloop
  endfacet
  facet normal -0.010353514870344652 -0.020319917053442074 0.9997399190293296
    outer loop
      vertex 3.297717981660215 99.92786404500043 26
      vertex 5.400000000000006 98.4 25.99071752327964
      vertex 5.52786404500042 98.79154786963878 26
    endloop
  endfacet
  facet normal -0.0032185145300729166 -0.020320900989251545 0.9997883286712267
    outer loop
      vertex 5.52786404500042 98.4 25.992041709966692
      vertex 8 98.4 26
      vertex 5.52786404500042 98.79154786963878 26
    endloop
  endfacet
  facet normal 0 0 -1
    outer loop
      vertex 14.150000000000006 98.4 22
      vertex 14.150000000000006 100.80000000000001 22
      vertex 30.150000000000006 98.4 22
    endloop
  endfacet
  facet normal 0 0 -1
    outer loop
      vertex 14.150000000000006 100.80000000000001 22
      vertex 30.150000000000006 100.80000000000001 22
      vertex 30.150000000000006 98.4 22
    endloop
  endfacet
  facet normal 0 0 -1
    outer loop
      vertex 5.52786404500042 0.39154786963877175 0
      vertex 283.3 0 0
      vertex 8 0 0
    endloop
  endfacet
  facet normal 0 -1 0
    outer loop
      vertex 8 0 0
      vertex 283.3 0 0
      vertex 8 0 24
    endloop
  endfacet
  facet normal 0 1 0
    outer loop
      vertex 5.400000000000006 2.3999999999999986 3
      vertex 8 2.3999999999999986 24.048780487804876
      vertex 285.9 2.3999999999999986 3
    endloop
  endfacet
  facet normal 0 0 1
    outer loop
      vertex 5.400000000000006 2.3999999999999986 3
      vertex 191.8866442431226 10.072949016875157 3
      vertex 28.350000000000005 66.80000000000001 3
    endloop
  endfacet
  facet normal 0 0 -1
    outer loop
      vertex 5.52786404500042 0.39154786963877175 0
      vertex 18.11449676604731 8.336881039375367 0
      vertex 283.3 100.80000000000001 0
    endloop
  endfacet
  facet normal 0 0 -1
    outer loop
      vertex 18.11449676604731 8.336881039375367 0
      vertex 19.663118960624633 9.885503233952688 0
      vertex 283.3 100.80000000000001 0
    endloop
  endfacet
  facet normal 0 0 -1
    outer loop
      vertex 19.663118960624633 9.885503233952688 0
      vertex 20.657395614066075 11.836881039375369 0
      vertex 283.3 100.80000000000001 0
    endloop
  endfacet
  facet normal 0 0 -1
    outer loop
      vertex 20.657395614066075 11.836881039375369 0
      vertex 21 14 0
      vertex 283.3 100.80000000000001 0
    endloop
  endfacet
  facet normal 0 0 -1
    outer loop
      vertex 21 14 0
      vertex 20.657395614066075 16.163118960624633 0
      vertex 283.3 100.80000000000001 0
    endloop
  endfacet
  facet normal 0 0 -1
    outer loop
      vertex 14 21 0
      vertex 283.3 100.80000000000001 0
      vertex 16.163118960624633 20.657395614066075 0
    endloop
  endfacet
  facet normal 0 0 -1
    outer loop
      vertex 18.11449676604731 19.663118960624633 0
      vertex 16.163118960624633 20.657395614066075 0
      vertex 283.3 100.80000000000001 0
    endloop
  endfacet
  facet normal 0 0 -1
    outer loop
      vertex 19.663118960624633 18.11449676604731 0
      vertex 283.3 100.80000000000001 0
      vertex 20.657395614066075 16.163118960624633 0
    endloop
  endfacet
  facet normal 0 0 -1
    outer loop
      vertex 18.11449676604731 19.663118960624633 0
      vertex 283.3 100.80000000000001 0
      vertex 19.663118960624633 18.11449676604731 0
    endloop
  endfacet
  facet normal 0 0 1
    outer loop
      vertex 5.400000000000006 2.3999999999999986 3
      vertex 192.72294901687516 9.646830451114539 3
      vertex 191.8866442431226 10.072949016875157 3
    endloop
  endfacet
  facet normal 0 0 1
    outer loop
      vertex 5.400000000000006 2.3999999999999986 3
      vertex 193.65 9.5 3
      vertex 192.72294901687516 9.646830451114539 3
    endloop
  endfacet
  facet normal 0 0 1
    outer loop
      vertex 28.350000000000005 66.80000000000001 3
      vertex 191.22294901687516 10.73664424312258 3
      vertex 130.42294901687515 47.046830451114545 3
    endloop
  endfacet
  facet normal 0 0 1
    outer loop
      vertex 28.350000000000005 66.80000000000001 3
      vertex 191.8866442431226 10.072949016875157 3
      vertex 191.22294901687516 10.73664424312258 3
    endloop
  endfacet
  facet normal 0 0 1
    outer loop
      vertex 131.0255321559063 48.9013906578901 3
      vertex 131.35 48.85000000000001 3
      vertex 130.5005321559063 49.28282548509291 3
    endloop
  endfacet
  facet normal 0 0 1
    outer loop
      vertex 131.35 48.85000000000001 3
      vertex 131.6744678440937 48.9013906578901 3
      vertex 130.5005321559063 49.28282548509291 3
    endloop
  endfacet
  facet normal 0 0 1
    outer loop
      vertex 131.0255321559063 48.9013906578901 3
      vertex 130.5005321559063 49.28282548509291 3
      vertex 130.7328254850929 49.05053215590631 3
    endloop
  endfacet
  facet normal 0 0 1
    outer loop
      vertex 130.5005321559063 49.28282548509291 3
      vertex 132.19946784409368 49.28282548509291 3
      vertex 130.35139065789008 49.57553215590631 3
    endloop
  endfacet
  facet normal 0 0 1
    outer loop
      vertex 131.6744678440937 48.9013906578901 3
      vertex 131.9671745149071 49.05053215590631 3
      vertex 130.5005321559063 49.28282548509291 3
    endloop
  endfacet
  facet normal 0 0 1
    outer loop
      vertex 130.35139065789008 49.57553215590631 3
      vertex 132.19946784409368 49.28282548509291 3
      vertex 130.29999999999998 49.900000000000006 3
    endloop
  endfacet
  facet normal 0 0 1
    outer loop
      vertex 130.29999999999998 49.900000000000006 3
      vertex 132.19946784409368 49.28282548509291 3
      vertex 130.35139065789008 50.2244678440937 3
    endloop
  endfacet
  facet normal 0 0 1
    outer loop
      vertex 130.5005321559063 49.28282548509291 3
      vertex 131.9671745149071 49.05053215590631 3
      vertex 132.19946784409368 49.28282548509291 3
    endloop
  endfacet
  facet normal 0 0 1
    outer loop
      vertex 130.35139065789008 50.2244678440937 3
      vertex 132.19946784409368 49.28282548509291 3
      vertex 130.5005321559063 50.517174514907104 3
    endloop
  endfacet
  facet normal 0 0 1
    outer loop
      vertex 130.5005321559063 50.517174514907104 3
      vertex 132.19946784409368 49.28282548509291 3
      vertex 130.7328254850929 50.7494678440937 3
    endloop
  endfacet
  facet normal 0 0 1
    outer loop
      vertex 132.19946784409368 49.28282548509291 3
      vertex 132.3486093421099 49.57553215590631 3
      vertex 130.7328254850929 50.7494678440937 3
    endloop
  endfacet
  facet normal 0 0 1
    outer loop
      vertex 132.3486093421099 49.57553215590631 3
      vertex 132.4 49.900000000000006 3
      vertex 130.7328254850929 50.7494678440937 3
    endloop
  endfacet
  facet normal 0 0 1
    outer loop
      vertex 132.4 49.900000000000006 3
      vertex 132.3486093421099 50.2244678440937 3
      vertex 130.7328254850929 50.7494678440937 3
    endloop
  endfacet
  facet normal 0 0 1
    outer loop
      vertex 132.19946784409368 50.517174514907104 3
      vertex 130.7328254850929 50.7494678440937 3
      vertex 132.3486093421099 50.2244678440937 3
    endloop
  endfacet
  facet normal -0.45399049973954786 -0.8910065241883675 0
    outer loop
      vertex 130.42294901687515 47.046830451114545 3
      vertex 130.42294901687515 47.046830451114545 13
      vertex 129.58664424312258 47.47294901687516 3
    endloop
  endfacet
  facet normal -0.15643446504023048 -0.9876883405951378 1.2239293472463295e-18
    outer loop
      vertex 130.42294901687515 47.046830451114545 3
      vertex 131.35 46.900000000000006 3
      vertex 131.35 46.900000000000006 13
    endloop
  endfacet
  facet normal 0.15643446504023048 -0.9876883405951378 -1.2239293472463295e-18
    outer loop
      vertex 131.35 46.900000000000006 3
      vertex 132.27705098312484 47.046830451114545 3
      vertex 132.27705098312484 47.046830451114545 13
    endloop
  endfacet
  facet normal -0.7071067811865476 -0.7071067811865476 0
    outer loop
      vertex 128.92294901687515 48.13664424312259 3
      vertex 129.58664424312258 47.47294901687516 3
      vertex 128.92294901687515 48.13664424312259 13
    endloop
  endfacet
  facet normal -0.8910065241883675 -0.45399049973954786 0
    outer loop
      vertex 128.49683045111453 48.97294901687516 3
      vertex 128.92294901687515 48.13664424312259 3
      vertex 128.49683045111453 48.97294901687516 13
    endloop
  endfacet
  facet normal -0.9876883405951378 -0.15643446504023048 1.2239293472463295e-18
    outer loop
      vertex 128.49683045111453 48.97294901687516 3
      vertex 128.35 49.900000000000006 13
      vertex 128.35 49.900000000000006 3
    endloop
  endfacet
  facet normal -0.9876883405951378 0.15643446504023048 -1.2239293472463295e-18
    outer loop
      vertex 128.35 49.900000000000006 3
      vertex 128.49683045111453 50.82705098312485 13
      vertex 128.49683045111453 50.82705098312485 3
    endloop
  endfacet
  facet normal 0.4539904997395392 0.8910065241883718 8.192947061387383e-19
    outer loop
      vertex 131.0255321559063 48.9013906578901 3
      vertex 130.7328254850929 49.05053215590631 3
      vertex 130.7328254850929 49.05053215590631 13
    endloop
  endfacet
  facet normal 0.15643446504022648 0.9876883405951384 0
    outer loop
      vertex 131.0255321559063 48.9013906578901 3
      vertex 131.0255321559063 48.9013906578901 13
      vertex 131.35 48.85000000000001 3
    endloop
  endfacet
  facet normal -0.15643446504022648 0.9876883405951384 0
    outer loop
      vertex 131.35 48.85000000000001 3
      vertex 131.35 48.85000000000001 13
      vertex 131.6744678440937 48.9013906578901 3
    endloop
  endfacet
  facet normal -0.4539904997395392 0.8910065241883718 0
    outer loop
      vertex 131.6744678440937 48.9013906578901 3
      vertex 131.6744678440937 48.9013906578901 13
      vertex 131.9671745149071 49.05053215590631 3
    endloop
  endfacet
  facet normal 0.70710678118658 0.7071067811865152 0
    outer loop
      vertex 130.5005321559063 49.28282548509291 3
      vertex 130.5005321559063 49.28282548509291 13
      vertex 130.7328254850929 49.05053215590631 3
    endloop
  endfacet
  facet normal 0.8910065241883456 0.4539904997395907 4.0763897157093e-19
    outer loop
      vertex 130.5005321559063 49.28282548509291 3
      vertex 130.35139065789008 49.57553215590631 3
      vertex 130.35139065789008 49.57553215590631 13
    endloop
  endfacet
  facet normal 0.9876883405951347 0.15643446504025094 2.385311441538029e-19
    outer loop
      vertex 130.35139065789008 49.57553215590631 3
      vertex 130.29999999999998 49.900000000000006 3
      vertex 130.29999999999998 49.900000000000006 13
    endloop
  endfacet
  facet normal 0.9876883405951347 -0.15643446504025094 -2.385311441538029e-19
    outer loop
      vertex 130.29999999999998 49.900000000000006 3
      vertex 130.35139065789008 50.2244678440937 3
      vertex 130.35139065789008 50.2244678440937 13
    endloop
  endfacet
  facet normal 0.8910065241883456 -0.4539904997395907 -4.0763897157093e-19
    outer loop
      vertex 130.35139065789008 50.2244678440937 3
      vertex 130.5005321559063 50.517174514907104 3
      vertex 130.5005321559063 50.517174514907104 13
    endloop
  endfacet
  facet normal 0.45399049973954786 -0.8910065241883675 3.656535605323061e-19
    outer loop
      vertex 132.27705098312484 47.046830451114545 3
      vertex 133.1133557568774 47.47294901687516 3
      vertex 133.1133557568774 47.47294901687516 13
    endloop
  endfacet
  facet normal 0.7071067811865476 -0.7071067811865476 0
    outer loop
      vertex 133.1133557568774 47.47294901687516 3
      vertex 133.77705098312484 48.13664424312259 3
      vertex 133.1133557568774 47.47294901687516 13
    endloop
  endfacet
  facet normal 0.8910065241883675 -0.45399049973954786 0
    outer loop
      vertex 133.77705098312484 48.13664424312259 3
      vertex 134.20316954888546 48.97294901687516 3
      vertex 133.77705098312484 48.13664424312259 13
    endloop
  endfacet
  facet normal -0.70710678118658 0.7071067811865152 0
    outer loop
      vertex 131.9671745149071 49.05053215590631 3
      vertex 131.9671745149071 49.05053215590631 13
      vertex 132.19946784409368 49.28282548509291 3
    endloop
  endfacet
  facet normal -0.8910065241883456 0.4539904997395907 0
    outer loop
      vertex 132.19946784409368 49.28282548509291 3
      vertex 132.19946784409368 49.28282548509291 13
      vertex 132.3486093421099 49.57553215590631 3
    endloop
  endfacet
  facet normal -0.9876883405951347 0.15643446504025094 0
    outer loop
      vertex 132.3486093421099 49.57553215590631 3
      vertex 132.3486093421099 49.57553215590631 13
      vertex 132.4 49.900000000000006 3
    endloop
  endfacet
  facet normal -0.9876883405951347 -0.15643446504025094 0
    outer loop
      vertex 132.4 49.900000000000006 3
      vertex 132.4 49.900000000000006 13
      vertex 132.3486093421099 50.2244678440937 3
    endloop
  endfacet
  facet normal -0.70710678118658 -0.7071067811865152 0
    outer loop
      vertex 132.19946784409368 50.517174514907104 3
      vertex 132.19946784409368 50.517174514907104 13
      vertex 131.9671745149071 50.7494678440937 3
    endloop
  endfacet
  facet normal -0.8910065241883456 -0.4539904997395907 4.0763897157093e-19
    outer loop
      vertex 132.19946784409368 50.517174514907104 3
      vertex 132.3486093421099 50.2244678440937 3
      vertex 132.3486093421099 50.2244678440937 13
    endloop
  endfacet
  facet normal 0.9876883405951378 -0.15643446504023048 0
    outer loop
      vertex 134.20316954888546 48.97294901687516 3
      vertex 134.35 49.900000000000006 3
      vertex 134.20316954888546 48.97294901687516 13
    endloop
  endfacet
  facet normal 0.9876883405951378 0.15643446504023048 0
    outer loop
      vertex 134.35 49.900000000000006 3
      vertex 134.20316954888546 50.82705098312485 3
      vertex 134.35 49.900000000000006 13
    endloop
  endfacet
  facet normal -0.45399049973954786 -0.8910065241883675 0
    outer loop
      vertex 129.58664424312258 47.47294901687516 3
      vertex 130.42294901687515 47.046830451114545 13
      vertex 129.58664424312258 47.47294901687516 13
    endloop
  endfacet
  facet normal -0.15643446504023048 -0.9876883405951378 0
    outer loop
      vertex 130.42294901687515 47.046830451114545 3
      vertex 131.35 46.900000000000006 13
      vertex 130.42294901687515 47.046830451114545 13
    endloop
  endfacet
  facet normal 0.15643446504023048 -0.9876883405951378 0
    outer loop
      vertex 131.35 46.900000000000006 3
      vertex 132.27705098312484 47.046830451114545 13
      vertex 131.35 46.900000000000006 13
    endloop
  endfacet
  facet normal -0.7071067811865476 -0.7071067811865476 0
    outer loop
      vertex 129.58664424312258 47.47294901687516 3
      vertex 129.58664424312258 47.47294901687516 13
      vertex 128.92294901687515 48.13664424312259 13
    endloop
  endfacet
  facet normal -0.8910065241883675 -0.45399049973954786 0
    outer loop
      vertex 128.92294901687515 48.13664424312259 3
      vertex 128.92294901687515 48.13664424312259 13
      vertex 128.49683045111453 48.97294901687516 13
    endloop
  endfacet
  facet normal -0.9876883405951378 -0.15643446504023048 0
    outer loop
      vertex 128.49683045111453 48.97294901687516 3
      vertex 128.49683045111453 48.97294901687516 13
      vertex 128.35 49.900000000000006 13
    endloop
  endfacet
  facet normal -0.9876883405951378 0.15643446504023048 0
    outer loop
      vertex 128.35 49.900000000000006 3
      vertex 128.35 49.900000000000006 13
      vertex 128.49683045111453 50.82705098312485 13
    endloop
  endfacet
  facet normal 0.4539904997395392 0.8910065241883718 0
    outer loop
      vertex 131.0255321559063 48.9013906578901 3
      vertex 130.7328254850929 49.05053215590631 13
      vertex 131.0255321559063 48.9013906578901 13
    endloop
  endfacet
  facet normal 0.15643446504022648 0.9876883405951384 0
    outer loop
      vertex 131.35 48.85000000000001 3
      vertex 131.0255321559063 48.9013906578901 13
      vertex 131.35 48.85000000000001 13
    endloop
  endfacet
  facet normal -0.15643446504022648 0.9876883405951384 0
    outer loop
      vertex 131.6744678440937 48.9013906578901 3
      vertex 131.35 48.85000000000001 13
      vertex 131.6744678440937 48.9013906578901 13
    endloop
  endfacet
  facet normal -0.4539904997395392 0.8910065241883718 0
    outer loop
      vertex 131.9671745149071 49.05053215590631 3
      vertex 131.6744678440937 48.9013906578901 13
      vertex 131.9671745149071 49.05053215590631 13
    endloop
  endfacet
  facet normal 0.8910065241883456 0.4539904997395907 0
    outer loop
      vertex 130.5005321559063 49.28282548509291 3
      vertex 130.35139065789008 49.57553215590631 13
      vertex 130.5005321559063 49.28282548509291 13
    endloop
  endfacet
  facet normal 0.70710678118658 0.7071067811865152 0
    outer loop
      vertex 130.7328254850929 49.05053215590631 3
      vertex 130.5005321559063 49.28282548509291 13
      vertex 130.7328254850929 49.05053215590631 13
    endloop
  endfacet
  facet normal 0.9876883405951347 0.15643446504025094 0
    outer loop
      vertex 130.35139065789008 49.57553215590631 3
      vertex 130.29999999999998 49.900000000000006 13
      vertex 130.35139065789008 49.57553215590631 13
    endloop
  endfacet
  facet normal 0.9876883405951347 -0.15643446504025094 0
    outer loop
      vertex 130.29999999999998 49.900000000000006 3
      vertex 130.35139065789008 50.2244678440937 13
      vertex 130.29999999999998 49.900000000000006 13
    endloop
  endfacet
  facet normal 0.8910065241883456 -0.4539904997395907 0
    outer loop
      vertex 130.35139065789008 50.2244678440937 3
      vertex 130.5005321559063 50.517174514907104 13
      vertex 130.35139065789008 50.2244678440937 13
    endloop
  endfacet
  facet normal 0.70710678118658 -0.7071067811865152 0
    outer loop
      vertex 130.5005321559063 50.517174514907104 3
      vertex 130.7328254850929 50.7494678440937 13
      vertex 130.5005321559063 50.517174514907104 13
    endloop
  endfacet
  facet normal 0.45399049973954786 -0.8910065241883675 0
    outer loop
      vertex 132.27705098312484 47.046830451114545 3
      vertex 133.1133557568774 47.47294901687516 13
      vertex 132.27705098312484 47.046830451114545 13
    endloop
  endfacet
  facet normal 0.7071067811865476 -0.7071067811865476 0
    outer loop
      vertex 133.77705098312484 48.13664424312259 3
      vertex 133.77705098312484 48.13664424312259 13
      vertex 133.1133557568774 47.47294901687516 13
    endloop
  endfacet
  facet normal 0.8910065241883675 -0.45399049973954786 0
    outer loop
      vertex 134.20316954888546 48.97294901687516 3
      vertex 134.20316954888546 48.97294901687516 13
      vertex 133.77705098312484 48.13664424312259 13
    endloop
  endfacet
  facet normal -0.70710678118658 0.7071067811865152 0
    outer loop
      vertex 132.19946784409368 49.28282548509291 3
      vertex 131.9671745149071 49.05053215590631 13
      vertex 132.19946784409368 49.28282548509291 13
    endloop
  endfacet
  facet normal -0.8910065241883456 0.4539904997395907 0
    outer loop
      vertex 132.3486093421099 49.57553215590631 3
      vertex 132.19946784409368 49.28282548509291 13
      vertex 132.3486093421099 49.57553215590631 13
    endloop
  endfacet
  facet normal -0.9876883405951347 0.15643446504025094 0
    outer loop
      vertex 132.4 49.900000000000006 3
      vertex 132.3486093421099 49.57553215590631 13
      vertex 132.4 49.900000000000006 13
    endloop
  endfacet
  facet normal -0.9876883405951347 -0.15643446504025094 0
    outer loop
      vertex 132.3486093421099 50.2244678440937 3
      vertex 132.4 49.900000000000006 13
      vertex 132.3486093421099 50.2244678440937 13
    endloop
  endfacet
  facet normal -0.8910065241883456 -0.4539904997395907 0
    outer loop
      vertex 132.19946784409368 50.517174514907104 3
      vertex 132.3486093421099 50.2244678440937 13
      vertex 132.19946784409368 50.517174514907104 13
    endloop
  endfacet
  facet normal 0.9876883405951378 0.15643446504023048 1.2239293472463295e-18
    outer loop
      vertex 134.35 49.900000000000006 13
      vertex 134.20316954888546 50.82705098312485 3
      vertex 134.20316954888546 50.82705098312485 13
    endloop
  endfacet
  facet normal 0.9876883405951378 -0.15643446504023048 0
    outer loop
      vertex 134.35 49.900000000000006 3
      vertex 134.35 49.900000000000006 13
      vertex 134.20316954888546 48.97294901687516 13
    endloop
  endfacet
  facet normal 0 -0.020321006240507703 0.999793507033014
    outer loop
      vertex 8 0 24
      vertex 283.3 0 24
      vertex 8 2.3999999999999986 24.048780487804876
    endloop
  endfacet
  facet normal 0 0 1
    outer loop
      vertex 128.49683045111453 48.97294901687516 13
      vertex 128.49683045111453 50.82705098312485 13
      vertex 128.35 49.900000000000006 13
    endloop
  endfacet
  facet normal 0 0 1
    outer loop
      vertex 128.49683045111453 48.97294901687516 13
      vertex 128.92294901687515 48.13664424312259 13
      vertex 128.49683045111453 50.82705098312485 13
    endloop
  endfacet
  facet normal 0 0 1
    outer loop
      vertex 128.92294901687515 48.13664424312259 13
      vertex 129.58664424312258 47.47294901687516 13
      vertex 128.92294901687515 51.66335575687742 13
    endloop
  endfacet
  facet normal 0 0 1
    outer loop
      vertex 128.92294901687515 48.13664424312259 13
      vertex 128.92294901687515 51.66335575687742 13
      vertex 128.49683045111453 50.82705098312485 13
    endloop
  endfacet
  facet normal 0 0 1
    outer loop
      vertex 129.58664424312258 47.47294901687516 13
      vertex 129.58664424312258 52.32705098312485 13
      vertex 128.92294901687515 51.66335575687742 13
    endloop
  endfacet
  facet normal 0 0 1
    outer loop
      vertex 130.42294901687515 47.046830451114545 13
      vertex 129.58664424312258 52.32705098312485 13
      vertex 129.58664424312258 47.47294901687516 13
    endloop
  endfacet
  facet normal 0 0 1
    outer loop
      vertex 130.42294901687515 47.046830451114545 13
      vertex 130.7328254850929 49.05053215590631 13
      vertex 130.5005321559063 49.28282548509291 13
    endloop
  endfacet
  facet normal 0 0 1
    outer loop
      vertex 130.42294901687515 47.046830451114545 13
      vertex 131.0255321559063 48.9013906578901 13
      vertex 130.7328254850929 49.05053215590631 13
    endloop
  endfacet
  facet normal 0 0 1
    outer loop
      vertex 130.42294901687515 47.046830451114545 13
      vertex 130.5005321559063 49.28282548509291 13
      vertex 130.35139065789008 49.57553215590631 13
    endloop
  endfacet
  facet normal 0 0 1
    outer loop
      vertex 130.42294901687515 47.046830451114545 13
      vertex 130.35139065789008 49.57553215590631 13
      vertex 130.29999999999998 49.900000000000006 13
    endloop
  endfacet
  facet normal 0 0 1
    outer loop
      vertex 130.42294901687515 47.046830451114545 13
      vertex 131.35 46.900000000000006 13
      vertex 131.0255321559063 48.9013906578901 13
    endloop
  endfacet
  facet normal 0 0 1
    outer loop
      vertex 131.35 46.900000000000006 13
      vertex 131.35 48.85000000000001 13
      vertex 131.0255321559063 48.9013906578901 13
    endloop
  endfacet
  facet normal 0 0 1
    outer loop
      vertex 131.35 46.900000000000006 13
      vertex 132.27705098312484 47.046830451114545 13
      vertex 131.35 48.85000000000001 13
    endloop
  endfacet
  facet normal 0 0 1
    outer loop
      vertex 131.35 48.85000000000001 13
      vertex 132.27705098312484 47.046830451114545 13
      vertex 131.6744678440937 48.9013906578901 13
    endloop
  endfacet
  facet normal 0 0 1
    outer loop
      vertex 131.6744678440937 48.9013906578901 13
      vertex 132.27705098312484 47.046830451114545 13
      vertex 131.9671745149071 49.05053215590631 13
    endloop
  endfacet
  facet normal 0 0 1
    outer loop
      vertex 130.42294901687515 47.046830451114545 13
      vertex 130.29999999999998 49.900000000000006 13
      vertex 129.58664424312258 52.32705098312485 13
    endloop
  endfacet
  facet normal 0 0 1
    outer loop
      vertex 132.27705098312484 47.046830451114545 13
      vertex 133.1133557568774 47.47294901687516 13
      vertex 132.19946784409368 49.28282548509291 13
    endloop
  endfacet
  facet normal 0 0 1
    outer loop
      vertex 131.9671745149071 49.05053215590631 13
      vertex 132.27705098312484 47.046830451114545 13
      vertex 132.19946784409368 49.28282548509291 13
    endloop
  endfacet
  facet normal 0 0 1
    outer loop
      vertex 133.1133557568774 47.47294901687516 13
      vertex 132.3486093421099 49.57553215590631 13
      vertex 132.19946784409368 49.28282548509291 13
    endloop
  endfacet
  facet normal 0 0 1
    outer loop
      vertex 133.1133557568774 47.47294901687516 13
      vertex 132.4 49.900000000000006 13
      vertex 132.3486093421099 49.57553215590631 13
    endloop
  endfacet
  facet normal 0 0 1
    outer loop
      vertex 133.1133557568774 47.47294901687516 13
      vertex 132.27705098312484 52.75316954888547 13
      vertex 132.4 49.900000000000006 13
    endloop
  endfacet
  facet normal 0 0 1
    outer loop
      vertex 133.1133557568774 47.47294901687516 13
      vertex 133.77705098312484 48.13664424312259 13
      vertex 133.1133557568774 52.32705098312485 13
    endloop
  endfacet
  facet normal 0 0 1
    outer loop
      vertex 133.77705098312484 48.13664424312259 13
      vertex 134.20316954888546 48.97294901687516 13
      vertex 133.77705098312484 51.66335575687742 13
    endloop
  endfacet
  facet normal 0 0 1
    outer loop
      vertex 134.20316954888546 48.97294901687516 13
      vertex 134.35 49.900000000000006 13
      vertex 134.20316954888546 50.82705098312485 13
    endloop
  endfacet
  facet normal 0 0 1
    outer loop
      vertex 134.20316954888546 48.97294901687516 13
      vertex 134.20316954888546 50.82705098312485 13
      vertex 133.77705098312484 51.66335575687742 13
    endloop
  endfacet
  facet normal 0 0 1
    outer loop
      vertex 28.350000000000005 66.80000000000001 3
      vertex 130.42294901687515 47.046830451114545 3
      vertex 129.58664424312258 47.47294901687516 3
    endloop
  endfacet
  facet normal 0 0 1
    outer loop
      vertex 29.277050983124848 66.94683045111455 3
      vertex 129.58664424312258 47.47294901687516 3
      vertex 128.92294901687515 48.13664424312259 3
    endloop
  endfacet
  facet normal 0 0 1
    outer loop
      vertex 30.113355756877425 67.37294901687517 3
      vertex 128.92294901687515 48.13664424312259 3
      vertex 128.49683045111453 48.97294901687516 3
    endloop
  endfacet
  facet normal 0 0 1
    outer loop
      vertex 30.777050983124848 68.0366442431226 3
      vertex 128.49683045111453 48.97294901687516 3
      vertex 128.35 49.900000000000006 3
    endloop
  endfacet
  facet normal 0 0 1
    outer loop
      vertex 31.203169548885466 68.87294901687517 3
      vertex 128.35 49.900000000000006 3
      vertex 128.49683045111453 50.82705098312485 3
    endloop
  endfacet
  facet normal 0 0 1
    outer loop
      vertex 31.350000000000005 69.80000000000001 3
      vertex 128.49683045111453 50.82705098312485 3
      vertex 128.92294901687515 51.66335575687742 3
    endloop
  endfacet
  facet normal 0 0 1
    outer loop
      vertex 31.350000000000005 69.80000000000001 3
      vertex 128.92294901687515 51.66335575687742 3
      vertex 129.58664424312258 52.32705098312485 3
    endloop
  endfacet
  facet normal 0 0 1
    outer loop
      vertex 31.350000000000005 69.80000000000001 3
      vertex 129.58664424312258 52.32705098312485 3
      vertex 130.42294901687515 52.75316954888547 3
    endloop
  endfacet
  facet normal 0 0 1
    outer loop
      vertex 31.350000000000005 69.80000000000001 3
      vertex 130.42294901687515 52.75316954888547 3
      vertex 131.35 52.900000000000006 3
    endloop
  endfacet
  facet normal 0 0 1
    outer loop
      vertex 31.350000000000005 69.80000000000001 3
      vertex 131.35 52.900000000000006 3
      vertex 132.27705098312484 52.75316954888547 3
    endloop
  endfacet
  facet normal 0 0 -1
    outer loop
      vertex 14 21 0
      vertex 4.719568864739393 100.48672956541668 0
      vertex 283.3 100.80000000000001 0
    endloop
  endfacet
  facet normal 0 0 -1
    outer loop
      vertex 4.719568864739393 100.48672956541668 0
      vertex 8 100.80000000000001 0
      vertex 283.3 100.80000000000001 0
    endloop
  endfacet
  facet normal 0 1 0
    outer loop
      vertex 8 100.80000000000001 0
      vertex 16 100.80000000000001 2.6
      vertex 283.3 100.80000000000001 0
    endloop
  endfacet
  facet normal 0 0 1
    outer loop
      vertex 132.19946784409368 50.517174514907104 3
      vertex 131.0255321559063 50.898609342109914 3
      vertex 130.7328254850929 50.7494678440937 3
    endloop
  endfacet
  facet normal 0 0 1
    outer loop
      vertex 131.35 50.95 3
      vertex 131.9671745149071 50.7494678440937 3
      vertex 131.6744678440937 50.898609342109914 3
    endloop
  endfacet
  facet normal 0 0 1
    outer loop
      vertex 131.0255321559063 50.898609342109914 3
      vertex 131.9671745149071 50.7494678440937 3
      vertex 131.35 50.95 3
    endloop
  endfacet
  facet normal 0 0 1
    outer loop
      vertex 132.19946784409368 50.517174514907104 3
      vertex 131.9671745149071 50.7494678440937 3
      vertex 131.0255321559063 50.898609342109914 3
    endloop
  endfacet
  facet normal 0 0 1
    outer loop
      vertex 5.400000000000006 98.4 3
      vertex 132.27705098312484 52.75316954888547 3
      vertex 285.9 2.3999999999999986 3
    endloop
  endfacet
  facet normal -0.8910065241883675 0.45399049973954786 3.656535605323061e-19
    outer loop
      vertex 128.49683045111453 50.82705098312485 3
      vertex 128.92294901687515 51.66335575687742 13
      vertex 128.92294901687515 51.66335575687742 3
    endloop
  endfacet
  facet normal -0.7071067811865476 0.7071067811865476 2.98606290745447e-20
    outer loop
      vertex 128.92294901687515 51.66335575687742 3
      vertex 129.58664424312258 52.32705098312485 13
      vertex 129.58664424312258 52.32705098312485 3
    endloop
  endfacet
  facet normal 0.70710678118658 -0.7071067811865152 -3.270863846225604e-19
    outer loop
      vertex 130.5005321559063 50.517174514907104 3
      vertex 130.7328254850929 50.7494678440937 3
      vertex 130.7328254850929 50.7494678440937 13
    endloop
  endfacet
  facet normal 0.4539904997395392 -0.8910065241883718 -8.192947061387383e-19
    outer loop
      vertex 130.7328254850929 50.7494678440937 3
      vertex 131.0255321559063 50.898609342109914 3
      vertex 131.0255321559063 50.898609342109914 13
    endloop
  endfacet
  facet normal 0.15643446504022648 -0.9876883405951384 -5.153132414377666e-19
    outer loop
      vertex 131.0255321559063 50.898609342109914 3
      vertex 131.35 50.95 3
      vertex 131.35 50.95 13
    endloop
  endfacet
  facet normal -0.15643446504022648 -0.9876883405951384 5.153132414377666e-19
    outer loop
      vertex 131.35 50.95 3
      vertex 131.6744678440937 50.898609342109914 3
      vertex 131.6744678440937 50.898609342109914 13
    endloop
  endfacet
  facet normal -0.4539904997395392 -0.8910065241883718 8.192947061387383e-19
    outer loop
      vertex 131.6744678440937 50.898609342109914 3
      vertex 131.9671745149071 50.7494678440937 3
      vertex 131.9671745149071 50.7494678440937 13
    endloop
  endfacet
  facet normal -0.45399049973954786 0.8910065241883675 0
    outer loop
      vertex 129.58664424312258 52.32705098312485 3
      vertex 129.58664424312258 52.32705098312485 13
      vertex 130.42294901687515 52.75316954888547 3
    endloop
  endfacet
  facet normal -0.15643446504023048 0.9876883405951378 0
    outer loop
      vertex 130.42294901687515 52.75316954888547 3
      vertex 130.42294901687515 52.75316954888547 13
      vertex 131.35 52.900000000000006 3
    endloop
  endfacet
  facet normal 0.15643446504023048 0.9876883405951378 0
    outer loop
      vertex 131.35 52.900000000000006 3
      vertex 131.35 52.900000000000006 13
      vertex 132.27705098312484 52.75316954888547 3
    endloop
  endfacet
  facet normal 0.8910065241883675 0.45399049973954786 0
    outer loop
      vertex 134.20316954888546 50.82705098312485 3
      vertex 133.77705098312484 51.66335575687742 3
      vertex 134.20316954888546 50.82705098312485 13
    endloop
  endfacet
  facet normal 0.7071067811865476 0.7071067811865476 0
    outer loop
      vertex 133.77705098312484 51.66335575687742 3
      vertex 133.1133557568774 52.32705098312485 3
      vertex 133.77705098312484 51.66335575687742 13
    endloop
  endfacet
  facet normal 0.45399049973954786 0.8910065241883675 0
    outer loop
      vertex 132.27705098312484 52.75316954888547 3
      vertex 132.27705098312484 52.75316954888547 13
      vertex 133.1133557568774 52.32705098312485 3
    endloop
  endfacet
  facet normal -0.8910065241883675 0.45399049973954786 0
    outer loop
      vertex 128.49683045111453 50.82705098312485 3
      vertex 128.49683045111453 50.82705098312485 13
      vertex 128.92294901687515 51.66335575687742 13
    endloop
  endfacet
  facet normal -0.7071067811865476 0.7071067811865476 0
    outer loop
      vertex 128.92294901687515 51.66335575687742 3
      vertex 128.92294901687515 51.66335575687742 13
      vertex 129.58664424312258 52.32705098312485 13
    endloop
  endfacet
  facet normal 0.4539904997395392 -0.8910065241883718 0
    outer loop
      vertex 130.7328254850929 50.7494678440937 3
      vertex 131.0255321559063 50.898609342109914 13
      vertex 130.7328254850929 50.7494678440937 13
    endloop
  endfacet
  facet normal 0.15643446504022648 -0.9876883405951384 0
    outer loop
      vertex 131.0255321559063 50.898609342109914 3
      vertex 131.35 50.95 13
      vertex 131.0255321559063 50.898609342109914 13
    endloop
  endfacet
  facet normal -0.15643446504022648 -0.9876883405951384 0
    outer loop
      vertex 131.35 50.95 3
      vertex 131.6744678440937 50.898609342109914 13
      vertex 131.35 50.95 13
    endloop
  endfacet
  facet normal -0.4539904997395392 -0.8910065241883718 0
    outer loop
      vertex 131.6744678440937 50.898609342109914 3
      vertex 131.9671745149071 50.7494678440937 13
      vertex 131.6744678440937 50.898609342109914 13
    endloop
  endfacet
  facet normal -0.45399049973954786 0.8910065241883675 0
    outer loop
      vertex 130.42294901687515 52.75316954888547 3
      vertex 129.58664424312258 52.32705098312485 13
      vertex 130.42294901687515 52.75316954888547 13
    endloop
  endfacet
  facet normal -0.15643446504023048 0.9876883405951378 0
    outer loop
      vertex 131.35 52.900000000000006 3
      vertex 130.42294901687515 52.75316954888547 13
      vertex 131.35 52.900000000000006 13
    endloop
  endfacet
  facet normal 0.15643446504023048 0.9876883405951378 0
    outer loop
      vertex 132.27705098312484 52.75316954888547 3
      vertex 131.35 52.900000000000006 13
      vertex 132.27705098312484 52.75316954888547 13
    endloop
  endfacet
  facet normal -0.70710678118658 -0.7071067811865152 3.270863846225604e-19
    outer loop
      vertex 132.19946784409368 50.517174514907104 13
      vertex 131.9671745149071 50.7494678440937 13
      vertex 131.9671745149071 50.7494678440937 3
    endloop
  endfacet
  facet normal 0.8910065241883675 0.45399049973954786 0
    outer loop
      vertex 133.77705098312484 51.66335575687742 3
      vertex 133.77705098312484 51.66335575687742 13
      vertex 134.20316954888546 50.82705098312485 13
    endloop
  endfacet
  facet normal 0.7071067811865476 0.7071067811865476 0
    outer loop
      vertex 133.1133557568774 52.32705098312485 3
      vertex 133.1133557568774 52.32705098312485 13
      vertex 133.77705098312484 51.66335575687742 13
    endloop
  endfacet
  facet normal 0.45399049973954786 0.8910065241883675 0
    outer loop
      vertex 133.1133557568774 52.32705098312485 3
      vertex 132.27705098312484 52.75316954888547 13
      vertex 133.1133557568774 52.32705098312485 13
    endloop
  endfacet
  facet normal 0 1 0
    outer loop
      vertex 16 100.80000000000001 2.6
      vertex 30.150000000000006 100.80000000000001 10
      vertex 283.3 100.80000000000001 0
    endloop
  endfacet
  facet normal 0 1 0
    outer loop
      vertex 283.3 100.80000000000001 0
      vertex 30.150000000000006 100.80000000000001 10
      vertex 30.150000000000006 100.80000000000001 22
    endloop
  endfacet
  facet normal 0 -1 0
    outer loop
      vertex 5.400000000000006 98.4 3
      vertex 283.3 98.4 26
      vertex 30.150000000000006 98.4 10
    endloop
  endfacet
  facet normal 0 1 0
    outer loop
      vertex 8 100.80000000000001 23.4
      vertex 275.3 100.80000000000001 12.6
      vertex 30.150000000000006 100.80000000000001 22
    endloop
  endfacet
  facet normal 0 -1 0
    outer loop
      vertex 283.3 98.4 26
      vertex 14.150000000000006 98.4 22
      vertex 30.150000000000006 98.4 22
    endloop
  endfacet
  facet normal 0 -1 0
    outer loop
      vertex 8 98.4 26
      vertex 14.150000000000006 98.4 22
      vertex 283.3 98.4 26
    endloop
  endfacet
  facet normal 0 0 1
    outer loop
      vertex 130.29999999999998 49.900000000000006 13
      vertex 130.35139065789008 50.2244678440937 13
      vertex 129.58664424312258 52.32705098312485 13
    endloop
  endfacet
  facet normal 0 0 1
    outer loop
      vertex 130.35139065789008 50.2244678440937 13
      vertex 130.5005321559063 50.517174514907104 13
      vertex 129.58664424312258 52.32705098312485 13
    endloop
  endfacet
  facet normal 0 0 1
    outer loop
      vertex 130.5005321559063 50.517174514907104 13
      vertex 130.7328254850929 50.7494678440937 13
      vertex 130.42294901687515 52.75316954888547 13
    endloop
  endfacet
  facet normal 0 0 1
    outer loop
      vertex 130.5005321559063 50.517174514907104 13
      vertex 130.42294901687515 52.75316954888547 13
      vertex 129.58664424312258 52.32705098312485 13
    endloop
  endfacet
  facet normal 0 0 1
    outer loop
      vertex 130.7328254850929 50.7494678440937 13
      vertex 131.0255321559063 50.898609342109914 13
      vertex 130.42294901687515 52.75316954888547 13
    endloop
  endfacet
  facet normal 0 0 1
    outer loop
      vertex 131.0255321559063 50.898609342109914 13
      vertex 131.35 50.95 13
      vertex 130.42294901687515 52.75316954888547 13
    endloop
  endfacet
  facet normal 0 0 1
    outer loop
      vertex 131.35 50.95 13
      vertex 131.6744678440937 50.898609342109914 13
      vertex 131.35 52.900000000000006 13
    endloop
  endfacet
  facet normal 0 0 1
    outer loop
      vertex 131.6744678440937 50.898609342109914 13
      vertex 131.9671745149071 50.7494678440937 13
      vertex 132.27705098312484 52.75316954888547 13
    endloop
  endfacet
  facet normal 0 0 1
    outer loop
      vertex 131.35 50.95 13
      vertex 131.35 52.900000000000006 13
      vertex 130.42294901687515 52.75316954888547 13
    endloop
  endfacet
  facet normal 0 0 1
    outer loop
      vertex 131.6744678440937 50.898609342109914 13
      vertex 132.27705098312484 52.75316954888547 13
      vertex 131.35 52.900000000000006 13
    endloop
  endfacet
  facet normal 0 0 1
    outer loop
      vertex 132.4 49.900000000000006 13
      vertex 132.27705098312484 52.75316954888547 13
      vertex 132.3486093421099 50.2244678440937 13
    endloop
  endfacet
  facet normal 0 0 1
    outer loop
      vertex 132.19946784409368 50.517174514907104 13
      vertex 132.3486093421099 50.2244678440937 13
      vertex 132.27705098312484 52.75316954888547 13
    endloop
  endfacet
  facet normal 0 0 1
    outer loop
      vertex 132.19946784409368 50.517174514907104 13
      vertex 132.27705098312484 52.75316954888547 13
      vertex 131.9671745149071 50.7494678440937 13
    endloop
  endfacet
  facet normal 0 0 1
    outer loop
      vertex 133.1133557568774 47.47294901687516 13
      vertex 133.1133557568774 52.32705098312485 13
      vertex 132.27705098312484 52.75316954888547 13
    endloop
  endfacet
  facet normal 0 0 1
    outer loop
      vertex 133.77705098312484 48.13664424312259 13
      vertex 133.77705098312484 51.66335575687742 13
      vertex 133.1133557568774 52.32705098312485 13
    endloop
  endfacet
  facet normal 0 -1 0
    outer loop
      vertex 283.3 98.4 26
      vertex 30.150000000000006 98.4 22
      vertex 30.150000000000006 98.4 10
    endloop
  endfacet
  facet normal 0 -0.36039927920216214 0.9327981344055968
    outer loop
      vertex 8 98.4 26
      vertex 283.3 98.4 26
      vertex 126.46145724654198 103.8112299103423 28.090702465359524
    endloop
  endfacet
  facet normal 0 0 -1
    outer loop
      vertex 4.719568864739393 100.48672956541668 0
      vertex 3.5000816125745104 101.58255094827886 0
      vertex 3.469504831500295 103.10840258716216 0
    endloop
  endfacet
  facet normal 0 0 -1
    outer loop
      vertex 4.719568864739393 100.48672956541668 0
      vertex 3.469504831500295 103.10840258716216 0
      vertex 4.70840258716215 101.86950483150031 0
    endloop
  endfacet
  facet normal 0 0 -1
    outer loop
      vertex 3.5000816125745104 101.58255094827886 0
      vertex 2.6967424771536748 103.84153964557227 0
      vertex 3.469504831500295 103.10840258716216 0
    endloop
  endfacet
  facet normal 0 0 -1
    outer loop
      vertex 2.6967424771536748 103.84153964557227 0
      vertex 2.674083508747141 104.6695048315003 0
      vertex 3.469504831500295 103.10840258716216 0
    endloop
  endfacet
  facet normal 0 0 -1
    outer loop
      vertex 2.6967424771536748 103.84153964557227 0
      vertex 0 106.4 0
      vertex 2.674083508747141 104.6695048315003 0
    endloop
  endfacet
  facet normal 0 0 -1
    outer loop
      vertex 0 106.4 0
      vertex 2.4000000000000004 106.4 0
      vertex 2.674083508747141 104.6695048315003 0
    endloop
  endfacet
  facet normal 0.7071067811865467 0.7071067811865482 0
    outer loop
      vertex 3.469504831500295 103.10840258716216 0
      vertex 3.469504831500295 103.10840258716216 2.6
      vertex 4.70840258716215 101.86950483150031 0
    endloop
  endfacet
  facet normal 0.8910065241883681 0.45399049973954664 2.044836688169777e-17
    outer loop
      vertex 3.469504831500295 103.10840258716216 0
      vertex 2.674083508747141 104.6695048315003 0
      vertex 2.674083508747141 104.6695048315003 2.6
    endloop
  endfacet
  facet normal 0.7071067811865467 0.7071067811865482 0
    outer loop
      vertex 4.70840258716215 101.86950483150031 0
      vertex 3.469504831500295 103.10840258716216 2.6
      vertex 4.70840258716215 101.86950483150031 2.6
    endloop
  endfacet
  facet normal 0.8910065241883681 0.45399049973954664 0
    outer loop
      vertex 3.469504831500295 103.10840258716216 0
      vertex 2.674083508747141 104.6695048315003 2.6
      vertex 3.469504831500295 103.10840258716216 2.6
    endloop
  endfacet
  facet normal 0.9876883405951378 0.15643446504023156 -1.2549380731169523e-18
    outer loop
      vertex 2.674083508747141 104.6695048315003 0
      vertex 2.4000000000000004 106.4 0
      vertex 2.4000000000000004 106.4 2.6
    endloop
  endfacet
  facet normal 0.9876883405951378 0.15643446504023156 0
    outer loop
      vertex 2.674083508747141 104.6695048315003 0
      vertex 2.4000000000000004 106.4 2.6
      vertex 2.674083508747141 104.6695048315003 2.6
    endloop
  endfacet
  facet normal 0.45399049973954775 0.8910065241883673 -1.529165565870029e-17
    outer loop
      vertex 6.269504831500295 101.07408350874715 0
      vertex 4.70840258716215 101.86950483150031 0
      vertex 4.70840258716215 101.86950483150031 2.6
    endloop
  endfacet
  facet normal 0.45399049973954775 0.8910065241883673 0
    outer loop
      vertex 6.269504831500295 101.07408350874715 0
      vertex 4.70840258716215 101.86950483150031 2.6
      vertex 6.269504831500295 101.07408350874715 2.6
    endloop
  endfacet
  facet normal 0 0 -1
    outer loop
      vertex 2.674083508747141 104.6695048315003 2.6
      vertex 2.4000000000000004 106.4 2.6
      vertex 8.004171973670267 108.42659646771892 2.6
    endloop
  endfacet
  facet normal 0 0 -1
    outer loop
      vertex 3.469504831500295 103.10840258716216 2.6
      vertex 8.451596467718915 107.54847645527872 2.6
      vertex 4.70840258716215 101.86950483150031 2.6
    endloop
  endfacet
  facet normal 0 0 -1
    outer loop
      vertex 6.269504831500295 101.07408350874715 2.6
      vertex 11 106.25 2.6
      vertex 8 100.80000000000001 2.6
    endloop
  endfacet
  facet normal 0 0 -1
    outer loop
      vertex 6.269504831500295 101.07408350874715 2.6
      vertex 4.70840258716215 101.86950483150031 2.6
      vertex 10.026596467718916 106.40417197367027 2.6
    endloop
  endfacet
  facet normal 0 0 -1
    outer loop
      vertex 3.469504831500295 103.10840258716216 2.6
      vertex 2.674083508747141 104.6695048315003 2.6
      vertex 8.451596467718915 107.54847645527872 2.6
    endloop
  endfacet
  facet normal 0 0 -1
    outer loop
      vertex 2.674083508747141 104.6695048315003 2.6
      vertex 8.004171973670267 108.42659646771892 2.6
      vertex 8.451596467718915 107.54847645527872 2.6
    endloop
  endfacet
  facet normal 0 0 -1
    outer loop
      vertex 4.70840258716215 101.86950483150031 2.6
      vertex 9.14847645527871 106.85159646771892 2.6
      vertex 10.026596467718916 106.40417197367027 2.6
    endloop
  endfacet
  facet normal 0 0 -1
    outer loop
      vertex 4.70840258716215 101.86950483150031 2.6
      vertex 8.451596467718915 107.54847645527872 2.6
      vertex 9.14847645527871 106.85159646771892 2.6
    endloop
  endfacet
  facet normal 0 0 -1
    outer loop
      vertex 6.269504831500295 101.07408350874715 2.6
      vertex 10.026596467718916 106.40417197367027 2.6
      vertex 11 106.25 2.6
    endloop
  endfacet
  facet normal 0.7071067811865485 0.7071067811865467 1.9543335123063067e-18
    outer loop
      vertex 8.451596467718915 107.54847645527872 3.1
      vertex 9.14847645527871 106.85159646771892 3.1
      vertex 9.14847645527871 106.85159646771892 2.6
    endloop
  endfacet
  facet normal 0.7071067811865485 0.7071067811865467 0
    outer loop
      vertex 8.451596467718915 107.54847645527872 2.6
      vertex 8.451596467718915 107.54847645527872 3.1
      vertex 9.14847645527871 106.85159646771892 2.6
    endloop
  endfacet
  facet normal 0 0 -1
    outer loop
      vertex 8.451596467718915 107.54847645527872 3.1
      vertex 9.442369081424946 107.2561049649064 3.1
      vertex 9.14847645527871 106.85159646771892 3.1
    endloop
  endfacet
  facet normal 1 0 0
    outer loop
      vertex 2.4000000000000004 106.4 0
      vertex 2.4000000000000004 111.97441797333937 0
      vertex 2.4000000000000004 111.35503819852389 2.6
    endloop
  endfacet
  facet normal 1 0 0
    outer loop
      vertex 2.4000000000000004 106.4 0
      vertex 2.4000000000000004 111.35503819852389 2.6
      vertex 2.4000000000000004 106.4 2.6
    endloop
  endfacet
  facet normal 1 0 0
    outer loop
      vertex 2.4000000000000004 111.97441797333937 0
      vertex 2.4000000000000004 114.4 2.6
      vertex 2.4000000000000004 111.35503819852389 2.6
    endloop
  endfacet
  facet normal 0 0 -1
    outer loop
      vertex 2.4000000000000004 106.4 2.6
      vertex 2.4000000000000004 111.35503819852389 2.6
      vertex 7.85 109.4 2.6
    endloop
  endfacet
  facet normal 0 0 -1
    outer loop
      vertex 2.4000000000000004 111.35503819852389 2.6
      vertex 2.4000000000000004 114.4 2.6
      vertex 7.85 109.4 2.6
    endloop
  endfacet
  facet normal 0 0 -1
    outer loop
      vertex 2.4000000000000004 106.4 2.6
      vertex 7.85 109.4 2.6
      vertex 8.004171973670267 108.42659646771892 2.6
    endloop
  endfacet
  facet normal 0.9876883405951374 0.1564344650402327 2.8061667549745903e-17
    outer loop
      vertex 8.004171973670267 108.42659646771892 2.6
      vertex 7.85 109.4 2.6
      vertex 7.85 109.4 3.1
    endloop
  endfacet
  facet normal 0.9876883405951374 0.1564344650402327 0
    outer loop
      vertex 8.004171973670267 108.42659646771892 2.6
      vertex 7.85 109.4 3.1
      vertex 8.004171973670267 108.42659646771892 3.1
    endloop
  endfacet
  facet normal 0.8910065241883689 0.4539904997395449 0
    outer loop
      vertex 8.451596467718915 107.54847645527872 2.6
      vertex 8.004171973670267 108.42659646771892 3.1
      vertex 8.451596467718915 107.54847645527872 3.1
    endloop
  endfacet
  facet normal 0.8910065241883689 0.4539904997395449 1.825041893807778e-17
    outer loop
      vertex 8.451596467718915 107.54847645527872 2.6
      vertex 8.004171973670267 108.42659646771892 2.6
      vertex 8.004171973670267 108.42659646771892 3.1
    endloop
  endfacet
  facet normal 0 0 -1
    outer loop
      vertex 8.451596467718915 107.54847645527872 3.1
      vertex 8.85610496490639 107.84236908142495 3.1
      vertex 9.442369081424946 107.2561049649064 3.1
    endloop
  endfacet
  facet normal 0 0 -1
    outer loop
      vertex 8.451596467718915 107.54847645527872 3.1
      vertex 8.479700231817844 108.58110496490639 3.1
      vertex 8.85610496490639 107.84236908142495 3.1
    endloop
  endfacet
  facet normal 0 0 -1
    outer loop
      vertex 8.451596467718915 107.54847645527872 3.1
      vertex 8.35 109.4 3.1
      vertex 8.479700231817844 108.58110496490639 3.1
    endloop
  endfacet
  facet normal 0 0 -1
    outer loop
      vertex 8.451596467718915 107.54847645527872 3.1
      vertex 8.004171973670267 108.42659646771892 3.1
      vertex 8.004171973670267 110.37340353228109 3.1
    endloop
  endfacet
  facet normal 0.9876883405951374 -0.1564344650402327 0
    outer loop
      vertex 7.85 109.4 2.6
      vertex 8.004171973670267 110.37340353228109 3.1
      vertex 7.85 109.4 3.1
    endloop
  endfacet
  facet normal 0.9876883405951374 -0.1564344650402327 -2.8061667549745903e-17
    outer loop
      vertex 7.85 109.4 2.6
      vertex 8.004171973670267 110.37340353228109 2.6
      vertex 8.004171973670267 110.37340353228109 3.1
    endloop
  endfacet
  facet normal 0.8910065241883689 -0.4539904997395449 0
    outer loop
      vertex 8.004171973670267 110.37340353228109 2.6
      vertex 8.451596467718915 111.2515235447213 3.1
      vertex 8.004171973670267 110.37340353228109 3.1
    endloop
  endfacet
  facet normal 0 0 -1
    outer loop
      vertex 8.004171973670267 108.42659646771892 3.1
      vertex 7.85 109.4 3.1
      vertex 8.004171973670267 110.37340353228109 3.1
    endloop
  endfacet
  facet normal 0 0 -1
    outer loop
      vertex 8.451596467718915 107.54847645527872 3.1
      vertex 8.004171973670267 110.37340353228109 3.1
      vertex 8.35 109.4 3.1
    endloop
  endfacet
  facet normal 0 0 -1
    outer loop
      vertex 8.35 109.4 3.1
      vertex 8.451596467718915 111.2515235447213 3.1
      vertex 8.479700231817844 110.21889503509362 3.1
    endloop
  endfacet
  facet normal 0 0 -1
    outer loop
      vertex 8.35 109.4 3.1
      vertex 8.004171973670267 110.37340353228109 3.1
      vertex 8.451596467718915 111.2515235447213 3.1
    endloop
  endfacet
  facet normal 0 0 -1
    outer loop
      vertex 7.85 109.4 2.6
      vertex 2.4000000000000004 114.4 2.6
      vertex 8.004171973670267 110.37340353228109 2.6
    endloop
  endfacet
  facet normal 0 0 -1
    outer loop
      vertex 8.004171973670267 110.37340353228109 2.6
      vertex 2.4000000000000004 114.4 2.6
      vertex 8.451596467718915 111.2515235447213 2.6
    endloop
  endfacet
  facet normal 0 0 -1
    outer loop
      vertex 8.451596467718915 111.2515235447213 2.6
      vertex 2.4000000000000004 114.4 2.6
      vertex 9.14847645527871 111.94840353228109 2.6
    endloop
  endfacet
  facet normal 0.8910065241883689 -0.4539904997395449 -1.825041893807778e-17
    outer loop
      vertex 8.004171973670267 110.37340353228109 2.6
      vertex 8.451596467718915 111.2515235447213 2.6
      vertex 8.451596467718915 111.2515235447213 3.1
    endloop
  endfacet
  facet normal 0.7071067811865485 -0.7071067811865467 -1.9543335123063067e-18
    outer loop
      vertex 8.451596467718915 111.2515235447213 2.6
      vertex 9.14847645527871 111.94840353228109 2.6
      vertex 9.14847645527871 111.94840353228109 3.1
    endloop
  endfacet
  facet normal 0.7071067811865485 -0.7071067811865467 0
    outer loop
      vertex 8.451596467718915 111.2515235447213 2.6
      vertex 9.14847645527871 111.94840353228109 3.1
      vertex 8.451596467718915 111.2515235447213 3.1
    endloop
  endfacet
  facet normal 0 0 -1
    outer loop
      vertex 8.479700231817844 110.21889503509362 3.1
      vertex 8.451596467718915 111.2515235447213 3.1
      vertex 8.85610496490639 110.95763091857506 3.1
    endloop
  endfacet
  facet normal 0 0 -1
    outer loop
      vertex 8.451596467718915 111.2515235447213 3.1
      vertex 9.14847645527871 111.94840353228109 3.1
      vertex 8.85610496490639 110.95763091857506 3.1
    endloop
  endfacet
  facet normal 0 0 -1
    outer loop
      vertex 9.14847645527871 111.94840353228109 2.6
      vertex 2.4000000000000004 114.4 2.6
      vertex 10.026596467718916 112.39582802632974 2.6
    endloop
  endfacet
  facet normal 0 0 -1
    outer loop
      vertex 10.026596467718916 112.39582802632974 2.6
      vertex 2.4000000000000004 114.4 2.6
      vertex 11 112.55000000000001 2.6
    endloop
  endfacet
  facet normal 0 0 -1
    outer loop
      vertex 11 112.55000000000001 2.6
      vertex 2.4000000000000004 114.4 2.6
      vertex 11.973403532281084 112.39582802632974 2.6
    endloop
  endfacet
  facet normal 0 0 -1
    outer loop
      vertex 8 100.80000000000001 2.6
      vertex 11.973403532281084 106.40417197367027 2.6
      vertex 16 100.80000000000001 2.6
    endloop
  endfacet
  facet normal 0 0 -1
    outer loop
      vertex 8 100.80000000000001 2.6
      vertex 11 106.25 2.6
      vertex 11.973403532281084 106.40417197367027 2.6
    endloop
  endfacet
  facet normal 0.4539904997395449 0.8910065241883689 1.825041893807778e-17
    outer loop
      vertex 10.026596467718916 106.40417197367027 2.6
      vertex 9.14847645527871 106.85159646771892 2.6
      vertex 9.14847645527871 106.85159646771892 3.1
    endloop
  endfacet
  facet normal 0.4539904997395449 0.8910065241883689 0
    outer loop
      vertex 10.026596467718916 106.40417197367027 2.6
      vertex 9.14847645527871 106.85159646771892 3.1
      vertex 10.026596467718916 106.40417197367027 3.1
    endloop
  endfacet
  facet normal 0.1564344650402377 0.9876883405951367 0
    outer loop
      vertex 11 106.25 2.6
      vertex 10.026596467718916 106.40417197367027 3.1
      vertex 11 106.25 3.1
    endloop
  endfacet
  facet normal 0.1564344650402377 0.9876883405951367 0
    outer loop
      vertex 10.026596467718916 106.40417197367027 2.6
      vertex 10.026596467718916 106.40417197367027 3.1
      vertex 11 106.25 2.6
    endloop
  endfacet
  facet normal -0.1564344650402377 0.9876883405951367 0
    outer loop
      vertex 11 106.25 2.6
      vertex 11 106.25 3.1
      vertex 11.973403532281084 106.40417197367027 2.6
    endloop
  endfacet
  facet normal 0 0 -1
    outer loop
      vertex 10.026596467718916 106.40417197367027 3.1
      vertex 9.14847645527871 106.85159646771892 3.1
      vertex 10.181104964906389 106.87970023181785 3.1
    endloop
  endfacet
  facet normal 0 0 -1
    outer loop
      vertex 9.14847645527871 106.85159646771892 3.1
      vertex 9.442369081424946 107.2561049649064 3.1
      vertex 10.181104964906389 106.87970023181785 3.1
    endloop
  endfacet
  facet normal 0 0 -1
    outer loop
      vertex 10.026596467718916 106.40417197367027 3.1
      vertex 10.181104964906389 106.87970023181785 3.1
      vertex 11 106.75 3.1
    endloop
  endfacet
  facet normal 0 0 -1
    outer loop
      vertex 10.026596467718916 106.40417197367027 3.1
      vertex 11 106.75 3.1
      vertex 11 106.25 3.1
    endloop
  endfacet
  facet normal 0 0 -1
    outer loop
      vertex 11 106.25 3.1
      vertex 11 106.75 3.1
      vertex 11.818895035093611 106.87970023181785 3.1
    endloop
  endfacet
  facet normal 0 0 -1
    outer loop
      vertex 16 100.80000000000001 2.6
      vertex 11.973403532281084 106.40417197367027 2.6
      vertex 12.85152354472129 106.85159646771892 2.6
    endloop
  endfacet
  facet normal -0.1564344650402377 0.9876883405951367 1.4773218654143426e-17
    outer loop
      vertex 11 106.25 3.1
      vertex 11.973403532281084 106.40417197367027 3.1
      vertex 11.973403532281084 106.40417197367027 2.6
    endloop
  endfacet
  facet normal -0.4539904997395449 0.8910065241883689 0
    outer loop
      vertex 11.973403532281084 106.40417197367027 2.6
      vertex 11.973403532281084 106.40417197367027 3.1
      vertex 12.85152354472129 106.85159646771892 2.6
    endloop
  endfacet
  facet normal -0.4539904997395449 0.8910065241883689 0
    outer loop
      vertex 12.85152354472129 106.85159646771892 2.6
      vertex 11.973403532281084 106.40417197367027 3.1
      vertex 12.85152354472129 106.85159646771892 3.1
    endloop
  endfacet
  facet normal -0.7071067811865485 0.7071067811865467 0
    outer loop
      vertex 12.85152354472129 106.85159646771892 2.6
      vertex 12.85152354472129 106.85159646771892 3.1
      vertex 13.548403532281085 107.54847645527872 2.6
    endloop
  endfacet
  facet normal -0.7071067811865485 0.7071067811865467 -1.9543335123063067e-18
    outer loop
      vertex 12.85152354472129 106.85159646771892 3.1
      vertex 13.548403532281085 107.54847645527872 3.1
      vertex 13.548403532281085 107.54847645527872 2.6
    endloop
  endfacet
  facet normal 0 0 -1
    outer loop
      vertex 11 106.25 3.1
      vertex 11.818895035093611 106.87970023181785 3.1
      vertex 11.973403532281084 106.40417197367027 3.1
    endloop
  endfacet
  facet normal 0 0 -1
    outer loop
      vertex 11.973403532281084 106.40417197367027 3.1
      vertex 11.818895035093611 106.87970023181785 3.1
      vertex 12.557630918575054 107.2561049649064 3.1
    endloop
  endfacet
  facet normal 0 0 -1
    outer loop
      vertex 11.973403532281084 106.40417197367027 3.1
      vertex 12.557630918575054 107.2561049649064 3.1
      vertex 12.85152354472129 106.85159646771892 3.1
    endloop
  endfacet
  facet normal 0 0 -1
    outer loop
      vertex 12.85152354472129 106.85159646771892 3.1
      vertex 12.557630918575054 107.2561049649064 3.1
      vertex 13.14389503509361 107.84236908142495 3.1
    endloop
  endfacet
  facet normal 0 0 -1
    outer loop
      vertex 12.85152354472129 106.85159646771892 3.1
      vertex 13.14389503509361 107.84236908142495 3.1
      vertex 13.548403532281085 107.54847645527872 3.1
    endloop
  endfacet
  facet normal 0 0 -1
    outer loop
      vertex 16 100.80000000000001 2.6
      vertex 12.85152354472129 106.85159646771892 2.6
      vertex 13.548403532281085 107.54847645527872 2.6
    endloop
  endfacet
  facet normal 0 0 -1
    outer loop
      vertex 16 100.80000000000001 2.6
      vertex 13.548403532281085 107.54847645527872 2.6
      vertex 13.995828026329733 108.42659646771892 2.6
    endloop
  endfacet
  facet normal 0 0 -1
    outer loop
      vertex 16 100.80000000000001 2.6
      vertex 13.995828026329733 108.42659646771892 2.6
      vertex 14.15 109.4 2.6
    endloop
  endfacet
  facet normal 0 0 -1
    outer loop
      vertex 16 100.80000000000001 2.6
      vertex 14.15 109.4 2.6
      vertex 13.995828026329733 110.37340353228109 2.6
    endloop
  endfacet
  facet normal 0 0 -1
    outer loop
      vertex 13.14389503509361 107.84236908142495 3.1
      vertex 13.520299768182156 108.58110496490639 3.1
      vertex 13.548403532281085 107.54847645527872 3.1
    endloop
  endfacet
  facet normal 0 0 -1
    outer loop
      vertex 13.548403532281085 107.54847645527872 3.1
      vertex 13.520299768182156 108.58110496490639 3.1
      vertex 13.65 109.4 3.1
    endloop
  endfacet
  facet normal 0 0 -1
    outer loop
      vertex 13.65 109.4 3.1
      vertex 13.520299768182156 110.21889503509362 3.1
      vertex 13.548403532281085 111.2515235447213 3.1
    endloop
  endfacet
  facet normal 0.4539904997395449 -0.8910065241883689 0
    outer loop
      vertex 9.14847645527871 111.94840353228109 2.6
      vertex 10.026596467718916 112.39582802632974 3.1
      vertex 9.14847645527871 111.94840353228109 3.1
    endloop
  endfacet
  facet normal 0.4539904997395449 -0.8910065241883689 -1.825041893807778e-17
    outer loop
      vertex 9.14847645527871 111.94840353228109 2.6
      vertex 10.026596467718916 112.39582802632974 2.6
      vertex 10.026596467718916 112.39582802632974 3.1
    endloop
  endfacet
  facet normal 0 0 -1
    outer loop
      vertex 8.85610496490639 110.95763091857506 3.1
      vertex 9.14847645527871 111.94840353228109 3.1
      vertex 9.442369081424946 111.54389503509361 3.1
    endloop
  endfacet
  facet normal 0 0 -1
    outer loop
      vertex 9.442369081424946 111.54389503509361 3.1
      vertex 9.14847645527871 111.94840353228109 3.1
      vertex 10.026596467718916 112.39582802632974 3.1
    endloop
  endfacet
  facet normal 0 0 -1
    outer loop
      vertex 9.442369081424946 111.54389503509361 3.1
      vertex 10.026596467718916 112.39582802632974 3.1
      vertex 10.181104964906389 111.92029976818216 3.1
    endloop
  endfacet
  facet normal 0 0 -1
    outer loop
      vertex 10.181104964906389 111.92029976818216 3.1
      vertex 11 112.55000000000001 3.1
      vertex 11 112.05000000000001 3.1
    endloop
  endfacet
  facet normal 0 0 -1
    outer loop
      vertex 11.973403532281084 112.39582802632974 2.6
      vertex 2.4000000000000004 114.4 2.6
      vertex 16 114.4 2.6
    endloop
  endfacet
  facet normal 0.1564344650402377 -0.9876883405951367 1.4773218654143426e-17
    outer loop
      vertex 10.026596467718916 112.39582802632974 2.6
      vertex 11 112.55000000000001 2.6
      vertex 11 112.55000000000001 3.1
    endloop
  endfacet
  facet normal 0.1564344650402377 -0.9876883405951367 0
    outer loop
      vertex 10.026596467718916 112.39582802632974 2.6
      vertex 11 112.55000000000001 3.1
      vertex 10.026596467718916 112.39582802632974 3.1
    endloop
  endfacet
  facet normal -0.1564344650402377 -0.9876883405951367 0
    outer loop
      vertex 11 112.55000000000001 2.6
      vertex 11.973403532281084 112.39582802632974 3.1
      vertex 11 112.55000000000001 3.1
    endloop
  endfacet
  facet normal 0 0 -1
    outer loop
      vertex 10.181104964906389 111.92029976818216 3.1
      vertex 10.026596467718916 112.39582802632974 3.1
      vertex 11 112.55000000000001 3.1
    endloop
  endfacet
  facet normal 0 0 -1
    outer loop
      vertex 11 112.05000000000001 3.1
      vertex 11 112.55000000000001 3.1
      vertex 11.973403532281084 112.39582802632974 3.1
    endloop
  endfacet
  facet normal -0.4539904997395449 -0.8910065241883689 1.825041893807778e-17
    outer loop
      vertex 12.85152354472129 111.94840353228109 3.1
      vertex 11.973403532281084 112.39582802632974 3.1
      vertex 11.973403532281084 112.39582802632974 2.6
    endloop
  endfacet
  facet normal -0.7071067811865485 -0.7071067811865467 0
    outer loop
      vertex 12.85152354472129 111.94840353228109 2.6
      vertex 13.548403532281085 111.2515235447213 3.1
      vertex 12.85152354472129 111.94840353228109 3.1
    endloop
  endfacet
  facet normal -0.4539904997395449 -0.8910065241883689 0
    outer loop
      vertex 12.85152354472129 111.94840353228109 2.6
      vertex 12.85152354472129 111.94840353228109 3.1
      vertex 11.973403532281084 112.39582802632974 2.6
    endloop
  endfacet
  facet normal -0.7071067811865485 -0.7071067811865467 0
    outer loop
      vertex 13.548403532281085 111.2515235447213 2.6
      vertex 13.548403532281085 111.2515235447213 3.1
      vertex 12.85152354472129 111.94840353228109 2.6
    endloop
  endfacet
  facet normal 0 0 -1
    outer loop
      vertex 11 112.05000000000001 3.1
      vertex 11.973403532281084 112.39582802632974 3.1
      vertex 11.818895035093611 111.92029976818216 3.1
    endloop
  endfacet
  facet normal 0 0 -1
    outer loop
      vertex 11.818895035093611 111.92029976818216 3.1
      vertex 12.85152354472129 111.94840353228109 3.1
      vertex 12.557630918575054 111.54389503509361 3.1
    endloop
  endfacet
  facet normal 0 0 -1
    outer loop
      vertex 11.818895035093611 111.92029976818216 3.1
      vertex 11.973403532281084 112.39582802632974 3.1
      vertex 12.85152354472129 111.94840353228109 3.1
    endloop
  endfacet
  facet normal 0 0 -1
    outer loop
      vertex 13.14389503509361 110.95763091857506 3.1
      vertex 12.557630918575054 111.54389503509361 3.1
      vertex 13.548403532281085 111.2515235447213 3.1
    endloop
  endfacet
  facet normal 0 0 -1
    outer loop
      vertex 13.520299768182156 110.21889503509362 3.1
      vertex 13.14389503509361 110.95763091857506 3.1
      vertex 13.548403532281085 111.2515235447213 3.1
    endloop
  endfacet
  facet normal 0 0 -1
    outer loop
      vertex 13.548403532281085 111.2515235447213 3.1
      vertex 12.557630918575054 111.54389503509361 3.1
      vertex 12.85152354472129 111.94840353228109 3.1
    endloop
  endfacet
  facet normal -0.1564344650402377 -0.9876883405951367 -1.4773218654143426e-17
    outer loop
      vertex 11 112.55000000000001 2.6
      vertex 11.973403532281084 112.39582802632974 2.6
      vertex 11.973403532281084 112.39582802632974 3.1
    endloop
  endfacet
  facet normal 0 0 -1
    outer loop
      vertex 12.85152354472129 111.94840353228109 2.6
      vertex 11.973403532281084 112.39582802632974 2.6
      vertex 16 114.4 2.6
    endloop
  endfacet
  facet normal -0.8910065241883689 0.4539904997395449 0
    outer loop
      vertex 13.548403532281085 107.54847645527872 2.6
      vertex 13.548403532281085 107.54847645527872 3.1
      vertex 13.995828026329733 108.42659646771892 2.6
    endloop
  endfacet
  facet normal -0.8910065241883689 0.4539904997395449 -1.825041893807778e-17
    outer loop
      vertex 13.548403532281085 107.54847645527872 3.1
      vertex 13.995828026329733 108.42659646771892 3.1
      vertex 13.995828026329733 108.42659646771892 2.6
    endloop
  endfacet
  facet normal -0.9876883405951374 0.1564344650402327 0
    outer loop
      vertex 13.995828026329733 108.42659646771892 2.6
      vertex 13.995828026329733 108.42659646771892 3.1
      vertex 14.15 109.4 2.6
    endloop
  endfacet
  facet normal -0.9876883405951374 0.1564344650402327 -2.8061667549745903e-17
    outer loop
      vertex 13.995828026329733 108.42659646771892 3.1
      vertex 14.15 109.4 3.1
      vertex 14.15 109.4 2.6
    endloop
  endfacet
  facet normal 0 0 -1
    outer loop
      vertex 16 100.80000000000001 2.6
      vertex 13.995828026329733 110.37340353228109 2.6
      vertex 16 114.4 2.6
    endloop
  endfacet
  facet normal 0 0 -1
    outer loop
      vertex 13.548403532281085 107.54847645527872 3.1
      vertex 13.65 109.4 3.1
      vertex 13.995828026329733 108.42659646771892 3.1
    endloop
  endfacet
  facet normal -0.9876883405951374 -0.1564344650402327 0
    outer loop
      vertex 14.15 109.4 2.6
      vertex 14.15 109.4 3.1
      vertex 13.995828026329733 110.37340353228109 2.6
    endloop
  endfacet
  facet normal -0.9876883405951374 -0.1564344650402327 0
    outer loop
      vertex 13.995828026329733 110.37340353228109 2.6
      vertex 14.15 109.4 3.1
      vertex 13.995828026329733 110.37340353228109 3.1
    endloop
  endfacet
  facet normal -0.8910065241883689 -0.4539904997395449 1.825041893807778e-17
    outer loop
      vertex 13.548403532281085 111.2515235447213 2.6
      vertex 13.995828026329733 110.37340353228109 2.6
      vertex 13.995828026329733 110.37340353228109 3.1
    endloop
  endfacet
  facet normal 0 0 -1
    outer loop
      vertex 13.995828026329733 108.42659646771892 3.1
      vertex 13.995828026329733 110.37340353228109 3.1
      vertex 14.15 109.4 3.1
    endloop
  endfacet
  facet normal 0 0 -1
    outer loop
      vertex 13.65 109.4 3.1
      vertex 13.548403532281085 111.2515235447213 3.1
      vertex 13.995828026329733 108.42659646771892 3.1
    endloop
  endfacet
  facet normal 0 0 -1
    outer loop
      vertex 13.548403532281085 111.2515235447213 3.1
      vertex 13.995828026329733 110.37340353228109 3.1
      vertex 13.995828026329733 108.42659646771892 3.1
    endloop
  endfacet
  facet normal -0.8910065241883689 -0.4539904997395449 0
    outer loop
      vertex 13.548403532281085 111.2515235447213 2.6
      vertex 13.995828026329733 110.37340353228109 3.1
      vertex 13.548403532281085 111.2515235447213 3.1
    endloop
  endfacet
  facet normal 0 0 -1
    outer loop
      vertex 13.548403532281085 111.2515235447213 2.6
      vertex 16 114.4 2.6
      vertex 13.995828026329733 110.37340353228109 2.6
    endloop
  endfacet
  facet normal 0 0 -1
    outer loop
      vertex 13.548403532281085 111.2515235447213 2.6
      vertex 12.85152354472129 111.94840353228109 2.6
      vertex 16 114.4 2.6
    endloop
  endfacet
  facet normal 0.7071067811865434 0.7071067811865519 0
    outer loop
      vertex 8.85610496490639 107.84236908142495 3.1
      vertex 8.85610496490639 107.84236908142495 9.7
      vertex 9.442369081424946 107.2561049649064 3.1
    endloop
  endfacet
  facet normal 0.8910065241883672 0.4539904997395478 2.652957874381499e-18
    outer loop
      vertex 8.85610496490639 107.84236908142495 3.1
      vertex 8.479700231817844 108.58110496490639 3.1
      vertex 8.479700231817844 108.58110496490639 9.7
    endloop
  endfacet
  facet normal 0.9876883405951377 0.15643446504023134 -6.266126914801558e-19
    outer loop
      vertex 8.479700231817844 108.58110496490639 3.1
      vertex 8.35 109.4 3.1
      vertex 8.35 109.4 9.7
    endloop
  endfacet
  facet normal 0.9876883405951377 -0.15643446504023134 6.266126914801558e-19
    outer loop
      vertex 8.35 109.4 3.1
      vertex 8.479700231817844 110.21889503509362 3.1
      vertex 8.479700231817844 110.21889503509362 9.7
    endloop
  endfacet
  facet normal 0.8910065241883672 -0.4539904997395478 -2.652957874381499e-18
    outer loop
      vertex 8.479700231817844 110.21889503509362 3.1
      vertex 8.85610496490639 110.95763091857506 3.1
      vertex 8.85610496490639 110.95763091857506 9.7
    endloop
  endfacet
  facet normal 0.8910065241883672 0.4539904997395478 0
    outer loop
      vertex 8.85610496490639 107.84236908142495 3.1
      vertex 8.479700231817844 108.58110496490639 9.7
      vertex 8.85610496490639 107.84236908142495 9.7
    endloop
  endfacet
  facet normal 0.9876883405951377 0.15643446504023134 0
    outer loop
      vertex 8.479700231817844 108.58110496490639 3.1
      vertex 8.35 109.4 9.7
      vertex 8.479700231817844 108.58110496490639 9.7
    endloop
  endfacet
  facet normal 0.9876883405951377 -0.15643446504023134 0
    outer loop
      vertex 8.35 109.4 3.1
      vertex 8.479700231817844 110.21889503509362 9.7
      vertex 8.35 109.4 9.7
    endloop
  endfacet
  facet normal 0.8910065241883672 -0.4539904997395478 0
    outer loop
      vertex 8.479700231817844 110.21889503509362 3.1
      vertex 8.85610496490639 110.95763091857506 9.7
      vertex 8.479700231817844 110.21889503509362 9.7
    endloop
  endfacet
  facet normal 0.7071067811865434 -0.7071067811865519 0
    outer loop
      vertex 8.85610496490639 110.95763091857506 3.1
      vertex 9.442369081424946 111.54389503509361 9.7
      vertex 8.85610496490639 110.95763091857506 9.7
    endloop
  endfacet
  facet normal 0.4539904997395495 0.8910065241883666 0
    outer loop
      vertex 9.442369081424946 107.2561049649064 3.1
      vertex 9.442369081424946 107.2561049649064 9.7
      vertex 10.181104964906389 106.87970023181785 3.1
    endloop
  endfacet
  facet normal 0.15643446504023895 0.9876883405951364 0
    outer loop
      vertex 10.181104964906389 106.87970023181785 3.1
      vertex 10.181104964906389 106.87970023181785 9.7
      vertex 11 106.75 3.1
    endloop
  endfacet
  facet normal -0.15643446504023895 0.9876883405951364 0
    outer loop
      vertex 11 106.75 3.1
      vertex 11 106.75 9.7
      vertex 11.818895035093611 106.87970023181785 3.1
    endloop
  endfacet
  facet normal -0.4539904997395495 0.8910065241883666 0
    outer loop
      vertex 11.818895035093611 106.87970023181785 3.1
      vertex 11.818895035093611 106.87970023181785 9.7
      vertex 12.557630918575054 107.2561049649064 3.1
    endloop
  endfacet
  facet normal -0.7071067811865434 0.7071067811865519 0
    outer loop
      vertex 12.557630918575054 107.2561049649064 3.1
      vertex 12.557630918575054 107.2561049649064 9.7
      vertex 13.14389503509361 107.84236908142495 3.1
    endloop
  endfacet
  facet normal 0.7071067811865434 0.7071067811865519 0
    outer loop
      vertex 9.442369081424946 107.2561049649064 3.1
      vertex 8.85610496490639 107.84236908142495 9.7
      vertex 9.442369081424946 107.2561049649064 9.7
    endloop
  endfacet
  facet normal 0.4539904997395495 0.8910065241883666 0
    outer loop
      vertex 10.181104964906389 106.87970023181785 3.1
      vertex 9.442369081424946 107.2561049649064 9.7
      vertex 10.181104964906389 106.87970023181785 9.7
    endloop
  endfacet
  facet normal 0.15643446504023895 0.9876883405951364 0
    outer loop
      vertex 11 106.75 3.1
      vertex 10.181104964906389 106.87970023181785 9.7
      vertex 11 106.75 9.7
    endloop
  endfacet
  facet normal -0.15643446504023895 0.9876883405951364 0
    outer loop
      vertex 11.818895035093611 106.87970023181785 3.1
      vertex 11 106.75 9.7
      vertex 11.818895035093611 106.87970023181785 9.7
    endloop
  endfacet
  facet normal -0.4539904997395495 0.8910065241883666 0
    outer loop
      vertex 12.557630918575054 107.2561049649064 3.1
      vertex 11.818895035093611 106.87970023181785 9.7
      vertex 12.557630918575054 107.2561049649064 9.7
    endloop
  endfacet
  facet normal 1 0 0
    outer loop
      vertex 16 100.80000000000001 2.6
      vertex 16 102.80000000000001 10
      vertex 16 100.80000000000001 10
    endloop
  endfacet
  facet normal 1 0 0
    outer loop
      vertex 16 100.80000000000001 2.6
      vertex 16 114.4 12.6
      vertex 16 102.80000000000001 10
    endloop
  endfacet
  facet normal -0.8910065241883672 0.4539904997395478 0
    outer loop
      vertex 13.14389503509361 107.84236908142495 3.1
      vertex 13.14389503509361 107.84236908142495 9.7
      vertex 13.520299768182156 108.58110496490639 3.1
    endloop
  endfacet
  facet normal -0.9876883405951377 0.15643446504023134 0
    outer loop
      vertex 13.520299768182156 108.58110496490639 3.1
      vertex 13.520299768182156 108.58110496490639 9.7
      vertex 13.65 109.4 3.1
    endloop
  endfacet
  facet normal -0.9876883405951377 -0.15643446504023134 0
    outer loop
      vertex 13.65 109.4 3.1
      vertex 13.65 109.4 9.7
      vertex 13.520299768182156 110.21889503509362 3.1
    endloop
  endfacet
  facet normal -0.8910065241883672 -0.4539904997395478 0
    outer loop
      vertex 13.520299768182156 110.21889503509362 3.1
      vertex 13.520299768182156 110.21889503509362 9.7
      vertex 13.14389503509361 110.95763091857506 3.1
    endloop
  endfacet
  facet normal 0.7071067811865434 -0.7071067811865519 -3.183834365139847e-18
    outer loop
      vertex 8.85610496490639 110.95763091857506 3.1
      vertex 9.442369081424946 111.54389503509361 3.1
      vertex 9.442369081424946 111.54389503509361 9.7
    endloop
  endfacet
  facet normal 0.4539904997395495 -0.8910065241883666 1.0903342352145317e-18
    outer loop
      vertex 9.442369081424946 111.54389503509361 3.1
      vertex 10.181104964906389 111.92029976818216 3.1
      vertex 10.181104964906389 111.92029976818216 9.7
    endloop
  endfacet
  facet normal 0.15643446504023895 -0.9876883405951364 7.513253301039009e-19
    outer loop
      vertex 10.181104964906389 111.92029976818216 3.1
      vertex 11 112.05000000000001 3.1
      vertex 11 112.05000000000001 9.7
    endloop
  endfacet
  facet normal -0.15643446504023895 -0.9876883405951364 -7.513253301039009e-19
    outer loop
      vertex 11 112.05000000000001 3.1
      vertex 11.818895035093611 111.92029976818216 3.1
      vertex 11.818895035093611 111.92029976818216 9.7
    endloop
  endfacet
  facet normal -0.4539904997395495 -0.8910065241883666 -1.0903342352145317e-18
    outer loop
      vertex 11.818895035093611 111.92029976818216 3.1
      vertex 12.557630918575054 111.54389503509361 3.1
      vertex 12.557630918575054 111.54389503509361 9.7
    endloop
  endfacet
  facet normal -0.7071067811865434 -0.7071067811865519 0
    outer loop
      vertex 13.14389503509361 110.95763091857506 3.1
      vertex 13.14389503509361 110.95763091857506 9.7
      vertex 12.557630918575054 111.54389503509361 3.1
    endloop
  endfacet
  facet normal 1 0 0
    outer loop
      vertex 16 100.80000000000001 2.6
      vertex 16 114.4 2.6
      vertex 16 114.4 12.6
    endloop
  endfacet
  facet normal -0.7071067811865434 0.7071067811865519 0
    outer loop
      vertex 13.14389503509361 107.84236908142495 3.1
      vertex 12.557630918575054 107.2561049649064 9.7
      vertex 13.14389503509361 107.84236908142495 9.7
    endloop
  endfacet
  facet normal -0.8910065241883672 0.4539904997395478 0
    outer loop
      vertex 13.520299768182156 108.58110496490639 3.1
      vertex 13.14389503509361 107.84236908142495 9.7
      vertex 13.520299768182156 108.58110496490639 9.7
    endloop
  endfacet
  facet normal -0.9876883405951377 0.15643446504023134 0
    outer loop
      vertex 13.65 109.4 3.1
      vertex 13.520299768182156 108.58110496490639 9.7
      vertex 13.65 109.4 9.7
    endloop
  endfacet
  facet normal -0.9876883405951377 -0.15643446504023134 0
    outer loop
      vertex 13.520299768182156 110.21889503509362 3.1
      vertex 13.65 109.4 9.7
      vertex 13.520299768182156 110.21889503509362 9.7
    endloop
  endfacet
  facet normal 0.4539904997395495 -0.8910065241883666 0
    outer loop
      vertex 9.442369081424946 111.54389503509361 3.1
      vertex 10.181104964906389 111.92029976818216 9.7
      vertex 9.442369081424946 111.54389503509361 9.7
    endloop
  endfacet
  facet normal 0.15643446504023895 -0.9876883405951364 0
    outer loop
      vertex 10.181104964906389 111.92029976818216 3.1
      vertex 11 112.05000000000001 9.7
      vertex 10.181104964906389 111.92029976818216 9.7
    endloop
  endfacet
  facet normal -0.15643446504023895 -0.9876883405951364 0
    outer loop
      vertex 11 112.05000000000001 3.1
      vertex 11.818895035093611 111.92029976818216 9.7
      vertex 11 112.05000000000001 9.7
    endloop
  endfacet
  facet normal -0.4539904997395495 -0.8910065241883666 0
    outer loop
      vertex 11.818895035093611 111.92029976818216 3.1
      vertex 12.557630918575054 111.54389503509361 9.7
      vertex 11.818895035093611 111.92029976818216 9.7
    endloop
  endfacet
  facet normal -0.7071067811865434 -0.7071067811865519 0
    outer loop
      vertex 12.557630918575054 111.54389503509361 3.1
      vertex 13.14389503509361 110.95763091857506 9.7
      vertex 12.557630918575054 111.54389503509361 9.7
    endloop
  endfacet
  facet normal -0.8910065241883672 -0.4539904997395478 0
    outer loop
      vertex 13.14389503509361 110.95763091857506 3.1
      vertex 13.520299768182156 110.21889503509362 9.7
      vertex 13.14389503509361 110.95763091857506 9.7
    endloop
  endfacet
  facet normal 0 0 -1
    outer loop
      vertex 8.85610496490639 107.84236908142495 9.7
      vertex 8.85610496490639 110.95763091857506 9.7
      vertex 9.442369081424946 107.2561049649064 9.7
    endloop
  endfacet
  facet normal 0 0 -1
    outer loop
      vertex 8.85610496490639 107.84236908142495 9.7
      vertex 8.479700231817844 108.58110496490639 9.7
      vertex 8.479700231817844 110.21889503509362 9.7
    endloop
  endfacet
  facet normal 0 0 -1
    outer loop
      vertex 8.479700231817844 108.58110496490639 9.7
      vertex 8.35 109.4 9.7
      vertex 8.479700231817844 110.21889503509362 9.7
    endloop
  endfacet
  facet normal 0 0 -1
    outer loop
      vertex 8.85610496490639 107.84236908142495 9.7
      vertex 8.479700231817844 110.21889503509362 9.7
      vertex 8.85610496490639 110.95763091857506 9.7
    endloop
  endfacet
  facet normal 0 0 1
    outer loop
      vertex 14.150000000000006 102.80000000000001 10
      vertex 16 100.80000000000001 10
      vertex 16 102.80000000000001 10
    endloop
  endfacet
  facet normal 0 -1 0
    outer loop
      vertex 14.150000000000006 102.80000000000001 10
      vertex 16 102.80000000000001 10
      vertex 16 102.80000000000001 12.6
    endloop
  endfacet
  facet normal 1 0 0
    outer loop
      vertex 14.150000000000006 102.80000000000001 10
      vertex 14.150000000000006 102.80000000000001 12.6
      vertex 14.150000000000006 100.80000000000001 12.6
    endloop
  endfacet
  facet normal 0 -1 0
    outer loop
      vertex 14.150000000000006 102.80000000000001 10
      vertex 16 102.80000000000001 12.6
      vertex 14.150000000000006 102.80000000000001 12.6
    endloop
  endfacet
  facet normal 1 0 0
    outer loop
      vertex 16 114.4 12.6
      vertex 16 102.80000000000001 12.6
      vertex 16 102.80000000000001 10
    endloop
  endfacet
  facet normal 0 0 -1
    outer loop
      vertex 9.442369081424946 107.2561049649064 9.7
      vertex 9.442369081424946 111.54389503509361 9.7
      vertex 10.181104964906389 106.87970023181785 9.7
    endloop
  endfacet
  facet normal 0 0 -1
    outer loop
      vertex 10.181104964906389 106.87970023181785 9.7
      vertex 10.181104964906389 111.92029976818216 9.7
      vertex 11 106.75 9.7
    endloop
  endfacet
  facet normal 0 0 -1
    outer loop
      vertex 11 106.75 9.7
      vertex 11 112.05000000000001 9.7
      vertex 11.818895035093611 106.87970023181785 9.7
    endloop
  endfacet
  facet normal 0 0 -1
    outer loop
      vertex 8.85610496490639 110.95763091857506 9.7
      vertex 9.442369081424946 111.54389503509361 9.7
      vertex 9.442369081424946 107.2561049649064 9.7
    endloop
  endfacet
  facet normal 0 0 -1
    outer loop
      vertex 10.181104964906389 106.87970023181785 9.7
      vertex 9.442369081424946 111.54389503509361 9.7
      vertex 10.181104964906389 111.92029976818216 9.7
    endloop
  endfacet
  facet normal 0 0 -1
    outer loop
      vertex 11 106.75 9.7
      vertex 10.181104964906389 111.92029976818216 9.7
      vertex 11 112.05000000000001 9.7
    endloop
  endfacet
  facet normal 0 0 -1
    outer loop
      vertex 11.818895035093611 106.87970023181785 9.7
      vertex 11.818895035093611 111.92029976818216 9.7
      vertex 12.557630918575054 107.2561049649064 9.7
    endloop
  endfacet
  facet normal 0 0 -1
    outer loop
      vertex 12.557630918575054 107.2561049649064 9.7
      vertex 12.557630918575054 111.54389503509361 9.7
      vertex 13.14389503509361 107.84236908142495 9.7
    endloop
  endfacet
  facet normal 0 0 -1
    outer loop
      vertex 11.818895035093611 106.87970023181785 9.7
      vertex 11 112.05000000000001 9.7
      vertex 11.818895035093611 111.92029976818216 9.7
    endloop
  endfacet
  facet normal 0 0 -1
    outer loop
      vertex 12.557630918575054 107.2561049649064 9.7
      vertex 11.818895035093611 111.92029976818216 9.7
      vertex 12.557630918575054 111.54389503509361 9.7
    endloop
  endfacet
  facet normal 0 0 -1
    outer loop
      vertex 13.14389503509361 107.84236908142495 9.7
      vertex 13.14389503509361 110.95763091857506 9.7
      vertex 13.520299768182156 108.58110496490639 9.7
    endloop
  endfacet
  facet normal 0 0 -1
    outer loop
      vertex 13.520299768182156 108.58110496490639 9.7
      vertex 13.520299768182156 110.21889503509362 9.7
      vertex 13.65 109.4 9.7
    endloop
  endfacet
  facet normal 0 0 -1
    outer loop
      vertex 13.14389503509361 107.84236908142495 9.7
      vertex 12.557630918575054 111.54389503509361 9.7
      vertex 13.14389503509361 110.95763091857506 9.7
    endloop
  endfacet
  facet normal 0 0 -1
    outer loop
      vertex 13.520299768182156 108.58110496490639 9.7
      vertex 13.14389503509361 110.95763091857506 9.7
      vertex 13.520299768182156 110.21889503509362 9.7
    endloop
  endfacet
  facet normal 0 1 0
    outer loop
      vertex 2.4000000000000004 114.4 2.6
      vertex 2.4000000000000004 114.4 12.6
      vertex 16 114.4 2.6
    endloop
  endfacet
  facet normal 0 1 0
    outer loop
      vertex 16 114.4 2.6
      vertex 2.4000000000000004 114.4 12.6
      vertex 16 114.4 12.6
    endloop
  endfacet
  facet normal 0 0 -1
    outer loop
      vertex 0 106.4 0
      vertex 0 194.4 0
      vertex 2.4000000000000004 106.4 0
    endloop
  endfacet
  facet normal 0 0 -1
    outer loop
      vertex 2.4000000000000004 106.4 0
      vertex 0 194.4 0
      vertex 2.4000000000000004 111.97441797333937 0
    endloop
  endfacet
  facet normal 1 0 0
    outer loop
      vertex 2.4000000000000004 111.97441797333937 0
      vertex 2.4000000000000004 194.4 0
      vertex 2.4000000000000004 114.4 2.6
    endloop
  endfacet
  facet normal -1 0 0
    outer loop
      vertex 0 106.4 0
      vertex 0 106.4 26
      vertex 0 194.4 0
    endloop
  endfacet
  facet normal 1 0 0
    outer loop
      vertex 2.4000000000000004 114.4 2.6
      vertex 2.4000000000000004 194.4 0
      vertex 2.4000000000000004 114.4 12.6
    endloop
  endfacet
  facet normal 0 0 1
    outer loop
      vertex 6.269504831500295 101.07408350874715 12.6
      vertex 16 114.4 12.6
      vertex 4.70840258716215 101.86950483150031 12.6
    endloop
  endfacet
  facet normal 0 0 1
    outer loop
      vertex 3.469504831500295 103.10840258716216 12.6
      vertex 16 114.4 12.6
      vertex 2.674083508747141 104.6695048315003 12.6
    endloop
  endfacet
  facet normal 0 0 1
    outer loop
      vertex 3.469504831500295 103.10840258716216 12.6
      vertex 4.70840258716215 101.86950483150031 12.6
      vertex 16 114.4 12.6
    endloop
  endfacet
  facet normal 0.7071067811865468 0.7071067811865483 0
    outer loop
      vertex 3.469504831500295 103.10840258716216 12.6
      vertex 3.469504831500295 103.10840258716216 23.4
      vertex 4.70840258716215 101.86950483150031 12.6
    endloop
  endfacet
  facet normal 0.891006524188368 0.4539904997395466 4.9227549900383524e-18
    outer loop
      vertex 3.469504831500295 103.10840258716216 12.6
      vertex 2.674083508747141 104.6695048315003 12.6
      vertex 2.674083508747141 104.6695048315003 23.4
    endloop
  endfacet
  facet normal 0.9876883405951375 0.15643446504023156 -3.02114721305933e-19
    outer loop
      vertex 2.674083508747141 104.6695048315003 12.6
      vertex 2.4000000000000004 106.4 12.6
      vertex 2.4000000000000004 106.4 23.4
    endloop
  endfacet
  facet normal 0.45399049973954775 0.8910065241883673 -3.6813245104278485e-18
    outer loop
      vertex 6.269504831500295 101.07408350874715 12.6
      vertex 4.70840258716215 101.86950483150031 12.6
      vertex 4.70840258716215 101.86950483150031 23.4
    endloop
  endfacet
  facet normal 0 0 1
    outer loop
      vertex 2.674083508747141 104.6695048315003 12.6
      vertex 16 114.4 12.6
      vertex 2.4000000000000004 106.4 12.6
    endloop
  endfacet
  facet normal 0 0 1
    outer loop
      vertex 2.4000000000000004 106.4 12.6
      vertex 16 114.4 12.6
      vertex 2.4000000000000004 114.4 12.6
    endloop
  endfacet
  facet normal 1 0 0
    outer loop
      vertex 2.4000000000000004 106.4 12.6
      vertex 2.4000000000000004 114.4 12.6
      vertex 2.4000000000000004 106.4 23.4
    endloop
  endfacet
  facet normal 0 0 1
    outer loop
      vertex 8 100.80000000000001 12.6
      vertex 14.150000000000006 100.80000000000001 12.6
      vertex 14.150000000000006 102.80000000000001 12.6
    endloop
  endfacet
  facet normal 0 0 1
    outer loop
      vertex 6.269504831500295 101.07408350874715 12.6
      vertex 8 100.80000000000001 12.6
      vertex 16 114.4 12.6
    endloop
  endfacet
  facet normal 0 0 1
    outer loop
      vertex 8 100.80000000000001 12.6
      vertex 14.150000000000006 102.80000000000001 12.6
      vertex 16 114.4 12.6
    endloop
  endfacet
  facet normal 0 0 1
    outer loop
      vertex 16 114.4 12.6
      vertex 14.150000000000006 102.80000000000001 12.6
      vertex 16 102.80000000000001 12.6
    endloop
  endfacet
  facet normal 0.7071067811865468 0.7071067811865483 0
    outer loop
      vertex 4.70840258716215 101.86950483150031 12.6
      vertex 3.469504831500295 103.10840258716216 23.4
      vertex 4.70840258716215 101.86950483150031 23.4
    endloop
  endfacet
  facet normal 0.891006524188368 0.4539904997395466 0
    outer loop
      vertex 3.469504831500295 103.10840258716216 12.6
      vertex 2.674083508747141 104.6695048315003 23.4
      vertex 3.469504831500295 103.10840258716216 23.4
    endloop
  endfacet
  facet normal 0.9876883405951375 0.15643446504023156 0
    outer loop
      vertex 2.674083508747141 104.6695048315003 12.6
      vertex 2.4000000000000004 106.4 23.4
      vertex 2.674083508747141 104.6695048315003 23.4
    endloop
  endfacet
  facet normal 0.45399049973954775 0.8910065241883673 0
    outer loop
      vertex 6.269504831500295 101.07408350874715 12.6
      vertex 4.70840258716215 101.86950483150031 23.4
      vertex 6.269504831500295 101.07408350874715 23.4
    endloop
  endfacet
  facet normal 0.9154940231085251 0.14500000847050254 -0.37529413957071245
    outer loop
      vertex 2.674083508747141 104.6695048315003 23.4
      vertex 2.4000000000000004 106.4 23.4
      vertex 2.674083508747141 111.39891659620619 26
    endloop
  endfacet
  facet normal 0.18061263926455026 0.3544722632476174 -0.9174576225232451
    outer loop
      vertex 6.269504831500295 101.07408350874715 23.4
      vertex 4.70840258716215 101.86950483150031 23.4
      vertex 6.269504831500295 107.80349527345304 26
    endloop
  endfacet
  facet normal 0.05698886983594087 0.35981356324629094 -0.9312821636962826
    outer loop
      vertex 6.269504831500295 101.07408350874715 23.4
      vertex 8 107.5294117647059 26
      vertex 8 100.80000000000001 23.4
    endloop
  endfacet
  facet normal 1 0 0
    outer loop
      vertex 2.4000000000000004 114.4 12.6
      vertex 2.4000000000000004 111.97441797333937 25.55375239879021
      vertex 2.4000000000000004 106.4 23.4
    endloop
  endfacet
  facet normal 0.9154940231085249 0.1450000084705029 -0.3752941395707131
    outer loop
      vertex 2.4000000000000004 106.4 23.4
      vertex 2.4000000000000004 111.97441797333937 25.55375239879021
      vertex 2.674083508747141 111.39891659620619 26
    endloop
  endfacet
  facet normal 0.9154940231085215 0.14500000847049144 -0.37529413957072577
    outer loop
      vertex 2.4000000000000004 111.97441797333937 25.55375239879021
      vertex 2.4177667137837693 111.99218468712314 25.60395700350376
      vertex 2.674083508747141 111.39891659620619 26
    endloop
  endfacet
  facet normal 4.666459017450391e-17 0.36039927920216236 -0.9327981344055968
    outer loop
      vertex 8 100.80000000000001 23.4
      vertex 8 107.5294117647059 26
      vertex 40.3216143636016 106.73934473981411 25.694746831291813
    endloop
  endfacet
  facet normal -6.605687887688086e-16 0.36039927920216563 -0.9327981344055956
    outer loop
      vertex 8 100.80000000000001 23.4
      vertex 40.3216143636016 106.73934473981411 25.694746831291813
      vertex 44.4453939853664 106.63854339182372 25.655800855931883
    endloop
  endfacet
  facet normal 7.776309587086047e-17 0.3603992792021621 -0.932798134405597
    outer loop
      vertex 8 107.5294117647059 26
      vertex 63.034355627298496 108.54045466045446 26.39063020972104
      vertex 64.27487437503149 107.95085546574177 26.162830520854772
    endloop
  endfacet
  facet normal 9.341816740346275e-17 0.3603992792021613 -0.9327981344055972
    outer loop
      vertex 8 107.5294117647059 26
      vertex 62.04987437503149 109.45877693592641 26.74543654342611
      vertex 63.034355627298496 108.54045466045446 26.39063020972104
    endloop
  endfacet
  facet normal 9.571422866784507e-18 0.36039927920216325 -0.9327981344055964
    outer loop
      vertex 8 107.5294117647059 26
      vertex 61.417798502486576 110.61593050950691 27.19251860594585
      vertex 62.04987437503149 109.45877693592641 26.74543654342611
    endloop
  endfacet
  facet normal 1.466554872871856e-17 0.36039927920216314 -0.9327981344055964
    outer loop
      vertex 8 107.5294117647059 26
      vertex 61.2 111.89864512705087 27.688112889996926
      vertex 61.417798502486576 110.61593050950691 27.19251860594585
    endloop
  endfacet
  facet normal 1.0324176216113094e-16 0.3603992792021592 -0.9327981344055981
    outer loop
      vertex 8 107.5294117647059 26
      vertex 64.27487437503149 107.95085546574177 26.162830520854772
      vertex 65.65 107.74769342894596 26.084336097547304
    endloop
  endfacet
  facet normal -0.45399049973954697 -0.8311292235061241 -0.3211181090819134
    outer loop
      vertex 63.034355627298496 109.8414119341404 23.02344667782804
      vertex 64.27487437503149 109.2518127394277 22.795646988961774
      vertex 63.034355627298496 108.54045466045446 26.39063020972104
    endloop
  endfacet
  facet normal 2.857869752535789e-15 0.36039927920216386 -0.9327981344055962
    outer loop
      vertex 63.034355627298496 109.8414119341404 23.02344667782804
      vertex 62.04987437503149 110.75973420961235 23.37825301153311
      vertex 63.10159646771892 111.47250469241274 23.65364160716054
    endloop
  endfacet
  facet normal -2.947812590641849e-15 0.3603992792021641 -0.9327981344055961
    outer loop
      vertex 63.034355627298496 109.8414119341404 23.02344667782804
      vertex 63.10159646771892 111.47250469241274 23.65364160716054
      vertex 63.79847645527872 110.82245634011238 23.40248656195358
    endloop
  endfacet
  facet normal 0.7071067811865404 0.6595878863163696 0.25484077425858326
    outer loop
      vertex 63.10159646771892 111.47250469241274 23.65364160716054
      vertex 63.10159646771892 111.29230505281167 24.120040674363338
      vertex 63.79847645527872 110.82245634011238 23.40248656195358
    endloop
  endfacet
  facet normal 1.0918547769684595e-15 0.36039927920216613 -0.9327981344055953
    outer loop
      vertex 62.04987437503149 110.75973420961235 23.37825301153311
      vertex 62.65417197367027 112.29161340180119 23.97011542669699
      vertex 63.10159646771892 111.47250469241274 23.65364160716054
    endloop
  endfacet
  facet normal 1.7859877234172715e-14 0.3603992792021603 -0.9327981344055976
    outer loop
      vertex 62.04987437503149 110.75973420961235 23.37825301153311
      vertex 62.5 113.19960240073681 24.32092935810393
      vertex 62.65417197367027 112.29161340180119 23.97011542669699
    endloop
  endfacet
  facet normal 0.7071067811865471 0.6595878863163563 0.2548407742585983
    outer loop
      vertex 63.10159646771892 111.29230505281167 24.120040674363338
      vertex 63.79847645527872 110.6422567005113 23.868885629156377
      vertex 63.79847645527872 110.82245634011238 23.40248656195358
    endloop
  endfacet
  facet normal 3.2368896196779117e-15 0.36039927920216297 -0.9327981344055966
    outer loop
      vertex 63.10159646771892 111.29230505281167 24.120040674363338
      vertex 64.09236908142495 111.01958147203898 24.014670199973892
      vertex 63.79847645527872 110.6422567005113 23.868885629156377
    endloop
  endfacet
  facet normal 4.097494895754144e-15 0.36039927920216575 -0.9327981344055956
    outer loop
      vertex 63.10159646771892 111.29230505281167 24.120040674363338
      vertex 63.5061049649064 111.56644754619644 24.225959364989276
      vertex 64.09236908142495 111.01958147203898 24.014670199973892
    endloop
  endfacet
  facet normal 0.8910065241883693 0.4234814911949138 0.1636178488707544
    outer loop
      vertex 63.10159646771892 111.47250469241274 23.65364160716054
      vertex 62.65417197367027 112.29161340180119 23.97011542669699
      vertex 62.65417197367027 112.11141376220012 24.436514493899782
    endloop
  endfacet
  facet normal 0.8910065241883691 0.42348149119491474 0.16361784887075348
    outer loop
      vertex 63.10159646771892 111.47250469241274 23.65364160716054
      vertex 62.65417197367027 112.11141376220012 24.436514493899782
      vertex 63.10159646771892 111.29230505281167 24.120040674363338
    endloop
  endfacet
  facet normal 6.623924648123229e-15 0.36039927920216247 -0.9327981344055967
    outer loop
      vertex 63.10159646771892 111.29230505281167 24.120040674363338
      vertex 63.12970023181785 112.2555390001264 24.49219924491676
      vertex 63.5061049649064 111.56644754619644 24.225959364989276
    endloop
  endfacet
  facet normal -1.3089223554962329e-15 0.3603992792021627 -0.9327981344055966
    outer loop
      vertex 61.417798502486576 111.91688778319285 23.825335074052852
      vertex 62.04987437503149 115.63947059186127 25.26360570467474
      vertex 62.04987437503149 110.75973420961235 23.37825301153311
    endloop
  endfacet
  facet normal -2.0714304372819824e-13 0.36039927920219417 -0.9327981344055846
    outer loop
      vertex 62.04987437503149 110.75973420961235 23.37825301153311
      vertex 62.65417197367027 114.10759139967242 24.67174328951087
      vertex 62.5 113.19960240073681 24.32092935810393
    endloop
  endfacet
  facet normal 5.314013952800049e-16 0.36039927920216297 -0.9327981344055966
    outer loop
      vertex 63.034355627298496 109.8414119341404 23.02344667782804
      vertex 64.67659646771892 110.40509960677643 23.241235096801056
      vertex 64.27487437503149 109.2518127394277 22.795646988961774
    endloop
  endfacet
  facet normal 1.135798820238751e-15 0.3603992792021613 -0.9327981344055972
    outer loop
      vertex 63.034355627298496 109.8414119341404 23.02344667782804
      vertex 63.79847645527872 110.82245634011238 23.40248656195358
      vertex 64.67659646771892 110.40509960677643 23.241235096801056
    endloop
  endfacet
  facet normal -1.2384195323924844e-15 0.3603992792021654 -0.9327981344055956
    outer loop
      vertex 65.65 109.0486507026319 22.717152565654303
      vertex 64.27487437503149 109.2518127394277 22.795646988961774
      vertex 65.65 110.26128827735917 23.185671628617115
    endloop
  endfacet
  facet normal 9.812385884563156e-16 0.3603992792021628 -0.9327981344055967
    outer loop
      vertex 64.27487437503149 109.2518127394277 22.795646988961774
      vertex 64.67659646771892 110.40509960677643 23.241235096801056
      vertex 65.65 110.26128827735917 23.185671628617115
    endloop
  endfacet
  facet normal -1.4393993896493389e-15 0.3603992792021654 -0.9327981344055956
    outer loop
      vertex 65.65 109.0486507026319 22.717152565654303
      vertex 65.65 110.26128827735917 23.185671628617115
      vertex 66.62340353228109 110.40509960677643 23.241235096801056
    endloop
  endfacet
  facet normal 1.5536389567180715e-15 0.3603992792021636 -0.9327981344055963
    outer loop
      vertex 65.65 109.0486507026319 22.717152565654303
      vertex 66.62340353228109 110.40509960677643 23.241235096801056
      vertex 67.02512562496852 109.2518127394277 22.795646988961774
    endloop
  endfacet
  facet normal -1.8146895102984312e-15 0.3603992792021625 -0.9327981344055968
    outer loop
      vertex 67.02512562496852 109.2518127394277 22.795646988961774
      vertex 66.62340353228109 110.40509960677643 23.241235096801056
      vertex 67.5015235447213 110.82245634011238 23.40248656195358
    endloop
  endfacet
  facet normal -5.627091318997245e-17 0.3603992792021621 -0.9327981344055969
    outer loop
      vertex 67.02512562496852 109.2518127394277 22.795646988961774
      vertex 67.5015235447213 110.82245634011238 23.40248656195358
      vertex 68.26564437270152 109.8414119341404 23.02344667782804
    endloop
  endfacet
  facet normal -0.15643446504023176 -0.9213138414813035 -0.3559621660268693
    outer loop
      vertex 65.65 109.0486507026319 22.717152565654303
      vertex 64.27487437503149 107.95085546574177 26.162830520854772
      vertex 64.27487437503149 109.2518127394277 22.795646988961774
    endloop
  endfacet
  facet normal 0.45399049973954786 0.8311292235061217 0.32111810908191835
    outer loop
      vertex 64.67659646771892 110.40509960677643 23.241235096801056
      vertex 63.79847645527872 110.82245634011238 23.40248656195358
      vertex 63.79847645527872 110.6422567005113 23.868885629156377
    endloop
  endfacet
  facet normal 0.45399049973954786 0.8311292235061217 0.3211181090819183
    outer loop
      vertex 64.67659646771892 110.40509960677643 23.241235096801056
      vertex 63.79847645527872 110.6422567005113 23.868885629156377
      vertex 64.67659646771892 110.22489996717535 23.707634164003853
    endloop
  endfacet
  facet normal 0.15643446504022596 0.9213138414813115 0.3559621660268507
    outer loop
      vertex 65.65 110.26128827735917 23.185671628617115
      vertex 64.67659646771892 110.22489996717535 23.707634164003853
      vertex 65.65 110.0810886377581 23.652070695819912
    endloop
  endfacet
  facet normal 0.15643446504023908 0.9213138414813 0.35596216602687436
    outer loop
      vertex 64.67659646771892 110.40509960677643 23.241235096801056
      vertex 64.67659646771892 110.22489996717535 23.707634164003853
      vertex 65.65 110.26128827735917 23.185671628617115
    endloop
  endfacet
  facet normal -0.15643446504023908 0.9213138414813096 0.35596216602685
    outer loop
      vertex 65.65 110.26128827735917 23.185671628617115
      vertex 65.65 110.0810886377581 23.652070695819912
      vertex 66.62340353228109 110.40509960677643 23.241235096801056
    endloop
  endfacet
  facet normal -4.522247568187594e-15 0.36039927920216125 -0.9327981344055972
    outer loop
      vertex 64.67659646771892 110.22489996717535 23.707634164003853
      vertex 65.65 110.5474877049609 23.832270335420993
      vertex 65.65 110.0810886377581 23.652070695819912
    endloop
  endfacet
  facet normal -4.558298763221585e-16 0.36039927920215836 -0.9327981344055983
    outer loop
      vertex 64.67659646771892 110.22489996717535 23.707634164003853
      vertex 63.79847645527872 110.6422567005113 23.868885629156377
      vertex 64.8311049649064 110.66847183923255 23.879014205480498
    endloop
  endfacet
  facet normal -3.8147675199703695e-15 0.36039927920215936 -0.9327981344055978
    outer loop
      vertex 64.67659646771892 110.22489996717535 23.707634164003853
      vertex 64.8311049649064 110.66847183923255 23.879014205480498
      vertex 65.65 110.5474877049609 23.832270335420993
    endloop
  endfacet
  facet normal 3.5138204675117105e-15 0.3603992792021613 -0.9327981344055972
    outer loop
      vertex 65.65 110.0810886377581 23.652070695819912
      vertex 65.65 110.5474877049609 23.832270335420993
      vertex 66.46889503509361 110.66847183923255 23.879014205480498
    endloop
  endfacet
  facet normal 0.15643446504023176 -0.9213138414813036 -0.35596216602686886
    outer loop
      vertex 65.65 109.0486507026319 22.717152565654303
      vertex 67.02512562496852 109.2518127394277 22.795646988961774
      vertex 65.65 107.74769342894596 26.084336097547304
    endloop
  endfacet
  facet normal 0.45399049973954697 -0.8311292235061241 -0.3211181090819134
    outer loop
      vertex 67.02512562496852 109.2518127394277 22.795646988961774
      vertex 68.26564437270152 109.8414119341404 23.02344667782804
      vertex 67.02512562496852 107.95085546574177 26.162830520854772
    endloop
  endfacet
  facet normal -0.15643446504022596 0.921313841481302 0.35596216602687514
    outer loop
      vertex 66.62340353228109 110.40509960677643 23.241235096801056
      vertex 65.65 110.0810886377581 23.652070695819912
      vertex 66.62340353228109 110.22489996717535 23.707634164003853
    endloop
  endfacet
  facet normal -0.45399049973954786 0.8311292235061217 0.3211181090819183
    outer loop
      vertex 66.62340353228109 110.40509960677643 23.241235096801056
      vertex 66.62340353228109 110.22489996717535 23.707634164003853
      vertex 67.5015235447213 110.82245634011238 23.40248656195358
    endloop
  endfacet
  facet normal 4.789141410818977e-15 0.3603992792021597 -0.9327981344055979
    outer loop
      vertex 65.65 110.0810886377581 23.652070695819912
      vertex 66.46889503509361 110.66847183923255 23.879014205480498
      vertex 66.62340353228109 110.22489996717535 23.707634164003853
    endloop
  endfacet
  facet normal -0.4539904997395478 0.8311292235061217 0.32111810908191823
    outer loop
      vertex 66.62340353228109 110.22489996717535 23.707634164003853
      vertex 67.5015235447213 110.6422567005113 23.868885629156377
      vertex 67.5015235447213 110.82245634011238 23.40248656195358
    endloop
  endfacet
  facet normal -1.8897393418463593e-15 0.3603992792021577 -0.9327981344055986
    outer loop
      vertex 66.62340353228109 110.22489996717535 23.707634164003853
      vertex 66.46889503509361 110.66847183923255 23.879014205480498
      vertex 67.20763091857506 111.019581472039 24.014670199973892
    endloop
  endfacet
  facet normal 2.3656074801218536e-15 0.3603992792021549 -0.9327981344055997
    outer loop
      vertex 66.62340353228109 110.22489996717535 23.707634164003853
      vertex 67.20763091857506 111.019581472039 24.014670199973892
      vertex 67.5015235447213 110.6422567005113 23.868885629156377
    endloop
  endfacet
  facet normal -6.775546162475434e-16 0.3603992792021656 -0.9327981344055956
    outer loop
      vertex 63.79847645527872 110.6422567005113 23.868885629156377
      vertex 64.09236908142495 111.01958147203898 24.014670199973892
      vertex 64.8311049649064 110.66847183923255 23.879014205480498
    endloop
  endfacet
  facet normal 2.9554051193009956e-15 0.3603992792021641 -0.9327981344055961
    outer loop
      vertex 68.26564437270152 109.8414119341404 23.02344667782804
      vertex 67.5015235447213 110.82245634011238 23.40248656195358
      vertex 68.19840353228109 111.47250469241274 23.65364160716054
    endloop
  endfacet
  facet normal -0.7071067811865404 0.6595878863163627 0.2548407742586007
    outer loop
      vertex 67.5015235447213 110.6422567005113 23.868885629156377
      vertex 68.19840353228109 111.47250469241274 23.65364160716054
      vertex 67.5015235447213 110.82245634011238 23.40248656195358
    endloop
  endfacet
  facet normal -0.7071067811865471 0.6595878863163632 0.2548407742585808
    outer loop
      vertex 67.5015235447213 110.6422567005113 23.868885629156377
      vertex 68.19840353228109 111.29230505281167 24.120040674363338
      vertex 68.19840353228109 111.47250469241274 23.65364160716054
    endloop
  endfacet
  facet normal 1.0376349460840844e-14 0.36039927920216036 -0.9327981344055976
    outer loop
      vertex 67.5015235447213 110.6422567005113 23.868885629156377
      vertex 67.20763091857506 111.019581472039 24.014670199973892
      vertex 67.79389503509361 111.56644754619644 24.225959364989276
    endloop
  endfacet
  facet normal -4.972435980655818e-15 0.3603992792021645 -0.9327981344055959
    outer loop
      vertex 67.5015235447213 110.6422567005113 23.868885629156377
      vertex 67.79389503509361 111.56644754619644 24.225959364989276
      vertex 68.19840353228109 111.29230505281167 24.120040674363338
    endloop
  endfacet
  facet normal -6.607375910961782e-15 0.3603992792021625 -0.9327981344055968
    outer loop
      vertex 68.19840353228109 111.29230505281167 24.120040674363338
      vertex 67.79389503509361 111.56644754619644 24.225959364989276
      vertex 68.17029976818216 112.2555390001264 24.49219924491676
    endloop
  endfacet
  facet normal 0.7071067811865493 -0.6595878863163559 -0.25484077425859347
    outer loop
      vertex 68.26564437270152 109.8414119341404 23.02344667782804
      vertex 69.25012562496852 110.75973420961235 23.37825301153311
      vertex 68.26564437270152 108.54045466045446 26.39063020972104
    endloop
  endfacet
  facet normal 3.2185722056563234e-15 0.36039927920216414 -0.9327981344055961
    outer loop
      vertex 68.26564437270152 109.8414119341404 23.02344667782804
      vertex 68.19840353228109 111.47250469241274 23.65364160716054
      vertex 68.64582802632974 112.29161340180119 23.97011542669699
    endloop
  endfacet
  facet normal -0.8910065241883693 0.4234814911949143 0.16361784887075329
    outer loop
      vertex 68.19840353228109 111.47250469241274 23.65364160716054
      vertex 68.19840353228109 111.29230505281167 24.120040674363338
      vertex 68.64582802632974 112.29161340180119 23.97011542669699
    endloop
  endfacet
  facet normal -1.5079765558928181e-15 0.36039927920216264 -0.9327981344055967
    outer loop
      vertex 68.26564437270152 109.8414119341404 23.02344667782804
      vertex 69.25012562496852 115.63947059186127 25.26360570467474
      vertex 69.25012562496852 110.75973420961235 23.37825301153311
    endloop
  endfacet
  facet normal -0.891006524188369 0.4234814911949143 0.16361784887075456
    outer loop
      vertex 68.19840353228109 111.29230505281167 24.120040674363338
      vertex 68.64582802632974 112.11141376220012 24.436514493899782
      vertex 68.64582802632974 112.29161340180119 23.97011542669699
    endloop
  endfacet
  facet normal -1.6576932028081237e-13 0.36039927920218684 -0.9327981344055873
    outer loop
      vertex 68.26564437270152 109.8414119341404 23.02344667782804
      vertex 68.64582802632974 112.29161340180119 23.97011542669699
      vertex 69.25012562496852 115.63947059186127 25.26360570467474
    endloop
  endfacet
  facet normal -0.9876883405951369 0.14592177714627116 0.05637886844287481
    outer loop
      vertex 68.64582802632974 112.29161340180119 23.97011542669699
      vertex 68.64582802632974 112.11141376220012 24.436514493899782
      vertex 68.80000000000001 113.19960240073681 24.32092935810393
    endloop
  endfacet
  facet normal 1.9054793794334605e-16 0.36039927920216325 -0.9327981344055963
    outer loop
      vertex 69.25012562496852 110.75973420961235 23.37825301153311
      vertex 69.88220149751344 114.48231701828077 24.816523642155005
      vertex 69.88220149751344 111.91688778319285 23.825335074052852
    endloop
  endfacet
  facet normal -0.7071067811865493 -0.6595878863163559 -0.25484077425859347
    outer loop
      vertex 63.034355627298496 109.8414119341404 23.02344667782804
      vertex 62.04987437503149 109.45877693592641 26.74543654342611
      vertex 62.04987437503149 110.75973420961235 23.37825301153311
    endloop
  endfacet
  facet normal -0.7071067811865493 -0.6595878863163559 -0.25484077425859347
    outer loop
      vertex 63.034355627298496 109.8414119341404 23.02344667782804
      vertex 63.034355627298496 108.54045466045446 26.39063020972104
      vertex 62.04987437503149 109.45877693592641 26.74543654342611
    endloop
  endfacet
  facet normal -0.8910065241883683 -0.4234814911949125 -0.16361784887076256
    outer loop
      vertex 62.04987437503149 110.75973420961235 23.37825301153311
      vertex 62.04987437503149 109.45877693592641 26.74543654342611
      vertex 61.417798502486576 110.61593050950691 27.19251860594585
    endloop
  endfacet
  facet normal 1.5044785534162857e-14 0.36039927920216325 -0.9327981344055966
    outer loop
      vertex 61.417798502486576 111.91688778319285 23.825335074052852
      vertex 61.2 113.19960240073681 24.320929358103925
      vertex 61.417798502486576 114.48231701828077 24.816523642155005
    endloop
  endfacet
  facet normal -1.8553933703041916e-14 0.3603992792021631 -0.9327981344055964
    outer loop
      vertex 63.10159646771892 111.29230505281167 24.120040674363338
      vertex 63 113.01940276113572 24.787328425306725
      vertex 63.12970023181785 112.2555390001264 24.49219924491676
    endloop
  endfacet
  facet normal -0.8910065241883683 -0.4234814911949125 -0.16361784887076256
    outer loop
      vertex 61.417798502486576 111.91688778319285 23.825335074052852
      vertex 62.04987437503149 110.75973420961235 23.37825301153311
      vertex 61.417798502486576 110.61593050950691 27.19251860594585
    endloop
  endfacet
  facet normal 0.9876883405951368 0.14592177714626983 0.05637886844287833
    outer loop
      vertex 62.65417197367027 112.29161340180119 23.97011542669699
      vertex 62.5 113.19960240073681 24.32092935810393
      vertex 62.5 113.01940276113572 24.787328425306725
    endloop
  endfacet
  facet normal 0.9876883405951368 -0.14592177714626978 -0.05637886844287831
    outer loop
      vertex 62.5 113.19960240073681 24.32092935810393
      vertex 62.65417197367027 113.92739176007134 25.138142356713665
      vertex 62.5 113.01940276113572 24.787328425306725
    endloop
  endfacet
  facet normal 1.1167373794561384e-13 0.360399279202146 -0.9327981344056031
    outer loop
      vertex 62.04987437503149 110.75973420961235 23.37825301153311
      vertex 63.034355627298496 116.55779286733322 25.618412038379816
      vertex 62.65417197367027 114.10759139967242 24.67174328951087
    endloop
  endfacet
  facet normal 0.9876883405951365 0.1459217771462729 0.05637886844287549
    outer loop
      vertex 62.65417197367027 112.29161340180119 23.97011542669699
      vertex 62.5 113.01940276113572 24.787328425306725
      vertex 62.65417197367027 112.11141376220012 24.436514493899782
    endloop
  endfacet
  facet normal -4.910695366724162e-16 0.3603992792021618 -0.932798134405597
    outer loop
      vertex 63.10159646771892 111.29230505281167 24.120040674363338
      vertex 62.65417197367027 112.11141376220012 24.436514493899782
      vertex 62.65417197367027 113.92739176007134 25.138142356713665
    endloop
  endfacet
  facet normal 2.2495615915698836e-14 0.36039927920216513 -0.9327981344055958
    outer loop
      vertex 63.10159646771892 111.29230505281167 24.120040674363338
      vertex 62.65417197367027 113.92739176007134 25.138142356713665
      vertex 63 113.01940276113572 24.787328425306725
    endloop
  endfacet
  facet normal 0.9876883405951365 -0.14592177714627294 -0.056378868442875506
    outer loop
      vertex 62.5 113.19960240073681 24.32092935810393
      vertex 62.65417197367027 114.10759139967242 24.67174328951087
      vertex 62.65417197367027 113.92739176007134 25.138142356713665
    endloop
  endfacet
  facet normal -2.7208594343337704e-14 0.36039927920216186 -0.9327981344055971
    outer loop
      vertex 62.65417197367027 112.11141376220012 24.436514493899782
      vertex 62.5 113.01940276113572 24.787328425306725
      vertex 62.65417197367027 113.92739176007134 25.138142356713665
    endloop
  endfacet
  facet normal -1.5295592581427116e-14 0.36039927920216225 -0.9327981344055968
    outer loop
      vertex 63 113.01940276113572 24.787328425306725
      vertex 63.10159646771892 114.74650046945979 25.454616176250113
      vertex 63.12970023181785 113.78326652214506 25.082457605696693
    endloop
  endfacet
  facet normal -0.9876883405951369 -0.1459217771462695 -0.056378868442877164
    outer loop
      vertex 61.417798502486576 111.91688778319285 23.825335074052852
      vertex 61.417798502486576 110.61593050950691 27.19251860594585
      vertex 61.2 111.89864512705087 27.688112889996926
    endloop
  endfacet
  facet normal -0.9876883405951369 -0.14592177714626964 -0.056378868442877164
    outer loop
      vertex 61.417798502486576 111.91688778319285 23.825335074052852
      vertex 61.2 111.89864512705087 27.688112889996926
      vertex 61.2 113.19960240073681 24.320929358103925
    endloop
  endfacet
  facet normal -0.9876883405951369 0.14592177714626953 0.056378868442876574
    outer loop
      vertex 61.2 113.19960240073681 24.320929358103925
      vertex 61.417798502486576 113.18135974459484 28.183707174048003
      vertex 61.417798502486576 114.48231701828077 24.816523642155005
    endloop
  endfacet
  facet normal 0.7071067811865576 0.6595878863163483 0.2548407742585905
    outer loop
      vertex 63.5061049649064 111.56644754619644 24.225959364989276
      vertex 63.5061049649064 109.98069071770692 28.3302711563739
      vertex 64.09236908142495 111.01958147203898 24.014670199973892
    endloop
  endfacet
  facet normal 0.8910065241883666 0.42348149119491585 0.16361784887076364
    outer loop
      vertex 63.5061049649064 111.56644754619644 24.225959364989276
      vertex 63.12970023181785 112.2555390001264 24.49219924491676
      vertex 63.12970023181785 110.66978217163688 28.596511036301386
    endloop
  endfacet
  facet normal 0.9876883405951362 0.14592177714627375 0.05637886844287828
    outer loop
      vertex 63.12970023181785 112.2555390001264 24.49219924491676
      vertex 63 113.01940276113572 24.787328425306725
      vertex 63 111.43364593264621 28.89164021669135
    endloop
  endfacet
  facet normal -0.9876883405951372 0.14592177714626814 0.05637886844287658
    outer loop
      vertex 61.2 113.19960240073681 24.320929358103925
      vertex 61.2 111.89864512705087 27.688112889996926
      vertex 61.417798502486576 113.18135974459484 28.183707174048003
    endloop
  endfacet
  facet normal 0.8910065241883669 0.42348149119491524 0.16361784887076355
    outer loop
      vertex 63.5061049649064 111.56644754619644 24.225959364989276
      vertex 63.12970023181785 110.66978217163688 28.596511036301386
      vertex 63.5061049649064 109.98069071770692 28.3302711563739
    endloop
  endfacet
  facet normal 0.9876883405951367 -0.14592177714627128 -0.05637886844287783
    outer loop
      vertex 63 113.01940276113572 24.787328425306725
      vertex 63.12970023181785 113.78326652214506 25.082457605696693
      vertex 63.12970023181785 112.19750969365553 29.186769397081317
    endloop
  endfacet
  facet normal 0.891006524188367 -0.42348149119491524 -0.16361784887076355
    outer loop
      vertex 63.12970023181785 113.78326652214506 25.082457605696693
      vertex 63.5061049649064 114.47235797607502 25.34869748562418
      vertex 63.5061049649064 112.8866011475855 29.453009277008803
    endloop
  endfacet
  facet normal 0.9876883405951365 0.1459217771462715 0.056378868442877865
    outer loop
      vertex 63.12970023181785 112.2555390001264 24.49219924491676
      vertex 63 111.43364593264621 28.89164021669135
      vertex 63.12970023181785 110.66978217163688 28.596511036301386
    endloop
  endfacet
  facet normal 0.9876883405951362 -0.14592177714627372 -0.05637886844287827
    outer loop
      vertex 63 113.01940276113572 24.787328425306725
      vertex 63.12970023181785 112.19750969365553 29.186769397081317
      vertex 63 111.43364593264621 28.89164021669135
    endloop
  endfacet
  facet normal 0.8910065241883669 -0.42348149119491524 -0.16361784887076355
    outer loop
      vertex 63.12970023181785 113.78326652214506 25.082457605696693
      vertex 63.5061049649064 112.8866011475855 29.453009277008803
      vertex 63.12970023181785 112.19750969365553 29.186769397081317
    endloop
  endfacet
  facet normal 0.7071067811865488 -0.6595878863163565 -0.2548407742585936
    outer loop
      vertex 63.5061049649064 114.47235797607502 25.34869748562418
      vertex 64.09236908142495 113.43346722174294 29.664298442024183
      vertex 63.5061049649064 112.8866011475855 29.453009277008803
    endloop
  endfacet
  facet normal -0.45399049973954697 -0.8311292235061241 -0.3211181090819134
    outer loop
      vertex 64.27487437503149 109.2518127394277 22.795646988961774
      vertex 64.27487437503149 107.95085546574177 26.162830520854772
      vertex 63.034355627298496 108.54045466045446 26.39063020972104
    endloop
  endfacet
  facet normal -0.1564344650402308 -0.9213138414813036 -0.35596216602686886
    outer loop
      vertex 65.65 109.0486507026319 22.717152565654303
      vertex 65.65 107.74769342894596 26.084336097547304
      vertex 64.27487437503149 107.95085546574177 26.162830520854772
    endloop
  endfacet
  facet normal 0.15643446504022596 0.9213138414813054 0.35596216602686637
    outer loop
      vertex 64.8311049649064 110.66847183923255 23.879014205480498
      vertex 64.8311049649064 109.08271501074304 27.983325996865126
      vertex 65.65 110.5474877049609 23.832270335420993
    endloop
  endfacet
  facet normal -0.15643446504022598 0.9213138414813044 0.35596216602686914
    outer loop
      vertex 65.65 110.5474877049609 23.832270335420993
      vertex 65.65 108.96173087647138 27.93658212680562
      vertex 66.46889503509361 110.66847183923255 23.879014205480498
    endloop
  endfacet
  facet normal 0.1564344650402309 -0.9213138414813035 -0.35596216602686925
    outer loop
      vertex 67.02512562496852 109.2518127394277 22.795646988961774
      vertex 67.02512562496852 107.95085546574177 26.162830520854772
      vertex 65.65 107.74769342894596 26.084336097547304
    endloop
  endfacet
  facet normal 0.4539904997395469 -0.8311292235061241 -0.3211181090819134
    outer loop
      vertex 68.26564437270152 109.8414119341404 23.02344667782804
      vertex 68.26564437270152 108.54045466045446 26.39063020972104
      vertex 67.02512562496852 107.95085546574177 26.162830520854772
    endloop
  endfacet
  facet normal 0.4539904997395366 0.8311292235061302 0.3211181090819124
    outer loop
      vertex 64.8311049649064 110.66847183923255 23.879014205480498
      vertex 64.09236908142495 111.01958147203898 24.014670199973892
      vertex 64.09236908142495 109.43382464354947 28.11898199135852
    endloop
  endfacet
  facet normal -0.4539904997395493 0.8311292235061241 0.3211181090819101
    outer loop
      vertex 66.46889503509361 110.66847183923255 23.879014205480498
      vertex 66.46889503509361 109.08271501074304 27.983325996865126
      vertex 67.20763091857506 111.019581472039 24.014670199973892
    endloop
  endfacet
  facet normal -0.7071067811865496 0.6595878863163559 0.25484077425859314
    outer loop
      vertex 67.20763091857506 111.019581472039 24.014670199973892
      vertex 67.20763091857506 109.43382464354947 28.11898199135852
      vertex 67.79389503509361 111.56644754619644 24.225959364989276
    endloop
  endfacet
  facet normal 1.808834911295447e-14 0.3603992792021631 -0.9327981344055964
    outer loop
      vertex 68.19840353228109 111.29230505281167 24.120040674363338
      vertex 68.17029976818216 112.2555390001264 24.49219924491676
      vertex 68.30000000000001 113.01940276113572 24.787328425306725
    endloop
  endfacet
  facet normal 1.551917399566888e-14 0.36039927920216225 -0.9327981344055968
    outer loop
      vertex 68.17029976818216 113.78326652214506 25.082457605696693
      vertex 68.19840353228109 114.74650046945979 25.454616176250113
      vertex 68.30000000000001 113.01940276113572 24.787328425306725
    endloop
  endfacet
  facet normal -0.8910065241883667 0.4234814911949158 0.16361784887076378
    outer loop
      vertex 67.79389503509361 111.56644754619644 24.225959364989276
      vertex 67.79389503509361 109.98069071770692 28.3302711563739
      vertex 68.17029976818216 112.2555390001264 24.49219924491676
    endloop
  endfacet
  facet normal -0.9876883405951363 0.14592177714627358 0.05637886844287868
    outer loop
      vertex 68.17029976818216 112.2555390001264 24.49219924491676
      vertex 68.17029976818216 110.66978217163688 28.596511036301386
      vertex 68.30000000000001 113.01940276113572 24.787328425306725
    endloop
  endfacet
  facet normal -0.9876883405951367 -0.14592177714627144 -0.05637886844287739
    outer loop
      vertex 68.17029976818216 113.78326652214506 25.082457605696693
      vertex 68.30000000000001 113.01940276113572 24.787328425306725
      vertex 68.30000000000001 111.43364593264621 28.89164021669135
    endloop
  endfacet
  facet normal 0.7071067811865492 -0.6595878863163559 -0.25484077425859347
    outer loop
      vertex 69.25012562496852 110.75973420961235 23.37825301153311
      vertex 69.25012562496852 109.45877693592641 26.74543654342611
      vertex 68.26564437270152 108.54045466045446 26.39063020972104
    endloop
  endfacet
  facet normal 0.8910065241883685 -0.42348149119491246 -0.16361784887076253
    outer loop
      vertex 69.88220149751344 111.91688778319285 23.825335074052852
      vertex 69.88220149751344 110.61593050950691 27.19251860594585
      vertex 69.25012562496852 109.45877693592641 26.74543654342611
    endloop
  endfacet
  facet normal -4.623086318404596e-15 0.3603992792021643 -0.932798134405596
    outer loop
      vertex 68.19840353228109 111.29230505281167 24.120040674363338
      vertex 68.30000000000001 113.01940276113572 24.787328425306725
      vertex 68.64582802632974 112.11141376220012 24.436514493899782
    endloop
  endfacet
  facet normal 0.8910065241883683 -0.4234814911949125 -0.16361784887076256
    outer loop
      vertex 69.25012562496852 110.75973420961235 23.37825301153311
      vertex 69.88220149751344 111.91688778319285 23.825335074052852
      vertex 69.25012562496852 109.45877693592641 26.74543654342611
    endloop
  endfacet
  facet normal 0.9876883405951369 -0.1459217771462696 -0.05637886844287721
    outer loop
      vertex 69.88220149751344 111.91688778319285 23.825335074052852
      vertex 70.10000000000001 113.19960240073681 24.320929358103925
      vertex 69.88220149751344 110.61593050950691 27.19251860594585
    endloop
  endfacet
  facet normal -0.9876883405951364 0.14592177714627153 0.05637886844287897
    outer loop
      vertex 68.64582802632974 112.11141376220012 24.436514493899782
      vertex 68.80000000000001 113.01940276113572 24.787328425306725
      vertex 68.80000000000001 113.19960240073681 24.32092935810393
    endloop
  endfacet
  facet normal 3.388132870234449e-13 0.36039927920210824 -0.9327981344056177
    outer loop
      vertex 68.64582802632974 112.29161340180119 23.97011542669699
      vertex 68.80000000000001 113.19960240073681 24.32092935810393
      vertex 69.25012562496852 115.63947059186127 25.26360570467474
    endloop
  endfacet
  facet normal -0.9876883405951365 -0.14592177714627172 -0.05637886844287906
    outer loop
      vertex 68.80000000000001 113.19960240073681 24.32092935810393
      vertex 68.80000000000001 113.01940276113572 24.787328425306725
      vertex 68.64582802632974 114.10759139967242 24.671743289510868
    endloop
  endfacet
  facet normal -1.5369314593521684e-14 0.36039927920216325 -0.9327981344055966
    outer loop
      vertex 69.88220149751344 111.91688778319285 23.825335074052852
      vertex 69.88220149751344 114.48231701828077 24.816523642155005
      vertex 70.10000000000001 113.19960240073681 24.320929358103925
    endloop
  endfacet
  facet normal 3.980046372850877e-15 0.3603992792021627 -0.9327981344055968
    outer loop
      vertex 69.25012562496852 110.75973420961235 23.37825301153311
      vertex 69.25012562496852 115.63947059186127 25.26360570467474
      vertex 69.88220149751344 114.48231701828077 24.816523642155005
    endloop
  endfacet
  facet normal 2.7521438812280815e-14 0.36039927920216186 -0.9327981344055971
    outer loop
      vertex 68.64582802632974 112.11141376220012 24.436514493899782
      vertex 68.64582802632974 113.92739176007134 25.138142356713665
      vertex 68.80000000000001 113.01940276113572 24.787328425306725
    endloop
  endfacet
  facet normal -1.5550302287685894e-14 0.36039927920216075 -0.9327981344055976
    outer loop
      vertex 68.64582802632974 112.11141376220012 24.436514493899782
      vertex 68.30000000000001 113.01940276113572 24.787328425306725
      vertex 68.19840353228109 114.74650046945979 25.454616176250113
    endloop
  endfacet
  facet normal -0.9876883405951368 -0.14592177714627128 -0.05637886844287442
    outer loop
      vertex 68.80000000000001 113.01940276113572 24.787328425306725
      vertex 68.64582802632974 113.92739176007134 25.138142356713665
      vertex 68.64582802632974 114.10759139967242 24.671743289510868
    endloop
  endfacet
  facet normal -7.865305718392464e-15 0.3603992792021618 -0.932798134405597
    outer loop
      vertex 68.64582802632974 112.11141376220012 24.436514493899782
      vertex 68.19840353228109 114.74650046945979 25.454616176250113
      vertex 68.64582802632974 113.92739176007134 25.138142356713665
    endloop
  endfacet
  facet normal 0.9876883405951369 0.14592177714626936 0.05637886844287705
    outer loop
      vertex 70.10000000000001 113.19960240073681 24.320929358103925
      vertex 69.88220149751344 114.48231701828077 24.816523642155005
      vertex 70.10000000000001 111.89864512705087 27.688112889996926
    endloop
  endfacet
  facet normal 0.4539904997395366 0.8311292235061302 0.3211181090819124
    outer loop
      vertex 64.8311049649064 110.66847183923255 23.879014205480498
      vertex 64.09236908142495 109.43382464354947 28.11898199135852
      vertex 64.8311049649064 109.08271501074304 27.983325996865126
    endloop
  endfacet
  facet normal 0.1564344650402415 0.921313841481302 0.3559621660268682
    outer loop
      vertex 65.65 110.5474877049609 23.832270335420993
      vertex 64.8311049649064 109.08271501074304 27.983325996865126
      vertex 65.65 108.96173087647138 27.93658212680562
    endloop
  endfacet
  facet normal 0.7071067811865487 0.6595878863163572 0.2548407742585914
    outer loop
      vertex 64.09236908142495 111.01958147203898 24.014670199973892
      vertex 63.5061049649064 109.98069071770692 28.3302711563739
      vertex 64.09236908142495 109.43382464354947 28.11898199135852
    endloop
  endfacet
  facet normal -0.15643446504024153 0.9213138414813031 0.3559621660268655
    outer loop
      vertex 66.46889503509361 110.66847183923255 23.879014205480498
      vertex 65.65 108.96173087647138 27.93658212680562
      vertex 66.46889503509361 109.08271501074304 27.983325996865126
    endloop
  endfacet
  facet normal -0.45399049973953665 0.8311292235061292 0.3211181090819149
    outer loop
      vertex 67.20763091857506 111.019581472039 24.014670199973892
      vertex 66.46889503509361 109.08271501074304 27.983325996865126
      vertex 67.20763091857506 109.43382464354947 28.11898199135852
    endloop
  endfacet
  facet normal -0.7071067811865488 0.6595878863163566 0.25484077425859364
    outer loop
      vertex 67.79389503509361 111.56644754619644 24.225959364989276
      vertex 67.20763091857506 109.43382464354947 28.11898199135852
      vertex 67.79389503509361 109.98069071770692 28.3302711563739
    endloop
  endfacet
  facet normal -0.891006524188367 0.42348149119491524 0.16361784887076342
    outer loop
      vertex 68.17029976818216 112.2555390001264 24.49219924491676
      vertex 67.79389503509361 109.98069071770692 28.3302711563739
      vertex 68.17029976818216 110.66978217163688 28.596511036301386
    endloop
  endfacet
  facet normal -0.8910065241883667 -0.4234814911949158 -0.16361784887076378
    outer loop
      vertex 68.17029976818216 113.78326652214506 25.082457605696693
      vertex 68.17029976818216 112.19750969365553 29.186769397081317
      vertex 67.79389503509361 114.47235797607502 25.348697485624175
    endloop
  endfacet
  facet normal -0.9876883405951365 0.14592177714627166 0.056378868442877476
    outer loop
      vertex 68.30000000000001 113.01940276113572 24.787328425306725
      vertex 68.17029976818216 110.66978217163688 28.596511036301386
      vertex 68.30000000000001 111.43364593264621 28.89164021669135
    endloop
  endfacet
  facet normal -0.9876883405951362 -0.1459217771462736 -0.056378868442878725
    outer loop
      vertex 68.17029976818216 113.78326652214506 25.082457605696693
      vertex 68.30000000000001 111.43364593264621 28.89164021669135
      vertex 68.17029976818216 112.19750969365553 29.186769397081317
    endloop
  endfacet
  facet normal -0.891006524188367 -0.42348149119491524 -0.16361784887076342
    outer loop
      vertex 67.79389503509361 114.47235797607502 25.348697485624175
      vertex 68.17029976818216 112.19750969365553 29.186769397081317
      vertex 67.79389503509361 112.8866011475855 29.453009277008803
    endloop
  endfacet
  facet normal -0.7071067811865488 -0.6595878863163566 -0.25484077425859364
    outer loop
      vertex 67.20763091857506 115.01922405023247 25.55998665063956
      vertex 67.79389503509361 112.8866011475855 29.453009277008803
      vertex 67.20763091857506 113.43346722174294 29.664298442024183
    endloop
  endfacet
  facet normal 0.9876883405951369 -0.1459217771462695 -0.0563788684428771
    outer loop
      vertex 70.10000000000001 113.19960240073681 24.320929358103925
      vertex 70.10000000000001 111.89864512705087 27.688112889996926
      vertex 69.88220149751344 110.61593050950691 27.19251860594585
    endloop
  endfacet
  facet normal 0.9876883405951372 0.14592177714626833 0.0563788684428761
    outer loop
      vertex 70.10000000000001 111.89864512705087 27.688112889996926
      vertex 69.88220149751344 114.48231701828077 24.816523642155005
      vertex 69.88220149751344 113.18135974459484 28.183707174048003
    endloop
  endfacet
  facet normal -5.088770250232846e-15 0.36039927920216325 -0.9327981344055966
    outer loop
      vertex 61.417798502486576 111.91688778319285 23.825335074052852
      vertex 61.417798502486576 114.48231701828077 24.816523642155005
      vertex 62.04987437503149 115.63947059186127 25.26360570467474
    endloop
  endfacet
  facet normal 1.8653655809571117e-15 0.36039927920216264 -0.9327981344055967
    outer loop
      vertex 62.04987437503149 110.75973420961235 23.37825301153311
      vertex 62.04987437503149 115.63947059186127 25.26360570467474
      vertex 63.034355627298496 116.55779286733322 25.618412038379816
    endloop
  endfacet
  facet normal 9.66191876539161e-15 0.360399279202161 -0.9327981344055973
    outer loop
      vertex 63 113.01940276113572 24.787328425306725
      vertex 62.65417197367027 113.92739176007134 25.138142356713665
      vertex 63.10159646771892 114.74650046945979 25.454616176250113
    endloop
  endfacet
  facet normal 0.8910065241883693 -0.4234814911949138 -0.16361784887075437
    outer loop
      vertex 62.65417197367027 114.10759139967242 24.67174328951087
      vertex 63.10159646771892 114.74650046945979 25.454616176250113
      vertex 62.65417197367027 113.92739176007134 25.138142356713665
    endloop
  endfacet
  facet normal 0.891006524188369 -0.4234814911949147 -0.1636178488707535
    outer loop
      vertex 62.65417197367027 114.10759139967242 24.67174328951087
      vertex 63.10159646771892 114.92670010906086 24.988217109047316
      vertex 63.10159646771892 114.74650046945979 25.454616176250113
    endloop
  endfacet
  facet normal 1.5631281106359408e-15 0.3603992792021613 -0.9327981344055972
    outer loop
      vertex 62.65417197367027 114.10759139967242 24.67174328951087
      vertex 63.034355627298496 116.55779286733322 25.618412038379816
      vertex 63.10159646771892 114.92670010906086 24.988217109047316
    endloop
  endfacet
  facet normal 1.7702782722345717e-15 0.36039927920216275 -0.9327981344055967
    outer loop
      vertex 63.12970023181785 113.78326652214506 25.082457605696693
      vertex 63.10159646771892 114.74650046945979 25.454616176250113
      vertex 63.5061049649064 114.47235797607502 25.34869748562418
    endloop
  endfacet
  facet normal 0.7071067811865405 -0.6595878863163694 -0.25484077425858326
    outer loop
      vertex 63.10159646771892 114.92670010906086 24.988217109047316
      vertex 63.79847645527872 115.39654882176015 25.705771221457073
      vertex 63.10159646771892 114.74650046945979 25.454616176250113
    endloop
  endfacet
  facet normal 2.8750135648942456e-15 0.36039927920216414 -0.9327981344055961
    outer loop
      vertex 63.5061049649064 114.47235797607502 25.34869748562418
      vertex 63.10159646771892 114.74650046945979 25.454616176250113
      vertex 63.79847645527872 115.39654882176015 25.705771221457073
    endloop
  endfacet
  facet normal 0.7071067811865465 -0.6595878863163577 -0.25484077425859686
    outer loop
      vertex 63.10159646771892 114.92670010906086 24.988217109047316
      vertex 63.79847645527872 115.57674846136123 25.239372154254273
      vertex 63.79847645527872 115.39654882176015 25.705771221457073
    endloop
  endfacet
  facet normal -0.8910065241883681 0.42348149119491285 0.1636178488707627
    outer loop
      vertex 61.417798502486576 114.48231701828077 24.816523642155005
      vertex 62.04987437503149 114.33851331817533 28.63078923656774
      vertex 62.04987437503149 115.63947059186127 25.26360570467474
    endloop
  endfacet
  facet normal -5.925443758570661e-15 0.360399279202161 -0.9327981344055972
    outer loop
      vertex 63.10159646771892 114.92670010906086 24.988217109047316
      vertex 63.034355627298496 116.55779286733322 25.618412038379816
      vertex 63.79847645527872 115.57674846136123 25.239372154254273
    endloop
  endfacet
  facet normal -3.1872902951862963e-15 0.36039927920216286 -0.9327981344055966
    outer loop
      vertex 63.034355627298496 116.55779286733322 25.618412038379816
      vertex 64.27487437503149 117.14739206204591 25.84621172724608
      vertex 63.79847645527872 115.57674846136123 25.239372154254273
    endloop
  endfacet
  facet normal -0.8910065241883662 0.423481491194917 0.16361784887076253
    outer loop
      vertex 61.417798502486576 113.18135974459484 28.183707174048003
      vertex 62.04987437503149 114.33851331817533 28.63078923656774
      vertex 61.417798502486576 114.48231701828077 24.816523642155005
    endloop
  endfacet
  facet normal -0.7071067811865498 0.6595878863163563 0.25484077425859086
    outer loop
      vertex 62.04987437503149 115.63947059186127 25.26360570467474
      vertex 63.034355627298496 115.2568355936473 28.985595570272814
      vertex 63.034355627298496 116.55779286733322 25.618412038379816
    endloop
  endfacet
  facet normal -0.7071067811865546 0.659587886316351 0.2548407742585916
    outer loop
      vertex 62.04987437503149 115.63947059186127 25.26360570467474
      vertex 62.04987437503149 114.33851331817533 28.63078923656774
      vertex 63.034355627298496 115.2568355936473 28.985595570272814
    endloop
  endfacet
  facet normal -0.45399049973953937 0.8311292235061288 0.3211181090819117
    outer loop
      vertex 63.034355627298496 116.55779286733322 25.618412038379816
      vertex 63.034355627298496 115.2568355936473 28.985595570272814
      vertex 64.27487437503149 115.84643478835997 29.21339525913908
    endloop
  endfacet
  facet normal -0.7071067811865466 -0.6595878863163638 -0.25484077425858104
    outer loop
      vertex 68.19840353228109 114.92670010906086 24.988217109047316
      vertex 68.19840353228109 114.74650046945979 25.454616176250113
      vertex 67.5015235447213 115.57674846136123 25.239372154254273
    endloop
  endfacet
  facet normal -2.4004758085416243e-16 0.360399279202165 -0.9327981344055958
    outer loop
      vertex 63.5061049649064 114.47235797607502 25.34869748562418
      vertex 63.79847645527872 115.39654882176015 25.705771221457073
      vertex 64.09236908142495 115.01922405023247 25.55998665063956
    endloop
  endfacet
  facet normal -2.356472552393614e-15 0.3603992792021636 -0.9327981344055963
    outer loop
      vertex 64.09236908142495 115.01922405023247 25.55998665063956
      vertex 63.79847645527872 115.39654882176015 25.705771221457073
      vertex 64.67659646771892 115.8139055550961 25.867022686609598
    endloop
  endfacet
  facet normal -2.8670333361640922e-15 0.36039927920216386 -0.9327981344055962
    outer loop
      vertex 64.09236908142495 115.01922405023247 25.55998665063956
      vertex 64.67659646771892 115.8139055550961 25.867022686609598
      vertex 64.8311049649064 115.3703336830389 25.69564264513295
    endloop
  endfacet
  facet normal 0.45399049973954886 -0.8311292235061212 -0.3211181090819182
    outer loop
      vertex 63.79847645527872 115.57674846136123 25.239372154254273
      vertex 64.67659646771892 115.99410519469718 25.4006236194068
      vertex 64.67659646771892 115.8139055550961 25.867022686609598
    endloop
  endfacet
  facet normal 0.45399049973954775 -0.8311292235061225 -0.3211181090819161
    outer loop
      vertex 63.79847645527872 115.57674846136123 25.239372154254273
      vertex 64.67659646771892 115.8139055550961 25.867022686609598
      vertex 63.79847645527872 115.39654882176015 25.705771221457073
    endloop
  endfacet
  facet normal 2.6345947448767302e-15 0.36039927920216136 -0.9327981344055972
    outer loop
      vertex 63.79847645527872 115.57674846136123 25.239372154254273
      vertex 64.27487437503149 117.14739206204591 25.84621172724608
      vertex 64.67659646771892 115.99410519469718 25.4006236194068
    endloop
  endfacet
  facet normal 0.15643446504022468 -0.9213138414813117 -0.35596216602685077
    outer loop
      vertex 64.67659646771892 115.99410519469718 25.4006236194068
      vertex 65.65 116.13791652411443 25.456187087590738
      vertex 65.65 115.95771688451336 25.922586154793535
    endloop
  endfacet
  facet normal 0.1564344650402378 -0.9213138414813002 -0.35596216602687447
    outer loop
      vertex 64.67659646771892 115.99410519469718 25.4006236194068
      vertex 65.65 115.95771688451336 25.922586154793535
      vertex 64.67659646771892 115.8139055550961 25.867022686609598
    endloop
  endfacet
  facet normal -0.1564344650402378 -0.9213138414813097 -0.35596216602685005
    outer loop
      vertex 65.65 116.13791652411443 25.456187087590738
      vertex 66.62340353228109 115.8139055550961 25.867022686609598
      vertex 65.65 115.95771688451336 25.922586154793535
    endloop
  endfacet
  facet normal 1.0395400403466055e-15 0.3603992792021617 -0.932798134405597
    outer loop
      vertex 64.67659646771892 115.99410519469718 25.4006236194068
      vertex 65.65 117.35055409884171 25.92470615055355
      vertex 65.65 116.13791652411443 25.456187087590738
    endloop
  endfacet
  facet normal 1.9677448874071663e-15 0.36039927920216114 -0.9327981344055972
    outer loop
      vertex 64.67659646771892 115.99410519469718 25.4006236194068
      vertex 64.27487437503149 117.14739206204591 25.84621172724608
      vertex 65.65 117.35055409884171 25.92470615055355
    endloop
  endfacet
  facet normal -4.50138447205661e-15 0.3603992792021634 -0.9327981344055964
    outer loop
      vertex 64.8311049649064 115.3703336830389 25.69564264513295
      vertex 64.67659646771892 115.8139055550961 25.867022686609598
      vertex 65.65 115.95771688451336 25.922586154793535
    endloop
  endfacet
  facet normal -2.7486231205744334e-15 0.3603992792021613 -0.9327981344055972
    outer loop
      vertex 64.8311049649064 115.3703336830389 25.69564264513295
      vertex 65.65 115.95771688451336 25.922586154793535
      vertex 65.65 115.49131781731056 25.742386515192454
    endloop
  endfacet
  facet normal 4.139322672976423e-15 0.3603992792021613 -0.9327981344055972
    outer loop
      vertex 65.65 115.49131781731056 25.742386515192454
      vertex 65.65 115.95771688451336 25.922586154793535
      vertex 66.62340353228109 115.8139055550961 25.867022686609598
    endloop
  endfacet
  facet normal -6.776579324501885e-16 0.3603992792021656 -0.9327981344055954
    outer loop
      vertex 66.46889503509361 115.3703336830389 25.695642645132953
      vertex 67.5015235447213 115.39654882176015 25.705771221457073
      vertex 67.20763091857506 115.01922405023247 25.55998665063956
    endloop
  endfacet
  facet normal 6.677638676248079e-15 0.3603992792021625 -0.9327981344055968
    outer loop
      vertex 68.17029976818216 113.78326652214506 25.082457605696693
      vertex 67.79389503509361 114.47235797607502 25.348697485624175
      vertex 68.19840353228109 114.74650046945979 25.454616176250113
    endloop
  endfacet
  facet normal 4.1934261065252326e-16 0.36039927920217046 -0.9327981344055937
    outer loop
      vertex 67.79389503509361 114.47235797607502 25.348697485624175
      vertex 67.20763091857506 115.01922405023247 25.55998665063956
      vertex 68.19840353228109 114.74650046945979 25.454616176250113
    endloop
  endfacet
  facet normal -0.7071067811865404 -0.6595878863163633 -0.254840774258599
    outer loop
      vertex 67.5015235447213 115.57674846136123 25.239372154254273
      vertex 68.19840353228109 114.74650046945979 25.454616176250113
      vertex 67.5015235447213 115.39654882176015 25.705771221457073
    endloop
  endfacet
  facet normal -1.0168997010379223e-15 0.3603992792021659 -0.9327981344055956
    outer loop
      vertex 68.19840353228109 114.74650046945979 25.454616176250113
      vertex 67.20763091857506 115.01922405023247 25.55998665063956
      vertex 67.5015235447213 115.39654882176015 25.705771221457073
    endloop
  endfacet
  facet normal 5.980865645153244e-15 0.3603992792021564 -0.9327981344055991
    outer loop
      vertex 65.65 115.49131781731056 25.742386515192454
      vertex 66.62340353228109 115.8139055550961 25.867022686609598
      vertex 66.46889503509361 115.3703336830389 25.695642645132953
    endloop
  endfacet
  facet normal -0.15643446504022593 -0.9213138414813029 -0.35596216602687275
    outer loop
      vertex 65.65 116.13791652411443 25.456187087590738
      vertex 66.62340353228109 115.99410519469718 25.400623619406797
      vertex 66.62340353228109 115.8139055550961 25.867022686609598
    endloop
  endfacet
  facet normal -4.661810107475738e-16 0.36039927920215836 -0.9327981344055983
    outer loop
      vertex 66.46889503509361 115.3703336830389 25.695642645132953
      vertex 66.62340353228109 115.8139055550961 25.867022686609598
      vertex 67.5015235447213 115.39654882176015 25.705771221457073
    endloop
  endfacet
  facet normal -0.45399049973954775 -0.8311292235061225 -0.3211181090819161
    outer loop
      vertex 67.5015235447213 115.39654882176015 25.705771221457073
      vertex 66.62340353228109 115.8139055550961 25.867022686609598
      vertex 66.62340353228109 115.99410519469718 25.400623619406797
    endloop
  endfacet
  facet normal -4.012423486107163e-15 0.36039927920216425 -0.932798134405596
    outer loop
      vertex 65.65 116.13791652411443 25.456187087590738
      vertex 67.02512562496852 117.14739206204591 25.84621172724608
      vertex 66.62340353228109 115.99410519469718 25.400623619406797
    endloop
  endfacet
  facet normal -1.8748316481135104e-15 0.36039927920216175 -0.932798134405597
    outer loop
      vertex 65.65 116.13791652411443 25.456187087590738
      vertex 65.65 117.35055409884171 25.92470615055355
      vertex 67.02512562496852 117.14739206204591 25.84621172724608
    endloop
  endfacet
  facet normal -0.45399049973954775 -0.8311292235061225 -0.3211181090819161
    outer loop
      vertex 67.5015235447213 115.57674846136123 25.239372154254273
      vertex 67.5015235447213 115.39654882176015 25.705771221457073
      vertex 66.62340353228109 115.99410519469718 25.400623619406797
    endloop
  endfacet
  facet normal 2.3179087371594713e-15 0.3603992792021635 -0.9327981344055963
    outer loop
      vertex 67.5015235447213 115.57674846136123 25.239372154254273
      vertex 66.62340353228109 115.99410519469718 25.400623619406797
      vertex 68.26564437270152 116.55779286733322 25.618412038379816
    endloop
  endfacet
  facet normal 5.912458880158067e-15 0.36039927920216097 -0.9327981344055972
    outer loop
      vertex 68.19840353228109 114.92670010906086 24.988217109047316
      vertex 67.5015235447213 115.57674846136123 25.239372154254273
      vertex 68.26564437270152 116.55779286733322 25.618412038379816
    endloop
  endfacet
  facet normal 2.8246438091136578e-15 0.36039927920216225 -0.9327981344055969
    outer loop
      vertex 66.62340353228109 115.99410519469718 25.400623619406797
      vertex 67.02512562496852 117.14739206204591 25.84621172724608
      vertex 68.26564437270152 116.55779286733322 25.618412038379816
    endloop
  endfacet
  facet normal -2.0148174935438952e-15 0.36039927920216236 -0.9327981344055968
    outer loop
      vertex 68.80000000000001 113.19960240073681 24.32092935810393
      vertex 68.64582802632974 114.10759139967242 24.671743289510868
      vertex 69.25012562496852 115.63947059186127 25.26360570467474
    endloop
  endfacet
  facet normal -0.8910065241883693 -0.4234814911949143 -0.16361784887075329
    outer loop
      vertex 68.19840353228109 114.92670010906086 24.988217109047316
      vertex 68.64582802632974 114.10759139967242 24.671743289510868
      vertex 68.64582802632974 113.92739176007134 25.138142356713665
    endloop
  endfacet
  facet normal -0.8910065241883693 -0.4234814911949143 -0.16361784887075329
    outer loop
      vertex 68.19840353228109 114.92670010906086 24.988217109047316
      vertex 68.64582802632974 113.92739176007134 25.138142356713665
      vertex 68.19840353228109 114.74650046945979 25.454616176250113
    endloop
  endfacet
  facet normal -4.742727694462964e-15 0.3603992792021633 -0.9327981344055963
    outer loop
      vertex 68.19840353228109 114.92670010906086 24.988217109047316
      vertex 69.25012562496852 115.63947059186127 25.26360570467474
      vertex 68.64582802632974 114.10759139967242 24.671743289510868
    endloop
  endfacet
  facet normal 0.8910065241883681 0.4234814911949134 0.16361784887076114
    outer loop
      vertex 69.88220149751344 113.18135974459484 28.183707174048003
      vertex 69.88220149751344 114.48231701828077 24.816523642155005
      vertex 69.25012562496852 115.63947059186127 25.26360570467474
    endloop
  endfacet
  facet normal -3.2205646316326174e-15 0.36039927920216136 -0.9327981344055971
    outer loop
      vertex 68.19840353228109 114.92670010906086 24.988217109047316
      vertex 68.26564437270152 116.55779286733322 25.618412038379816
      vertex 69.25012562496852 115.63947059186127 25.26360570467474
    endloop
  endfacet
  facet normal 0.7071067811865488 -0.6595878863163566 -0.25484077425859364
    outer loop
      vertex 63.5061049649064 114.47235797607502 25.34869748562418
      vertex 64.09236908142495 115.01922405023247 25.55998665063956
      vertex 64.09236908142495 113.43346722174294 29.664298442024183
    endloop
  endfacet
  facet normal 0.45399049973953537 -0.8311292235061296 -0.32111810908191535
    outer loop
      vertex 64.09236908142495 115.01922405023247 25.55998665063956
      vertex 64.8311049649064 115.3703336830389 25.69564264513295
      vertex 64.09236908142495 113.43346722174294 29.664298442024183
    endloop
  endfacet
  facet normal 0.15643446504024158 -0.921313841481302 -0.3559621660268682
    outer loop
      vertex 64.8311049649064 115.3703336830389 25.69564264513295
      vertex 65.65 115.49131781731056 25.742386515192454
      vertex 65.65 113.90556098882104 29.846698306577082
    endloop
  endfacet
  facet normal -0.4539904997395462 0.8311292235061245 0.32111810908191324
    outer loop
      vertex 63.034355627298496 116.55779286733322 25.618412038379816
      vertex 64.27487437503149 115.84643478835997 29.21339525913908
      vertex 64.27487437503149 117.14739206204591 25.84621172724608
    endloop
  endfacet
  facet normal -0.15643446504023173 0.9213138414813046 0.3559621660268658
    outer loop
      vertex 64.27487437503149 117.14739206204591 25.84621172724608
      vertex 65.65 116.04959682515579 29.29188968244655
      vertex 65.65 117.35055409884171 25.92470615055355
    endloop
  endfacet
  facet normal -0.4539904997395366 -0.8311292235061291 -0.3211181090819151
    outer loop
      vertex 66.46889503509361 115.3703336830389 25.695642645132953
      vertex 67.20763091857506 115.01922405023247 25.55998665063956
      vertex 67.20763091857506 113.43346722174294 29.664298442024183
    endloop
  endfacet
  facet normal -0.15643446504024006 -0.9213138414813031 -0.35596216602686587
    outer loop
      vertex 65.65 115.49131781731056 25.742386515192454
      vertex 66.46889503509361 115.3703336830389 25.695642645132953
      vertex 66.46889503509361 113.78457685454939 29.799954436517577
    endloop
  endfacet
  facet normal -0.7071067811865496 -0.6595878863163559 -0.25484077425859314
    outer loop
      vertex 67.79389503509361 114.47235797607502 25.348697485624175
      vertex 67.79389503509361 112.8866011475855 29.453009277008803
      vertex 67.20763091857506 115.01922405023247 25.55998665063956
    endloop
  endfacet
  facet normal 0.15643446504023176 0.9213138414813048 0.3559621660268655
    outer loop
      vertex 65.65 117.35055409884171 25.92470615055355
      vertex 67.02512562496852 115.84643478835999 29.21339525913908
      vertex 67.02512562496852 117.14739206204591 25.84621172724608
    endloop
  endfacet
  facet normal 0.45399049973954625 0.8311292235061257 0.32111810908191046
    outer loop
      vertex 68.26564437270152 116.55779286733322 25.618412038379816
      vertex 67.02512562496852 117.14739206204591 25.84621172724608
      vertex 68.26564437270152 115.2568355936473 28.985595570272814
    endloop
  endfacet
  facet normal -0.15643446504024014 0.9213138414813022 0.35596216602686837
    outer loop
      vertex 64.27487437503149 117.14739206204591 25.84621172724608
      vertex 64.27487437503149 115.84643478835997 29.21339525913908
      vertex 65.65 116.04959682515579 29.29188968244655
    endloop
  endfacet
  facet normal 0.15643446504023087 0.9213138414813048 0.35596216602686587
    outer loop
      vertex 65.65 117.35055409884171 25.92470615055355
      vertex 65.65 116.04959682515579 29.29188968244655
      vertex 67.02512562496852 115.84643478835999 29.21339525913908
    endloop
  endfacet
  facet normal 0.453990499739547 0.8311292235061254 0.32111810908191
    outer loop
      vertex 67.02512562496852 117.14739206204591 25.84621172724608
      vertex 67.02512562496852 115.84643478835999 29.21339525913908
      vertex 68.26564437270152 115.2568355936473 28.985595570272814
    endloop
  endfacet
  facet normal 0.7071067811865498 0.6595878863163555 0.2548407742585933
    outer loop
      vertex 68.26564437270152 116.55779286733322 25.618412038379816
      vertex 69.25012562496852 114.33851331817533 28.63078923656774
      vertex 69.25012562496852 115.63947059186127 25.26360570467474
    endloop
  endfacet
  facet normal 0.7071067811865545 0.6595878863163519 0.25484077425858914
    outer loop
      vertex 68.26564437270152 116.55779286733322 25.618412038379816
      vertex 68.26564437270152 115.2568355936473 28.985595570272814
      vertex 69.25012562496852 114.33851331817533 28.63078923656774
    endloop
  endfacet
  facet normal 0.8910065241883661 0.4234814911949164 0.16361784887076408
    outer loop
      vertex 69.88220149751344 113.18135974459484 28.183707174048003
      vertex 69.25012562496852 115.63947059186127 25.26360570467474
      vertex 69.25012562496852 114.33851331817533 28.63078923656774
    endloop
  endfacet
  facet normal 0 0 -1
    outer loop
      vertex 2.4000000000000004 111.97441797333937 0
      vertex 0 194.4 0
      vertex 2.4000000000000004 194.4 0
    endloop
  endfacet
  facet normal 0 0 -1
    outer loop
      vertex 0 194.4 0
      vertex 2.674083508747141 196.1304951684997 0
      vertex 2.4000000000000004 194.4 0
    endloop
  endfacet
  facet normal 0 0 -1
    outer loop
      vertex 0 194.4 0
      vertex 3.469504831500295 197.69159741283784 0
      vertex 2.674083508747141 196.1304951684997 0
    endloop
  endfacet
  facet normal 0 0 -1
    outer loop
      vertex 0 194.4 0
      vertex 0.39154786963877175 196.87213595499958 0
      vertex 1.5278640450004204 199.1022820183398 0
    endloop
  endfacet
  facet normal 0 0 -1
    outer loop
      vertex 0 194.4 0
      vertex 1.5278640450004204 199.1022820183398 0
      vertex 3.297717981660215 200.87213595499958 0
    endloop
  endfacet
  facet normal 0 0 -1
    outer loop
      vertex 0 194.4 0
      vertex 8 202.4 0
      vertex 3.469504831500295 197.69159741283784 0
    endloop
  endfacet
  facet normal 0 0 -1
    outer loop
      vertex 0 194.4 0
      vertex 3.297717981660215 200.87213595499958 0
      vertex 8 202.4 0
    endloop
  endfacet
  facet normal 0 0 -1
    outer loop
      vertex 3.469504831500295 197.69159741283784 0
      vertex 8 202.4 0
      vertex 4.70840258716215 198.9304951684997 0
    endloop
  endfacet
  facet normal 0 0 -1
    outer loop
      vertex 4.70840258716215 198.9304951684997 0
      vertex 8 202.4 0
      vertex 6.269504831500295 199.72591649125286 0
    endloop
  endfacet
  facet normal 0 0 -1
    outer loop
      vertex 3.297717981660215 200.87213595499958 0
      vertex 5.52786404500042 202.00845213036123 0
      vertex 8 202.4 0
    endloop
  endfacet
  facet normal 0 0 -1
    outer loop
      vertex 6.269504831500295 199.72591649125286 0
      vertex 8 202.4 0
      vertex 8 200 0
    endloop
  endfacet
  facet normal 1 0 0
    outer loop
      vertex 2.4000000000000004 114.4 12.6
      vertex 2.4000000000000004 194.4 0
      vertex 2.4000000000000004 194.4 57.4
    endloop
  endfacet
  facet normal 0.9876883405951374 -0.15643446504023284 -3.444044709340729e-20
    outer loop
      vertex 2.4000000000000004 194.4 0
      vertex 2.674083508747141 196.1304951684997 0
      vertex 2.674083508747141 196.1304951684997 57.4
    endloop
  endfacet
  facet normal -0.9876883405951375 0.1564344650402314 -2.7413084760755887e-19
    outer loop
      vertex 0 194.4 0
      vertex 0.39154786963877175 196.87213595499958 60
      vertex 0.39154786963877175 196.87213595499958 0
    endloop
  endfacet
  facet normal 0.891006524188368 -0.4539904997395465 -9.262326462093068e-19
    outer loop
      vertex 2.674083508747141 196.1304951684997 0
      vertex 3.469504831500295 197.69159741283784 0
      vertex 3.469504831500295 197.69159741283784 57.4
    endloop
  endfacet
  facet normal 0.7071067811865508 -0.7071067811865441 4.280427839550912e-19
    outer loop
      vertex 3.469504831500295 197.69159741283784 0
      vertex 4.70840258716215 198.9304951684997 0
      vertex 4.70840258716215 198.9304951684997 57.4
    endloop
  endfacet
  facet normal -0.8910065241883686 0.45399049973954514 0
    outer loop
      vertex 0.39154786963877175 196.87213595499958 0
      vertex 0.39154786963877175 196.87213595499958 60
      vertex 1.5278640450004204 199.1022820183398 0
    endloop
  endfacet
  facet normal -0.7071067811865457 0.7071067811865493 -2.0822052070695724e-19
    outer loop
      vertex 1.5278640450004204 199.1022820183398 0
      vertex 3.297717981660215 200.87213595499958 60
      vertex 3.297717981660215 200.87213595499958 0
    endloop
  endfacet
  facet normal -0.45399049973954925 0.8910065241883667 0
    outer loop
      vertex 3.297717981660215 200.87213595499958 0
      vertex 3.297717981660215 200.87213595499958 60
      vertex 5.52786404500042 202.00845213036123 0
    endloop
  endfacet
  facet normal 0.4539904997395478 -0.8910065241883673 6.926533922059366e-19
    outer loop
      vertex 4.70840258716215 198.9304951684997 0
      vertex 6.269504831500295 199.72591649125286 0
      vertex 6.269504831500295 199.72591649125286 57.4
    endloop
  endfacet
  facet normal 0.15643446504023073 -0.9876883405951379 1.8863186956485568e-19
    outer loop
      vertex 6.269504831500295 199.72591649125286 0
      vertex 8 200 0
      vertex 8 200 57.4
    endloop
  endfacet
  facet normal -0.15643446504023065 0.9876883405951378 0
    outer loop
      vertex 5.52786404500042 202.00845213036123 0
      vertex 5.52786404500042 202.00845213036123 60
      vertex 8 202.4 0
    endloop
  endfacet
  facet normal 0 0.36039927920216075 -0.9327981344055974
    outer loop
      vertex 8 107.5294117647059 26
      vertex 252.88629138176316 107.5294117647059 26
      vertex 40.3216143636016 106.73934473981411 25.694746831291813
    endloop
  endfacet
  facet normal 0 0.3603992792021828 -0.9327981344055889
    outer loop
      vertex 8 107.5294117647059 26
      vertex 65.65 107.74769342894596 26.084336097547304
      vertex 252.88629138176316 107.5294117647059 26
    endloop
  endfacet
  facet normal 0 0.36039927920216214 -0.9327981344055969
    outer loop
      vertex 8 100.80000000000001 23.4
      vertex 44.4453939853664 106.63854339182372 25.655800855931883
      vertex 283.3 100.80000000000001 23.4
    endloop
  endfacet
  facet normal -1.0263679449994717e-16 0.36039927920218473 -0.9327981344055881
    outer loop
      vertex 40.3216143636016 106.73934473981411 25.694746831291813
      vertex 252.88629138176316 107.5294117647059 26
      vertex 44.4453939853664 106.63854339182372 25.655800855931883
    endloop
  endfacet
  facet normal 0 0.9327981344055978 0.3603992792021597
    outer loop
      vertex 126.46145724654198 104.09954933370403 27.344463957835046
      vertex 126.46145724654198 103.8112299103423 28.090702465359524
      vertex 127.33720225244761 104.09954933370403 27.344463957835046
    endloop
  endfacet
  facet normal -8.60712431197154e-18 0.9327981344055978 0.3603992792021597
    outer loop
      vertex 127.33720225244761 104.09954933370403 27.344463957835046
      vertex 126.46145724654198 103.8112299103423 28.090702465359524
      vertex 127.33720225244761 103.8112299103423 28.090702465359524
    endloop
  endfacet
  facet normal 0 -0.360399279202163 0.9327981344055967
    outer loop
      vertex 126.46145724654198 104.09954933370403 27.344463957835046
      vertex 127.33720225244761 104.09954933370403 27.344463957835046
      vertex 126.46145724654198 109.55641842136674 29.452799741704734
    endloop
  endfacet
  facet normal 3.302448170293952e-20 0.3603992792021619 -0.932798134405597
    outer loop
      vertex 67.02512562496852 107.95085546574177 26.162830520854772
      vertex 68.26564437270152 108.54045466045446 26.39063020972104
      vertex 220.4943556272985 108.54045466045446 26.39063020972104
    endloop
  endfacet
  facet normal -3.7469533676020196e-20 0.36039927920216125 -0.9327981344055972
    outer loop
      vertex 68.26564437270152 108.54045466045446 26.39063020972104
      vertex 69.25012562496852 109.45877693592641 26.74543654342611
      vertex 219.50987437503147 109.45877693592641 26.74543654342611
    endloop
  endfacet
  facet normal -5.3046384678764785e-20 0.36039927920216336 -0.9327981344055964
    outer loop
      vertex 69.25012562496852 109.45877693592641 26.74543654342611
      vertex 69.88220149751344 110.61593050950691 27.19251860594585
      vertex 218.87779850248657 110.61593050950691 27.19251860594585
    endloop
  endfacet
  facet normal -2.2515489399374167e-19 0.36039927920216325 -0.9327981344055964
    outer loop
      vertex 69.88220149751344 110.61593050950691 27.19251860594585
      vertex 70.10000000000001 111.89864512705087 27.688112889996926
      vertex 218.66 111.89864512705087 27.688112889996926
    endloop
  endfacet
  facet normal 1.1795346426288665e-20 0.36039927920215975 -0.9327981344055978
    outer loop
      vertex 70.10000000000001 111.89864512705087 27.688112889996926
      vertex 69.88220149751344 113.18135974459484 28.183707174048003
      vertex 218.87779850248657 113.18135974459484 28.183707174048003
    endloop
  endfacet
  facet normal 0 0.9327981344055979 0.36039927920215975
    outer loop
      vertex 132.61839375048876 104.09954933370403 27.344463957835046
      vertex 132.61839375048876 103.8112299103423 28.090702465359524
      vertex 133.4941387489438 104.09954933370403 27.344463957835046
    endloop
  endfacet
  facet normal -8.60712438519842e-18 0.9327981344055979 0.36039927920215975
    outer loop
      vertex 133.4941387489438 104.09954933370403 27.344463957835046
      vertex 132.61839375048876 103.8112299103423 28.090702465359524
      vertex 133.4941387489438 103.8112299103423 28.090702465359524
    endloop
  endfacet
  facet normal 0 -0.360399279202163 0.9327981344055964
    outer loop
      vertex 132.61839375048876 104.09954933370403 27.344463957835046
      vertex 133.4941387489438 104.09954933370403 27.344463957835046
      vertex 132.61839375048876 106.50378522161958 28.273373278166055
    endloop
  endfacet
  facet normal 1 0 0
    outer loop
      vertex 132.61839375048876 104.09954933370403 27.344463957835046
      vertex 132.61839375048876 106.21546579825785 29.019611785690536
      vertex 132.61839375048876 103.8112299103423 28.090702465359524
    endloop
  endfacet
  facet normal 1 0 0
    outer loop
      vertex 132.61839375048876 104.09954933370403 27.344463957835046
      vertex 132.61839375048876 106.50378522161958 28.273373278166055
      vertex 132.61839375048876 106.21546579825785 29.019611785690536
    endloop
  endfacet
  facet normal -1 0 0
    outer loop
      vertex 133.4941387489438 104.09954933370403 27.344463957835046
      vertex 133.4941387489438 103.8112299103423 28.090702465359524
      vertex 133.4941387489438 106.50378522161958 28.273373278166055
    endloop
  endfacet
  facet normal -7.958846822924446e-17 -0.360399279202163 0.9327981344055964
    outer loop
      vertex 133.4941387489438 104.09954933370403 27.344463957835046
      vertex 133.4941387489438 106.50378522161958 28.273373278166055
      vertex 132.61839375048876 106.50378522161958 28.273373278166055
    endloop
  endfacet
  facet normal -3.2301746366690655e-17 0.36039927920215864 -0.9327981344055981
    outer loop
      vertex 65.65 107.74769342894596 26.084336097547304
      vertex 67.02512562496852 107.95085546574177 26.162830520854772
      vertex 252.88629138176316 107.5294117647059 26
    endloop
  endfacet
  facet normal 0 0.932798134405598 0.3603992792021597
    outer loop
      vertex 137.25868524760008 104.09954933370403 27.344463957835046
      vertex 137.25868524760008 103.8112299103423 28.090702465359524
      vertex 138.1434002533555 104.09954933370403 27.344463957835046
    endloop
  endfacet
  facet normal -8.519857900434145e-18 0.932798134405598 0.3603992792021597
    outer loop
      vertex 138.1434002533555 104.09954933370403 27.344463957835046
      vertex 137.25868524760008 103.8112299103423 28.090702465359524
      vertex 138.1434002533555 103.8112299103423 28.090702465359524
    endloop
  endfacet
  facet normal 0 -0.36039927920216297 0.9327981344055966
    outer loop
      vertex 137.25868524760008 104.09954933370403 27.344463957835046
      vertex 138.1434002533555 104.09954933370403 27.344463957835046
      vertex 138.1434002533555 106.36906119022986 28.221320811492753
    endloop
  endfacet
  facet normal -1 0 0
    outer loop
      vertex 138.1434002533555 104.09954933370403 27.344463957835046
      vertex 138.1434002533555 103.8112299103423 28.090702465359524
      vertex 138.1434002533555 106.36906119022986 28.221320811492753
    endloop
  endfacet
  facet normal 0 -0.3603992792021599 0.9327981344055978
    outer loop
      vertex 144.76528175324202 104.09954933370403 27.344463957835046
      vertex 145.97499674707652 104.09954933370403 27.344463957835046
      vertex 145.1580117508769 104.84483639187513 27.632415775764787
    endloop
  endfacet
  facet normal 0 0.9327981344055978 0.36039927920215964
    outer loop
      vertex 144.76528175324202 104.09954933370403 27.344463957835046
      vertex 144.76528175324202 103.8112299103423 28.090702465359524
      vertex 145.97499674707652 104.09954933370403 27.344463957835046
    endloop
  endfacet
  facet normal 0 0.9327981344055978 0.36039927920215964
    outer loop
      vertex 144.76528175324202 103.8112299103423 28.090702465359524
      vertex 145.97499674707652 103.8112299103423 28.090702465359524
      vertex 145.97499674707652 104.09954933370403 27.344463957835046
    endloop
  endfacet
  facet normal 3.0760496702375773e-15 -0.3603992792021613 0.9327981344055972
    outer loop
      vertex 144.76528175324202 104.09954933370403 27.344463957835046
      vertex 145.1580117508769 104.84483639187513 27.632415775764787
      vertex 143.07255175113679 106.3563891264264 28.216424786841415
    endloop
  endfacet
  facet normal 0 -0.36039927920216 0.9327981344055978
    outer loop
      vertex 145.1580117508769 104.84483639187513 27.632415775764787
      vertex 145.97499674707652 104.09954933370403 27.344463957835046
      vertex 145.57778175324202 104.84483639187513 27.632415775764787
    endloop
  endfacet
  facet normal 0.8193704754713649 0.5347399234786764 0.20660406134403225
    outer loop
      vertex 144.76528175324202 104.09954933370403 27.344463957835046
      vertex 143.07255175113679 106.06806970306467 28.962663294365893
      vertex 144.76528175324202 103.8112299103423 28.090702465359524
    endloop
  endfacet
  facet normal 0.8193704754713649 0.5347399234786763 0.2066040613440323
    outer loop
      vertex 144.76528175324202 104.09954933370403 27.344463957835046
      vertex 143.07255175113679 106.3563891264264 28.216424786841415
      vertex 143.07255175113679 106.06806970306467 28.962663294365893
    endloop
  endfacet
  facet normal 3.1071265018400282e-15 -0.3603992792021613 0.9327981344055972
    outer loop
      vertex 143.07255175113679 106.3563891264264 28.216424786841415
      vertex 145.1580117508769 104.84483639187513 27.632415775764787
      vertex 143.9392617508769 106.60061433713895 28.31078452734399
    endloop
  endfacet
  facet normal 0 -0.9327981344055984 -0.3603992792021582
    outer loop
      vertex 145.1580117508769 104.84483639187513 27.632415775764787
      vertex 145.57778175324202 104.84483639187513 27.632415775764787
      vertex 145.57778175324202 104.5565169685134 28.37865428328927
    endloop
  endfacet
  facet normal -1.0095344917589036e-17 -0.9327981344055984 -0.3603992792021582
    outer loop
      vertex 145.1580117508769 104.84483639187513 27.632415775764787
      vertex 145.57778175324202 104.5565169685134 28.37865428328927
      vertex 145.1580117508769 104.5565169685134 28.37865428328927
    endloop
  endfacet
  facet normal -0.8394052462610391 -0.5069814347666779 -0.19587919070530474
    outer loop
      vertex 145.1580117508769 104.84483639187513 27.632415775764787
      vertex 145.1580117508769 104.5565169685134 28.37865428328927
      vertex 143.9392617508769 106.60061433713895 28.31078452734399
    endloop
  endfacet
  facet normal 0 0 -1
    outer loop
      vertex 8 200 0
      vertex 8 202.4 0
      vertex 285.7721359549996 202.00845213036123 0
    endloop
  endfacet
  facet normal 0 -1 0
    outer loop
      vertex 8 200 0
      vertex 123.45000000000002 200 2.6
      vertex 123.45000000000002 200 12.6
    endloop
  endfacet
  facet normal 0 0 -1
    outer loop
      vertex 123.45000000000002 189.06618561314542 2.6
      vertex 126.59847645527873 189.9515964677189 2.6
      vertex 127.47659646771893 189.50417197367028 2.6
    endloop
  endfacet
  facet normal 0 0 -1
    outer loop
      vertex 123.45000000000002 189.06618561314542 2.6
      vertex 127.47659646771893 189.50417197367028 2.6
      vertex 128.45000000000002 189.35 2.6
    endloop
  endfacet
  facet normal 0.453990499739522 0.8910065241883804 -2.709787853970349e-17
    outer loop
      vertex 126.59847645527873 189.9515964677189 3.1
      vertex 127.47659646771893 189.50417197367028 3.1
      vertex 127.47659646771893 189.50417197367028 2.6
    endloop
  endfacet
  facet normal 0 0 -1
    outer loop
      vertex 123.45000000000002 189.06618561314542 2.6
      vertex 125.45417197367028 191.52659646771892 2.6
      vertex 125.90159646771893 190.6484764552787 2.6
    endloop
  endfacet
  facet normal 0 0 -1
    outer loop
      vertex 123.45000000000002 189.06618561314542 2.6
      vertex 125.90159646771893 190.6484764552787 2.6
      vertex 126.59847645527873 189.9515964677189 2.6
    endloop
  endfacet
  facet normal 0.7071067811865548 0.7071067811865404 0
    outer loop
      vertex 125.90159646771893 190.6484764552787 2.6
      vertex 125.90159646771893 190.6484764552787 3.1
      vertex 126.59847645527873 189.9515964677189 2.6
    endloop
  endfacet
  facet normal 0.8910065241883689 0.4539904997395449 1.825041893807778e-17
    outer loop
      vertex 125.90159646771893 190.6484764552787 2.6
      vertex 125.45417197367028 191.52659646771892 2.6
      vertex 125.45417197367028 191.52659646771892 3.1
    endloop
  endfacet
  facet normal 0.8910065241883689 0.4539904997395449 0
    outer loop
      vertex 125.90159646771893 190.6484764552787 2.6
      vertex 125.45417197367028 191.52659646771892 3.1
      vertex 125.90159646771893 190.6484764552787 3.1
    endloop
  endfacet
  facet normal 0.7071067811865548 0.7071067811865404 0
    outer loop
      vertex 126.59847645527873 189.9515964677189 2.6
      vertex 125.90159646771893 190.6484764552787 3.1
      vertex 126.59847645527873 189.9515964677189 3.1
    endloop
  endfacet
  facet normal 0.453990499739522 0.8910065241883804 0
    outer loop
      vertex 126.59847645527873 189.9515964677189 2.6
      vertex 126.59847645527873 189.9515964677189 3.1
      vertex 127.47659646771893 189.50417197367028 2.6
    endloop
  endfacet
  facet normal 0 0 -1
    outer loop
      vertex 125.90159646771893 190.6484764552787 3.1
      vertex 125.92970023181786 191.6811049649064 3.1
      vertex 126.30610496490641 190.94236908142494 3.1
    endloop
  endfacet
  facet normal 0 0 -1
    outer loop
      vertex 125.90159646771893 190.6484764552787 3.1
      vertex 126.89236908142496 190.3561049649064 3.1
      vertex 126.59847645527873 189.9515964677189 3.1
    endloop
  endfacet
  facet normal 0 0 -1
    outer loop
      vertex 126.59847645527873 189.9515964677189 3.1
      vertex 126.89236908142496 190.3561049649064 3.1
      vertex 127.63110496490641 189.97970023181784 3.1
    endloop
  endfacet
  facet normal 0 0 -1
    outer loop
      vertex 126.59847645527873 189.9515964677189 3.1
      vertex 127.63110496490641 189.97970023181784 3.1
      vertex 127.47659646771893 189.50417197367028 3.1
    endloop
  endfacet
  facet normal 0 0 -1
    outer loop
      vertex 125.90159646771893 190.6484764552787 3.1
      vertex 126.30610496490641 190.94236908142494 3.1
      vertex 126.89236908142496 190.3561049649064 3.1
    endloop
  endfacet
  facet normal 0.9876883405951365 0.15643446504023797 0
    outer loop
      vertex 125.45417197367028 191.52659646771892 2.6
      vertex 125.30000000000001 192.5 3.1
      vertex 125.45417197367028 191.52659646771892 3.1
    endloop
  endfacet
  facet normal 0.9876883405951365 0.15643446504023797 -2.2264192199072313e-17
    outer loop
      vertex 125.45417197367028 191.52659646771892 2.6
      vertex 125.30000000000001 192.5 2.6
      vertex 125.30000000000001 192.5 3.1
    endloop
  endfacet
  facet normal 0.9876883405951365 -0.15643446504023797 0
    outer loop
      vertex 125.30000000000001 192.5 2.6
      vertex 125.45417197367028 193.47340353228108 3.1
      vertex 125.30000000000001 192.5 3.1
    endloop
  endfacet
  facet normal 0 0 -1
    outer loop
      vertex 125.90159646771893 190.6484764552787 3.1
      vertex 125.45417197367028 191.52659646771892 3.1
      vertex 125.45417197367028 193.47340353228108 3.1
    endloop
  endfacet
  facet normal 0 0 -1
    outer loop
      vertex 125.90159646771893 190.6484764552787 3.1
      vertex 125.80000000000001 192.5 3.1
      vertex 125.92970023181786 191.6811049649064 3.1
    endloop
  endfacet
  facet normal 0 0 -1
    outer loop
      vertex 125.45417197367028 191.52659646771892 3.1
      vertex 125.30000000000001 192.5 3.1
      vertex 125.45417197367028 193.47340353228108 3.1
    endloop
  endfacet
  facet normal 0 0 -1
    outer loop
      vertex 125.90159646771893 190.6484764552787 3.1
      vertex 125.45417197367028 193.47340353228108 3.1
      vertex 125.80000000000001 192.5 3.1
    endloop
  endfacet
  facet normal -1 0 0
    outer loop
      vertex 123.45000000000002 189.06618561314542 2.6
      vertex 123.45000000000002 187.5 6.653656881082298
      vertex 123.45000000000002 200 2.6
    endloop
  endfacet
  facet normal 0 0 -1
    outer loop
      vertex 123.45000000000002 189.06618561314542 2.6
      vertex 123.45000000000002 200 2.6
      vertex 125.45417197367028 191.52659646771892 2.6
    endloop
  endfacet
  facet normal 0 0 -1
    outer loop
      vertex 125.45417197367028 191.52659646771892 2.6
      vertex 123.45000000000002 200 2.6
      vertex 125.30000000000001 192.5 2.6
    endloop
  endfacet
  facet normal 0 0 -1
    outer loop
      vertex 125.30000000000001 192.5 2.6
      vertex 123.45000000000002 200 2.6
      vertex 125.45417197367028 193.47340353228108 2.6
    endloop
  endfacet
  facet normal 0 0 -1
    outer loop
      vertex 125.45417197367028 193.47340353228108 2.6
      vertex 123.45000000000002 200 2.6
      vertex 125.90159646771893 194.3515235447213 2.6
    endloop
  endfacet
  facet normal 0.9876883405951365 -0.15643446504023797 2.2264192199072313e-17
    outer loop
      vertex 125.30000000000001 192.5 2.6
      vertex 125.45417197367028 193.47340353228108 2.6
      vertex 125.45417197367028 193.47340353228108 3.1
    endloop
  endfacet
  facet normal 0.8910065241883689 -0.4539904997395449 0
    outer loop
      vertex 125.45417197367028 193.47340353228108 2.6
      vertex 125.90159646771893 194.3515235447213 3.1
      vertex 125.45417197367028 193.47340353228108 3.1
    endloop
  endfacet
  facet normal 0.8910065241883689 -0.4539904997395449 -1.825041893807778e-17
    outer loop
      vertex 125.45417197367028 193.47340353228108 2.6
      vertex 125.90159646771893 194.3515235447213 2.6
      vertex 125.90159646771893 194.3515235447213 3.1
    endloop
  endfacet
  facet normal 0 0 -1
    outer loop
      vertex 125.80000000000001 192.5 3.1
      vertex 125.45417197367028 193.47340353228108 3.1
      vertex 125.90159646771893 194.3515235447213 3.1
    endloop
  endfacet
  facet normal 0 0 -1
    outer loop
      vertex 125.80000000000001 192.5 3.1
      vertex 125.90159646771893 194.3515235447213 3.1
      vertex 125.92970023181786 193.3188950350936 3.1
    endloop
  endfacet
  facet normal 0 0 -1
    outer loop
      vertex 125.92970023181786 193.3188950350936 3.1
      vertex 125.90159646771893 194.3515235447213 3.1
      vertex 126.30610496490641 194.05763091857506 3.1
    endloop
  endfacet
  facet normal 0 0 -1
    outer loop
      vertex 125.90159646771893 194.3515235447213 3.1
      vertex 126.59847645527873 195.0484035322811 3.1
      vertex 126.30610496490641 194.05763091857506 3.1
    endloop
  endfacet
  facet normal 0.7071067811865548 -0.7071067811865404 0
    outer loop
      vertex 125.90159646771893 194.3515235447213 2.6
      vertex 126.59847645527873 195.0484035322811 3.1
      vertex 125.90159646771893 194.3515235447213 3.1
    endloop
  endfacet
  facet normal 0.7071067811865548 -0.7071067811865404 -3.558798910053003e-17
    outer loop
      vertex 125.90159646771893 194.3515235447213 2.6
      vertex 126.59847645527873 195.0484035322811 2.6
      vertex 126.59847645527873 195.0484035322811 3.1
    endloop
  endfacet
  facet normal 0.453990499739522 -0.8910065241883804 0
    outer loop
      vertex 126.59847645527873 195.0484035322811 2.6
      vertex 127.47659646771893 195.49582802632972 3.1
      vertex 126.59847645527873 195.0484035322811 3.1
    endloop
  endfacet
  facet normal 0.453990499739522 -0.8910065241883804 2.709787853970349e-17
    outer loop
      vertex 126.59847645527873 195.0484035322811 2.6
      vertex 127.47659646771893 195.49582802632972 2.6
      vertex 127.47659646771893 195.49582802632972 3.1
    endloop
  endfacet
  facet normal 0 0 -1
    outer loop
      vertex 126.30610496490641 194.05763091857506 3.1
      vertex 126.59847645527873 195.0484035322811 3.1
      vertex 126.89236908142496 194.6438950350936 3.1
    endloop
  endfacet
  facet normal 0 0 -1
    outer loop
      vertex 126.59847645527873 195.0484035322811 3.1
      vertex 127.47659646771893 195.49582802632972 3.1
      vertex 126.89236908142496 194.6438950350936 3.1
    endloop
  endfacet
  facet normal 0 0 -1
    outer loop
      vertex 126.89236908142496 194.6438950350936 3.1
      vertex 127.47659646771893 195.49582802632972 3.1
      vertex 127.63110496490641 195.02029976818216 3.1
    endloop
  endfacet
  facet normal 0 0 -1
    outer loop
      vertex 125.90159646771893 194.3515235447213 2.6
      vertex 123.45000000000002 200 2.6
      vertex 126.59847645527873 195.0484035322811 2.6
    endloop
  endfacet
  facet normal 0 0 -1
    outer loop
      vertex 126.59847645527873 195.0484035322811 2.6
      vertex 123.45000000000002 200 2.6
      vertex 127.47659646771893 195.49582802632972 2.6
    endloop
  endfacet
  facet normal 0 0 -1
    outer loop
      vertex 123.45000000000002 200 2.6
      vertex 128.45000000000002 195.65 2.6
      vertex 127.47659646771893 195.49582802632972 2.6
    endloop
  endfacet
  facet normal 0 0 -1
    outer loop
      vertex 123.45000000000002 189.06618561314542 2.6
      vertex 128.45000000000002 189.35 2.6
      vertex 133.45000000000002 189.06618561314542 2.6
    endloop
  endfacet
  facet normal 0.15643446504025205 0.9876883405951343 0
    outer loop
      vertex 127.47659646771893 189.50417197367028 2.6
      vertex 127.47659646771893 189.50417197367028 3.1
      vertex 128.45000000000002 189.35 2.6
    endloop
  endfacet
  facet normal 0.15643446504025205 0.9876883405951343 0
    outer loop
      vertex 128.45000000000002 189.35 2.6
      vertex 127.47659646771893 189.50417197367028 3.1
      vertex 128.45000000000002 189.35 3.1
    endloop
  endfacet
  facet normal -0.15643446504025205 0.9876883405951343 0
    outer loop
      vertex 128.45000000000002 189.35 2.6
      vertex 128.45000000000002 189.35 3.1
      vertex 129.4234035322811 189.50417197367028 2.6
    endloop
  endfacet
  facet normal -0.15643446504025205 0.9876883405951343 0
    outer loop
      vertex 129.4234035322811 189.50417197367028 2.6
      vertex 128.45000000000002 189.35 3.1
      vertex 129.4234035322811 189.50417197367028 3.1
    endloop
  endfacet
  facet normal -0.453990499739522 0.8910065241883804 0
    outer loop
      vertex 129.4234035322811 189.50417197367028 2.6
      vertex 129.4234035322811 189.50417197367028 3.1
      vertex 130.3015235447213 189.9515964677189 2.6
    endloop
  endfacet
  facet normal 0 0 -1
    outer loop
      vertex 127.47659646771893 189.50417197367028 3.1
      vertex 128.45000000000002 189.85 3.1
      vertex 128.45000000000002 189.35 3.1
    endloop
  endfacet
  facet normal 0 0 -1
    outer loop
      vertex 128.45000000000002 189.35 3.1
      vertex 128.45000000000002 189.85 3.1
      vertex 129.26889503509364 189.97970023181784 3.1
    endloop
  endfacet
  facet normal 0 0 -1
    outer loop
      vertex 128.45000000000002 189.35 3.1
      vertex 129.26889503509364 189.97970023181784 3.1
      vertex 129.4234035322811 189.50417197367028 3.1
    endloop
  endfacet
  facet normal 0 0 -1
    outer loop
      vertex 128.45000000000002 189.35 2.6
      vertex 129.4234035322811 189.50417197367028 2.6
      vertex 133.45000000000002 189.06618561314542 2.6
    endloop
  endfacet
  facet normal 0 0 -1
    outer loop
      vertex 129.4234035322811 189.50417197367028 2.6
      vertex 130.3015235447213 189.9515964677189 2.6
      vertex 133.45000000000002 189.06618561314542 2.6
    endloop
  endfacet
  facet normal 0 -0.9327981344055977 -0.3603992792021602
    outer loop
      vertex 123.45000000000002 189.06618561314542 2.6
      vertex 133.45000000000002 189.06618561314542 2.6
      vertex 133.45000000000002 187.5 6.653656881082295
    endloop
  endfacet
  facet normal 0 0 -1
    outer loop
      vertex 127.47659646771893 189.50417197367028 3.1
      vertex 127.63110496490641 189.97970023181784 3.1
      vertex 128.45000000000002 189.85 3.1
    endloop
  endfacet
  facet normal 0 0 -1
    outer loop
      vertex 129.4234035322811 189.50417197367028 3.1
      vertex 129.26889503509364 189.97970023181784 3.1
      vertex 130.00763091857507 190.3561049649064 3.1
    endloop
  endfacet
  facet normal -0.453990499739522 0.8910065241883804 2.709787853970349e-17
    outer loop
      vertex 129.4234035322811 189.50417197367028 3.1
      vertex 130.3015235447213 189.9515964677189 3.1
      vertex 130.3015235447213 189.9515964677189 2.6
    endloop
  endfacet
  facet normal -0.707106781186562 0.7071067811865331 0
    outer loop
      vertex 130.3015235447213 189.9515964677189 2.6
      vertex 130.3015235447213 189.9515964677189 3.1
      vertex 130.9984035322811 190.6484764552787 2.6
    endloop
  endfacet
  facet normal -0.707106781186562 0.7071067811865331 0
    outer loop
      vertex 130.9984035322811 190.6484764552787 2.6
      vertex 130.3015235447213 189.9515964677189 3.1
      vertex 130.9984035322811 190.6484764552787 3.1
    endloop
  endfacet
  facet normal 0 0 -1
    outer loop
      vertex 133.45000000000002 189.06618561314542 2.6
      vertex 130.3015235447213 189.9515964677189 2.6
      vertex 130.9984035322811 190.6484764552787 2.6
    endloop
  endfacet
  facet normal 0 0 -1
    outer loop
      vertex 133.45000000000002 189.06618561314542 2.6
      vertex 130.9984035322811 190.6484764552787 2.6
      vertex 131.44582802632976 191.52659646771892 2.6
    endloop
  endfacet
  facet normal -0.8910065241883571 0.4539904997395678 0
    outer loop
      vertex 130.9984035322811 190.6484764552787 2.6
      vertex 130.9984035322811 190.6484764552787 3.1
      vertex 131.44582802632976 191.52659646771892 2.6
    endloop
  endfacet
  facet normal -0.8910065241883571 0.4539904997395678 4.905285104998488e-17
    outer loop
      vertex 130.9984035322811 190.6484764552787 3.1
      vertex 131.44582802632976 191.52659646771892 3.1
      vertex 131.44582802632976 191.52659646771892 2.6
    endloop
  endfacet
  facet normal 0 0 -1
    outer loop
      vertex 129.4234035322811 189.50417197367028 3.1
      vertex 130.00763091857507 190.3561049649064 3.1
      vertex 130.3015235447213 189.9515964677189 3.1
    endloop
  endfacet
  facet normal 0 0 -1
    outer loop
      vertex 130.00763091857507 190.3561049649064 3.1
      vertex 130.59389503509362 190.94236908142494 3.1
      vertex 130.3015235447213 189.9515964677189 3.1
    endloop
  endfacet
  facet normal 0 0 -1
    outer loop
      vertex 130.3015235447213 189.9515964677189 3.1
      vertex 130.59389503509362 190.94236908142494 3.1
      vertex 130.9984035322811 190.6484764552787 3.1
    endloop
  endfacet
  facet normal 0 0 -1
    outer loop
      vertex 130.59389503509362 190.94236908142494 3.1
      vertex 130.97029976818217 191.6811049649064 3.1
      vertex 130.9984035322811 190.6484764552787 3.1
    endloop
  endfacet
  facet normal -0.9876883405951388 0.1564344650402239 0
    outer loop
      vertex 131.44582802632976 191.52659646771892 2.6
      vertex 131.44582802632976 191.52659646771892 3.1
      vertex 131.60000000000002 192.5 2.6
    endloop
  endfacet
  facet normal -0.9876883405951388 0.1564344650402239 0
    outer loop
      vertex 131.60000000000002 192.5 2.6
      vertex 131.44582802632976 191.52659646771892 3.1
      vertex 131.60000000000002 192.5 3.1
    endloop
  endfacet
  facet normal -0.9876883405951388 -0.1564344650402239 0
    outer loop
      vertex 131.60000000000002 192.5 2.6
      vertex 131.60000000000002 192.5 3.1
      vertex 131.44582802632976 193.47340353228108 2.6
    endloop
  endfacet
  facet normal 0 0 -1
    outer loop
      vertex 130.9984035322811 190.6484764552787 3.1
      vertex 130.97029976818217 191.6811049649064 3.1
      vertex 131.10000000000002 192.5 3.1
    endloop
  endfacet
  facet normal 0 0 -1
    outer loop
      vertex 130.9984035322811 190.6484764552787 3.1
      vertex 131.10000000000002 192.5 3.1
      vertex 131.44582802632976 191.52659646771892 3.1
    endloop
  endfacet
  facet normal 0 0 -1
    outer loop
      vertex 131.44582802632976 191.52659646771892 3.1
      vertex 131.10000000000002 192.5 3.1
      vertex 130.9984035322811 194.3515235447213 3.1
    endloop
  endfacet
  facet normal 0 0 -1
    outer loop
      vertex 131.44582802632976 191.52659646771892 3.1
      vertex 131.44582802632976 193.47340353228108 3.1
      vertex 131.60000000000002 192.5 3.1
    endloop
  endfacet
  facet normal 0.15643446504025205 -0.9876883405951343 0
    outer loop
      vertex 127.47659646771893 195.49582802632972 2.6
      vertex 128.45000000000002 195.65 3.1
      vertex 127.47659646771893 195.49582802632972 3.1
    endloop
  endfacet
  facet normal 0.15643446504025205 -0.9876883405951343 -1.2510866336178808e-17
    outer loop
      vertex 127.47659646771893 195.49582802632972 2.6
      vertex 128.45000000000002 195.65 2.6
      vertex 128.45000000000002 195.65 3.1
    endloop
  endfacet
  facet normal -0.15643446504025205 -0.9876883405951343 1.2510866336178808e-17
    outer loop
      vertex 128.45000000000002 195.65 2.6
      vertex 129.4234035322811 195.49582802632972 2.6
      vertex 129.4234035322811 195.49582802632972 3.1
    endloop
  endfacet
  facet normal -0.15643446504025205 -0.9876883405951343 0
    outer loop
      vertex 128.45000000000002 195.65 2.6
      vertex 129.4234035322811 195.49582802632972 3.1
      vertex 128.45000000000002 195.65 3.1
    endloop
  endfacet
  facet normal -0.453990499739522 -0.8910065241883804 0
    outer loop
      vertex 129.4234035322811 195.49582802632972 2.6
      vertex 130.3015235447213 195.0484035322811 3.1
      vertex 129.4234035322811 195.49582802632972 3.1
    endloop
  endfacet
  facet normal 0 0 -1
    outer loop
      vertex 127.63110496490641 195.02029976818216 3.1
      vertex 128.45000000000002 195.65 3.1
      vertex 128.45000000000002 195.15 3.1
    endloop
  endfacet
  facet normal 0 0 -1
    outer loop
      vertex 127.63110496490641 195.02029976818216 3.1
      vertex 127.47659646771893 195.49582802632972 3.1
      vertex 128.45000000000002 195.65 3.1
    endloop
  endfacet
  facet normal 0 0 -1
    outer loop
      vertex 128.45000000000002 195.15 3.1
      vertex 129.4234035322811 195.49582802632972 3.1
      vertex 129.26889503509364 195.02029976818216 3.1
    endloop
  endfacet
  facet normal 0 0 -1
    outer loop
      vertex 129.26889503509364 195.02029976818216 3.1
      vertex 129.4234035322811 195.49582802632972 3.1
      vertex 130.3015235447213 195.0484035322811 3.1
    endloop
  endfacet
  facet normal 0 0 -1
    outer loop
      vertex 128.45000000000002 195.15 3.1
      vertex 128.45000000000002 195.65 3.1
      vertex 129.4234035322811 195.49582802632972 3.1
    endloop
  endfacet
  facet normal -0.9876883405951388 -0.1564344650402239 -7.134670014013559e-19
    outer loop
      vertex 131.60000000000002 192.5 3.1
      vertex 131.44582802632976 193.47340353228108 3.1
      vertex 131.44582802632976 193.47340353228108 2.6
    endloop
  endfacet
  facet normal -0.8910065241883571 -0.4539904997395678 0
    outer loop
      vertex 131.44582802632976 193.47340353228108 2.6
      vertex 131.44582802632976 193.47340353228108 3.1
      vertex 130.9984035322811 194.3515235447213 2.6
    endloop
  endfacet
  facet normal -0.8910065241883571 -0.4539904997395678 0
    outer loop
      vertex 130.9984035322811 194.3515235447213 2.6
      vertex 131.44582802632976 193.47340353228108 3.1
      vertex 130.9984035322811 194.3515235447213 3.1
    endloop
  endfacet
  facet normal 0 0 -1
    outer loop
      vertex 130.59389503509362 194.05763091857506 3.1
      vertex 130.9984035322811 194.3515235447213 3.1
      vertex 130.97029976818217 193.3188950350936 3.1
    endloop
  endfacet
  facet normal 0 0 -1
    outer loop
      vertex 130.59389503509362 194.05763091857506 3.1
      vertex 130.00763091857507 194.6438950350936 3.1
      vertex 130.9984035322811 194.3515235447213 3.1
    endloop
  endfacet
  facet normal 0 0 -1
    outer loop
      vertex 131.44582802632976 191.52659646771892 3.1
      vertex 130.9984035322811 194.3515235447213 3.1
      vertex 131.44582802632976 193.47340353228108 3.1
    endloop
  endfacet
  facet normal 0 0 -1
    outer loop
      vertex 131.10000000000002 192.5 3.1
      vertex 130.97029976818217 193.3188950350936 3.1
      vertex 130.9984035322811 194.3515235447213 3.1
    endloop
  endfacet
  facet normal -0.453990499739522 -0.8910065241883804 -2.709787853970349e-17
    outer loop
      vertex 129.4234035322811 195.49582802632972 2.6
      vertex 130.3015235447213 195.0484035322811 2.6
      vertex 130.3015235447213 195.0484035322811 3.1
    endloop
  endfacet
  facet normal -0.707106781186562 -0.7071067811865331 0
    outer loop
      vertex 130.9984035322811 194.3515235447213 2.6
      vertex 130.9984035322811 194.3515235447213 3.1
      vertex 130.3015235447213 195.0484035322811 2.6
    endloop
  endfacet
  facet normal -0.707106781186562 -0.7071067811865331 -3.185911613276243e-17
    outer loop
      vertex 130.9984035322811 194.3515235447213 3.1
      vertex 130.3015235447213 195.0484035322811 3.1
      vertex 130.3015235447213 195.0484035322811 2.6
    endloop
  endfacet
  facet normal 0 0 -1
    outer loop
      vertex 131.44582802632976 193.47340353228108 2.6
      vertex 130.9984035322811 194.3515235447213 2.6
      vertex 133.45000000000002 200 2.6
    endloop
  endfacet
  facet normal 0 0 -1
    outer loop
      vertex 129.26889503509364 195.02029976818216 3.1
      vertex 130.3015235447213 195.0484035322811 3.1
      vertex 130.00763091857507 194.6438950350936 3.1
    endloop
  endfacet
  facet normal 0 0 -1
    outer loop
      vertex 130.9984035322811 194.3515235447213 3.1
      vertex 130.00763091857507 194.6438950350936 3.1
      vertex 130.3015235447213 195.0484035322811 3.1
    endloop
  endfacet
  facet normal 0 0 -1
    outer loop
      vertex 133.45000000000002 189.06618561314542 2.6
      vertex 131.44582802632976 191.52659646771892 2.6
      vertex 131.60000000000002 192.5 2.6
    endloop
  endfacet
  facet normal 0 0 -1
    outer loop
      vertex 133.45000000000002 189.06618561314542 2.6
      vertex 131.60000000000002 192.5 2.6
      vertex 131.44582802632976 193.47340353228108 2.6
    endloop
  endfacet
  facet normal 0 0 -1
    outer loop
      vertex 133.45000000000002 189.06618561314542 2.6
      vertex 131.44582802632976 193.47340353228108 2.6
      vertex 133.45000000000002 200 2.6
    endloop
  endfacet
  facet normal 0 0 -1
    outer loop
      vertex 123.45000000000002 200 2.6
      vertex 133.45000000000002 200 2.6
      vertex 128.45000000000002 195.65 2.6
    endloop
  endfacet
  facet normal 0 0 -1
    outer loop
      vertex 128.45000000000002 195.65 2.6
      vertex 133.45000000000002 200 2.6
      vertex 129.4234035322811 195.49582802632972 2.6
    endloop
  endfacet
  facet normal 0 0 -1
    outer loop
      vertex 129.4234035322811 195.49582802632972 2.6
      vertex 133.45000000000002 200 2.6
      vertex 130.3015235447213 195.0484035322811 2.6
    endloop
  endfacet
  facet normal 0 0 -1
    outer loop
      vertex 130.9984035322811 194.3515235447213 2.6
      vertex 130.3015235447213 195.0484035322811 2.6
      vertex 133.45000000000002 200 2.6
    endloop
  endfacet
  facet normal 0 -1 0
    outer loop
      vertex 8 200 0
      vertex 283.3 200 0
      vertex 123.45000000000002 200 2.6
    endloop
  endfacet
  facet normal -6.346206582782668e-17 -0.9327981344055977 -0.3603992792021601
    outer loop
      vertex 123.45000000000002 189.06618561314542 2.6
      vertex 133.45000000000002 187.5 6.653656881082295
      vertex 123.45000000000002 187.5 6.653656881082298
    endloop
  endfacet
  facet normal 0 -1 0
    outer loop
      vertex 123.45000000000002 187.5 6.653656881082298
      vertex 133.45000000000002 187.5 6.653656881082295
      vertex 123.45000000000002 187.5 12.6
    endloop
  endfacet
  facet normal 0.45399049973954425 0.8910065241883691 0
    outer loop
      vertex 126.89236908142496 190.3561049649064 3.1
      vertex 126.89236908142496 190.3561049649064 9.7
      vertex 127.63110496490641 189.97970023181784 3.1
    endloop
  endfacet
  facet normal 0.7071067811865476 0.7071067811865476 3.607942011532351e-18
    outer loop
      vertex 126.89236908142496 190.3561049649064 3.1
      vertex 126.30610496490641 190.94236908142494 3.1
      vertex 126.30610496490641 190.94236908142494 9.7
    endloop
  endfacet
  facet normal 0.8910065241883726 0.45399049973953726 2.6700017052841907e-18
    outer loop
      vertex 126.30610496490641 190.94236908142494 3.1
      vertex 125.92970023181786 191.6811049649064 3.1
      vertex 125.92970023181786 191.6811049649064 9.7
    endloop
  endfacet
  facet normal 0.9876883405951358 0.15643446504024291 -1.945070954116659e-19
    outer loop
      vertex 125.92970023181786 191.6811049649064 3.1
      vertex 125.80000000000001 192.5 3.1
      vertex 125.80000000000001 192.5 9.7
    endloop
  endfacet
  facet normal 0.9876883405951358 -0.15643446504024291 1.945070954116659e-19
    outer loop
      vertex 125.80000000000001 192.5 3.1
      vertex 125.92970023181786 193.3188950350936 3.1
      vertex 125.92970023181786 193.3188950350936 9.7
    endloop
  endfacet
  facet normal 0.8910065241883726 -0.45399049973953726 -2.6700017052841907e-18
    outer loop
      vertex 125.92970023181786 193.3188950350936 3.1
      vertex 126.30610496490641 194.05763091857506 3.1
      vertex 126.30610496490641 194.05763091857506 9.7
    endloop
  endfacet
  facet normal 0.7071067811865476 -0.7071067811865476 -3.607942011532351e-18
    outer loop
      vertex 126.30610496490641 194.05763091857506 3.1
      vertex 126.89236908142496 194.6438950350936 3.1
      vertex 126.89236908142496 194.6438950350936 9.7
    endloop
  endfacet
  facet normal 0.45399049973954425 -0.8910065241883691 3.826377929391905e-18
    outer loop
      vertex 126.89236908142496 194.6438950350936 3.1
      vertex 127.63110496490641 195.02029976818216 3.1
      vertex 127.63110496490641 195.02029976818216 9.7
    endloop
  endfacet
  facet normal -1 0 0
    outer loop
      vertex 123.45000000000002 200 2.6
      vertex 123.45000000000002 187.5 6.653656881082298
      vertex 123.45000000000002 187.5 12.6
    endloop
  endfacet
  facet normal 0.8910065241883726 0.45399049973953726 0
    outer loop
      vertex 126.30610496490641 190.94236908142494 3.1
      vertex 125.92970023181786 191.6811049649064 9.7
      vertex 126.30610496490641 190.94236908142494 9.7
    endloop
  endfacet
  facet normal 0.45399049973954425 0.8910065241883691 0
    outer loop
      vertex 127.63110496490641 189.97970023181784 3.1
      vertex 126.89236908142496 190.3561049649064 9.7
      vertex 127.63110496490641 189.97970023181784 9.7
    endloop
  endfacet
  facet normal 0.7071067811865476 0.7071067811865476 0
    outer loop
      vertex 126.89236908142496 190.3561049649064 3.1
      vertex 126.30610496490641 190.94236908142494 9.7
      vertex 126.89236908142496 190.3561049649064 9.7
    endloop
  endfacet
  facet normal 0.9876883405951358 0.15643446504024291 0
    outer loop
      vertex 125.92970023181786 191.6811049649064 3.1
      vertex 125.80000000000001 192.5 9.7
      vertex 125.92970023181786 191.6811049649064 9.7
    endloop
  endfacet
  facet normal 0.9876883405951358 -0.15643446504024291 0
    outer loop
      vertex 125.80000000000001 192.5 3.1
      vertex 125.92970023181786 193.3188950350936 9.7
      vertex 125.80000000000001 192.5 9.7
    endloop
  endfacet
  facet normal 0.8910065241883726 -0.45399049973953726 0
    outer loop
      vertex 125.92970023181786 193.3188950350936 3.1
      vertex 126.30610496490641 194.05763091857506 9.7
      vertex 125.92970023181786 193.3188950350936 9.7
    endloop
  endfacet
  facet normal 0.7071067811865476 -0.7071067811865476 0
    outer loop
      vertex 126.30610496490641 194.05763091857506 3.1
      vertex 126.89236908142496 194.6438950350936 9.7
      vertex 126.30610496490641 194.05763091857506 9.7
    endloop
  endfacet
  facet normal 0.45399049973954425 -0.8910065241883691 0
    outer loop
      vertex 126.89236908142496 194.6438950350936 3.1
      vertex 127.63110496490641 195.02029976818216 9.7
      vertex 126.89236908142496 194.6438950350936 9.7
    endloop
  endfacet
  facet normal 0 0 -1
    outer loop
      vertex 126.30610496490641 190.94236908142494 9.7
      vertex 125.92970023181786 191.6811049649064 9.7
      vertex 125.92970023181786 193.3188950350936 9.7
    endloop
  endfacet
  facet normal 0 0 -1
    outer loop
      vertex 125.92970023181786 191.6811049649064 9.7
      vertex 125.80000000000001 192.5 9.7
      vertex 125.92970023181786 193.3188950350936 9.7
    endloop
  endfacet
  facet normal 0 0 -1
    outer loop
      vertex 126.30610496490641 190.94236908142494 9.7
      vertex 125.92970023181786 193.3188950350936 9.7
      vertex 126.30610496490641 194.05763091857506 9.7
    endloop
  endfacet
  facet normal 0 0 -1
    outer loop
      vertex 126.89236908142496 190.3561049649064 9.7
      vertex 126.30610496490641 190.94236908142494 9.7
      vertex 126.30610496490641 194.05763091857506 9.7
    endloop
  endfacet
  facet normal 0 0 -1
    outer loop
      vertex 126.89236908142496 190.3561049649064 9.7
      vertex 126.89236908142496 194.6438950350936 9.7
      vertex 127.63110496490641 189.97970023181784 9.7
    endloop
  endfacet
  facet normal -1 0 0
    outer loop
      vertex 123.45000000000002 200 2.6
      vertex 123.45000000000002 187.5 12.6
      vertex 123.45000000000002 200 12.6
    endloop
  endfacet
  facet normal 0 0 -1
    outer loop
      vertex 126.89236908142496 190.3561049649064 9.7
      vertex 126.30610496490641 194.05763091857506 9.7
      vertex 126.89236908142496 194.6438950350936 9.7
    endloop
  endfacet
  facet normal 0 0 -1
    outer loop
      vertex 126.89236908142496 194.6438950350936 9.7
      vertex 127.63110496490641 195.02029976818216 9.7
      vertex 127.63110496490641 189.97970023181784 9.7
    endloop
  endfacet
  facet normal 1 0 0
    outer loop
      vertex 133.45000000000002 189.06618561314542 2.6
      vertex 133.45000000000002 187.5 12.6
      vertex 133.45000000000002 187.5 6.653656881082295
    endloop
  endfacet
  facet normal 0 -1 0
    outer loop
      vertex 133.45000000000002 187.5 6.653656881082295
      vertex 133.45000000000002 187.5 12.6
      vertex 123.45000000000002 187.5 12.6
    endloop
  endfacet
  facet normal 0.15643446504024028 0.9876883405951363 0
    outer loop
      vertex 127.63110496490641 189.97970023181784 3.1
      vertex 127.63110496490641 189.97970023181784 9.7
      vertex 128.45000000000002 189.85 3.1
    endloop
  endfacet
  facet normal -0.1564344650402376 0.9876883405951367 0
    outer loop
      vertex 128.45000000000002 189.85 3.1
      vertex 128.45000000000002 189.85 9.7
      vertex 129.26889503509364 189.97970023181784 3.1
    endloop
  endfacet
  facet normal -0.4539904997395513 0.8910065241883657 0
    outer loop
      vertex 129.26889503509364 189.97970023181784 3.1
      vertex 129.26889503509364 189.97970023181784 9.7
      vertex 130.00763091857507 190.3561049649064 3.1
    endloop
  endfacet
  facet normal -0.7071067811865476 0.7071067811865476 0
    outer loop
      vertex 130.00763091857507 190.3561049649064 3.1
      vertex 130.00763091857507 190.3561049649064 9.7
      vertex 130.59389503509362 190.94236908142494 3.1
    endloop
  endfacet
  facet normal -0.8910065241883726 0.45399049973953726 0
    outer loop
      vertex 130.59389503509362 190.94236908142494 3.1
      vertex 130.59389503509362 190.94236908142494 9.7
      vertex 130.97029976818217 191.6811049649064 3.1
    endloop
  endfacet
  facet normal -0.9876883405951358 0.15643446504024291 0
    outer loop
      vertex 130.97029976818217 191.6811049649064 3.1
      vertex 130.97029976818217 191.6811049649064 9.7
      vertex 131.10000000000002 192.5 3.1
    endloop
  endfacet
  facet normal -0.9876883405951358 -0.15643446504024291 0
    outer loop
      vertex 131.10000000000002 192.5 3.1
      vertex 131.10000000000002 192.5 9.7
      vertex 130.97029976818217 193.3188950350936 3.1
    endloop
  endfacet
  facet normal 0.15643446504024028 -0.9876883405951363 -2.7965057259180045e-19
    outer loop
      vertex 127.63110496490641 195.02029976818216 3.1
      vertex 128.45000000000002 195.15 3.1
      vertex 128.45000000000002 195.15 9.7
    endloop
  endfacet
  facet normal -0.1564344650402376 -0.9876883405951367 7.5380824059525075e-19
    outer loop
      vertex 128.45000000000002 195.15 3.1
      vertex 129.26889503509364 195.02029976818216 3.1
      vertex 129.26889503509364 195.02029976818216 9.7
    endloop
  endfacet
  facet normal -0.8910065241883726 -0.45399049973953726 2.6700017052841907e-18
    outer loop
      vertex 130.59389503509362 194.05763091857506 3.1
      vertex 130.97029976818217 193.3188950350936 3.1
      vertex 130.97029976818217 193.3188950350936 9.7
    endloop
  endfacet
  facet normal -0.7071067811865476 -0.7071067811865476 0
    outer loop
      vertex 130.59389503509362 194.05763091857506 3.1
      vertex 130.59389503509362 194.05763091857506 9.7
      vertex 130.00763091857507 194.6438950350936 3.1
    endloop
  endfacet
  facet normal -0.4539904997395513 -0.8910065241883657 -1.7831967048872675e-19
    outer loop
      vertex 129.26889503509364 195.02029976818216 3.1
      vertex 130.00763091857507 194.6438950350936 3.1
      vertex 130.00763091857507 194.6438950350936 9.7
    endloop
  endfacet
  facet normal 0.15643446504024028 0.9876883405951363 0
    outer loop
      vertex 128.45000000000002 189.85 3.1
      vertex 127.63110496490641 189.97970023181784 9.7
      vertex 128.45000000000002 189.85 9.7
    endloop
  endfacet
  facet normal -0.1564344650402376 0.9876883405951367 0
    outer loop
      vertex 129.26889503509364 189.97970023181784 3.1
      vertex 128.45000000000002 189.85 9.7
      vertex 129.26889503509364 189.97970023181784 9.7
    endloop
  endfacet
  facet normal -0.4539904997395513 0.8910065241883657 0
    outer loop
      vertex 130.00763091857507 190.3561049649064 3.1
      vertex 129.26889503509364 189.97970023181784 9.7
      vertex 130.00763091857507 190.3561049649064 9.7
    endloop
  endfacet
  facet normal -0.7071067811865476 0.7071067811865476 0
    outer loop
      vertex 130.59389503509362 190.94236908142494 3.1
      vertex 130.00763091857507 190.3561049649064 9.7
      vertex 130.59389503509362 190.94236908142494 9.7
    endloop
  endfacet
  facet normal -0.8910065241883726 0.45399049973953726 0
    outer loop
      vertex 130.97029976818217 191.6811049649064 3.1
      vertex 130.59389503509362 190.94236908142494 9.7
      vertex 130.97029976818217 191.6811049649064 9.7
    endloop
  endfacet
  facet normal -0.9876883405951358 0.15643446504024291 0
    outer loop
      vertex 131.10000000000002 192.5 3.1
      vertex 130.97029976818217 191.6811049649064 9.7
      vertex 131.10000000000002 192.5 9.7
    endloop
  endfacet
  facet normal 0.15643446504024028 -0.9876883405951363 0
    outer loop
      vertex 127.63110496490641 195.02029976818216 3.1
      vertex 128.45000000000002 195.15 9.7
      vertex 127.63110496490641 195.02029976818216 9.7
    endloop
  endfacet
  facet normal -0.1564344650402376 -0.9876883405951367 0
    outer loop
      vertex 128.45000000000002 195.15 3.1
      vertex 129.26889503509364 195.02029976818216 9.7
      vertex 128.45000000000002 195.15 9.7
    endloop
  endfacet
  facet normal -0.4539904997395513 -0.8910065241883657 0
    outer loop
      vertex 129.26889503509364 195.02029976818216 3.1
      vertex 130.00763091857507 194.6438950350936 9.7
      vertex 129.26889503509364 195.02029976818216 9.7
    endloop
  endfacet
  facet normal -0.7071067811865476 -0.7071067811865476 0
    outer loop
      vertex 130.00763091857507 194.6438950350936 3.1
      vertex 130.59389503509362 194.05763091857506 9.7
      vertex 130.00763091857507 194.6438950350936 9.7
    endloop
  endfacet
  facet normal -0.8910065241883726 -0.45399049973953726 0
    outer loop
      vertex 130.59389503509362 194.05763091857506 3.1
      vertex 130.97029976818217 193.3188950350936 9.7
      vertex 130.59389503509362 194.05763091857506 9.7
    endloop
  endfacet
  facet normal -0.9876883405951358 -0.15643446504024291 0
    outer loop
      vertex 130.97029976818217 193.3188950350936 3.1
      vertex 131.10000000000002 192.5 9.7
      vertex 130.97029976818217 193.3188950350936 9.7
    endloop
  endfacet
  facet normal 1 0 0
    outer loop
      vertex 133.45000000000002 189.06618561314542 2.6
      vertex 133.45000000000002 200 2.6
      vertex 133.45000000000002 200 12.6
    endloop
  endfacet
  facet normal 0 1 0
    outer loop
      vertex 8 202.4 0
      vertex 209.62977180033926 202.4 8.752786409854888
      vertex 209.8527864083648 202.4 8.639154788851737
    endloop
  endfacet
  facet normal 0 1 0
    outer loop
      vertex 8 202.4 0
      vertex 209.8527864083648 202.4 8.639154788851737
      vertex 210.10000000298027 202.4 8.600000005960464
    endloop
  endfacet
  facet normal 0 1 0
    outer loop
      vertex 8 202.4 0
      vertex 209.45278640985492 202.4 8.929771800339221
      vertex 209.62977180033926 202.4 8.752786409854888
    endloop
  endfacet
  facet normal 0 1 0
    outer loop
      vertex 8 202.4 0
      vertex 209.3000000059605 202.4 9.400000002980232
      vertex 209.33915478885177 202.4 9.152786408364772
    endloop
  endfacet
  facet normal 0 1 0
    outer loop
      vertex 8 202.4 0
      vertex 209.33915478885177 202.4 9.152786408364772
      vertex 209.45278640985492 202.4 8.929771800339221
    endloop
  endfacet
  facet normal 0 1 0
    outer loop
      vertex 8 202.4 0
      vertex 210.10000000298027 202.4 8.600000005960464
      vertex 218.1999999970198 202.4 8.600000005960464
    endloop
  endfacet
  facet normal 0 1 0
    outer loop
      vertex 8 202.4 0
      vertex 209.3000000059605 202.4 11.999999997019767
      vertex 209.3000000059605 202.4 9.400000002980232
    endloop
  endfacet
  facet normal 0 1 0
    outer loop
      vertex 8 202.4 0
      vertex 209.33915478885177 202.4 12.247213591635226
      vertex 209.3000000059605 202.4 11.999999997019767
    endloop
  endfacet
  facet normal 0 0 -1
    outer loop
      vertex 127.63110496490641 189.97970023181784 9.7
      vertex 127.63110496490641 195.02029976818216 9.7
      vertex 128.45000000000002 189.85 9.7
    endloop
  endfacet
  facet normal 0 0 -1
    outer loop
      vertex 128.45000000000002 189.85 9.7
      vertex 128.45000000000002 195.15 9.7
      vertex 129.26889503509364 189.97970023181784 9.7
    endloop
  endfacet
  facet normal 0 0 -1
    outer loop
      vertex 129.26889503509364 189.97970023181784 9.7
      vertex 129.26889503509364 195.02029976818216 9.7
      vertex 130.00763091857507 190.3561049649064 9.7
    endloop
  endfacet
  facet normal 0 0 -1
    outer loop
      vertex 130.00763091857507 190.3561049649064 9.7
      vertex 130.00763091857507 194.6438950350936 9.7
      vertex 130.59389503509362 190.94236908142494 9.7
    endloop
  endfacet
  facet normal 0 0 -1
    outer loop
      vertex 130.59389503509362 190.94236908142494 9.7
      vertex 130.59389503509362 194.05763091857506 9.7
      vertex 130.97029976818217 191.6811049649064 9.7
    endloop
  endfacet
  facet normal 0 0 -1
    outer loop
      vertex 130.97029976818217 191.6811049649064 9.7
      vertex 130.97029976818217 193.3188950350936 9.7
      vertex 131.10000000000002 192.5 9.7
    endloop
  endfacet
  facet normal 0 0 -1
    outer loop
      vertex 128.45000000000002 189.85 9.7
      vertex 127.63110496490641 195.02029976818216 9.7
      vertex 128.45000000000002 195.15 9.7
    endloop
  endfacet
  facet normal 0 0 -1
    outer loop
      vertex 129.26889503509364 189.97970023181784 9.7
      vertex 128.45000000000002 195.15 9.7
      vertex 129.26889503509364 195.02029976818216 9.7
    endloop
  endfacet
  facet normal 0 0 -1
    outer loop
      vertex 130.00763091857507 190.3561049649064 9.7
      vertex 129.26889503509364 195.02029976818216 9.7
      vertex 130.00763091857507 194.6438950350936 9.7
    endloop
  endfacet
  facet normal 0 0 -1
    outer loop
      vertex 130.59389503509362 190.94236908142494 9.7
      vertex 130.00763091857507 194.6438950350936 9.7
      vertex 130.59389503509362 194.05763091857506 9.7
    endloop
  endfacet
  facet normal 0 0 -1
    outer loop
      vertex 130.97029976818217 191.6811049649064 9.7
      vertex 130.59389503509362 194.05763091857506 9.7
      vertex 130.97029976818217 193.3188950350936 9.7
    endloop
  endfacet
  facet normal 1 0 0
    outer loop
      vertex 133.45000000000002 189.06618561314542 2.6
      vertex 133.45000000000002 200 12.6
      vertex 133.45000000000002 187.5 12.6
    endloop
  endfacet
  facet normal 0 1 0
    outer loop
      vertex 8 202.4 0
      vertex 8 202.4 60
      vertex 209.33915478885177 202.4 12.247213591635226
    endloop
  endfacet
  facet normal 0 0 1
    outer loop
      vertex 123.45000000000002 187.5 12.6
      vertex 133.45000000000002 187.5 12.6
      vertex 123.45000000000002 200 12.6
    endloop
  endfacet
  facet normal 0 0 1
    outer loop
      vertex 123.45000000000002 200 12.6
      vertex 133.45000000000002 187.5 12.6
      vertex 133.45000000000002 200 12.6
    endloop
  endfacet
  facet normal 0 -1 0
    outer loop
      vertex 8 200 0
      vertex 123.45000000000002 200 12.6
      vertex 283.3 200 57.4
    endloop
  endfacet
  facet normal 0 1 0
    outer loop
      vertex 8 202.4 60
      vertex 209.45278640985492 202.4 12.470228199660777
      vertex 209.33915478885177 202.4 12.247213591635226
    endloop
  endfacet
  facet normal 0.339051979831771 0.33905197983177177 -0.8775463007410562
    outer loop
      vertex 3.469504831500295 103.10840258716216 23.4
      vertex 4.70840258716215 189.8695048315003 57.4
      vertex 4.70840258716215 101.86950483150031 23.4
    endloop
  endfacet
  facet normal 0.056988869835942646 0.3598135632462909 -0.9312821636962824
    outer loop
      vertex 6.269504831500295 101.07408350874715 23.4
      vertex 6.269504831500295 107.80349527345304 26
      vertex 8 188.8 57.4
    endloop
  endfacet
  facet normal 0.05698886983594068 0.35981356324629094 -0.9312821636962826
    outer loop
      vertex 6.269504831500295 101.07408350874715 23.4
      vertex 8 188.8 57.4
      vertex 8 107.5294117647059 26
    endloop
  endfacet
  facet normal 0.5774681697558639 0.2942347287635815 -0.7615487097410346
    outer loop
      vertex 3.469504831500295 103.10840258716216 23.4
      vertex 2.674083508747141 104.6695048315003 23.4
      vertex 3.469504831500295 191.10840258716217 57.4
    endloop
  endfacet
  facet normal 0.5774681697558626 0.2942347287635818 -0.7615487097410354
    outer loop
      vertex 2.674083508747141 104.6695048315003 23.4
      vertex 2.674083508747141 111.39891659620619 26
      vertex 3.469504831500295 191.10840258716217 57.4
    endloop
  endfacet
  facet normal 0.9154940231085166 0.14500000847050967 -0.37529413957073054
    outer loop
      vertex 2.4000000000000004 111.97441797333937 25.55375239879021
      vertex 2.674083508747141 192.66950483150032 57.4
      vertex 2.4177667137837693 111.99218468712314 25.60395700350376
    endloop
  endfacet
  facet normal 0.18061263926455007 0.35447226324761744 -0.9174576225232451
    outer loop
      vertex 4.70840258716215 101.86950483150031 23.4
      vertex 6.269504831500295 189.07408350874715 57.4
      vertex 6.269504831500295 107.80349527345304 26
    endloop
  endfacet
  facet normal 1 0 0
    outer loop
      vertex 2.4000000000000004 114.4 12.6
      vertex 2.4000000000000004 194.4 57.4
      vertex 2.4000000000000004 111.97441797333937 25.55375239879021
    endloop
  endfacet
  facet normal -0.33905197983177016 -0.3390519798317718 0.8775463007410564
    outer loop
      vertex 3.297717981660215 99.92786404500043 26
      vertex 1.5278640450004204 189.69771798166022 60
      vertex 1.5278640450004204 101.69771798166022 26
    endloop
  endfacet
  facet normal -0.5774681697558653 -0.29423472876358114 0.7615487097410335
    outer loop
      vertex 1.5278640450004204 101.69771798166022 26
      vertex 0.39154786963877175 191.92786404500043 60
      vertex 0.39154786963877175 103.92786404500043 26
    endloop
  endfacet
  facet normal -0.056988869835940856 -0.359813563246291 0.9312821636962826
    outer loop
      vertex 5.52786404500042 98.79154786963878 26
      vertex 8 98.4 26
      vertex 5.52786404500042 186.79154786963878 60
    endloop
  endfacet
  facet normal -0.18061263926455093 -0.3544722632476174 0.9174576225232449
    outer loop
      vertex 3.297717981660215 99.92786404500043 26
      vertex 5.52786404500042 98.79154786963878 26
      vertex 5.52786404500042 186.79154786963878 60
    endloop
  endfacet
  facet normal -0.9154940231085252 -0.1450000084705024 0.37529413957071206
    outer loop
      vertex 0.39154786963877175 103.92786404500043 26
      vertex 0 194.4 60
      vertex 0 106.4 26
    endloop
  endfacet
  facet normal 0.9154940231085253 0.14500000847050235 -0.37529413957071195
    outer loop
      vertex 2.4177667137837693 111.99218468712314 25.60395700350376
      vertex 2.674083508747141 192.66950483150032 57.4
      vertex 2.674083508747141 111.39891659620619 26
    endloop
  endfacet
  facet normal 9.830542777846813e-17 0.36039927920216236 -0.9327981344055968
    outer loop
      vertex 8 107.5294117647059 26
      vertex 8 188.8 57.4
      vertex 61.2 111.89864512705087 27.688112889996926
    endloop
  endfacet
  facet normal -5.365704217277666e-15 0.3603992792021611 -0.9327981344055973
    outer loop
      vertex 63.5061049649064 109.98069071770692 28.3302711563739
      vertex 63.12970023181785 110.66978217163688 28.596511036301386
      vertex 63.12970023181785 112.19750969365553 29.186769397081317
    endloop
  endfacet
  facet normal -2.7681134902979375e-15 0.3603992792021622 -0.9327981344055969
    outer loop
      vertex 64.09236908142495 109.43382464354947 28.11898199135852
      vertex 63.5061049649064 109.98069071770692 28.3302711563739
      vertex 63.5061049649064 112.8866011475855 29.453009277008803
    endloop
  endfacet
  facet normal 3.2502835627336644e-14 0.360399279202161 -0.9327981344055973
    outer loop
      vertex 63.12970023181785 110.66978217163688 28.596511036301386
      vertex 63 111.43364593264621 28.89164021669135
      vertex 63.12970023181785 112.19750969365553 29.186769397081317
    endloop
  endfacet
  facet normal 2.7298684318267776e-15 0.36039927920216225 -0.9327981344055969
    outer loop
      vertex 63.5061049649064 109.98069071770692 28.3302711563739
      vertex 63.12970023181785 112.19750969365553 29.186769397081317
      vertex 63.5061049649064 112.8866011475855 29.453009277008803
    endloop
  endfacet
  facet normal 1.1798636203854798e-17 -0.3603992792021624 0.9327981344055968
    outer loop
      vertex 8 98.4 26
      vertex 126.46145724654198 103.8112299103423 28.090702465359524
      vertex 74.9 119.43450993093421 34.12696974604276
    endloop
  endfacet
  facet normal -2.1549169370785145e-15 0.36039927920216297 -0.9327981344055966
    outer loop
      vertex 64.8311049649064 109.08271501074304 27.983325996865126
      vertex 64.09236908142495 109.43382464354947 28.11898199135852
      vertex 64.09236908142495 113.43346722174294 29.664298442024183
    endloop
  endfacet
  facet normal 2.969422589350297e-15 0.3603992792021625 -0.9327981344055967
    outer loop
      vertex 64.8311049649064 109.08271501074304 27.983325996865126
      vertex 64.8311049649064 113.78457685454939 29.799954436517577
      vertex 65.65 108.96173087647138 27.93658212680562
    endloop
  endfacet
  facet normal -2.9809553227443764e-15 0.3603992792021626 -0.9327981344055968
    outer loop
      vertex 65.65 108.96173087647138 27.93658212680562
      vertex 65.65 113.90556098882104 29.846698306577082
      vertex 66.46889503509361 109.08271501074304 27.983325996865126
    endloop
  endfacet
  facet normal 2.0088402959675616e-15 0.3603992792021629 -0.9327981344055966
    outer loop
      vertex 64.09236908142495 109.43382464354947 28.11898199135852
      vertex 63.5061049649064 112.8866011475855 29.453009277008803
      vertex 64.09236908142495 113.43346722174294 29.664298442024183
    endloop
  endfacet
  facet normal -4.6456454189929545e-15 0.3603992792021626 -0.9327981344055968
    outer loop
      vertex 64.8311049649064 109.08271501074304 27.983325996865126
      vertex 64.09236908142495 113.43346722174294 29.664298442024183
      vertex 64.8311049649064 113.78457685454939 29.799954436517577
    endloop
  endfacet
  facet normal 3.1439227257710405e-15 0.3603992792021626 -0.9327981344055968
    outer loop
      vertex 65.65 108.96173087647138 27.93658212680562
      vertex 64.8311049649064 113.78457685454939 29.799954436517577
      vertex 65.65 113.90556098882104 29.846698306577082
    endloop
  endfacet
  facet normal 2.364794527943653e-15 0.3603992792021626 -0.9327981344055968
    outer loop
      vertex 66.46889503509361 109.08271501074304 27.983325996865126
      vertex 66.46889503509361 113.78457685454939 29.799954436517577
      vertex 67.20763091857506 109.43382464354947 28.11898199135852
    endloop
  endfacet
  facet normal 1.992086981969809e-15 0.3603992792021629 -0.9327981344055966
    outer loop
      vertex 67.20763091857506 109.43382464354947 28.11898199135852
      vertex 67.20763091857506 113.43346722174294 29.664298442024183
      vertex 67.79389503509361 109.98069071770692 28.3302711563739
    endloop
  endfacet
  facet normal -3.460907601939913e-15 0.3603992792021625 -0.9327981344055967
    outer loop
      vertex 66.46889503509361 109.08271501074304 27.983325996865126
      vertex 65.65 113.90556098882104 29.846698306577082
      vertex 66.46889503509361 113.78457685454939 29.799954436517577
    endloop
  endfacet
  facet normal 4.755140467300995e-15 0.3603992792021629 -0.9327981344055966
    outer loop
      vertex 67.20763091857506 109.43382464354947 28.11898199135852
      vertex 66.46889503509361 113.78457685454939 29.799954436517577
      vertex 67.20763091857506 113.43346722174294 29.664298442024183
    endloop
  endfacet
  facet normal 2.7386348436144e-15 0.36039927920216225 -0.9327981344055969
    outer loop
      vertex 67.79389503509361 109.98069071770692 28.3302711563739
      vertex 67.79389503509361 112.8866011475855 29.453009277008803
      vertex 68.17029976818216 110.66978217163688 28.596511036301386
    endloop
  endfacet
  facet normal -3.242088228210928e-14 0.360399279202161 -0.9327981344055973
    outer loop
      vertex 68.17029976818216 110.66978217163688 28.596511036301386
      vertex 68.17029976818216 112.19750969365553 29.186769397081317
      vertex 68.30000000000001 111.43364593264621 28.89164021669135
    endloop
  endfacet
  facet normal -2.8170279519369335e-15 0.3603992792021622 -0.9327981344055969
    outer loop
      vertex 67.79389503509361 109.98069071770692 28.3302711563739
      vertex 67.20763091857506 113.43346722174294 29.664298442024183
      vertex 67.79389503509361 112.8866011475855 29.453009277008803
    endloop
  endfacet
  facet normal -5.460295964207005e-15 0.360399279202161 -0.9327981344055973
    outer loop
      vertex 68.17029976818216 110.66978217163688 28.596511036301386
      vertex 67.79389503509361 112.8866011475855 29.453009277008803
      vertex 68.17029976818216 112.19750969365553 29.186769397081317
    endloop
  endfacet
  facet normal 0.4539904997395493 -0.8311292235061241 -0.3211181090819101
    outer loop
      vertex 64.8311049649064 115.3703336830389 25.69564264513295
      vertex 64.8311049649064 113.78457685454939 29.799954436517577
      vertex 64.09236908142495 113.43346722174294 29.664298442024183
    endloop
  endfacet
  facet normal 0.15643446504022598 -0.9213138414813054 -0.35596216602686637
    outer loop
      vertex 64.8311049649064 115.3703336830389 25.69564264513295
      vertex 65.65 113.90556098882104 29.846698306577082
      vertex 64.8311049649064 113.78457685454939 29.799954436517577
    endloop
  endfacet
  facet normal -0.1564344650402259 -0.9213138414813044 -0.35596216602686914
    outer loop
      vertex 65.65 115.49131781731056 25.742386515192454
      vertex 66.46889503509361 113.78457685454939 29.799954436517577
      vertex 65.65 113.90556098882104 29.846698306577082
    endloop
  endfacet
  facet normal -0.4539904997395492 -0.8311292235061241 -0.32111810908191035
    outer loop
      vertex 66.46889503509361 115.3703336830389 25.695642645132953
      vertex 67.20763091857506 113.43346722174294 29.664298442024183
      vertex 66.46889503509361 113.78457685454939 29.799954436517577
    endloop
  endfacet
  facet normal 1 0 0
    outer loop
      vertex 66.19000000000001 116.56263579907886 29.490109286007737
      vertex 66.19000000000001 126.24139231718306 34.18399763198711
      vertex 66.19000000000001 116.24179631635506 30.320517358939927
    endloop
  endfacet
  facet normal 3.506172168680121e-17 0.3603992792021625 -0.9327981344055968
    outer loop
      vertex 66.19000000000001 116.56263579907886 29.490109286007737
      vertex 61.19000000000001 126.56223179990685 33.35358955905492
      vertex 66.19000000000001 126.56223179990685 33.35358955905492
    endloop
  endfacet
  facet normal -3.6592989112408955e-16 0.3603992792021628 -0.9327981344055966
    outer loop
      vertex 66.19000000000001 116.24179631635506 30.320517358939927
      vertex 66.19000000000001 126.24139231718306 34.18399763198711
      vertex 74.9 120.29946820101941 31.888254223469332
    endloop
  endfacet
  facet normal -5.753573209541823e-18 0.9327981344055983 0.3603992792021585
    outer loop
      vertex 61.19000000000001 126.24139231718306 34.18399763198711
      vertex 66.19000000000001 126.56223179990685 33.35358955905492
      vertex 61.19000000000001 126.56223179990685 33.35358955905492
    endloop
  endfacet
  facet normal 1 0 0
    outer loop
      vertex 66.19000000000001 116.56263579907886 29.490109286007737
      vertex 66.19000000000001 126.56223179990685 33.35358955905492
      vertex 66.19000000000001 126.24139231718306 34.18399763198711
    endloop
  endfacet
  facet normal 0 0.9327981344055983 0.3603992792021585
    outer loop
      vertex 61.19000000000001 126.24139231718306 34.18399763198711
      vertex 66.19000000000001 126.24139231718306 34.18399763198711
      vertex 66.19000000000001 126.56223179990685 33.35358955905492
    endloop
  endfacet
  facet normal -3.4981323140350995e-15 0.36039927920216025 -0.9327981344055976
    outer loop
      vertex 61.2 111.89864512705087 27.688112889996926
      vertex 8 188.8 57.4
      vertex 61.417798502486576 113.18135974459484 28.183707174048003
    endloop
  endfacet
  facet normal 2.06563813086644e-15 0.3603992792021637 -0.9327981344055963
    outer loop
      vertex 61.417798502486576 113.18135974459484 28.183707174048003
      vertex 8 188.8 57.4
      vertex 62.04987437503149 114.33851331817533 28.63078923656774
    endloop
  endfacet
  facet normal 7.614754836531728e-18 -0.3603992792021624 0.9327981344055967
    outer loop
      vertex 8 98.4 26
      vertex 74.9 119.43450993093421 34.12696974604276
      vertex 74.9 165.3654900690658 51.87303025395724
    endloop
  endfacet
  facet normal -1.8038176044313494e-15 0.3603992792021612 -0.9327981344055973
    outer loop
      vertex 62.04987437503149 114.33851331817533 28.63078923656774
      vertex 8 188.8 57.4
      vertex 63.034355627298496 115.2568355936473 28.985595570272814
    endloop
  endfacet
  facet normal 2.8777290703530745e-15 0.36039927920216425 -0.932798134405596
    outer loop
      vertex 63.034355627298496 115.2568355936473 28.985595570272814
      vertex 8 188.8 57.4
      vertex 64.27487437503149 115.84643478835997 29.21339525913908
    endloop
  endfacet
  facet normal 5.220045119623365e-16 0.36039927920216264 -0.9327981344055967
    outer loop
      vertex 66.19000000000001 116.56263579907886 29.490109286007737
      vertex 8 188.8 57.4
      vertex 61.19000000000001 126.56223179990685 33.35358955905492
    endloop
  endfacet
  facet normal -3.921580750815776e-15 0.3603992792021597 -0.9327981344055979
    outer loop
      vertex 64.27487437503149 115.84643478835997 29.21339525913908
      vertex 8 188.8 57.4
      vertex 65.65 116.04959682515579 29.29188968244655
    endloop
  endfacet
  facet normal 9.54507100841235e-16 0.360399279202163 -0.9327981344055964
    outer loop
      vertex 65.65 116.04959682515579 29.29188968244655
      vertex 8 188.8 57.4
      vertex 66.19000000000001 116.56263579907886 29.490109286007737
    endloop
  endfacet
  facet normal 1 0 0
    outer loop
      vertex 61.19000000000001 126.24139231718306 34.18399763198711
      vertex 61.19000000000001 126.56223179990685 33.35358955905492
      vertex 61.19000000000001 160.28852422298735 47.33857132286604
    endloop
  endfacet
  facet normal -7.823932410258717e-16 0.3603992792021623 -0.9327981344055969
    outer loop
      vertex 66.19000000000001 126.24139231718306 34.18399763198711
      vertex 66.19000000000001 160.28852422298735 47.33857132286604
      vertex 74.9 120.29946820101941 31.888254223469332
    endloop
  endfacet
  facet normal 0 0.3603992792021623 -0.9327981344055969
    outer loop
      vertex 61.19000000000001 126.24139231718306 34.18399763198711
      vertex 66.19000000000001 160.28852422298735 47.33857132286604
      vertex 66.19000000000001 126.24139231718306 34.18399763198711
    endloop
  endfacet
  facet normal 1 0 0
    outer loop
      vertex 61.19000000000001 126.56223179990685 33.35358955905492
      vertex 61.19000000000001 160.60936370571113 46.50816324993385
      vertex 61.19000000000001 160.28852422298735 47.33857132286604
    endloop
  endfacet
  facet normal -3.679715129732894e-17 0.3603992792021623 -0.9327981344055969
    outer loop
      vertex 61.19000000000001 126.24139231718306 34.18399763198711
      vertex 61.19000000000001 160.28852422298735 47.33857132286604
      vertex 66.19000000000001 160.28852422298735 47.33857132286604
    endloop
  endfacet
  facet normal -7.989055169729593e-17 0.3603992792021624 -0.9327981344055968
    outer loop
      vertex 66.19000000000001 160.28852422298735 47.33857132286604
      vertex 74.9 166.230448339151 49.63431473138381
      vertex 74.9 120.29946820101941 31.888254223469332
    endloop
  endfacet
  facet normal 2.7019687661331848e-17 -0.3603992792021624 0.9327981344055968
    outer loop
      vertex 8 98.4 26
      vertex 74.9 165.3654900690658 51.87303025395724
      vertex 8 186.4 60
    endloop
  endfacet
  facet normal -1 0 0
    outer loop
      vertex 0 106.4 26
      vertex 0 194.4 60
      vertex 0 194.4 0
    endloop
  endfacet
  facet normal 0.9876883405951374 -0.15643446504023284 0
    outer loop
      vertex 2.4000000000000004 194.4 0
      vertex 2.674083508747141 196.1304951684997 57.4
      vertex 2.4000000000000004 194.4 57.4
    endloop
  endfacet
  facet normal -0.9876883405951375 0.1564344650402314 0
    outer loop
      vertex 0 194.4 0
      vertex 0 194.4 60
      vertex 0.39154786963877175 196.87213595499958 60
    endloop
  endfacet
  facet normal 0.891006524188368 -0.4539904997395465 0
    outer loop
      vertex 2.674083508747141 196.1304951684997 0
      vertex 3.469504831500295 197.69159741283784 57.4
      vertex 2.674083508747141 196.1304951684997 57.4
    endloop
  endfacet
  facet normal 0.7071067811865508 -0.7071067811865441 0
    outer loop
      vertex 3.469504831500295 197.69159741283784 0
      vertex 4.70840258716215 198.9304951684997 57.4
      vertex 3.469504831500295 197.69159741283784 57.4
    endloop
  endfacet
  facet normal -0.8910065241883686 0.45399049973954514 0
    outer loop
      vertex 1.5278640450004204 199.1022820183398 0
      vertex 0.39154786963877175 196.87213595499958 60
      vertex 1.5278640450004204 199.1022820183398 60
    endloop
  endfacet
  facet normal -0.7071067811865457 0.7071067811865493 0
    outer loop
      vertex 1.5278640450004204 199.1022820183398 0
      vertex 1.5278640450004204 199.1022820183398 60
      vertex 3.297717981660215 200.87213595499958 60
    endloop
  endfacet
  facet normal 0.4539904997395478 -0.8910065241883673 0
    outer loop
      vertex 4.70840258716215 198.9304951684997 0
      vertex 6.269504831500295 199.72591649125286 57.4
      vertex 4.70840258716215 198.9304951684997 57.4
    endloop
  endfacet
  facet normal 0.15643446504023073 -0.9876883405951379 0
    outer loop
      vertex 6.269504831500295 199.72591649125286 0
      vertex 8 200 57.4
      vertex 6.269504831500295 199.72591649125286 57.4
    endloop
  endfacet
  facet normal -0.45399049973954925 0.8910065241883667 0
    outer loop
      vertex 5.52786404500042 202.00845213036123 0
      vertex 3.297717981660215 200.87213595499958 60
      vertex 5.52786404500042 202.00845213036123 60
    endloop
  endfacet
  facet normal -0.15643446504023065 0.9876883405951378 0
    outer loop
      vertex 8 202.4 0
      vertex 5.52786404500042 202.00845213036123 60
      vertex 8 202.4 60
    endloop
  endfacet
  facet normal 0.33905197983177376 0.3390519798317713 -0.8775463007410553
    outer loop
      vertex 3.469504831500295 103.10840258716216 23.4
      vertex 3.469504831500295 191.10840258716217 57.4
      vertex 4.70840258716215 189.8695048315003 57.4
    endloop
  endfacet
  facet normal 0.18061263926454954 0.3544722632476175 -0.9174576225232453
    outer loop
      vertex 4.70840258716215 101.86950483150031 23.4
      vertex 4.70840258716215 189.8695048315003 57.4
      vertex 6.269504831500295 189.07408350874715 57.4
    endloop
  endfacet
  facet normal 0.056988869835941404 0.35981356324629094 -0.9312821636962826
    outer loop
      vertex 6.269504831500295 107.80349527345304 26
      vertex 6.269504831500295 189.07408350874715 57.4
      vertex 8 188.8 57.4
    endloop
  endfacet
  facet normal -0.056988869835940856 -0.359813563246291 0.9312821636962826
    outer loop
      vertex 8 98.4 26
      vertex 8 186.4 60
      vertex 5.52786404500042 186.79154786963878 60
    endloop
  endfacet
  facet normal -0.577468169755866 -0.29423472876358103 0.7615487097410331
    outer loop
      vertex 1.5278640450004204 101.69771798166022 26
      vertex 1.5278640450004204 189.69771798166022 60
      vertex 0.39154786963877175 191.92786404500043 60
    endloop
  endfacet
  facet normal -0.3390519798317695 -0.3390519798317718 0.8775463007410567
    outer loop
      vertex 3.297717981660215 99.92786404500043 26
      vertex 3.297717981660215 187.92786404500043 60
      vertex 1.5278640450004204 189.69771798166022 60
    endloop
  endfacet
  facet normal -0.18061263926455096 -0.35447226324761744 0.9174576225232449
    outer loop
      vertex 3.297717981660215 99.92786404500043 26
      vertex 5.52786404500042 186.79154786963878 60
      vertex 3.297717981660215 187.92786404500043 60
    endloop
  endfacet
  facet normal -0.9154940231085256 -0.14500000847050215 0.37529413957071145
    outer loop
      vertex 0.39154786963877175 103.92786404500043 26
      vertex 0.39154786963877175 191.92786404500043 60
      vertex 0 194.4 60
    endloop
  endfacet
  facet normal 0.5774681697558626 0.29423472876358187 -0.7615487097410355
    outer loop
      vertex 2.674083508747141 111.39891659620619 26
      vertex 2.674083508747141 192.66950483150032 57.4
      vertex 3.469504831500295 191.10840258716217 57.4
    endloop
  endfacet
  facet normal 0.9154940231085235 0.14500000847050393 -0.37529413957071606
    outer loop
      vertex 2.4000000000000004 111.97441797333937 25.55375239879021
      vertex 2.4000000000000004 194.4 57.4
      vertex 2.674083508747141 192.66950483150032 57.4
    endloop
  endfacet
  facet normal 0 0 -1
    outer loop
      vertex 6.269504831500295 189.07408350874715 57.4
      vertex 4.70840258716215 189.8695048315003 57.4
      vertex 8 188.8 57.4
    endloop
  endfacet
  facet normal 0 0 1
    outer loop
      vertex 1.5278640450004204 189.69771798166022 60
      vertex 3.297717981660215 187.92786404500043 60
      vertex 5.52786404500042 186.79154786963878 60
    endloop
  endfacet
  facet normal 0 0 1
    outer loop
      vertex 1.5278640450004204 189.69771798166022 60
      vertex 5.52786404500042 186.79154786963878 60
      vertex 0.39154786963877175 191.92786404500043 60
    endloop
  endfacet
  facet normal 0 0 1
    outer loop
      vertex 8 186.4 60
      vertex 0.39154786963877175 191.92786404500043 60
      vertex 5.52786404500042 186.79154786963878 60
    endloop
  endfacet
  facet normal 0 0 -1
    outer loop
      vertex 3.469504831500295 191.10840258716217 57.4
      vertex 2.674083508747141 192.66950483150032 57.4
      vertex 4.70840258716215 189.8695048315003 57.4
    endloop
  endfacet
  facet normal 0 0 -1
    outer loop
      vertex 2.674083508747141 192.66950483150032 57.4
      vertex 2.4000000000000004 194.4 57.4
      vertex 2.674083508747141 196.1304951684997 57.4
    endloop
  endfacet
  facet normal 0 0 -1
    outer loop
      vertex 2.674083508747141 192.66950483150032 57.4
      vertex 2.674083508747141 196.1304951684997 57.4
      vertex 4.70840258716215 198.9304951684997 57.4
    endloop
  endfacet
  facet normal 0 0 -1
    outer loop
      vertex 8 188.8 57.4
      vertex 4.70840258716215 189.8695048315003 57.4
      vertex 2.674083508747141 192.66950483150032 57.4
    endloop
  endfacet
  facet normal 0 0 -1
    outer loop
      vertex 8 188.8 57.4
      vertex 2.674083508747141 192.66950483150032 57.4
      vertex 4.70840258716215 198.9304951684997 57.4
    endloop
  endfacet
  facet normal 0 0 1
    outer loop
      vertex 8 186.4 60
      vertex 0.39154786963877175 196.87213595499958 60
      vertex 0.39154786963877175 191.92786404500043 60
    endloop
  endfacet
  facet normal 0 0 1
    outer loop
      vertex 0.39154786963877175 191.92786404500043 60
      vertex 0.39154786963877175 196.87213595499958 60
      vertex 0 194.4 60
    endloop
  endfacet
  facet normal 0 0 1
    outer loop
      vertex 8 186.4 60
      vertex 3.297717981660215 200.87213595499958 60
      vertex 0.39154786963877175 196.87213595499958 60
    endloop
  endfacet
  facet normal 0 0 -1
    outer loop
      vertex 2.674083508747141 196.1304951684997 57.4
      vertex 3.469504831500295 197.69159741283784 57.4
      vertex 4.70840258716215 198.9304951684997 57.4
    endloop
  endfacet
  facet normal 0 0 -1
    outer loop
      vertex 4.70840258716215 198.9304951684997 57.4
      vertex 6.269504831500295 199.72591649125286 57.4
      vertex 8 200 57.4
    endloop
  endfacet
  facet normal 0 0 1
    outer loop
      vertex 0.39154786963877175 196.87213595499958 60
      vertex 3.297717981660215 200.87213595499958 60
      vertex 1.5278640450004204 199.1022820183398 60
    endloop
  endfacet
  facet normal 0 0 1
    outer loop
      vertex 3.297717981660215 200.87213595499958 60
      vertex 8 202.4 60
      vertex 5.52786404500042 202.00845213036123 60
    endloop
  endfacet
  facet normal 2.6951029994500186e-16 0.3603992792021626 -0.9327981344055968
    outer loop
      vertex 61.19000000000001 126.56223179990685 33.35358955905492
      vertex 8 188.8 57.4
      vertex 61.19000000000001 160.60936370571113 46.50816324993385
    endloop
  endfacet
  facet normal -9.520133446719228e-17 0.36039927920216175 -0.932798134405597
    outer loop
      vertex 8 188.8 57.4
      vertex 66.19000000000001 160.60936370571113 46.50816324993385
      vertex 61.19000000000001 160.60936370571113 46.50816324993385
    endloop
  endfacet
  facet normal -1.082656318679791e-16 0.36039927920216197 -0.9327981344055969
    outer loop
      vertex 8 188.8 57.4
      vertex 64.27487437503149 171.32516071725803 50.64835754984969
      vertex 66.19000000000001 160.60936370571113 46.50816324993385
    endloop
  endfacet
  facet normal 2.3766215038592154e-18 -0.9327981344056027 -0.36039927920214726
    outer loop
      vertex 61.19000000000001 160.60936370571113 46.50816324993385
      vertex 66.19000000000001 160.28852422298735 47.33857132286604
      vertex 61.19000000000001 160.28852422298735 47.33857132286604
    endloop
  endfacet
  facet normal 0 -0.9327981344056027 -0.36039927920214726
    outer loop
      vertex 61.19000000000001 160.60936370571113 46.50816324993385
      vertex 66.19000000000001 160.60936370571113 46.50816324993385
      vertex 66.19000000000001 160.28852422298735 47.33857132286604
    endloop
  endfacet
  facet normal 1 0 0
    outer loop
      vertex 66.19000000000001 160.60936370571113 46.50816324993385
      vertex 66.19000000000001 170.28812022381533 51.20205159591322
      vertex 66.19000000000001 160.28852422298735 47.33857132286604
    endloop
  endfacet
  facet normal 1.826081612786963e-15 0.36039927920216297 -0.9327981344055964
    outer loop
      vertex 63.034355627298496 173.21571718565662 47.50897370682296
      vertex 62.04987437503149 174.13403946112857 47.86378004052803
      vertex 63.10159646771892 174.84680994392897 48.13916863615546
    endloop
  endfacet
  facet normal -1.7676172049574602e-14 0.3603992792021637 -0.9327981344055963
    outer loop
      vertex 63.034355627298496 173.21571718565662 47.50897370682296
      vertex 63.10159646771892 174.84680994392897 48.13916863615546
      vertex 63.79847645527872 174.19676159162861 47.88801359094849
    endloop
  endfacet
  facet normal -7.672923619674337e-15 0.36039927920216785 -0.9327981344055946
    outer loop
      vertex 63.034355627298496 173.21571718565662 47.50897370682296
      vertex 64.67659646771892 173.77940485829268 47.72676212579597
      vertex 64.27487437503149 172.62611799094395 47.28117401795669
    endloop
  endfacet
  facet normal 4.895093121078442e-15 0.36039927920216536 -0.9327981344055956
    outer loop
      vertex 64.27487437503149 172.62611799094395 47.28117401795669
      vertex 65.65 173.6355935288754 47.67119865761203
      vertex 65.65 172.42295595414814 47.20267959464922
    endloop
  endfacet
  facet normal 6.412503030772062e-15 0.36039927920216364 -0.9327981344055963
    outer loop
      vertex 64.27487437503149 172.62611799094395 47.28117401795669
      vertex 64.67659646771892 173.77940485829268 47.72676212579597
      vertex 65.65 173.6355935288754 47.67119865761203
    endloop
  endfacet
  facet normal -6.703512470781143e-15 0.3603992792021654 -0.9327981344055956
    outer loop
      vertex 65.65 172.42295595414814 47.20267959464922
      vertex 65.65 173.6355935288754 47.67119865761203
      vertex 66.62340353228109 173.77940485829268 47.72676212579597
    endloop
  endfacet
  facet normal -1.748328228572802e-15 0.36039927920215287 -0.9327981344056006
    outer loop
      vertex 63.034355627298496 173.21571718565662 47.50897370682296
      vertex 63.79847645527872 174.19676159162861 47.88801359094849
      vertex 64.67659646771892 173.77940485829268 47.72676212579597
    endloop
  endfacet
  facet normal 0.45399049973953715 0.831129223506126 0.32111810908192234
    outer loop
      vertex 64.67659646771892 173.77940485829268 47.72676212579597
      vertex 63.79847645527872 174.01656195202753 48.35441265815129
      vertex 64.67659646771892 173.5992052186916 48.193161192998765
    endloop
  endfacet
  facet normal -0.15643446504025224 0.9213138414812972 0.355962166026876
    outer loop
      vertex 65.65 173.6355935288754 47.67119865761203
      vertex 65.65 173.45539388927432 48.137597724814825
      vertex 66.62340353228109 173.77940485829268 47.72676212579597
    endloop
  endfacet
  facet normal 0.15643446504025224 0.9213138414812972 0.355962166026876
    outer loop
      vertex 64.67659646771892 173.77940485829268 47.72676212579597
      vertex 64.67659646771892 173.5992052186916 48.193161192998765
      vertex 65.65 173.6355935288754 47.67119865761203
    endloop
  endfacet
  facet normal 0.1564344650402522 0.9213138414812972 0.355962166026876
    outer loop
      vertex 65.65 173.6355935288754 47.67119865761203
      vertex 64.67659646771892 173.5992052186916 48.193161192998765
      vertex 65.65 173.45539388927432 48.137597724814825
    endloop
  endfacet
  facet normal -4.6791320120131095e-15 0.36039927920216414 -0.9327981344055961
    outer loop
      vertex 65.65 172.42295595414814 47.20267959464922
      vertex 66.62340353228109 173.77940485829268 47.72676212579597
      vertex 67.02512562496852 172.62611799094395 47.28117401795669
    endloop
  endfacet
  facet normal 1.2060495817737602e-14 0.36039927920215986 -0.9327981344055978
    outer loop
      vertex 67.02512562496852 172.62611799094395 47.28117401795669
      vertex 67.5015235447213 174.19676159162861 47.88801359094849
      vertex 68.26564437270152 173.21571718565662 47.50897370682296
    endloop
  endfacet
  facet normal -4.43842697601062e-15 0.36039927920216425 -0.9327981344055961
    outer loop
      vertex 67.02512562496852 172.62611799094395 47.28117401795669
      vertex 66.62340353228109 173.77940485829268 47.72676212579597
      vertex 67.5015235447213 174.19676159162861 47.88801359094849
    endloop
  endfacet
  facet normal -0.1564344650402522 0.9213138414812972 0.355962166026876
    outer loop
      vertex 66.62340353228109 173.77940485829268 47.72676212579597
      vertex 65.65 173.45539388927432 48.137597724814825
      vertex 66.62340353228109 173.5992052186916 48.193161192998765
    endloop
  endfacet
  facet normal -0.4539904997395351 0.831129223506127 0.32111810908192273
    outer loop
      vertex 66.62340353228109 173.77940485829268 47.72676212579597
      vertex 66.62340353228109 173.5992052186916 48.193161192998765
      vertex 67.5015235447213 174.19676159162861 47.88801359094849
    endloop
  endfacet
  facet normal 0.4539904997395351 0.8311292235061286 0.3211181090819185
    outer loop
      vertex 64.67659646771892 173.77940485829268 47.72676212579597
      vertex 63.79847645527872 174.19676159162861 47.88801359094849
      vertex 63.79847645527872 174.01656195202753 48.35441265815129
    endloop
  endfacet
  facet normal 1.7612307803829978e-14 0.3603992792021637 -0.9327981344055963
    outer loop
      vertex 68.26564437270152 173.21571718565662 47.50897370682296
      vertex 67.5015235447213 174.19676159162861 47.88801359094849
      vertex 68.19840353228109 174.84680994392897 48.13916863615546
    endloop
  endfacet
  facet normal -2.2565453998607364e-14 0.3603992792021622 -0.9327981344055969
    outer loop
      vertex 68.26564437270152 173.21571718565662 47.50897370682296
      vertex 68.19840353228109 174.84680994392897 48.13916863615546
      vertex 68.64582802632974 175.66591865331742 48.455642455691894
    endloop
  endfacet
  facet normal -0.4539904997395325 -0.831129223506132 -0.3211181090819129
    outer loop
      vertex 63.034355627298496 173.21571718565662 47.50897370682296
      vertex 64.27487437503149 172.62611799094395 47.28117401795669
      vertex 63.034355627298496 171.9147599119707 50.876157238715955
    endloop
  endfacet
  facet normal -0.7071067811865493 -0.6595878863163566 -0.2548407742585915
    outer loop
      vertex 63.034355627298496 173.21571718565662 47.50897370682296
      vertex 62.04987437503149 172.83308218744264 51.23096357242102
      vertex 62.04987437503149 174.13403946112857 47.86378004052803
    endloop
  endfacet
  facet normal -0.7071067811865485 -0.6595878863163577 -0.25484077425859136
    outer loop
      vertex 63.034355627298496 173.21571718565662 47.50897370682296
      vertex 63.034355627298496 171.9147599119707 50.876157238715955
      vertex 62.04987437503149 172.83308218744264 51.23096357242102
    endloop
  endfacet
  facet normal -9.304317213131597e-18 0.3603992792021575 -0.9327981344055987
    outer loop
      vertex 61.417798502486576 175.29119303470907 48.31086210304777
      vertex 61.2 176.57390765225304 48.80645638709884
      vertex 61.417798502486576 177.85662226979701 49.302050671149914
    endloop
  endfacet
  facet normal 8.053885669359961e-15 0.36039927920215903 -0.9327981344055981
    outer loop
      vertex 62.04987437503149 174.13403946112857 47.86378004052803
      vertex 62.5 176.57390765225304 48.80645638709884
      vertex 62.65417197367027 175.66591865331742 48.4556424556919
    endloop
  endfacet
  facet normal 0.7071067811865411 0.6595878863163628 0.2548407742585988
    outer loop
      vertex 63.79847645527872 174.19676159162861 47.88801359094849
      vertex 63.10159646771892 174.6666103043279 48.605567703358254
      vertex 63.79847645527872 174.01656195202753 48.35441265815129
    endloop
  endfacet
  facet normal 0.7071067811865424 0.6595878863163602 0.25484077425860174
    outer loop
      vertex 63.79847645527872 174.19676159162861 47.88801359094849
      vertex 63.10159646771892 174.84680994392897 48.13916863615546
      vertex 63.10159646771892 174.6666103043279 48.605567703358254
    endloop
  endfacet
  facet normal -6.3594302677602685e-15 0.3603992792021653 -0.9327981344055957
    outer loop
      vertex 63.10159646771892 174.6666103043279 48.605567703358254
      vertex 64.09236908142495 174.39388672355523 48.50019722896881
      vertex 63.79847645527872 174.01656195202753 48.35441265815129
    endloop
  endfacet
  facet normal 3.83532402402865e-15 0.3603992792021604 -0.9327981344055977
    outer loop
      vertex 62.04987437503149 174.13403946112857 47.86378004052803
      vertex 62.65417197367027 175.66591865331742 48.4556424556919
      vertex 63.10159646771892 174.84680994392897 48.13916863615546
    endloop
  endfacet
  facet normal 0.8910065241883693 0.4234814911949094 0.1636178488707656
    outer loop
      vertex 63.10159646771892 174.84680994392897 48.13916863615546
      vertex 62.65417197367027 175.48571901371633 48.9220415228947
      vertex 63.10159646771892 174.6666103043279 48.605567703358254
    endloop
  endfacet
  facet normal 0.8910065241883688 0.4234814911949113 0.16361784887076383
    outer loop
      vertex 63.10159646771892 174.84680994392897 48.13916863615546
      vertex 62.65417197367027 175.66591865331742 48.4556424556919
      vertex 62.65417197367027 175.48571901371633 48.9220415228947
    endloop
  endfacet
  facet normal -1.2935859467504174e-14 0.36039927920214465 -0.9327981344056037
    outer loop
      vertex 63.10159646771892 174.6666103043279 48.605567703358254
      vertex 63.5061049649064 174.9407527977127 48.71148639398419
      vertex 64.09236908142495 174.39388672355523 48.50019722896881
    endloop
  endfacet
  facet normal -2.25813412673678e-14 0.360399279202157 -0.9327981344055988
    outer loop
      vertex 63.10159646771892 174.6666103043279 48.605567703358254
      vertex 63.12970023181785 175.62984425164265 48.97772627391168
      vertex 63.5061049649064 174.9407527977127 48.71148639398419
    endloop
  endfacet
  facet normal -6.41591044281593e-15 0.36039927920216025 -0.9327981344055976
    outer loop
      vertex 62.04987437503149 174.13403946112857 47.86378004052803
      vertex 61.417798502486576 175.29119303470907 48.31086210304777
      vertex 62.04987437503149 179.01377584337752 49.749132733669654
    endloop
  endfacet
  facet normal -3.0197553240043045e-13 0.3603992792022103 -0.9327981344055783
    outer loop
      vertex 62.04987437503149 174.13403946112857 47.86378004052803
      vertex 62.65417197367027 177.48189665118866 49.15727031850579
      vertex 62.5 176.57390765225304 48.80645638709884
    endloop
  endfacet
  facet normal 0.9876883405951369 0.14592177714626967 0.056378868442878705
    outer loop
      vertex 62.65417197367027 175.66591865331742 48.4556424556919
      vertex 62.5 176.57390765225304 48.80645638709884
      vertex 62.5 176.39370801265196 49.272855454301634
    endloop
  endfacet
  facet normal 0.9876883405951368 0.14592177714627033 0.05637886844287808
    outer loop
      vertex 62.65417197367027 175.48571901371633 48.9220415228947
      vertex 62.65417197367027 175.66591865331742 48.4556424556919
      vertex 62.5 176.39370801265196 49.272855454301634
    endloop
  endfacet
  facet normal 1.377524119821955e-15 0.36039927920215636 -0.932798134405599
    outer loop
      vertex 63.10159646771892 174.6666103043279 48.605567703358254
      vertex 63 176.39370801265198 49.27285545430164
      vertex 63.12970023181785 175.62984425164265 48.97772627391168
    endloop
  endfacet
  facet normal -1.6423336452880824e-14 0.36039927920215775 -0.9327981344055986
    outer loop
      vertex 63.10159646771892 174.6666103043279 48.605567703358254
      vertex 62.65417197367027 175.48571901371633 48.9220415228947
      vertex 62.65417197367027 177.30169701158758 49.62366938570858
    endloop
  endfacet
  facet normal -0.9876883405951372 -0.14592177714626844 -0.05637886844287616
    outer loop
      vertex 61.417798502486576 175.29119303470907 48.31086210304777
      vertex 61.2 175.27295037856712 52.17363991899184
      vertex 61.2 176.57390765225304 48.80645638709884
    endloop
  endfacet
  facet normal -0.8910065241883682 -0.4234814911949131 -0.16361784887076097
    outer loop
      vertex 62.04987437503149 174.13403946112857 47.86378004052803
      vertex 61.417798502486576 173.99023576102314 51.678045634940766
      vertex 61.417798502486576 175.29119303470907 48.31086210304777
    endloop
  endfacet
  facet normal 0.7071067811865568 0.6595878863163498 0.25484077425858875
    outer loop
      vertex 63.5061049649064 174.9407527977127 48.71148639398419
      vertex 63.5061049649064 173.35499596922318 52.81579818536881
      vertex 64.09236908142495 174.39388672355523 48.50019722896881
    endloop
  endfacet
  facet normal 0.9876883405951369 -0.1459217771462693 -0.056378868442878545
    outer loop
      vertex 62.5 176.57390765225304 48.80645638709884
      vertex 62.65417197367027 177.30169701158758 49.62366938570858
      vertex 62.5 176.39370801265196 49.272855454301634
    endloop
  endfacet
  facet normal -4.037307580027243e-14 0.3603992792021542 -0.9327981344055999
    outer loop
      vertex 63.10159646771892 174.6666103043279 48.605567703358254
      vertex 62.65417197367027 177.30169701158758 49.62366938570858
      vertex 63 176.39370801265198 49.27285545430164
    endloop
  endfacet
  facet normal 4.2980540709178994e-14 0.36039927920215775 -0.9327981344055986
    outer loop
      vertex 62.65417197367027 175.48571901371633 48.9220415228947
      vertex 62.5 176.39370801265196 49.272855454301634
      vertex 62.65417197367027 177.30169701158758 49.62366938570858
    endloop
  endfacet
  facet normal -0.8910065241883688 -0.42348149119491235 -0.16361784887076103
    outer loop
      vertex 62.04987437503149 174.13403946112857 47.86378004052803
      vertex 62.04987437503149 172.83308218744264 51.23096357242102
      vertex 61.417798502486576 173.99023576102314 51.678045634940766
    endloop
  endfacet
  facet normal -0.9876883405951372 -0.14592177714626844 -0.05637886844287616
    outer loop
      vertex 61.417798502486576 175.29119303470907 48.31086210304777
      vertex 61.417798502486576 173.99023576102314 51.678045634940766
      vertex 61.2 175.27295037856712 52.17363991899184
    endloop
  endfacet
  facet normal -0.987688340595137 0.14592177714626847 0.05637886844287605
    outer loop
      vertex 61.2 176.57390765225304 48.80645638709884
      vertex 61.417798502486576 176.5556649961111 52.66923420304292
      vertex 61.417798502486576 177.85662226979701 49.302050671149914
    endloop
  endfacet
  facet normal 0.8910065241883672 0.4234814911949152 0.16361784887076206
    outer loop
      vertex 63.5061049649064 174.9407527977127 48.71148639398419
      vertex 63.12970023181785 175.62984425164265 48.97772627391168
      vertex 63.12970023181785 174.04408742315314 53.0820380652963
    endloop
  endfacet
  facet normal 0.9876883405951365 0.14592177714627133 0.05637886844287836
    outer loop
      vertex 63.12970023181785 175.62984425164265 48.97772627391168
      vertex 63 176.39370801265198 49.27285545430164
      vertex 63 174.80795118416245 53.377167245686266
    endloop
  endfacet
  facet normal 0.9876883405951358 -0.14592177714627627 -0.05637886844287926
    outer loop
      vertex 63 176.39370801265198 49.27285545430164
      vertex 63.12970023181785 177.1575717736613 49.567984634691605
      vertex 63.12970023181785 175.57181494517178 53.67229642607623
    endloop
  endfacet
  facet normal -0.9876883405951372 0.14592177714626817 0.05637886844287605
    outer loop
      vertex 61.2 176.57390765225304 48.80645638709884
      vertex 61.2 175.27295037856712 52.17363991899184
      vertex 61.417798502486576 176.5556649961111 52.66923420304292
    endloop
  endfacet
  facet normal 0.8910065241883672 0.4234814911949151 0.16361784887076206
    outer loop
      vertex 63.5061049649064 174.9407527977127 48.71148639398419
      vertex 63.12970023181785 174.04408742315314 53.0820380652963
      vertex 63.5061049649064 173.35499596922318 52.81579818536881
    endloop
  endfacet
  facet normal 0.9876883405951358 0.14592177714627627 0.05637886844287926
    outer loop
      vertex 63.12970023181785 175.62984425164265 48.97772627391168
      vertex 63 174.80795118416245 53.377167245686266
      vertex 63.12970023181785 174.04408742315314 53.0820380652963
    endloop
  endfacet
  facet normal 0.8910065241883667 -0.4234814911949164 -0.16361784887076228
    outer loop
      vertex 63.5061049649064 176.26090639910174 53.93853630600372
      vertex 63.12970023181785 177.1575717736613 49.567984634691605
      vertex 63.5061049649064 177.84666322759125 49.83422451461909
    endloop
  endfacet
  facet normal 2.878482872613928e-15 0.3603992792021624 -0.9327981344055968
    outer loop
      vertex 66.19000000000001 160.60936370571113 46.50816324993385
      vertex 64.27487437503149 171.32516071725803 50.64835754984969
      vertex 66.19000000000001 170.6089597065391 50.371643522981024
    endloop
  endfacet
  facet normal 1 0 0
    outer loop
      vertex 66.19000000000001 160.60936370571113 46.50816324993385
      vertex 66.19000000000001 170.6089597065391 50.371643522981024
      vertex 66.19000000000001 170.28812022381533 51.20205159591322
    endloop
  endfacet
  facet normal -5.150492631401694e-16 0.360399279202163 -0.9327981344055967
    outer loop
      vertex 66.19000000000001 160.28852422298735 47.33857132286604
      vertex 66.19000000000001 170.28812022381533 51.20205159591322
      vertex 74.9 166.230448339151 49.63431473138381
    endloop
  endfacet
  facet normal -0.1564344650402401 -0.9213138414813036 -0.35596216602686465
    outer loop
      vertex 64.27487437503149 172.62611799094395 47.28117401795669
      vertex 65.65 172.42295595414814 47.20267959464922
      vertex 64.27487437503149 171.32516071725803 50.64835754984969
    endloop
  endfacet
  facet normal -1.0193147421289633e-14 0.36039927920215126 -0.932798134405601
    outer loop
      vertex 64.67659646771892 173.5992052186916 48.193161192998765
      vertex 63.79847645527872 174.01656195202753 48.35441265815129
      vertex 64.8311049649064 174.0427770907488 48.36454123447541
    endloop
  endfacet
  facet normal 3.3304073341135248e-15 0.36039927920214554 -0.9327981344056033
    outer loop
      vertex 64.67659646771892 173.5992052186916 48.193161192998765
      vertex 65.65 173.92179295647713 48.3177973644159
      vertex 65.65 173.45539388927432 48.137597724814825
    endloop
  endfacet
  facet normal 2.610608906569654e-15 0.3603992792021474 -0.9327981344056024
    outer loop
      vertex 64.67659646771892 173.5992052186916 48.193161192998765
      vertex 64.8311049649064 174.0427770907488 48.36454123447541
      vertex 65.65 173.92179295647713 48.3177973644159
    endloop
  endfacet
  facet normal -2.302712611700697e-15 0.36039927920214554 -0.9327981344056033
    outer loop
      vertex 65.65 173.45539388927432 48.137597724814825
      vertex 65.65 173.92179295647713 48.3177973644159
      vertex 66.46889503509361 174.0427770907488 48.36454123447541
    endloop
  endfacet
  facet normal 0.15643446504024014 -0.9213138414813035 -0.35596216602686537
    outer loop
      vertex 65.65 172.42295595414814 47.20267959464922
      vertex 67.02512562496852 172.62611799094395 47.28117401795669
      vertex 65.65 171.1219986804622 50.56986312654222
    endloop
  endfacet
  facet normal -3.602770214071325e-15 0.3603992792021471 -0.9327981344056028
    outer loop
      vertex 65.65 173.45539388927432 48.137597724814825
      vertex 66.46889503509361 174.0427770907488 48.36454123447541
      vertex 66.62340353228109 173.5992052186916 48.193161192998765
    endloop
  endfacet
  facet normal 0.4539904997395325 -0.831129223506132 -0.3211181090819129
    outer loop
      vertex 67.02512562496852 172.62611799094395 47.28117401795669
      vertex 68.26564437270152 173.21571718565662 47.50897370682296
      vertex 67.02512562496852 171.32516071725803 50.648357549849685
    endloop
  endfacet
  facet normal -0.1564344650402419 -0.9213138414813031 -0.3559621660268652
    outer loop
      vertex 65.65 172.42295595414814 47.20267959464922
      vertex 65.65 171.1219986804622 50.56986312654222
      vertex 64.27487437503149 171.32516071725803 50.64835754984969
    endloop
  endfacet
  facet normal -0.4539904997395311 -0.831129223506133 -0.32111810908191263
    outer loop
      vertex 64.27487437503149 172.62611799094395 47.28117401795669
      vertex 64.27487437503149 171.32516071725803 50.64835754984969
      vertex 63.034355627298496 171.9147599119707 50.876157238715955
    endloop
  endfacet
  facet normal 0.45399049973952516 0.8311292235061355 0.3211181090819148
    outer loop
      vertex 64.09236908142495 174.39388672355523 48.50019722896881
      vertex 64.09236908142495 172.80812989506572 52.60450902035343
      vertex 64.8311049649064 174.0427770907488 48.36454123447541
    endloop
  endfacet
  facet normal 0.15643446504025868 0.9213138414812986 0.35596216602686975
    outer loop
      vertex 65.65 173.92179295647713 48.3177973644159
      vertex 64.8311049649064 174.0427770907488 48.36454123447541
      vertex 64.8311049649064 172.45702026225928 52.46885302586004
    endloop
  endfacet
  facet normal -0.15643446504025865 0.9213138414812986 0.35596216602686975
    outer loop
      vertex 65.65 173.92179295647713 48.3177973644159
      vertex 65.65 172.3360361279876 52.422109155800534
      vertex 66.46889503509361 174.0427770907488 48.36454123447541
    endloop
  endfacet
  facet normal 0.1564344650402402 -0.9213138414813035 -0.35596216602686537
    outer loop
      vertex 67.02512562496852 172.62611799094395 47.28117401795669
      vertex 67.02512562496852 171.32516071725803 50.648357549849685
      vertex 65.65 171.1219986804622 50.56986312654222
    endloop
  endfacet
  facet normal 0.45399049973953104 -0.8311292235061326 -0.32111810908191385
    outer loop
      vertex 68.26564437270152 173.21571718565662 47.50897370682296
      vertex 68.26564437270152 171.9147599119707 50.87615723871595
      vertex 67.02512562496852 171.32516071725803 50.648357549849685
    endloop
  endfacet
  facet normal -0.45399049973952516 0.8311292235061337 0.3211181090819193
    outer loop
      vertex 66.46889503509361 174.0427770907488 48.36454123447541
      vertex 66.46889503509361 172.45702026225928 52.46885302586004
      vertex 67.20763091857506 174.39388672355523 48.50019722896881
    endloop
  endfacet
  facet normal -1.0673201206344508e-14 0.36039927920216824 -0.9327981344055944
    outer loop
      vertex 63.79847645527872 174.01656195202753 48.35441265815129
      vertex 64.09236908142495 174.39388672355523 48.50019722896881
      vertex 64.8311049649064 174.0427770907488 48.36454123447541
    endloop
  endfacet
  facet normal 1.8513030433146962e-14 0.3603992792021538 -0.9327981344056001
    outer loop
      vertex 66.62340353228109 173.5992052186916 48.193161192998765
      vertex 66.46889503509361 174.0427770907488 48.36454123447541
      vertex 67.20763091857506 174.39388672355523 48.50019722896881
    endloop
  endfacet
  facet normal 3.531214806786001e-15 0.36039927920216347 -0.9327981344055964
    outer loop
      vertex 66.62340353228109 173.5992052186916 48.193161192998765
      vertex 67.20763091857506 174.39388672355523 48.50019722896881
      vertex 67.5015235447213 174.01656195202753 48.35441265815129
    endloop
  endfacet
  facet normal -0.45399049973953715 0.8311292235061276 0.3211181090819181
    outer loop
      vertex 67.5015235447213 174.19676159162861 47.88801359094849
      vertex 66.62340353228109 173.5992052186916 48.193161192998765
      vertex 67.5015235447213 174.01656195202753 48.35441265815129
    endloop
  endfacet
  facet normal -0.7071067811865424 0.6595878863163616 0.2548407742585983
    outer loop
      vertex 67.5015235447213 174.19676159162861 47.88801359094849
      vertex 67.5015235447213 174.01656195202753 48.35441265815129
      vertex 68.19840353228109 174.84680994392897 48.13916863615546
    endloop
  endfacet
  facet normal -2.7067096963172926e-15 0.36039927920215925 -0.9327981344055981
    outer loop
      vertex 67.5015235447213 174.01656195202753 48.35441265815129
      vertex 67.20763091857506 174.39388672355523 48.50019722896881
      vertex 67.79389503509361 174.9407527977127 48.71148639398419
    endloop
  endfacet
  facet normal -0.707106781186541 0.6595878863163614 0.25484077425860213
    outer loop
      vertex 67.5015235447213 174.01656195202753 48.35441265815129
      vertex 68.19840353228109 174.6666103043279 48.605567703358254
      vertex 68.19840353228109 174.84680994392897 48.13916863615546
    endloop
  endfacet
  facet normal 1.954315957592201e-14 0.3603992792021531 -0.9327981344056004
    outer loop
      vertex 67.5015235447213 174.01656195202753 48.35441265815129
      vertex 67.79389503509361 174.9407527977127 48.71148639398419
      vertex 68.19840353228109 174.6666103043279 48.605567703358254
    endloop
  endfacet
  facet normal 1.7830160978971058e-14 0.36039927920215087 -0.9327981344056012
    outer loop
      vertex 68.19840353228109 174.6666103043279 48.605567703358254
      vertex 67.79389503509361 174.9407527977127 48.71148639398419
      vertex 68.17029976818216 175.62984425164265 48.97772627391167
    endloop
  endfacet
  facet normal 7.73858589882198e-14 0.36039927920215237 -0.9327981344056007
    outer loop
      vertex 68.19840353228109 174.6666103043279 48.605567703358254
      vertex 68.17029976818216 175.62984425164265 48.97772627391167
      vertex 68.30000000000001 176.39370801265198 49.27285545430164
    endloop
  endfacet
  facet normal -0.7071067811865568 0.6595878863163498 0.25484077425858875
    outer loop
      vertex 67.20763091857506 174.39388672355523 48.50019722896881
      vertex 67.20763091857506 172.80812989506572 52.60450902035343
      vertex 67.79389503509361 174.9407527977127 48.71148639398419
    endloop
  endfacet
  facet normal 0.7071067811865493 -0.6595878863163566 -0.2548407742585915
    outer loop
      vertex 68.26564437270152 173.21571718565662 47.50897370682296
      vertex 69.25012562496852 174.13403946112857 47.86378004052803
      vertex 68.26564437270152 171.9147599119707 50.87615723871595
    endloop
  endfacet
  facet normal 0.7071067811865502 -0.6595878863163559 -0.2548407742585907
    outer loop
      vertex 69.25012562496852 174.13403946112857 47.86378004052803
      vertex 69.25012562496852 172.83308218744264 51.230963572421025
      vertex 68.26564437270152 171.9147599119707 50.87615723871595
    endloop
  endfacet
  facet normal -0.8910065241883682 0.4234814911949114 0.16361784887076636
    outer loop
      vertex 68.19840353228109 174.84680994392897 48.13916863615546
      vertex 68.19840353228109 174.6666103043279 48.605567703358254
      vertex 68.64582802632974 175.66591865331742 48.455642455691894
    endloop
  endfacet
  facet normal 1.05368484889677e-15 0.36039927920216025 -0.9327981344055977
    outer loop
      vertex 68.26564437270152 173.21571718565662 47.50897370682296
      vertex 69.25012562496852 179.01377584337752 49.749132733669654
      vertex 69.25012562496852 174.13403946112857 47.86378004052803
    endloop
  endfacet
  facet normal -0.8910065241883692 0.4234814911949112 0.16361784887076125
    outer loop
      vertex 68.19840353228109 174.6666103043279 48.605567703358254
      vertex 68.64582802632974 175.48571901371633 48.9220415228947
      vertex 68.64582802632974 175.66591865331742 48.455642455691894
    endloop
  endfacet
  facet normal 2.192979776928715e-14 0.3603992792021552 -0.9327981344055996
    outer loop
      vertex 68.19840353228109 174.6666103043279 48.605567703358254
      vertex 68.30000000000001 176.39370801265198 49.27285545430164
      vertex 68.64582802632974 175.48571901371633 48.9220415228947
    endloop
  endfacet
  facet normal 9.747302988914091e-14 0.36039927920214593 -0.9327981344056032
    outer loop
      vertex 68.26564437270152 173.21571718565662 47.50897370682296
      vertex 68.64582802632974 175.66591865331742 48.455642455691894
      vertex 69.25012562496852 179.01377584337752 49.749132733669654
    endloop
  endfacet
  facet normal 1.2226258082046143e-14 0.3603992792021575 -0.9327981344055987
    outer loop
      vertex 69.25012562496852 174.13403946112857 47.86378004052803
      vertex 69.88220149751344 177.85662226979701 49.302050671149914
      vertex 69.88220149751344 175.29119303470907 48.31086210304777
    endloop
  endfacet
  facet normal -0.987688340595137 0.1459217771462699 0.05637886844287705
    outer loop
      vertex 68.64582802632974 175.48571901371633 48.9220415228947
      vertex 68.80000000000001 176.57390765225304 48.80645638709884
      vertex 68.64582802632974 175.66591865331742 48.455642455691894
    endloop
  endfacet
  facet normal -0.9876883405951368 0.14592177714627003 0.056378868442878816
    outer loop
      vertex 68.64582802632974 175.48571901371633 48.9220415228947
      vertex 68.80000000000001 176.39370801265196 49.272855454301634
      vertex 68.80000000000001 176.57390765225304 48.80645638709884
    endloop
  endfacet
  facet normal -0.9876883405951369 -0.14592177714626967 -0.056378868442878684
    outer loop
      vertex 68.80000000000001 176.57390765225304 48.80645638709884
      vertex 68.80000000000001 176.39370801265196 49.272855454301634
      vertex 68.64582802632974 177.48189665118866 49.15727031850578
    endloop
  endfacet
  facet normal -3.0352130819661705e-13 0.36039927920220943 -0.9327981344055787
    outer loop
      vertex 68.64582802632974 175.66591865331742 48.455642455691894
      vertex 68.80000000000001 176.57390765225304 48.80645638709884
      vertex 69.25012562496852 179.01377584337752 49.749132733669654
    endloop
  endfacet
  facet normal -9.304317213131597e-18 0.3603992792021575 -0.9327981344055987
    outer loop
      vertex 69.88220149751344 175.29119303470907 48.31086210304777
      vertex 69.88220149751344 177.85662226979701 49.302050671149914
      vertex 70.10000000000001 176.57390765225304 48.80645638709884
    endloop
  endfacet
  facet normal -6.4993008345528014e-15 0.36039927920216025 -0.9327981344055976
    outer loop
      vertex 69.25012562496852 174.13403946112857 47.86378004052803
      vertex 69.25012562496852 179.01377584337752 49.749132733669654
      vertex 69.88220149751344 177.85662226979701 49.302050671149914
    endloop
  endfacet
  facet normal 0.8910065241883682 -0.4234814911949131 -0.16361784887076097
    outer loop
      vertex 69.25012562496852 174.13403946112857 47.86378004052803
      vertex 69.88220149751344 175.29119303470907 48.31086210304777
      vertex 69.25012562496852 172.83308218744264 51.230963572421025
    endloop
  endfacet
  facet normal 0.9876883405951371 -0.14592177714626842 -0.056378868442876255
    outer loop
      vertex 69.88220149751344 175.29119303470907 48.31086210304777
      vertex 70.10000000000001 176.57390765225304 48.80645638709884
      vertex 69.88220149751344 173.99023576102314 51.67804563494076
    endloop
  endfacet
  facet normal -4.29181119880357e-14 0.36039927920215775 -0.9327981344055986
    outer loop
      vertex 68.64582802632974 175.48571901371633 48.9220415228947
      vertex 68.64582802632974 177.30169701158758 49.62366938570858
      vertex 68.80000000000001 176.39370801265196 49.272855454301634
    endloop
  endfacet
  facet normal 5.474092415432424e-14 0.36039927920216613 -0.9327981344055953
    outer loop
      vertex 68.64582802632974 175.48571901371633 48.9220415228947
      vertex 68.30000000000001 176.39370801265198 49.27285545430164
      vertex 68.19840353228109 178.12080572097602 49.94014320524502
    endloop
  endfacet
  facet normal -0.9876883405951368 -0.14592177714626955 -0.056378868442877775
    outer loop
      vertex 68.80000000000001 176.39370801265196 49.272855454301634
      vertex 68.64582802632974 177.30169701158758 49.62366938570858
      vertex 68.64582802632974 177.48189665118866 49.15727031850578
    endloop
  endfacet
  facet normal -1.5579644608766333e-15 0.3603992792021578 -0.9327981344055986
    outer loop
      vertex 68.64582802632974 175.48571901371633 48.9220415228947
      vertex 68.19840353228109 178.12080572097602 49.94014320524502
      vertex 68.64582802632974 177.30169701158758 49.62366938570858
    endloop
  endfacet
  facet normal -2.584447922525205e-15 0.36039927920214976 -0.9327981344056016
    outer loop
      vertex 66.19000000000001 170.6089597065391 50.371643522981024
      vertex 64.27487437503149 171.32516071725803 50.64835754984969
      vertex 65.65 171.1219986804622 50.56986312654222
    endloop
  endfacet
  facet normal 0.15643446504025857 0.9213138414812986 0.35596216602686975
    outer loop
      vertex 65.65 173.92179295647713 48.3177973644159
      vertex 64.8311049649064 172.45702026225928 52.46885302586004
      vertex 65.65 172.3360361279876 52.422109155800534
    endloop
  endfacet
  facet normal -2.3054150672935807e-15 0.36039927920215004 -0.9327981344056014
    outer loop
      vertex 66.19000000000001 170.6089597065391 50.371643522981024
      vertex 65.65 171.1219986804622 50.56986312654222
      vertex 67.02512562496852 171.32516071725803 50.648357549849685
    endloop
  endfacet
  facet normal 0.4539904997395482 0.8311292235061228 0.32111810908191507
    outer loop
      vertex 64.8311049649064 174.0427770907488 48.36454123447541
      vertex 64.09236908142495 172.80812989506572 52.60450902035343
      vertex 64.8311049649064 172.45702026225928 52.46885302586004
    endloop
  endfacet
  facet normal 0.7071067811865568 0.6595878863163497 0.2548407742585887
    outer loop
      vertex 64.09236908142495 174.39388672355523 48.50019722896881
      vertex 63.5061049649064 173.35499596922318 52.81579818536881
      vertex 64.09236908142495 172.80812989506572 52.60450902035343
    endloop
  endfacet
  facet normal -0.1564344650402586 0.9213138414812986 0.35596216602686975
    outer loop
      vertex 66.46889503509361 174.0427770907488 48.36454123447541
      vertex 65.65 172.3360361279876 52.422109155800534
      vertex 66.46889503509361 172.45702026225928 52.46885302586004
    endloop
  endfacet
  facet normal -0.453990499739548 0.8311292235061246 0.3211181090819106
    outer loop
      vertex 67.20763091857506 174.39388672355523 48.50019722896881
      vertex 66.46889503509361 172.45702026225928 52.46885302586004
      vertex 67.20763091857506 172.80812989506572 52.60450902035343
    endloop
  endfacet
  facet normal -0.7071067811865567 0.6595878863163499 0.25484077425858875
    outer loop
      vertex 67.79389503509361 174.9407527977127 48.71148639398419
      vertex 67.20763091857506 172.80812989506572 52.60450902035343
      vertex 67.79389503509361 173.35499596922318 52.81579818536881
    endloop
  endfacet
  facet normal -0.8910065241883666 0.4234814911949163 0.1636178488707625
    outer loop
      vertex 67.79389503509361 174.9407527977127 48.71148639398419
      vertex 67.79389503509361 173.35499596922318 52.81579818536881
      vertex 68.17029976818216 175.62984425164265 48.97772627391167
    endloop
  endfacet
  facet normal -0.9876883405951367 0.14592177714627122 0.05637886844287721
    outer loop
      vertex 68.17029976818216 175.62984425164265 48.97772627391167
      vertex 68.17029976818216 174.04408742315314 53.0820380652963
      vertex 68.30000000000001 176.39370801265198 49.27285545430164
    endloop
  endfacet
  facet normal -0.9876883405951358 -0.14592177714627594 -0.056378868442880134
    outer loop
      vertex 68.30000000000001 176.39370801265198 49.27285545430164
      vertex 68.30000000000001 174.80795118416245 53.377167245686266
      vertex 68.17029976818216 177.1575717736613 49.567984634691605
    endloop
  endfacet
  facet normal -0.8910065241883666 -0.4234814911949163 -0.1636178488707625
    outer loop
      vertex 68.17029976818216 175.57181494517178 53.67229642607623
      vertex 67.79389503509361 177.84666322759125 49.83422451461909
      vertex 68.17029976818216 177.1575717736613 49.567984634691605
    endloop
  endfacet
  facet normal -0.8910065241883672 0.42348149119491524 0.1636178488707618
    outer loop
      vertex 68.17029976818216 175.62984425164265 48.97772627391167
      vertex 67.79389503509361 173.35499596922318 52.81579818536881
      vertex 68.17029976818216 174.04408742315314 53.0820380652963
    endloop
  endfacet
  facet normal -0.9876883405951358 0.14592177714627594 0.056378868442880134
    outer loop
      vertex 68.30000000000001 176.39370801265198 49.27285545430164
      vertex 68.17029976818216 174.04408742315314 53.0820380652963
      vertex 68.30000000000001 174.80795118416245 53.377167245686266
    endloop
  endfacet
  facet normal 0.891006524188368 -0.42348149119491374 -0.16361784887076158
    outer loop
      vertex 69.88220149751344 175.29119303470907 48.31086210304777
      vertex 69.88220149751344 173.99023576102314 51.67804563494076
      vertex 69.25012562496852 172.83308218744264 51.230963572421025
    endloop
  endfacet
  facet normal 0.9876883405951372 -0.1459217771462682 -0.056378868442876054
    outer loop
      vertex 70.10000000000001 176.57390765225304 48.80645638709884
      vertex 70.10000000000001 175.27295037856712 52.17363991899184
      vertex 69.88220149751344 173.99023576102314 51.67804563494076
    endloop
  endfacet
  facet normal 0.9876883405951372 0.14592177714626844 0.05637886844287616
    outer loop
      vertex 70.10000000000001 176.57390765225304 48.80645638709884
      vertex 69.88220149751344 177.85662226979701 49.302050671149914
      vertex 70.10000000000001 175.27295037856712 52.17363991899184
    endloop
  endfacet
  facet normal 0.9876883405951372 0.14592177714626822 0.05637886844287595
    outer loop
      vertex 70.10000000000001 175.27295037856712 52.17363991899184
      vertex 69.88220149751344 177.85662226979701 49.302050671149914
      vertex 69.88220149751344 176.5556649961111 52.66923420304292
    endloop
  endfacet
  facet normal 0.9876883405951365 -0.14592177714627133 -0.056378868442878344
    outer loop
      vertex 63 176.39370801265198 49.27285545430164
      vertex 63.12970023181785 175.57181494517178 53.67229642607623
      vertex 63 174.80795118416245 53.377167245686266
    endloop
  endfacet
  facet normal 0.8910065241883672 -0.4234814911949151 -0.16361784887076206
    outer loop
      vertex 63.12970023181785 175.57181494517178 53.67229642607623
      vertex 63.12970023181785 177.1575717736613 49.567984634691605
      vertex 63.5061049649064 176.26090639910174 53.93853630600372
    endloop
  endfacet
  facet normal 0.7071067811865567 -0.6595878863163499 -0.25484077425858837
    outer loop
      vertex 63.5061049649064 176.26090639910174 53.93853630600372
      vertex 63.5061049649064 177.84666322759125 49.83422451461909
      vertex 64.09236908142495 176.8077724732592 54.1498254710191
    endloop
  endfacet
  facet normal 8.651700605272872e-15 0.36039927920216475 -0.9327981344055959
    outer loop
      vertex 63.5061049649064 173.35499596922318 52.81579818536881
      vertex 63.5061049649064 176.26090639910174 53.93853630600372
      vertex 64.09236908142495 172.80812989506572 52.60450902035343
    endloop
  endfacet
  facet normal -1.1849053526086637e-14 0.360399279202162 -0.9327981344055969
    outer loop
      vertex 63.5061049649064 173.35499596922318 52.81579818536881
      vertex 63.12970023181785 174.04408742315314 53.0820380652963
      vertex 63.12970023181785 175.57181494517178 53.67229642607623
    endloop
  endfacet
  facet normal -3.938760511353756e-14 0.360399279202162 -0.9327981344055969
    outer loop
      vertex 63.12970023181785 174.04408742315314 53.0820380652963
      vertex 63 174.80795118416245 53.377167245686266
      vertex 63.12970023181785 175.57181494517178 53.67229642607623
    endloop
  endfacet
  facet normal 6.4439697948015215e-15 0.36039927920216475 -0.9327981344055959
    outer loop
      vertex 63.5061049649064 173.35499596922318 52.81579818536881
      vertex 63.12970023181785 175.57181494517178 53.67229642607623
      vertex 63.5061049649064 176.26090639910174 53.93853630600372
    endloop
  endfacet
  facet normal -0.9876883405951365 -0.14592177714627166 -0.056378868442877476
    outer loop
      vertex 68.17029976818216 175.57181494517178 53.67229642607623
      vertex 68.17029976818216 177.1575717736613 49.567984634691605
      vertex 68.30000000000001 174.80795118416245 53.377167245686266
    endloop
  endfacet
  facet normal -0.8910065241883673 -0.42348149119491524 -0.1636178488707618
    outer loop
      vertex 68.17029976818216 175.57181494517178 53.67229642607623
      vertex 67.79389503509361 176.26090639910174 53.93853630600372
      vertex 67.79389503509361 177.84666322759125 49.83422451461909
    endloop
  endfacet
  facet normal 9.031784917732905e-15 0.3603992792021626 -0.9327981344055967
    outer loop
      vertex 64.8311049649064 172.45702026225928 52.46885302586004
      vertex 64.09236908142495 172.80812989506572 52.60450902035343
      vertex 64.09236908142495 176.8077724732592 54.1498254710191
    endloop
  endfacet
  facet normal 5.077227255760549e-15 0.360399279202162 -0.9327981344055971
    outer loop
      vertex 65.65 172.3360361279876 52.422109155800534
      vertex 64.8311049649064 172.45702026225928 52.46885302586004
      vertex 64.8311049649064 177.15888210606562 54.28548146551249
    endloop
  endfacet
  facet normal -4.825240503350316e-15 0.36039927920216047 -0.9327981344055974
    outer loop
      vertex 65.65 172.3360361279876 52.422109155800534
      vertex 65.65 177.2798662403373 54.332225335572
      vertex 66.46889503509361 172.45702026225928 52.46885302586004
    endloop
  endfacet
  facet normal -6.303237974657063e-15 0.3603992792021625 -0.9327981344055968
    outer loop
      vertex 63.5061049649064 176.26090639910174 53.93853630600372
      vertex 64.09236908142495 176.8077724732592 54.1498254710191
      vertex 64.09236908142495 172.80812989506572 52.60450902035343
    endloop
  endfacet
  facet normal 5.069149861901978e-15 0.3603992792021619 -0.932798134405597
    outer loop
      vertex 64.8311049649064 172.45702026225928 52.46885302586004
      vertex 64.09236908142495 176.8077724732592 54.1498254710191
      vertex 64.8311049649064 177.15888210606562 54.28548146551249
    endloop
  endfacet
  facet normal -4.662530006652774e-15 0.36039927920216047 -0.9327981344055974
    outer loop
      vertex 65.65 172.3360361279876 52.422109155800534
      vertex 64.8311049649064 177.15888210606562 54.28548146551249
      vertex 65.65 177.2798662403373 54.332225335572
    endloop
  endfacet
  facet normal -8.74019076387702e-15 0.3603992792021619 -0.932798134405597
    outer loop
      vertex 66.46889503509361 172.45702026225928 52.46885302586004
      vertex 66.46889503509361 177.15888210606562 54.28548146551249
      vertex 67.20763091857506 172.80812989506572 52.60450902035343
    endloop
  endfacet
  facet normal -6.309043789087718e-15 0.3603992792021625 -0.9327981344055968
    outer loop
      vertex 67.20763091857506 172.80812989506572 52.60450902035343
      vertex 67.20763091857506 176.8077724732592 54.1498254710191
      vertex 67.79389503509361 173.35499596922318 52.81579818536881
    endloop
  endfacet
  facet normal 6.233333181985926e-15 0.36039927920216475 -0.9327981344055959
    outer loop
      vertex 67.79389503509361 173.35499596922318 52.81579818536881
      vertex 67.79389503509361 176.26090639910174 53.93853630600372
      vertex 68.17029976818216 174.04408742315314 53.0820380652963
    endloop
  endfacet
  facet normal 3.9560334565337225e-14 0.360399279202162 -0.9327981344055969
    outer loop
      vertex 68.17029976818216 174.04408742315314 53.0820380652963
      vertex 68.17029976818216 175.57181494517178 53.67229642607623
      vertex 68.30000000000001 174.80795118416245 53.377167245686266
    endloop
  endfacet
  facet normal 8.762528317019738e-15 0.36039927920216475 -0.9327981344055959
    outer loop
      vertex 67.79389503509361 173.35499596922318 52.81579818536881
      vertex 67.20763091857506 176.8077724732592 54.1498254710191
      vertex 67.79389503509361 176.26090639910174 53.93853630600372
    endloop
  endfacet
  facet normal -1.203212091350944e-14 0.360399279202162 -0.9327981344055969
    outer loop
      vertex 68.17029976818216 174.04408742315314 53.0820380652963
      vertex 67.79389503509361 176.26090639910174 53.93853630600372
      vertex 68.17029976818216 175.57181494517178 53.67229642607623
    endloop
  endfacet
  facet normal 4.896606621999953e-15 0.360399279202162 -0.9327981344055971
    outer loop
      vertex 66.46889503509361 172.45702026225928 52.46885302586004
      vertex 65.65 177.2798662403373 54.332225335572
      vertex 66.46889503509361 177.15888210606562 54.28548146551249
    endloop
  endfacet
  facet normal -4.868752459352682e-15 0.36039927920216247 -0.9327981344055967
    outer loop
      vertex 67.20763091857506 172.80812989506572 52.60450902035343
      vertex 66.46889503509361 177.15888210606562 54.28548146551249
      vertex 67.20763091857506 176.8077724732592 54.1498254710191
    endloop
  endfacet
  facet normal 9.729101095999627e-14 0.360399279202146 -0.9327981344056031
    outer loop
      vertex 62.04987437503149 174.13403946112857 47.86378004052803
      vertex 63.034355627298496 179.93209811884947 50.103939067374725
      vertex 62.65417197367027 177.48189665118866 49.15727031850579
    endloop
  endfacet
  facet normal 1.216162029517494e-14 0.3603992792021575 -0.9327981344055987
    outer loop
      vertex 61.417798502486576 175.29119303470907 48.31086210304777
      vertex 61.417798502486576 177.85662226979701 49.302050671149914
      vertex 62.04987437503149 179.01377584337752 49.749132733669654
    endloop
  endfacet
  facet normal 9.42230468883929e-16 0.36039927920216025 -0.9327981344055977
    outer loop
      vertex 62.04987437503149 174.13403946112857 47.86378004052803
      vertex 62.04987437503149 179.01377584337752 49.749132733669654
      vertex 63.034355627298496 179.93209811884947 50.103939067374725
    endloop
  endfacet
  facet normal 0.9876883405951369 -0.14592177714626928 -0.05637886844287856
    outer loop
      vertex 62.5 176.57390765225304 48.80645638709884
      vertex 62.65417197367027 177.48189665118866 49.15727031850579
      vertex 62.65417197367027 177.30169701158758 49.62366938570858
    endloop
  endfacet
  facet normal 0.8910065241883687 -0.4234814911949104 -0.163617848870766
    outer loop
      vertex 62.65417197367027 177.48189665118866 49.15727031850579
      vertex 63.10159646771892 178.12080572097602 49.94014320524502
      vertex 62.65417197367027 177.30169701158758 49.62366938570858
    endloop
  endfacet
  facet normal 0.8910065241883688 -0.4234814911949104 -0.163617848870766
    outer loop
      vertex 62.65417197367027 177.48189665118866 49.15727031850579
      vertex 63.10159646771892 178.3010053605771 49.47374413804223
      vertex 63.10159646771892 178.12080572097602 49.94014320524502
    endloop
  endfacet
  facet normal -1.7891881461502713e-15 0.3603992792021594 -0.932798134405598
    outer loop
      vertex 62.65417197367027 177.48189665118866 49.15727031850579
      vertex 63.034355627298496 179.93209811884947 50.103939067374725
      vertex 63.10159646771892 178.3010053605771 49.47374413804223
    endloop
  endfacet
  facet normal -1.1205284506161102e-14 0.3603992792021639 -0.9327981344055963
    outer loop
      vertex 63 176.39370801265198 49.27285545430164
      vertex 62.65417197367027 177.30169701158758 49.62366938570858
      vertex 63.10159646771892 178.12080572097602 49.94014320524502
    endloop
  endfacet
  facet normal 4.7081995423684255e-14 0.36039927920216097 -0.9327981344055974
    outer loop
      vertex 63 176.39370801265198 49.27285545430164
      vertex 63.10159646771892 178.12080572097602 49.94014320524502
      vertex 63.12970023181785 177.1575717736613 49.567984634691605
    endloop
  endfacet
  facet normal -6.222231457834713e-16 0.36039927920215964 -0.9327981344055978
    outer loop
      vertex 63.12970023181785 177.1575717736613 49.567984634691605
      vertex 63.10159646771892 178.12080572097602 49.94014320524502
      vertex 63.5061049649064 177.84666322759125 49.83422451461909
    endloop
  endfacet
  facet normal 0.707106781186541 -0.6595878863163614 -0.2548407742586022
    outer loop
      vertex 63.10159646771892 178.3010053605771 49.47374413804223
      vertex 63.79847645527872 178.95105371287747 49.72489918324919
      vertex 63.79847645527872 178.77085407327638 50.191298250451986
    endloop
  endfacet
  facet normal 4.876135923483163e-15 0.36039927920216674 -0.9327981344055951
    outer loop
      vertex 63.5061049649064 177.84666322759125 49.83422451461909
      vertex 63.10159646771892 178.12080572097602 49.94014320524502
      vertex 63.79847645527872 178.77085407327638 50.191298250451986
    endloop
  endfacet
  facet normal 0.707106781186541 -0.6595878863163614 -0.25484077425860213
    outer loop
      vertex 63.10159646771892 178.3010053605771 49.47374413804223
      vertex 63.79847645527872 178.77085407327638 50.191298250451986
      vertex 63.10159646771892 178.12080572097602 49.94014320524502
    endloop
  endfacet
  facet normal 1.2138354710728682e-14 0.36039927920215986 -0.9327981344055977
    outer loop
      vertex 63.10159646771892 178.3010053605771 49.47374413804223
      vertex 63.034355627298496 179.93209811884947 50.103939067374725
      vertex 63.79847645527872 178.95105371287747 49.72489918324919
    endloop
  endfacet
  facet normal 1.2052318238708714e-14 0.3603992792021599 -0.9327981344055978
    outer loop
      vertex 63.034355627298496 179.93209811884947 50.103939067374725
      vertex 64.27487437503149 180.52169731356213 50.331738756240995
      vertex 63.79847645527872 178.95105371287747 49.72489918324919
    endloop
  endfacet
  facet normal -0.8910065241883685 0.4234814911949133 0.16361784887076072
    outer loop
      vertex 61.417798502486576 177.85662226979701 49.302050671149914
      vertex 62.04987437503149 177.7128185696916 53.11631626556266
      vertex 62.04987437503149 179.01377584337752 49.749132733669654
    endloop
  endfacet
  facet normal -0.8910065241883685 0.4234814911949133 0.16361784887076072
    outer loop
      vertex 61.417798502486576 176.5556649961111 52.66923420304292
      vertex 62.04987437503149 177.7128185696916 53.11631626556266
      vertex 61.417798502486576 177.85662226979701 49.302050671149914
    endloop
  endfacet
  facet normal -0.7071067811865493 0.6595878863163568 0.25484077425859103
    outer loop
      vertex 62.04987437503149 179.01377584337752 49.749132733669654
      vertex 63.034355627298496 178.63114084516354 53.47112259926772
      vertex 63.034355627298496 179.93209811884947 50.103939067374725
    endloop
  endfacet
  facet normal -1.7390379014849534e-14 0.36039927920217285 -0.9327981344055928
    outer loop
      vertex 63.5061049649064 177.84666322759125 49.83422451461909
      vertex 63.79847645527872 178.77085407327638 50.191298250451986
      vertex 64.09236908142495 178.3935293017487 50.04551367963447
    endloop
  endfacet
  facet normal 0.45399049973955846 -0.8311292235061157 -0.32111810908191846
    outer loop
      vertex 63.79847645527872 178.95105371287747 49.72489918324919
      vertex 64.67659646771892 179.36841044621343 49.88615064840172
      vertex 64.67659646771892 179.18821080661235 50.35254971560451
    endloop
  endfacet
  facet normal -9.244822450622368e-15 0.36039927920216547 -0.9327981344055957
    outer loop
      vertex 63.79847645527872 178.95105371287747 49.72489918324919
      vertex 64.27487437503149 180.52169731356213 50.331738756240995
      vertex 64.67659646771892 179.36841044621343 49.88615064840172
    endloop
  endfacet
  facet normal -4.774775019033534e-14 0.36039927920216097 -0.9327981344055974
    outer loop
      vertex 68.30000000000001 176.39370801265198 49.27285545430164
      vertex 68.17029976818216 177.1575717736613 49.567984634691605
      vertex 68.19840353228109 178.12080572097602 49.94014320524502
    endloop
  endfacet
  facet normal 6.984972004626983e-16 0.3603992792021597 -0.9327981344055978
    outer loop
      vertex 68.17029976818216 177.1575717736613 49.567984634691605
      vertex 67.79389503509361 177.84666322759125 49.83422451461909
      vertex 68.19840353228109 178.12080572097602 49.94014320524502
    endloop
  endfacet
  facet normal -0.707106781186541 -0.6595878863163614 -0.25484077425860213
    outer loop
      vertex 68.19840353228109 178.3010053605771 49.47374413804223
      vertex 68.19840353228109 178.12080572097602 49.94014320524502
      vertex 67.5015235447213 178.95105371287747 49.72489918324919
    endloop
  endfacet
  facet normal 8.298572471472535e-15 0.36039927920217896 -0.9327981344055903
    outer loop
      vertex 67.20763091857506 178.3935293017487 50.04551367963447
      vertex 67.5015235447213 178.77085407327638 50.191298250451986
      vertex 68.19840353228109 178.12080572097602 49.94014320524502
    endloop
  endfacet
  facet normal 1.7399528458033042e-15 0.3603992792021583 -0.9327981344055984
    outer loop
      vertex 67.79389503509361 177.84666322759125 49.83422451461909
      vertex 67.20763091857506 178.3935293017487 50.04551367963447
      vertex 68.19840353228109 178.12080572097602 49.94014320524502
    endloop
  endfacet
  facet normal -0.707106781186541 -0.6595878863163614 -0.25484077425860213
    outer loop
      vertex 68.19840353228109 178.12080572097602 49.94014320524502
      vertex 67.5015235447213 178.77085407327638 50.191298250451986
      vertex 67.5015235447213 178.95105371287747 49.72489918324919
    endloop
  endfacet
  facet normal -0.15643446504022596 -0.9213138414813012 -0.3559621660268775
    outer loop
      vertex 65.65 179.51222177563068 49.94171411658566
      vertex 66.62340353228109 179.36841044621343 49.88615064840172
      vertex 66.62340353228109 179.18821080661235 50.35254971560451
    endloop
  endfacet
  facet normal -3.1647479315977297e-15 0.3603992792021693 -0.9327981344055942
    outer loop
      vertex 65.65 179.51222177563068 49.94171411658566
      vertex 67.02512562496852 180.52169731356213 50.331738756240995
      vertex 66.62340353228109 179.36841044621343 49.88615064840172
    endloop
  endfacet
  facet normal -1.2158056746472173e-14 0.36039927920216 -0.9327981344055977
    outer loop
      vertex 68.19840353228109 178.3010053605771 49.47374413804223
      vertex 67.5015235447213 178.95105371287747 49.72489918324919
      vertex 68.26564437270152 179.93209811884947 50.103939067374725
    endloop
  endfacet
  facet normal -0.4539904997395585 -0.8311292235061158 -0.32111810908191835
    outer loop
      vertex 66.62340353228109 179.36841044621343 49.88615064840172
      vertex 67.5015235447213 178.95105371287747 49.72489918324919
      vertex 67.5015235447213 178.77085407327638 50.191298250451986
    endloop
  endfacet
  facet normal 1.2495744349291844e-15 0.36039927920215087 -0.9327981344056013
    outer loop
      vertex 66.62340353228109 179.36841044621343 49.88615064840172
      vertex 68.26564437270152 179.93209811884947 50.103939067374725
      vertex 67.5015235447213 178.95105371287747 49.72489918324919
    endloop
  endfacet
  facet normal 7.968667080439294e-15 0.360399279202159 -0.9327981344055981
    outer loop
      vertex 68.80000000000001 176.57390765225304 48.80645638709884
      vertex 68.64582802632974 177.48189665118866 49.15727031850578
      vertex 69.25012562496852 179.01377584337752 49.749132733669654
    endloop
  endfacet
  facet normal -0.8910065241883692 -0.42348149119491035 -0.16361784887076344
    outer loop
      vertex 68.19840353228109 178.3010053605771 49.47374413804223
      vertex 68.64582802632974 177.48189665118866 49.15727031850578
      vertex 68.64582802632974 177.30169701158758 49.62366938570858
    endloop
  endfacet
  facet normal -4.742727694462964e-15 0.3603992792021633 -0.9327981344055963
    outer loop
      vertex 68.19840353228109 178.3010053605771 49.47374413804223
      vertex 69.25012562496852 179.01377584337752 49.749132733669654
      vertex 68.64582802632974 177.48189665118866 49.15727031850578
    endloop
  endfacet
  facet normal -0.8910065241883688 -0.4234814911949104 -0.163617848870766
    outer loop
      vertex 68.19840353228109 178.3010053605771 49.47374413804223
      vertex 68.64582802632974 177.30169701158758 49.62366938570858
      vertex 68.19840353228109 178.12080572097602 49.94014320524502
    endloop
  endfacet
  facet normal -1.7921564191682055e-15 0.3603992792021596 -0.9327981344055979
    outer loop
      vertex 68.19840353228109 178.3010053605771 49.47374413804223
      vertex 68.26564437270152 179.93209811884947 50.103939067374725
      vertex 69.25012562496852 179.01377584337752 49.749132733669654
    endloop
  endfacet
  facet normal -1.4383933191295623e-14 0.3603992792021749 -0.932798134405592
    outer loop
      vertex 64.09236908142495 178.3935293017487 50.04551367963447
      vertex 63.79847645527872 178.77085407327638 50.191298250451986
      vertex 64.67659646771892 179.18821080661235 50.35254971560451
    endloop
  endfacet
  facet normal 0.4539904997395585 -0.8311292235061157 -0.3211181090819184
    outer loop
      vertex 63.79847645527872 178.95105371287747 49.72489918324919
      vertex 64.67659646771892 179.18821080661235 50.35254971560451
      vertex 63.79847645527872 178.77085407327638 50.191298250451986
    endloop
  endfacet
  facet normal 1.1021137656271064e-14 0.3603992792021587 -0.9327981344055982
    outer loop
      vertex 64.09236908142495 178.3935293017487 50.04551367963447
      vertex 64.67659646771892 179.18821080661235 50.35254971560451
      vertex 64.8311049649064 178.74463893455516 50.18116967412787
    endloop
  endfacet
  facet normal -1.1166825011925108e-15 0.3603992792021646 -0.9327981344055959
    outer loop
      vertex 64.8311049649064 178.74463893455516 50.18116967412787
      vertex 65.65 179.3320221360296 50.40811318378845
      vertex 65.65 178.8656230688268 50.22791354418737
    endloop
  endfacet
  facet normal 0.15643446504022596 -0.9213138414813012 -0.3559621660268776
    outer loop
      vertex 64.67659646771892 179.36841044621343 49.88615064840172
      vertex 65.65 179.51222177563068 49.94171411658566
      vertex 65.65 179.3320221360296 50.40811318378845
    endloop
  endfacet
  facet normal 5.264671855284962e-15 0.36039927920215686 -0.9327981344055988
    outer loop
      vertex 64.8311049649064 178.74463893455516 50.18116967412787
      vertex 64.67659646771892 179.18821080661235 50.35254971560451
      vertex 65.65 179.3320221360296 50.40811318378845
    endloop
  endfacet
  facet normal 0.15643446504022596 -0.921313841481301 -0.3559621660268775
    outer loop
      vertex 64.67659646771892 179.36841044621343 49.88615064840172
      vertex 65.65 179.3320221360296 50.40811318378845
      vertex 64.67659646771892 179.18821080661235 50.35254971560451
    endloop
  endfacet
  facet normal -0.15643446504022596 -0.921313841481301 -0.3559621660268775
    outer loop
      vertex 65.65 179.51222177563068 49.94171411658566
      vertex 66.62340353228109 179.18821080661235 50.35254971560451
      vertex 65.65 179.3320221360296 50.40811318378845
    endloop
  endfacet
  facet normal -3.956464102220669e-15 0.36039927920216464 -0.9327981344055959
    outer loop
      vertex 65.65 178.8656230688268 50.22791354418737
      vertex 65.65 179.3320221360296 50.40811318378845
      vertex 66.62340353228109 179.18821080661235 50.35254971560451
    endloop
  endfacet
  facet normal 5.066015291139747e-15 0.36039927920215803 -0.9327981344055983
    outer loop
      vertex 64.67659646771892 179.36841044621343 49.88615064840172
      vertex 65.65 180.72485935035797 50.41023317954847
      vertex 65.65 179.51222177563068 49.94171411658566
    endloop
  endfacet
  facet normal -7.6125236730064e-15 0.360399279202166 -0.9327981344055953
    outer loop
      vertex 64.67659646771892 179.36841044621343 49.88615064840172
      vertex 64.27487437503149 180.52169731356213 50.331738756240995
      vertex 65.65 180.72485935035797 50.41023317954847
    endloop
  endfacet
  facet normal 2.3192778830506703e-15 0.36039927920218306 -0.9327981344055887
    outer loop
      vertex 67.20763091857506 178.3935293017487 50.04551367963447
      vertex 66.46889503509361 178.74463893455516 50.18116967412787
      vertex 67.5015235447213 178.77085407327638 50.191298250451986
    endloop
  endfacet
  facet normal -4.462719006397815e-16 0.3603992792021554 -0.9327981344055994
    outer loop
      vertex 65.65 178.8656230688268 50.22791354418737
      vertex 66.62340353228109 179.18821080661235 50.35254971560451
      vertex 66.46889503509361 178.74463893455516 50.18116967412787
    endloop
  endfacet
  facet normal 3.152083013740312e-15 0.36039927920215437 -0.9327981344055999
    outer loop
      vertex 66.46889503509361 178.74463893455516 50.18116967412787
      vertex 66.62340353228109 179.18821080661235 50.35254971560451
      vertex 67.5015235447213 178.77085407327638 50.191298250451986
    endloop
  endfacet
  facet normal -0.4539904997395585 -0.8311292235061157 -0.3211181090819184
    outer loop
      vertex 66.62340353228109 179.36841044621343 49.88615064840172
      vertex 67.5015235447213 178.77085407327638 50.191298250451986
      vertex 66.62340353228109 179.18821080661235 50.35254971560451
    endloop
  endfacet
  facet normal 6.268259718351445e-15 0.3603992792021581 -0.9327981344055984
    outer loop
      vertex 65.65 179.51222177563068 49.94171411658566
      vertex 65.65 180.72485935035797 50.41023317954847
      vertex 67.02512562496852 180.52169731356213 50.331738756240995
    endloop
  endfacet
  facet normal -6.3960028807773176e-15 0.36039927920217024 -0.9327981344055937
    outer loop
      vertex 66.62340353228109 179.36841044621343 49.88615064840172
      vertex 67.02512562496852 180.52169731356213 50.331738756240995
      vertex 68.26564437270152 179.93209811884947 50.103939067374725
    endloop
  endfacet
  facet normal 0.7071067811865566 -0.6595878863163499 -0.25484077425858837
    outer loop
      vertex 64.09236908142495 176.8077724732592 54.1498254710191
      vertex 63.5061049649064 177.84666322759125 49.83422451461909
      vertex 64.09236908142495 178.3935293017487 50.04551367963447
    endloop
  endfacet
  facet normal 0.4539904997395531 -0.8311292235061224 -0.3211181090819092
    outer loop
      vertex 64.09236908142495 176.8077724732592 54.1498254710191
      vertex 64.09236908142495 178.3935293017487 50.04551367963447
      vertex 64.8311049649064 178.74463893455516 50.18116967412787
    endloop
  endfacet
  facet normal 0.15643446504022449 -0.9213138414813056 -0.3559621660268667
    outer loop
      vertex 64.8311049649064 178.74463893455516 50.18116967412787
      vertex 65.65 178.8656230688268 50.22791354418737
      vertex 65.65 177.2798662403373 54.332225335572
    endloop
  endfacet
  facet normal -0.4539904997395326 0.831129223506132 0.3211181090819129
    outer loop
      vertex 63.034355627298496 179.93209811884947 50.103939067374725
      vertex 64.27487437503149 179.2207400398762 53.69892228813399
      vertex 64.27487437503149 180.52169731356213 50.331738756240995
    endloop
  endfacet
  facet normal -0.1564344650402605 0.9213138414813002 0.35596216602686487
    outer loop
      vertex 64.27487437503149 180.52169731356213 50.331738756240995
      vertex 65.65 179.42390207667205 53.77741671144146
      vertex 65.65 180.72485935035797 50.41023317954847
    endloop
  endfacet
  facet normal -0.15643446504022449 -0.9213138414813032 -0.3559621660268728
    outer loop
      vertex 65.65 178.8656230688268 50.22791354418737
      vertex 66.46889503509361 178.74463893455516 50.18116967412787
      vertex 66.46889503509361 177.15888210606562 54.28548146551249
    endloop
  endfacet
  facet normal -0.453990499739553 -0.8311292235061224 -0.3211181090819092
    outer loop
      vertex 67.20763091857506 176.8077724732592 54.1498254710191
      vertex 66.46889503509361 178.74463893455516 50.18116967412787
      vertex 67.20763091857506 178.3935293017487 50.04551367963447
    endloop
  endfacet
  facet normal -0.7071067811865567 -0.6595878863163499 -0.25484077425858837
    outer loop
      vertex 67.79389503509361 176.26090639910174 53.93853630600372
      vertex 67.20763091857506 178.3935293017487 50.04551367963447
      vertex 67.79389503509361 177.84666322759125 49.83422451461909
    endloop
  endfacet
  facet normal 0.1564344650402605 0.9213138414813002 0.35596216602686487
    outer loop
      vertex 65.65 180.72485935035797 50.41023317954847
      vertex 67.02512562496852 179.2207400398762 53.698922288133986
      vertex 67.02512562496852 180.52169731356213 50.331738756240995
    endloop
  endfacet
  facet normal 0.4539904997395325 0.831129223506132 0.3211181090819129
    outer loop
      vertex 68.26564437270152 179.93209811884947 50.103939067374725
      vertex 67.02512562496852 180.52169731356213 50.331738756240995
      vertex 68.26564437270152 178.63114084516354 53.47112259926772
    endloop
  endfacet
  facet normal 0.8910065241883685 0.4234814911949132 0.1636178488707607
    outer loop
      vertex 69.88220149751344 176.5556649961111 52.66923420304292
      vertex 69.88220149751344 177.85662226979701 49.302050671149914
      vertex 69.25012562496852 179.01377584337752 49.749132733669654
    endloop
  endfacet
  facet normal 0.7071067811865493 0.6595878863163571 0.2548407742585906
    outer loop
      vertex 69.25012562496852 179.01377584337752 49.749132733669654
      vertex 68.26564437270152 179.93209811884947 50.103939067374725
      vertex 69.25012562496852 177.7128185696916 53.11631626556266
    endloop
  endfacet
  facet normal 0.8910065241883685 0.4234814911949133 0.16361784887076075
    outer loop
      vertex 69.88220149751344 176.5556649961111 52.66923420304292
      vertex 69.25012562496852 179.01377584337752 49.749132733669654
      vertex 69.25012562496852 177.7128185696916 53.11631626556266
    endloop
  endfacet
  facet normal 1.0169967172172203e-14 0.36039927920219106 -0.9327981344055857
    outer loop
      vertex 8 188.8 57.4
      vertex 63.034355627298496 171.9147599119707 50.876157238715955
      vertex 64.27487437503149 171.32516071725803 50.64835754984969
    endloop
  endfacet
  facet normal -3.4336094073696296e-15 0.36039927920215137 -0.9327981344056011
    outer loop
      vertex 8 188.8 57.4
      vertex 62.04987437503149 172.83308218744264 51.23096357242102
      vertex 63.034355627298496 171.9147599119707 50.876157238715955
    endloop
  endfacet
  facet normal 2.3517923064969447e-15 0.3603992792021696 -0.932798134405594
    outer loop
      vertex 8 188.8 57.4
      vertex 61.417798502486576 173.99023576102314 51.678045634940766
      vertex 62.04987437503149 172.83308218744264 51.23096357242102
    endloop
  endfacet
  facet normal -1.3679571749946669e-15 0.3603992792021575 -0.9327981344055987
    outer loop
      vertex 8 188.8 57.4
      vertex 61.2 175.27295037856712 52.17363991899184
      vertex 61.417798502486576 173.99023576102314 51.678045634940766
    endloop
  endfacet
  facet normal -2.3526768480409506e-17 0.36039927920216225 -0.9327981344055968
    outer loop
      vertex 8 188.8 57.4
      vertex 61.417798502486576 176.5556649961111 52.66923420304292
      vertex 61.2 175.27295037856712 52.17363991899184
    endloop
  endfacet
  facet normal 2.5710642856255985e-16 0.3603992792021629 -0.9327981344055964
    outer loop
      vertex 8 188.8 57.4
      vertex 62.04987437503149 177.7128185696916 53.11631626556266
      vertex 61.417798502486576 176.5556649961111 52.66923420304292
    endloop
  endfacet
  facet normal -1.3261512816147474e-15 0.36039927920215603 -0.9327981344055993
    outer loop
      vertex 8 188.8 57.4
      vertex 63.034355627298496 178.63114084516354 53.47112259926772
      vertex 62.04987437503149 177.7128185696916 53.11631626556266
    endloop
  endfacet
  facet normal 2.9183252733905907e-15 0.36039927920217646 -0.9327981344055912
    outer loop
      vertex 8 188.8 57.4
      vertex 64.27487437503149 179.2207400398762 53.69892228813399
      vertex 63.034355627298496 178.63114084516354 53.47112259926772
    endloop
  endfacet
  facet normal -6.263017115451499e-15 0.36039927920213005 -0.9327981344056092
    outer loop
      vertex 8 188.8 57.4
      vertex 65.65 179.42390207667205 53.77741671144146
      vertex 64.27487437503149 179.2207400398762 53.69892228813399
    endloop
  endfacet
  facet normal -0.7071067811865485 0.6595878863163579 0.2548407742585909
    outer loop
      vertex 62.04987437503149 179.01377584337752 49.749132733669654
      vertex 62.04987437503149 177.7128185696916 53.11631626556266
      vertex 63.034355627298496 178.63114084516354 53.47112259926772
    endloop
  endfacet
  facet normal -0.4539904997395325 0.831129223506132 0.3211181090819129
    outer loop
      vertex 63.034355627298496 179.93209811884947 50.103939067374725
      vertex 63.034355627298496 178.63114084516354 53.47112259926772
      vertex 64.27487437503149 179.2207400398762 53.69892228813399
    endloop
  endfacet
  facet normal 0.45399049973952266 -0.8311292235061346 -0.32111810908192073
    outer loop
      vertex 64.09236908142495 176.8077724732592 54.1498254710191
      vertex 64.8311049649064 178.74463893455516 50.18116967412787
      vertex 64.8311049649064 177.15888210606562 54.28548146551249
    endloop
  endfacet
  facet normal 0.15643446504025865 -0.9213138414812981 -0.3559621660268708
    outer loop
      vertex 64.8311049649064 178.74463893455516 50.18116967412787
      vertex 65.65 177.2798662403373 54.332225335572
      vertex 64.8311049649064 177.15888210606562 54.28548146551249
    endloop
  endfacet
  facet normal -0.1564344650402587 -0.9213138414813005 -0.35596216602686476
    outer loop
      vertex 65.65 178.8656230688268 50.22791354418737
      vertex 66.46889503509361 177.15888210606562 54.28548146551249
      vertex 65.65 177.2798662403373 54.332225335572
    endloop
  endfacet
  facet normal -0.15643446504025874 0.9213138414813007 0.35596216602686426
    outer loop
      vertex 64.27487437503149 180.52169731356213 50.331738756240995
      vertex 64.27487437503149 179.2207400398762 53.69892228813399
      vertex 65.65 179.42390207667205 53.77741671144146
    endloop
  endfacet
  facet normal -0.45399049973952266 -0.8311292235061346 -0.3211181090819207
    outer loop
      vertex 67.20763091857506 176.8077724732592 54.1498254710191
      vertex 66.46889503509361 177.15888210606562 54.28548146551249
      vertex 66.46889503509361 178.74463893455516 50.18116967412787
    endloop
  endfacet
  facet normal -0.7071067811865567 -0.6595878863163499 -0.25484077425858837
    outer loop
      vertex 67.79389503509361 176.26090639910174 53.93853630600372
      vertex 67.20763091857506 176.8077724732592 54.1498254710191
      vertex 67.20763091857506 178.3935293017487 50.04551367963447
    endloop
  endfacet
  facet normal 0.45399049973953104 0.8311292235061326 0.32111810908191385
    outer loop
      vertex 67.02512562496852 180.52169731356213 50.331738756240995
      vertex 67.02512562496852 179.2207400398762 53.698922288133986
      vertex 68.26564437270152 178.63114084516354 53.47112259926772
    endloop
  endfacet
  facet normal 0.15643446504026046 0.9213138414813002 0.35596216602686487
    outer loop
      vertex 65.65 180.72485935035797 50.41023317954847
      vertex 65.65 179.42390207667205 53.77741671144146
      vertex 67.02512562496852 179.2207400398762 53.698922288133986
    endloop
  endfacet
  facet normal 0.7071067811865485 0.6595878863163577 0.25484077425859136
    outer loop
      vertex 68.26564437270152 179.93209811884947 50.103939067374725
      vertex 68.26564437270152 178.63114084516354 53.47112259926772
      vertex 69.25012562496852 177.7128185696916 53.11631626556266
    endloop
  endfacet
  facet normal -2.1787753708352638e-16 -0.3603992792021631 0.9327981344055966
    outer loop
      vertex 126.46145724654198 103.8112299103423 28.090702465359524
      vertex 124.52952724844218 109.26809899800502 30.19903824922921
      vertex 74.9 119.43450993093421 34.12696974604276
    endloop
  endfacet
  facet normal 8.114447061636693e-16 -0.36039927920215864 0.9327981344055982
    outer loop
      vertex 74.9 119.43450993093421 34.12696974604276
      vertex 124.52952724844218 109.26809899800502 30.19903824922921
      vertex 124.60629224926234 109.9586354665147 30.465836430244316
    endloop
  endfacet
  facet normal 1 0 0
    outer loop
      vertex 74.9 120.29946820101941 31.888254223469332
      vertex 74.9 165.3654900690658 51.87303025395724
      vertex 74.9 119.43450993093421 34.12696974604276
    endloop
  endfacet
  facet normal 2.9137648107892955e-17 -0.3603992792021624 0.9327981344055968
    outer loop
      vertex 74.9 119.43450993093421 34.12696974604276
      vertex 124.60629224926234 109.9586354665147 30.465836430244316
      vertex 129.19236724972725 109.9586354665147 30.465836430244316
    endloop
  endfacet
  facet normal 7.456653263553282e-17 -0.36039927920216264 0.9327981344055968
    outer loop
      vertex 74.9 119.43450993093421 34.12696974604276
      vertex 129.19236724972725 109.9586354665147 30.465836430244316
      vertex 130.98442375063897 109.9586354665147 30.465836430244316
    endloop
  endfacet
  facet normal 1.5104009745057884e-16 -0.3603992792021638 0.9327981344055962
    outer loop
      vertex 74.9 119.43450993093421 34.12696974604276
      vertex 130.98442375063897 109.9586354665147 30.465836430244316
      vertex 131.8691387489438 109.9586354665147 30.465836430244316
    endloop
  endfacet
  facet normal 5.596163872145861e-17 -0.3603992792021634 0.9327981344055963
    outer loop
      vertex 74.9 119.43450993093421 34.12696974604276
      vertex 131.8691387489438 109.9586354665147 30.465836430244316
      vertex 134.256978751719 109.9586354665147 30.465836430244316
    endloop
  endfacet
  facet normal 1.5338407610550237e-16 -0.3603992792021632 0.9327981344055963
    outer loop
      vertex 74.9 119.43450993093421 34.12696974604276
      vertex 134.256978751719 109.9586354665147 30.465836430244316
      vertex 135.12817374765874 109.9586354665147 30.465836430244316
    endloop
  endfacet
  facet normal 6.272082528708731e-17 -0.36039927920216264 0.9327981344055966
    outer loop
      vertex 74.9 119.43450993093421 34.12696974604276
      vertex 135.12817374765874 109.9586354665147 30.465836430244316
      vertex 137.25868524760008 109.9586354665147 30.465836430244316
    endloop
  endfacet
  facet normal 4.805757076435571e-17 -0.3603992792021628 0.9327981344055966
    outer loop
      vertex 74.9 119.43450993093421 34.12696974604276
      vertex 137.25868524760008 109.9586354665147 30.465836430244316
      vertex 140.03925524801016 109.9586354665147 30.465836430244316
    endloop
  endfacet
  facet normal -1 0 0
    outer loop
      vertex 127.33720225244761 104.09954933370403 27.344463957835046
      vertex 127.33720225244761 103.8112299103423 28.090702465359524
      vertex 127.33720225244761 109.55641842136674 29.452799741704734
    endloop
  endfacet
  facet normal 1 0 0
    outer loop
      vertex 126.46145724654198 104.09954933370403 27.344463957835046
      vertex 126.46145724654198 109.26809899800502 30.19903824922921
      vertex 126.46145724654198 103.8112299103423 28.090702465359524
    endloop
  endfacet
  facet normal 2.366586311714685e-17 -0.36039927920216297 0.9327981344055964
    outer loop
      vertex 126.46145724654198 103.8112299103423 28.090702465359524
      vertex 126.46145724654198 109.26809899800502 30.19903824922921
      vertex 124.52952724844218 109.26809899800502 30.19903824922921
    endloop
  endfacet
  facet normal 5.220788080847668e-17 -0.360399279202163 0.9327981344055967
    outer loop
      vertex 127.33720225244761 104.09954933370403 27.344463957835046
      vertex 127.33720225244761 109.55641842136674 29.452799741704734
      vertex 126.46145724654198 109.55641842136674 29.452799741704734
    endloop
  endfacet
  facet normal 1 0 0
    outer loop
      vertex 126.46145724654198 104.09954933370403 27.344463957835046
      vertex 126.46145724654198 109.55641842136674 29.452799741704734
      vertex 126.46145724654198 109.26809899800502 30.19903824922921
    endloop
  endfacet
  facet normal 0.9946664877445993 -0.09621204884610912 -0.037172837054178204
    outer loop
      vertex 124.52952724844218 109.55641842136674 29.452799741704734
      vertex 124.60629224926234 109.9586354665147 30.465836430244316
      vertex 124.52952724844218 109.26809899800502 30.19903824922921
    endloop
  endfacet
  facet normal 0.9946664877445993 -0.09621204884610914 -0.037172837054178204
    outer loop
      vertex 124.52952724844218 109.55641842136674 29.452799741704734
      vertex 124.60629224926234 110.24695488987643 29.71959792271984
      vertex 124.60629224926234 109.9586354665147 30.465836430244316
    endloop
  endfacet
  facet normal -1 0 0
    outer loop
      vertex 127.33720225244761 103.8112299103423 28.090702465359524
      vertex 127.33720225244761 109.26809899800502 30.19903824922921
      vertex 127.33720225244761 109.55641842136674 29.452799741704734
    endloop
  endfacet
  facet normal 0 0.9327981344055978 0.36039927920215964
    outer loop
      vertex 124.52952724844218 109.55641842136674 29.452799741704734
      vertex 124.52952724844218 109.26809899800502 30.19903824922921
      vertex 126.46145724654198 109.55641842136674 29.452799741704734
    endloop
  endfacet
  facet normal 0 -0.3603992792021586 0.9327981344055982
    outer loop
      vertex 124.52952724844218 109.55641842136674 29.452799741704734
      vertex 126.46145724654198 109.55641842136674 29.452799741704734
      vertex 124.60629224926234 110.24695488987643 29.71959792271984
    endloop
  endfacet
  facet normal 1.625342531902225e-17 -0.36039927920215853 0.9327981344055982
    outer loop
      vertex 124.60629224926234 110.24695488987643 29.71959792271984
      vertex 126.46145724654198 109.55641842136674 29.452799741704734
      vertex 127.33720225244761 109.55641842136674 29.452799741704734
    endloop
  endfacet
  facet normal 0 -0.3603992792021586 0.9327981344055983
    outer loop
      vertex 124.60629224926234 110.24695488987643 29.71959792271984
      vertex 127.33720225244761 109.55641842136674 29.452799741704734
      vertex 129.19236724972725 110.24695488987643 29.71959792271984
    endloop
  endfacet
  facet normal 0 0.9327981344055978 0.36039927920215964
    outer loop
      vertex 124.52952724844218 109.26809899800502 30.19903824922921
      vertex 126.46145724654198 109.26809899800502 30.19903824922921
      vertex 126.46145724654198 109.55641842136674 29.452799741704734
    endloop
  endfacet
  facet normal -1.6435941694485717e-18 -0.9327981344055978 -0.36039927920215964
    outer loop
      vertex 124.60629224926234 110.24695488987643 29.71959792271984
      vertex 129.19236724972725 109.9586354665147 30.465836430244316
      vertex 124.60629224926234 109.9586354665147 30.465836430244316
    endloop
  endfacet
  facet normal 2.827479689587483e-17 -0.3603992792021627 0.9327981344055967
    outer loop
      vertex 74.9 119.43450993093421 34.12696974604276
      vertex 140.03925524801016 109.9586354665147 30.465836430244316
      vertex 144.76528175324202 109.9586354665147 30.465836430244316
    endloop
  endfacet
  facet normal 1.0535035189908539e-16 -0.3603992792021624 0.9327981344055968
    outer loop
      vertex 74.9 119.43450993093421 34.12696974604276
      vertex 144.76528175324202 109.9586354665147 30.465836430244316
      vertex 146.03369175046683 109.9586354665147 30.465836430244316
    endloop
  endfacet
  facet normal 3.7520815665983246e-17 -0.3603992792021623 0.9327981344055969
    outer loop
      vertex 74.9 119.43450993093421 34.12696974604276
      vertex 146.03369175046683 109.9586354665147 30.465836430244316
      vertex 149.5951132491231 109.9586354665147 30.465836430244316
    endloop
  endfacet
  facet normal 3.528433958431627e-17 -0.36039927920216175 0.9327981344055971
    outer loop
      vertex 74.9 119.43450993093421 34.12696974604276
      vertex 149.5951132491231 109.9586354665147 30.465836430244316
      vertex 153.38227325081826 109.9586354665147 30.465836430244316
    endloop
  endfacet
  facet normal 2.2528920115472233e-18 0.36039927920216197 -0.9327981344055969
    outer loop
      vertex 68.26564437270152 115.2568355936473 28.985595570272814
      vertex 67.02512562496852 115.84643478835999 29.21339525913908
      vertex 218.11 116.56263579907886 29.490109286007737
    endloop
  endfacet
  facet normal 2.0413112477457427e-17 0.36039927920215864 -0.9327981344055982
    outer loop
      vertex 67.02512562496852 115.84643478835999 29.21339525913908
      vertex 65.65 116.04959682515579 29.29188968244655
      vertex 218.11 116.56263579907886 29.490109286007737
    endloop
  endfacet
  facet normal 1.956064581320056e-20 0.36039927920216397 -0.9327981344055962
    outer loop
      vertex 65.65 116.04959682515579 29.29188968244655
      vertex 66.19000000000001 116.56263579907886 29.490109286007737
      vertex 218.11 116.56263579907886 29.490109286007737
    endloop
  endfacet
  facet normal 0 0.9327981344055979 0.3603992792021598
    outer loop
      vertex 66.19000000000001 116.56263579907886 29.490109286007737
      vertex 66.19000000000001 116.24179631635506 30.320517358939927
      vertex 218.11 116.56263579907886 29.490109286007737
    endloop
  endfacet
  facet normal -2.0473061850170168e-19 0.3603992792021647 -0.9327981344055959
    outer loop
      vertex 69.88220149751344 113.18135974459484 28.183707174048003
      vertex 69.25012562496852 114.33851331817533 28.63078923656774
      vertex 219.50987437503147 114.33851331817533 28.63078923656774
    endloop
  endfacet
  facet normal 0 0.3603992792021596 -0.9327981344055979
    outer loop
      vertex 68.26564437270152 115.2568355936473 28.985595570272814
      vertex 220.4943556272985 115.2568355936473 28.985595570272814
      vertex 69.25012562496852 114.33851331817533 28.63078923656774
    endloop
  endfacet
  facet normal 7.117438930066702e-19 0.36039927920216214 -0.9327981344055968
    outer loop
      vertex 66.19000000000001 116.24179631635506 30.320517358939927
      vertex 74.9 120.29946820101941 31.888254223469332
      vertex 216.4 120.29946820101941 31.888254223469332
    endloop
  endfacet
  facet normal 0 0.9327981344055956 0.36039927920216525
    outer loop
      vertex 74.9 120.29946820101941 31.888254223469332
      vertex 74.9 119.43450993093421 34.12696974604276
      vertex 216.4 120.29946820101941 31.888254223469332
    endloop
  endfacet
  facet normal 0 -0.36039927920216425 0.9327981344055961
    outer loop
      vertex 127.33720225244761 103.8112299103423 28.090702465359524
      vertex 132.61839375048876 103.8112299103423 28.090702465359524
      vertex 132.61839375048876 106.21546579825785 29.019611785690536
    endloop
  endfacet
  facet normal -1.1511712093048172e-15 -0.3603992792021621 0.9327981344055969
    outer loop
      vertex 127.33720225244761 103.8112299103423 28.090702465359524
      vertex 132.61839375048876 106.21546579825785 29.019611785690536
      vertex 130.98442375063897 108.40912717137317 29.867162770757815
    endloop
  endfacet
  facet normal 2.366586311714685e-17 -0.36039927920216297 0.9327981344055964
    outer loop
      vertex 127.33720225244761 103.8112299103423 28.090702465359524
      vertex 129.26913225054741 109.26809899800502 30.19903824922921
      vertex 127.33720225244761 109.26809899800502 30.19903824922921
    endloop
  endfacet
  facet normal 4.880962527453025e-16 -0.3603992792021631 0.9327981344055964
    outer loop
      vertex 127.33720225244761 103.8112299103423 28.090702465359524
      vertex 130.98442375063897 108.40912717137317 29.867162770757815
      vertex 129.26913225054741 109.26809899800502 30.19903824922921
    endloop
  endfacet
  facet normal -1 0 0
    outer loop
      vertex 133.4941387489438 103.8112299103423 28.090702465359524
      vertex 133.4941387489438 106.21546579825785 29.019611785690536
      vertex 133.4941387489438 106.50378522161958 28.273373278166055
    endloop
  endfacet
  facet normal 0 -0.36039927920216 0.9327981344055978
    outer loop
      vertex 132.61839375048876 106.50378522161958 28.273373278166055
      vertex 133.4941387489438 106.50378522161958 28.273373278166055
      vertex 133.06526874899865 107.26168370582414 28.566197692517814
    endloop
  endfacet
  facet normal 2.28022014007515e-15 -0.36039927920216114 0.9327981344055972
    outer loop
      vertex 132.61839375048876 106.50378522161958 28.273373278166055
      vertex 133.06526874899865 107.26168370582414 28.566197692517814
      vertex 130.98442375063897 108.6974465947349 29.120924263233338
    endloop
  endfacet
  facet normal -2.3382153742760596e-15 -0.36039927920216114 0.9327981344055972
    outer loop
      vertex 133.06526874899865 107.26168370582414 28.566197692517814
      vertex 133.4941387489438 106.50378522161958 28.273373278166055
      vertex 135.12817374765874 108.6974465947349 29.120924263233338
    endloop
  endfacet
  facet normal 0.8212316946509505 0.5322498286274807 0.205641979242433
    outer loop
      vertex 132.61839375048876 106.50378522161958 28.273373278166055
      vertex 130.98442375063897 108.40912717137317 29.867162770757815
      vertex 132.61839375048876 106.21546579825785 29.019611785690536
    endloop
  endfacet
  facet normal -0.8212210585286766 0.5322641077063716 0.20564749615927716
    outer loop
      vertex 133.4941387489438 106.50378522161958 28.273373278166055
      vertex 133.4941387489438 106.21546579825785 29.019611785690536
      vertex 135.12817374765874 108.6974465947349 29.120924263233338
    endloop
  endfacet
  facet normal 0 -0.3603992792021642 0.932798134405596
    outer loop
      vertex 133.4941387489438 103.8112299103423 28.090702465359524
      vertex 137.25868524760008 103.8112299103423 28.090702465359524
      vertex 133.4941387489438 106.21546579825785 29.019611785690536
    endloop
  endfacet
  facet normal 1.256730556535132e-15 -0.36039927920216247 0.9327981344055967
    outer loop
      vertex 137.25868524760008 103.8112299103423 28.090702465359524
      vertex 137.25868524760008 109.9586354665147 30.465836430244316
      vertex 133.4941387489438 106.21546579825785 29.019611785690536
    endloop
  endfacet
  facet normal 8.549526054744464e-17 -0.3603992792021639 0.9327981344055962
    outer loop
      vertex 133.06526874899865 107.26168370582414 28.566197692517814
      vertex 131.8691387489438 108.92063254251848 29.207155197604266
      vertex 130.98442375063897 108.6974465947349 29.120924263233338
    endloop
  endfacet
  facet normal 0.8212316946509507 0.5322498286274802 0.20564197924243374
    outer loop
      vertex 132.61839375048876 106.50378522161958 28.273373278166055
      vertex 130.98442375063897 108.6974465947349 29.120924263233338
      vertex 130.98442375063897 108.40912717137317 29.867162770757815
    endloop
  endfacet
  facet normal 0 0.9327981344055978 0.36039927920215964
    outer loop
      vertex 127.33720225244761 109.55641842136674 29.452799741704734
      vertex 127.33720225244761 109.26809899800502 30.19903824922921
      vertex 129.26913225054741 109.55641842136674 29.452799741704734
    endloop
  endfacet
  facet normal 0 -0.3603992792021586 0.9327981344055982
    outer loop
      vertex 127.33720225244761 109.55641842136674 29.452799741704734
      vertex 129.26913225054741 109.55641842136674 29.452799741704734
      vertex 129.19236724972725 110.24695488987643 29.71959792271984
    endloop
  endfacet
  facet normal 0 -0.9327981344055978 -0.36039927920215964
    outer loop
      vertex 124.60629224926234 110.24695488987643 29.71959792271984
      vertex 129.19236724972725 110.24695488987643 29.71959792271984
      vertex 129.19236724972725 109.9586354665147 30.465836430244316
    endloop
  endfacet
  facet normal 0 0.9327981344055978 0.36039927920215964
    outer loop
      vertex 127.33720225244761 109.26809899800502 30.19903824922921
      vertex 129.26913225054741 109.26809899800502 30.19903824922921
      vertex 129.26913225054741 109.55641842136674 29.452799741704734
    endloop
  endfacet
  facet normal -0.9946664877445993 -0.09621204884610912 -0.037172837054178204
    outer loop
      vertex 129.26913225054741 109.55641842136674 29.452799741704734
      vertex 129.26913225054741 109.26809899800502 30.19903824922921
      vertex 129.19236724972725 110.24695488987643 29.71959792271984
    endloop
  endfacet
  facet normal -0.9946664877445993 -0.09621204884610912 -0.037172837054178204
    outer loop
      vertex 129.19236724972725 110.24695488987643 29.71959792271984
      vertex 129.26913225054741 109.26809899800502 30.19903824922921
      vertex 129.19236724972725 109.9586354665147 30.465836430244316
    endloop
  endfacet
  facet normal 1 0 0
    outer loop
      vertex 130.98442375063897 108.6974465947349 29.120924263233338
      vertex 130.98442375063897 109.9586354665147 30.465836430244316
      vertex 130.98442375063897 108.40912717137317 29.867162770757815
    endloop
  endfacet
  facet normal -5.830858007793601e-16 -0.3603992792021616 0.9327981344055971
    outer loop
      vertex 130.98442375063897 108.6974465947349 29.120924263233338
      vertex 131.8691387489438 108.92063254251848 29.207155197604266
      vertex 130.98442375063897 110.24695488987643 29.71959792271984
    endloop
  endfacet
  facet normal -1 0 0
    outer loop
      vertex 131.8691387489438 108.92063254251848 29.207155197604266
      vertex 131.8691387489438 108.63231311915675 29.953393705128743
      vertex 131.8691387489438 110.24695488987643 29.71959792271984
    endloop
  endfacet
  facet normal 1.4626471442775132e-17 -0.3603992792021612 0.9327981344055973
    outer loop
      vertex 131.8691387489438 108.92063254251848 29.207155197604266
      vertex 131.8691387489438 110.24695488987643 29.71959792271984
      vertex 130.98442375063897 110.24695488987643 29.71959792271984
    endloop
  endfacet
  facet normal 1.3656623035887043e-15 -0.3603992792021616 0.9327981344055972
    outer loop
      vertex 129.26913225054741 109.26809899800502 30.19903824922921
      vertex 130.98442375063897 108.40912717137317 29.867162770757815
      vertex 130.98442375063897 109.9586354665147 30.465836430244316
    endloop
  endfacet
  facet normal 1 0 0
    outer loop
      vertex 130.98442375063897 108.6974465947349 29.120924263233338
      vertex 130.98442375063897 110.24695488987643 29.71959792271984
      vertex 130.98442375063897 109.9586354665147 30.465836430244316
    endloop
  endfacet
  facet normal -1 0 0
    outer loop
      vertex 131.8691387489438 108.63231311915675 29.953393705128743
      vertex 131.8691387489438 109.9586354665147 30.465836430244316
      vertex 131.8691387489438 110.24695488987643 29.71959792271984
    endloop
  endfacet
  facet normal 0 -0.9327981344055979 -0.36039927920215964
    outer loop
      vertex 130.98442375063897 110.24695488987643 29.71959792271984
      vertex 131.8691387489438 110.24695488987643 29.71959792271984
      vertex 131.8691387489438 109.9586354665147 30.465836430244316
    endloop
  endfacet
  facet normal -8.519857972183678e-18 -0.9327981344055979 -0.36039927920215964
    outer loop
      vertex 130.98442375063897 110.24695488987643 29.71959792271984
      vertex 131.8691387489438 109.9586354665147 30.465836430244316
      vertex 130.98442375063897 109.9586354665147 30.465836430244316
    endloop
  endfacet
  facet normal -0.8297851824829471 -0.5205787110790213 -0.20113268382599367
    outer loop
      vertex 133.06526874899865 107.26168370582414 28.566197692517814
      vertex 133.06526874899865 106.9733642824624 29.312436200042292
      vertex 131.8691387489438 108.92063254251848 29.207155197604266
    endloop
  endfacet
  facet normal -8.378417720260022e-16 -0.36039927920216297 0.9327981344055966
    outer loop
      vertex 133.06526874899865 107.26168370582414 28.566197692517814
      vertex 135.12817374765874 108.6974465947349 29.120924263233338
      vertex 134.256978751719 108.90802110953514 29.202282598497067
    endloop
  endfacet
  facet normal 0.8287676350588972 -0.5219872076028272 -0.20167687566472692
    outer loop
      vertex 133.06526874899865 107.26168370582414 28.566197692517814
      vertex 134.256978751719 108.90802110953514 29.202282598497067
      vertex 134.256978751719 108.61970168617341 29.948521106021545
    endloop
  endfacet
  facet normal -0.829785182482949 -0.5205787110790219 -0.20113268382598398
    outer loop
      vertex 133.06526874899865 106.9733642824624 29.312436200042292
      vertex 131.8691387489438 108.63231311915675 29.953393705128743
      vertex 131.8691387489438 108.92063254251848 29.207155197604266
    endloop
  endfacet
  facet normal 3.8349094973077703e-16 -0.3603992792021611 0.9327981344055974
    outer loop
      vertex 133.06526874899865 106.9733642824624 29.312436200042292
      vertex 134.256978751719 108.61970168617341 29.948521106021545
      vertex 131.8691387489438 108.63231311915675 29.953393705128743
    endloop
  endfacet
  facet normal 0.828767635058899 -0.5219872076028211 -0.20167687566473455
    outer loop
      vertex 133.06526874899865 107.26168370582414 28.566197692517814
      vertex 134.256978751719 108.61970168617341 29.948521106021545
      vertex 133.06526874899865 106.9733642824624 29.312436200042292
    endloop
  endfacet
  facet normal 3.8202821162652035e-16 -0.36039927920216175 0.932798134405597
    outer loop
      vertex 131.8691387489438 108.63231311915675 29.953393705128743
      vertex 134.256978751719 108.61970168617341 29.948521106021545
      vertex 134.256978751719 109.9586354665147 30.465836430244316
    endloop
  endfacet
  facet normal 1 0 0
    outer loop
      vertex 134.256978751719 108.90802110953514 29.202282598497067
      vertex 134.256978751719 109.9586354665147 30.465836430244316
      vertex 134.256978751719 108.61970168617341 29.948521106021545
    endloop
  endfacet
  facet normal 1 0 0
    outer loop
      vertex 134.256978751719 108.90802110953514 29.202282598497067
      vertex 134.256978751719 110.24695488987643 29.71959792271984
      vertex 134.256978751719 109.9586354665147 30.465836430244316
    endloop
  endfacet
  facet normal -0.8212210585286764 0.5322641077063714 0.20564749615927805
    outer loop
      vertex 133.4941387489438 106.21546579825785 29.019611785690536
      vertex 135.12817374765874 108.40912717137317 29.867162770757815
      vertex 135.12817374765874 108.6974465947349 29.120924263233338
    endloop
  endfacet
  facet normal -5.056042569693995e-16 -0.360399279202161 0.9327981344055972
    outer loop
      vertex 133.4941387489438 106.21546579825785 29.019611785690536
      vertex 137.25868524760008 109.9586354665147 30.465836430244316
      vertex 135.12817374765874 108.40912717137317 29.867162770757815
    endloop
  endfacet
  facet normal -4.570948321858322e-16 -0.3603992792021615 0.9327981344055971
    outer loop
      vertex 134.256978751719 108.90802110953514 29.202282598497067
      vertex 135.12817374765874 108.6974465947349 29.120924263233338
      vertex 135.12817374765874 110.24695488987643 29.71959792271984
    endloop
  endfacet
  facet normal -3.3282876558816e-17 -0.3603992792021618 0.932798134405597
    outer loop
      vertex 134.256978751719 108.90802110953514 29.202282598497067
      vertex 135.12817374765874 110.24695488987643 29.71959792271984
      vertex 134.256978751719 110.24695488987643 29.71959792271984
    endloop
  endfacet
  facet normal -1 0 0
    outer loop
      vertex 135.12817374765874 108.6974465947349 29.120924263233338
      vertex 135.12817374765874 108.40912717137317 29.867162770757815
      vertex 135.12817374765874 110.24695488987643 29.71959792271984
    endloop
  endfacet
  facet normal -1 0 0
    outer loop
      vertex 135.12817374765874 108.40912717137317 29.867162770757815
      vertex 135.12817374765874 109.9586354665147 30.465836430244316
      vertex 135.12817374765874 110.24695488987643 29.71959792271984
    endloop
  endfacet
  facet normal 0 -0.9327981344055978 -0.3603992792021596
    outer loop
      vertex 134.256978751719 110.24695488987643 29.71959792271984
      vertex 135.12817374765874 110.24695488987643 29.71959792271984
      vertex 135.12817374765874 109.9586354665147 30.465836430244316
    endloop
  endfacet
  facet normal -8.652076936331988e-18 -0.9327981344055978 -0.3603992792021596
    outer loop
      vertex 134.256978751719 110.24695488987643 29.71959792271984
      vertex 135.12817374765874 109.9586354665147 30.465836430244316
      vertex 134.256978751719 109.9586354665147 30.465836430244316
    endloop
  endfacet
  facet normal 7.94274959787949e-18 -0.36039927920215864 0.9327981344055982
    outer loop
      vertex 129.26913225054741 109.26809899800502 30.19903824922921
      vertex 130.98442375063897 109.9586354665147 30.465836430244316
      vertex 129.19236724972725 109.9586354665147 30.465836430244316
    endloop
  endfacet
  facet normal 5.748241287715432e-17 -0.3603992792021638 0.9327981344055963
    outer loop
      vertex 74.9 119.43450993093421 34.12696974604276
      vertex 153.38227325081826 109.9586354665147 30.465836430244316
      vertex 155.7069397509098 109.9586354665147 30.465836430244316
    endloop
  endfacet
  facet normal 1.7014042637356511e-16 -0.3603992792021634 0.9327981344055964
    outer loop
      vertex 74.9 119.43450993093421 34.12696974604276
      vertex 155.7069397509098 109.9586354665147 30.465836430244316
      vertex 156.49233474731446 109.9586354665147 30.465836430244316
    endloop
  endfacet
  facet normal -2.1949874615726192e-17 -0.36039927920216236 0.9327981344055968
    outer loop
      vertex 74.9 119.43450993093421 34.12696974604276
      vertex 156.49233474731446 109.9586354665147 30.465836430244316
      vertex 158.83954975157977 109.96281906955241 30.467452822327065
    endloop
  endfacet
  facet normal 3.693569150415408e-15 -0.36039927920213394 0.9327981344056078
    outer loop
      vertex 74.9 119.43450993093421 34.12696974604276
      vertex 158.83954975157977 109.96281906955241 30.467452822327065
      vertex 159.6610847502947 109.96281906955241 30.46745282232706
    endloop
  endfacet
  facet normal 5.41923187594698e-18 -0.36039927920216114 0.9327981344055971
    outer loop
      vertex 131.8691387489438 108.63231311915675 29.953393705128743
      vertex 134.256978751719 109.9586354665147 30.465836430244316
      vertex 131.8691387489438 109.9586354665147 30.465836430244316
    endloop
  endfacet
  facet normal -8.33051711426175e-18 -0.3603992792021615 0.9327981344055971
    outer loop
      vertex 135.12817374765874 108.40912717137317 29.867162770757815
      vertex 137.25868524760008 109.9586354665147 30.465836430244316
      vertex 135.12817374765874 109.9586354665147 30.465836430244316
    endloop
  endfacet
  facet normal -1 0 0
    outer loop
      vertex 138.1434002533555 103.8112299103423 28.090702465359524
      vertex 138.1434002533555 106.08074176686813 28.967559319017234
      vertex 138.1434002533555 106.36906119022986 28.221320811492753
    endloop
  endfacet
  facet normal 1.7535248338792194e-15 -0.36039927920216425 0.932798134405596
    outer loop
      vertex 138.1434002533555 103.8112299103423 28.090702465359524
      vertex 140.03022024929524 106.08074176686813 28.96755931901723
      vertex 138.1434002533555 106.08074176686813 28.967559319017234
    endloop
  endfacet
  facet normal 1 0 0
    outer loop
      vertex 137.25868524760008 104.09954933370403 27.344463957835046
      vertex 137.25868524760008 109.9586354665147 30.465836430244316
      vertex 137.25868524760008 103.8112299103423 28.090702465359524
    endloop
  endfacet
  facet normal -1.2550814130692085e-15 -0.3603992792021625 0.9327981344055968
    outer loop
      vertex 137.25868524760008 104.09954933370403 27.344463957835046
      vertex 138.1434002533555 106.36906119022986 28.221320811492753
      vertex 137.25868524760008 110.24695488987643 29.71959792271984
    endloop
  endfacet
  facet normal 0 0.9327981344055983 0.36039927920215814
    outer loop
      vertex 138.1434002533555 106.36906119022986 28.221320811492753
      vertex 138.1434002533555 106.08074176686813 28.967559319017234
      vertex 140.03022024929524 106.36906119022986 28.221320811492753
    endloop
  endfacet
  facet normal -1.6397685365618362e-18 -0.3603992792021616 0.9327981344055972
    outer loop
      vertex 138.1434002533555 106.36906119022986 28.221320811492753
      vertex 139.61948525309563 106.98799140918686 28.46045294154432
      vertex 138.1434002533555 106.98799140918686 28.46045294154432
    endloop
  endfacet
  facet normal -5.1065122487831346e-18 -0.9327981344055978 -0.36039927920215964
    outer loop
      vertex 138.1434002533555 106.98799140918686 28.46045294154432
      vertex 139.61948525309563 106.69967198582513 29.2066914490688
      vertex 138.1434002533555 106.69967198582513 29.2066914490688
    endloop
  endfacet
  facet normal -2.8669115504890417e-16 -0.3603992792021627 0.9327981344055966
    outer loop
      vertex 138.1434002533555 103.8112299103423 28.090702465359524
      vertex 143.07255175113679 106.06806970306467 28.962663294365893
      vertex 140.03022024929524 106.08074176686813 28.96755931901723
    endloop
  endfacet
  facet normal 0 -0.3603992792021615 0.932798134405597
    outer loop
      vertex 138.1434002533555 106.36906119022986 28.221320811492753
      vertex 140.03022024929524 106.36906119022986 28.221320811492753
      vertex 139.61948525309563 106.98799140918686 28.46045294154432
    endloop
  endfacet
  facet normal 6.763537215195929e-16 0.9327981344055979 0.3603992792021597
    outer loop
      vertex 140.03022024929524 106.36906119022986 28.221320811492753
      vertex 138.1434002533555 106.08074176686813 28.967559319017234
      vertex 140.03022024929524 106.08074176686813 28.96755931901723
    endloop
  endfacet
  facet normal 0 -0.9327981344055978 -0.36039927920215964
    outer loop
      vertex 138.1434002533555 106.98799140918686 28.46045294154432
      vertex 139.61948525309563 106.98799140918686 28.46045294154432
      vertex 139.61948525309563 106.69967198582513 29.2066914490688
    endloop
  endfacet
  facet normal -1.1440792972827124e-15 -0.36039927920216225 0.9327981344055969
    outer loop
      vertex 140.03022024929524 106.36906119022986 28.221320811492753
      vertex 140.58545024842024 107.9985429340496 28.850893303423106
      vertex 139.61948525309563 106.98799140918686 28.46045294154432
    endloop
  endfacet
  facet normal -0.7264684162745142 0.6410187423301567 0.24766633226392204
    outer loop
      vertex 140.03022024929524 106.36906119022986 28.221320811492753
      vertex 140.03022024929524 106.08074176686813 28.96755931901723
      vertex 141.45209524929524 107.77117338322832 28.76304597696943
    endloop
  endfacet
  facet normal 3.0272048969505564e-16 -0.36039927920216264 0.9327981344055967
    outer loop
      vertex 140.03022024929524 106.36906119022986 28.221320811492753
      vertex 141.45209524929524 107.77117338322832 28.76304597696943
      vertex 140.58545024842024 107.9985429340496 28.850893303423106
    endloop
  endfacet
  facet normal 0.7463880186209578 -0.6207874434311553 -0.23984969405294432
    outer loop
      vertex 139.61948525309563 106.98799140918686 28.46045294154432
      vertex 140.58545024842024 107.71022351068787 29.597131810947584
      vertex 139.61948525309563 106.69967198582513 29.2066914490688
    endloop
  endfacet
  facet normal -0.7264684162745142 0.6410187423301567 0.24766633226392204
    outer loop
      vertex 140.03022024929524 106.08074176686813 28.96755931901723
      vertex 141.45209524929524 107.48285395986659 29.509284484493907
      vertex 141.45209524929524 107.77117338322832 28.76304597696943
    endloop
  endfacet
  facet normal 0 -0.3603992792021632 0.9327981344055966
    outer loop
      vertex 138.1434002533555 106.69967198582513 29.2066914490688
      vertex 139.61948525309563 106.69967198582513 29.2066914490688
      vertex 140.58545024842024 107.71022351068787 29.597131810947584
    endloop
  endfacet
  facet normal 0 -0.36039927920216325 0.9327981344055962
    outer loop
      vertex 138.1434002533555 103.8112299103423 28.090702465359524
      vertex 144.76528175324202 103.8112299103423 28.090702465359524
      vertex 143.07255175113679 106.06806970306467 28.962663294365893
    endloop
  endfacet
  facet normal -1.901758399269553e-15 -0.3603992792021608 0.9327981344055974
    outer loop
      vertex 143.07255175113679 106.3563891264264 28.216424786841415
      vertex 143.9392617508769 107.77535698626602 28.76466236905218
      vertex 143.07255175113679 108.01958219002869 28.85902210686957
    endloop
  endfacet
  facet normal -2.958208573919491e-16 -0.3603992792021621 0.9327981344055968
    outer loop
      vertex 140.03022024929524 106.08074176686813 28.96755931901723
      vertex 143.07255175113679 106.06806970306467 28.962663294365893
      vertex 141.45209524929524 107.48285395986659 29.509284484493907
    endloop
  endfacet
  facet normal 1 0 0
    outer loop
      vertex 143.07255175113679 106.3563891264264 28.216424786841415
      vertex 143.07255175113679 107.73126276666696 29.605260614394048
      vertex 143.07255175113679 106.06806970306467 28.962663294365893
    endloop
  endfacet
  facet normal 1 0 0
    outer loop
      vertex 143.07255175113679 106.3563891264264 28.216424786841415
      vertex 143.07255175113679 108.01958219002869 28.85902210686957
      vertex 143.07255175113679 107.73126276666696 29.605260614394048
    endloop
  endfacet
  facet normal -0.8394052462610389 -0.5069814347666779 -0.19587919070530566
    outer loop
      vertex 145.1580117508769 104.5565169685134 28.37865428328927
      vertex 143.9392617508769 106.31229491377722 29.057023034868468
      vertex 143.9392617508769 106.60061433713895 28.31078452734399
    endloop
  endfacet
  facet normal 1.8160650200522728e-17 -0.3603992792021615 0.9327981344055971
    outer loop
      vertex 145.1580117508769 104.5565169685134 28.37865428328927
      vertex 146.80108174830676 106.31229491377722 29.057023034868468
      vertex 143.9392617508769 106.31229491377722 29.057023034868468
    endloop
  endfacet
  facet normal 3.993129254326139e-15 -0.360399279202164 0.9327981344055961
    outer loop
      vertex 143.07255175113679 106.3563891264264 28.216424786841415
      vertex 143.9392617508769 106.60061433713895 28.31078452734399
      vertex 143.9392617508769 107.77535698626602 28.76466236905218
    endloop
  endfacet
  facet normal -1 0 0
    outer loop
      vertex 143.9392617508769 106.60061433713895 28.31078452734399
      vertex 143.9392617508769 106.31229491377722 29.057023034868468
      vertex 143.9392617508769 107.77535698626602 28.76466236905218
    endloop
  endfacet
  facet normal -1 0 0
    outer loop
      vertex 143.9392617508769 106.31229491377722 29.057023034868468
      vertex 143.9392617508769 107.48703756290429 29.510900876576656
      vertex 143.9392617508769 107.77535698626602 28.76466236905218
    endloop
  endfacet
  facet normal 1.0124686946257554e-15 -0.36039927920216075 0.9327981344055973
    outer loop
      vertex 143.07255175113679 106.06806970306467 28.962663294365893
      vertex 143.07255175113679 107.73126276666696 29.605260614394048
      vertex 141.45209524929524 107.48285395986659 29.509284484493907
    endloop
  endfacet
  facet normal -1.3274464385009586e-17 -0.3603992792021639 0.9327981344055961
    outer loop
      vertex 143.9392617508769 106.31229491377722 29.057023034868468
      vertex 146.80108174830676 107.48703756290429 29.510900876576656
      vertex 143.9392617508769 107.48703756290429 29.510900876576656
    endloop
  endfacet
  facet normal 1 0 0
    outer loop
      vertex 137.25868524760008 104.09954933370403 27.344463957835046
      vertex 137.25868524760008 110.24695488987643 29.71959792271984
      vertex 137.25868524760008 109.9586354665147 30.465836430244316
    endloop
  endfacet
  facet normal 3.67530006556026e-15 -0.3603992792021615 0.9327981344055971
    outer loop
      vertex 138.1434002533555 106.36906119022986 28.221320811492753
      vertex 138.1434002533555 106.98799140918686 28.46045294154432
      vertex 137.25868524760008 110.24695488987643 29.71959792271984
    endloop
  endfacet
  facet normal -1 0 0
    outer loop
      vertex 138.1434002533555 106.98799140918686 28.46045294154432
      vertex 138.1434002533555 106.69967198582513 29.2066914490688
      vertex 138.1434002533555 109.5438069953333 29.44792714528272
    endloop
  endfacet
  facet normal -1.6830095014119587e-15 -0.3603992792021628 0.9327981344055966
    outer loop
      vertex 138.1434002533555 106.98799140918686 28.46045294154432
      vertex 138.1434002533555 109.5438069953333 29.44792714528272
      vertex 137.25868524760008 110.24695488987643 29.71959792271984
    endloop
  endfacet
  facet normal 0.7463880186209578 -0.6207874434311554 -0.23984969405294432
    outer loop
      vertex 139.61948525309563 106.98799140918686 28.46045294154432
      vertex 140.58545024842024 107.9985429340496 28.850893303423106
      vertex 140.58545024842024 107.71022351068787 29.597131810947584
    endloop
  endfacet
  facet normal 6.124040556337489e-16 -0.3603992792021631 0.9327981344055966
    outer loop
      vertex 140.58545024842024 107.9985429340496 28.850893303423106
      vertex 141.45209524929524 109.05117297782039 29.257591274880003
      vertex 140.58545024842024 108.76486924819977 29.146973924799312
    endloop
  endfacet
  facet normal -1 0 0
    outer loop
      vertex 138.1434002533555 106.69967198582513 29.2066914490688
      vertex 138.1434002533555 109.25548757197157 30.194165652807197
      vertex 138.1434002533555 109.5438069953333 29.44792714528272
    endloop
  endfacet
  facet normal 1.412366405786844e-17 -0.36039927920216286 0.9327981344055967
    outer loop
      vertex 138.1434002533555 106.69967198582513 29.2066914490688
      vertex 139.6510752528906 109.25548757197157 30.194165652807197
      vertex 138.1434002533555 109.25548757197157 30.194165652807197
    endloop
  endfacet
  facet normal 0 0.9327981344055979 0.3603992792021597
    outer loop
      vertex 138.1434002533555 109.5438069953333 29.44792714528272
      vertex 138.1434002533555 109.25548757197157 30.194165652807197
      vertex 139.6510752528906 109.5438069953333 29.44792714528272
    endloop
  endfacet
  facet normal 0 -0.3603992792021609 0.9327981344055974
    outer loop
      vertex 137.25868524760008 110.24695488987643 29.71959792271984
      vertex 138.1434002533555 109.5438069953333 29.44792714528272
      vertex 140.03925524801016 110.24695488987643 29.71959792271984
    endloop
  endfacet
  facet normal -2.7108276829234066e-18 -0.9327981344055979 -0.3603992792021597
    outer loop
      vertex 137.25868524760008 110.24695488987643 29.71959792271984
      vertex 140.03925524801016 109.9586354665147 30.465836430244316
      vertex 137.25868524760008 109.9586354665147 30.465836430244316
    endloop
  endfacet
  facet normal -5.624633052120551e-17 -0.3603992792021631 0.9327981344055964
    outer loop
      vertex 138.1434002533555 106.69967198582513 29.2066914490688
      vertex 140.58545024842024 107.71022351068787 29.597131810947584
      vertex 140.58545024842024 108.47654982483805 29.89321243232379
    endloop
  endfacet
  facet normal 1 0 0
    outer loop
      vertex 140.58545024842024 107.9985429340496 28.850893303423106
      vertex 140.58545024842024 108.47654982483805 29.89321243232379
      vertex 140.58545024842024 107.71022351068787 29.597131810947584
    endloop
  endfacet
  facet normal 1 0 0
    outer loop
      vertex 140.58545024842024 107.9985429340496 28.850893303423106
      vertex 140.58545024842024 108.76486924819977 29.146973924799312
      vertex 140.58545024842024 108.47654982483805 29.89321243232379
    endloop
  endfacet
  facet normal -4.764538874078439e-16 -0.3603992792021626 0.9327981344055967
    outer loop
      vertex 138.1434002533555 106.69967198582513 29.2066914490688
      vertex 140.58545024842024 108.47654982483805 29.89321243232379
      vertex 139.6510752528906 109.25548757197157 30.194165652807197
    endloop
  endfacet
  facet normal 0.6663671878816821 0.6955164394347176 0.268722260690684
    outer loop
      vertex 140.58545024842024 108.76486924819977 29.146973924799312
      vertex 139.6510752528906 109.25548757197157 30.194165652807197
      vertex 140.58545024842024 108.47654982483805 29.89321243232379
    endloop
  endfacet
  facet normal 0 -0.3603992792021609 0.9327981344055972
    outer loop
      vertex 138.1434002533555 109.5438069953333 29.44792714528272
      vertex 139.6510752528906 109.5438069953333 29.44792714528272
      vertex 140.03925524801016 110.24695488987643 29.71959792271984
    endloop
  endfacet
  facet normal 7.644503295887855e-16 -0.36039927920216125 0.9327981344055972
    outer loop
      vertex 140.58545024842024 108.76486924819977 29.146973924799312
      vertex 140.03925524801016 110.24695488987643 29.71959792271984
      vertex 139.6510752528906 109.5438069953333 29.44792714528272
    endloop
  endfacet
  facet normal 6.928602923385606e-18 -0.3603992792021615 0.9327981344055971
    outer loop
      vertex 140.58545024842024 108.76486924819977 29.146973924799312
      vertex 141.45209524929524 109.05117297782039 29.257591274880003
      vertex 140.03925524801016 110.24695488987643 29.71959792271984
    endloop
  endfacet
  facet normal 0.666367187881682 0.6955164394347175 0.268722260690684
    outer loop
      vertex 140.58545024842024 108.76486924819977 29.146973924799312
      vertex 139.6510752528906 109.5438069953333 29.44792714528272
      vertex 139.6510752528906 109.25548757197157 30.194165652807197
    endloop
  endfacet
  facet normal -0.6719636068630606 -0.6908155310108377 -0.2669060006178213
    outer loop
      vertex 140.03925524801016 110.24695488987643 29.71959792271984
      vertex 141.45209524929524 109.05117297782039 29.257591274880003
      vertex 141.45209524929524 108.76285355445866 30.00382978240448
    endloop
  endfacet
  facet normal 0 0.9327981344055979 0.3603992792021597
    outer loop
      vertex 138.1434002533555 109.25548757197157 30.194165652807197
      vertex 139.6510752528906 109.25548757197157 30.194165652807197
      vertex 139.6510752528906 109.5438069953333 29.44792714528272
    endloop
  endfacet
  facet normal 0 -0.9327981344055979 -0.3603992792021597
    outer loop
      vertex 137.25868524760008 110.24695488987643 29.71959792271984
      vertex 140.03925524801016 110.24695488987643 29.71959792271984
      vertex 140.03925524801016 109.9586354665147 30.465836430244316
    endloop
  endfacet
  facet normal -0.6719636068630606 -0.6908155310108377 -0.2669060006178213
    outer loop
      vertex 140.03925524801016 110.24695488987643 29.71959792271984
      vertex 141.45209524929524 108.76285355445866 30.00382978240448
      vertex 140.03925524801016 109.9586354665147 30.465836430244316
    endloop
  endfacet
  facet normal 2.2238230763198447e-16 -0.36039927920216286 0.9327981344055968
    outer loop
      vertex 140.58545024842024 107.9985429340496 28.850893303423106
      vertex 141.45209524929524 107.77117338322832 28.76304597696943
      vertex 141.45209524929524 109.05117297782039 29.257591274880003
    endloop
  endfacet
  facet normal -1 0 0
    outer loop
      vertex 141.45209524929524 107.48285395986659 29.509284484493907
      vertex 141.45209524929524 109.05117297782039 29.257591274880003
      vertex 141.45209524929524 107.77117338322832 28.76304597696943
    endloop
  endfacet
  facet normal -0.8304898585463958 0.5196000396297373 0.20075456076603315
    outer loop
      vertex 143.9392617508769 107.48703756290429 29.510900876576656
      vertex 145.18056675195695 109.50166783865522 29.43164610747528
      vertex 143.9392617508769 107.77535698626602 28.76466236905218
    endloop
  endfacet
  facet normal -2.1012136307655633e-15 -0.36039927920216136 0.9327981344055971
    outer loop
      vertex 143.07255175113679 108.01958219002869 28.85902210686957
      vertex 143.9392617508769 107.77535698626602 28.76466236905218
      vertex 145.18056675195695 109.50166783865522 29.43164610747528
    endloop
  endfacet
  facet normal 1.3760791040847299e-15 -0.36039927920216286 0.9327981344055967
    outer loop
      vertex 141.45209524929524 107.48285395986659 29.509284484493907
      vertex 143.07255175113679 107.73126276666696 29.605260614394048
      vertex 141.45209524929524 108.76285355445866 30.00382978240448
    endloop
  endfacet
  facet normal -1 0 0
    outer loop
      vertex 141.45209524929524 107.48285395986659 29.509284484493907
      vertex 141.45209524929524 108.76285355445866 30.00382978240448
      vertex 141.45209524929524 109.05117297782039 29.257591274880003
    endloop
  endfacet
  facet normal 8.381372209282275e-16 -0.3603992792021635 0.9327981344055963
    outer loop
      vertex 143.07255175113679 107.73126276666696 29.605260614394048
      vertex 144.76528175324202 109.9586354665147 30.465836430244316
      vertex 141.45209524929524 108.76285355445866 30.00382978240448
    endloop
  endfacet
  facet normal 0.8158079474514675 -0.5394585352773804 -0.20842716135716785
    outer loop
      vertex 143.07255175113679 108.01958219002869 28.85902210686957
      vertex 144.76528175324202 109.9586354665147 30.465836430244316
      vertex 143.07255175113679 107.73126276666696 29.605260614394048
    endloop
  endfacet
  facet normal 0 -0.3603992792021627 0.9327981344055966
    outer loop
      vertex 143.9392617508769 107.48703756290429 29.510900876576656
      vertex 146.80108174830676 107.48703756290429 29.510900876576656
      vertex 145.6048867493868 109.2133484152935 30.17788461499976
    endloop
  endfacet
  facet normal -0.8304898585463958 0.5196000396297373 0.2007545607660331
    outer loop
      vertex 143.9392617508769 107.48703756290429 29.510900876576656
      vertex 145.18056675195695 109.2133484152935 30.17788461499976
      vertex 145.18056675195695 109.50166783865522 29.43164610747528
    endloop
  endfacet
  facet normal 3.408725450764582e-17 -0.36039927920216286 0.9327981344055967
    outer loop
      vertex 143.9392617508769 107.48703756290429 29.510900876576656
      vertex 145.6048867493868 109.2133484152935 30.17788461499976
      vertex 145.18056675195695 109.2133484152935 30.17788461499976
    endloop
  endfacet
  facet normal -1.695518573251999e-15 -0.36039927920216186 0.932798134405597
    outer loop
      vertex 143.07255175113679 108.01958219002869 28.85902210686957
      vertex 145.18056675195695 109.50166783865522 29.43164610747528
      vertex 144.76528175324202 110.24695488987643 29.71959792271984
    endloop
  endfacet
  facet normal 0.8158079474514676 -0.5394585352773804 -0.20842716135716788
    outer loop
      vertex 143.07255175113679 108.01958219002869 28.85902210686957
      vertex 144.76528175324202 110.24695488987643 29.71959792271984
      vertex 144.76528175324202 109.9586354665147 30.465836430244316
    endloop
  endfacet
  facet normal 0 0.9327981344055978 0.36039927920215964
    outer loop
      vertex 145.18056675195695 109.50166783865522 29.43164610747528
      vertex 145.18056675195695 109.2133484152935 30.17788461499976
      vertex 145.6048867493868 109.50166783865522 29.43164610747528
    endloop
  endfacet
  facet normal 0 -0.36039927920216097 0.9327981344055973
    outer loop
      vertex 145.18056675195695 109.50166783865522 29.43164610747528
      vertex 145.6048867493868 109.50166783865522 29.43164610747528
      vertex 144.76528175324202 110.24695488987643 29.71959792271984
    endloop
  endfacet
  facet normal -1.871836553236124e-19 -0.360399279202161 0.9327981344055974
    outer loop
      vertex 145.6048867493868 109.50166783865522 29.43164610747528
      vertex 146.03369175046683 110.24695488987643 29.71959792271984
      vertex 144.76528175324202 110.24695488987643 29.71959792271984
    endloop
  endfacet
  facet normal -1.7764060560601276e-17 0.9327981344055978 0.36039927920215964
    outer loop
      vertex 145.6048867493868 109.50166783865522 29.43164610747528
      vertex 145.18056675195695 109.2133484152935 30.17788461499976
      vertex 145.6048867493868 109.2133484152935 30.17788461499976
    endloop
  endfacet
  facet normal 0 -0.9327981344055978 -0.36039927920215964
    outer loop
      vertex 144.76528175324202 110.24695488987643 29.71959792271984
      vertex 146.03369175046683 110.24695488987643 29.71959792271984
      vertex 146.03369175046683 109.9586354665147 30.465836430244316
    endloop
  endfacet
  facet normal -5.942594388178771e-18 -0.9327981344055978 -0.36039927920215964
    outer loop
      vertex 144.76528175324202 110.24695488987643 29.71959792271984
      vertex 146.03369175046683 109.9586354665147 30.465836430244316
      vertex 144.76528175324202 109.9586354665147 30.465836430244316
    endloop
  endfacet
  facet normal 5.657930882252415e-18 -0.36039927920216147 0.9327981344055971
    outer loop
      vertex 141.45209524929524 108.76285355445866 30.00382978240448
      vertex 144.76528175324202 109.9586354665147 30.465836430244316
      vertex 140.03925524801016 109.9586354665147 30.465836430244316
    endloop
  endfacet
  facet normal 1 0 0
    outer loop
      vertex 74.9 120.29946820101941 31.888254223469332
      vertex 74.9 166.230448339151 49.63431473138381
      vertex 74.9 165.3654900690658 51.87303025395724
    endloop
  endfacet
  facet normal 0 -1 0
    outer loop
      vertex 8 200 0
      vertex 283.3 200 57.4
      vertex 8 200 57.4
    endloop
  endfacet
  facet normal 0 1 0
    outer loop
      vertex 8 202.4 60
      vertex 209.62977180033926 202.4 12.64721359014511
      vertex 209.45278640985492 202.4 12.470228199660777
    endloop
  endfacet
  facet normal 0 1 0
    outer loop
      vertex 8 202.4 60
      vertex 209.8527864083648 202.4 12.760845211148261
      vertex 209.62977180033926 202.4 12.64721359014511
    endloop
  endfacet
  facet normal 0 1 0
    outer loop
      vertex 8 202.4 60
      vertex 210.10000000298027 202.4 12.799999994039535
      vertex 209.8527864083648 202.4 12.760845211148261
    endloop
  endfacet
  facet normal 0 1 0
    outer loop
      vertex 8 202.4 60
      vertex 218.1999999970198 202.4 12.799999994039535
      vertex 210.10000000298027 202.4 12.799999994039535
    endloop
  endfacet
  facet normal 0 0 -1
    outer loop
      vertex 8 188.8 57.4
      vertex 4.70840258716215 198.9304951684997 57.4
      vertex 283.3 188.8 57.4
    endloop
  endfacet
  facet normal 0 0 1
    outer loop
      vertex 8 186.4 60
      vertex 283.3 186.4 60
      vertex 3.297717981660215 200.87213595499958 60
    endloop
  endfacet
  facet normal 0 0 -1
    outer loop
      vertex 4.70840258716215 198.9304951684997 57.4
      vertex 8 200 57.4
      vertex 285.0304951684997 199.72591649125286 57.4
    endloop
  endfacet
  facet normal 0 0 1
    outer loop
      vertex 3.297717981660215 200.87213595499958 60
      vertex 285.7721359549996 202.00845213036123 60
      vertex 8 202.4 60
    endloop
  endfacet
  facet normal 5.0533027602765e-20 -0.9327981344056037 -0.36039927920214454
    outer loop
      vertex 66.19000000000001 170.6089597065391 50.371643522981024
      vertex 218.11 170.28812022381533 51.20205159591322
      vertex 66.19000000000001 170.28812022381533 51.20205159591322
    endloop
  endfacet
  facet normal 0 0.36039927920214776 -0.9327981344056026
    outer loop
      vertex 66.19000000000001 170.6089597065391 50.371643522981024
      vertex 67.02512562496852 171.32516071725803 50.648357549849685
      vertex 218.11 170.6089597065391 50.371643522981024
    endloop
  endfacet
  facet normal 2.890789207544282e-19 -0.9327981344055956 -0.36039927920216525
    outer loop
      vertex 74.9 166.230448339151 49.63431473138381
      vertex 216.4 165.3654900690658 51.87303025395724
      vertex 74.9 165.3654900690658 51.87303025395724
    endloop
  endfacet
  facet normal 0 0.3603992792021639 -0.9327981344055961
    outer loop
      vertex 66.19000000000001 170.28812022381533 51.20205159591322
      vertex 218.11 170.28812022381533 51.20205159591322
      vertex 74.9 166.230448339151 49.63431473138381
    endloop
  endfacet
  facet normal 1.0929935789033803e-19 0.3603992792021722 -0.932798134405593
    outer loop
      vertex 67.02512562496852 171.32516071725803 50.648357549849685
      vertex 68.26564437270152 171.9147599119707 50.87615723871595
      vertex 220.4943556272985 171.9147599119707 50.87615723871595
    endloop
  endfacet
  facet normal 1.671404420405003e-19 0.36039927920216747 -0.9327981344055947
    outer loop
      vertex 68.26564437270152 171.9147599119707 50.87615723871595
      vertex 69.25012562496852 172.83308218744264 51.230963572421025
      vertex 219.50987437503147 172.83308218744264 51.230963572421025
    endloop
  endfacet
  facet normal 4.439627989943459e-17 0.36039927920215836 -0.9327981344055984
    outer loop
      vertex 69.25012562496852 172.83308218744264 51.230963572421025
      vertex 69.88220149751344 173.99023576102314 51.67804563494076
      vertex 218.87779850248657 173.99023576102314 51.678045634940766
    endloop
  endfacet
  facet normal 3.730059047530166e-20 0.36039927920216197 -0.932798134405597
    outer loop
      vertex 69.88220149751344 173.99023576102314 51.67804563494076
      vertex 70.10000000000001 175.27295037856712 52.17363991899184
      vertex 218.66 175.27295037856712 52.17363991899184
    endloop
  endfacet
  facet normal 3.719154010185855e-20 0.36039927920216197 -0.9327981344055969
    outer loop
      vertex 70.10000000000001 175.27295037856712 52.17363991899184
      vertex 69.88220149751344 176.5556649961111 52.66923420304292
      vertex 218.87779850248657 176.5556649961111 52.66923420304292
    endloop
  endfacet
  facet normal -5.260009962691162e-20 0.3603992792021633 -0.9327981344055964
    outer loop
      vertex 69.88220149751344 176.5556649961111 52.66923420304292
      vertex 69.25012562496852 177.7128185696916 53.11631626556266
      vertex 219.50987437503147 177.7128185696916 53.11631626556266
    endloop
  endfacet
  facet normal 0 0.360399279202155 -0.9327981344055997
    outer loop
      vertex 68.26564437270152 178.63114084516354 53.47112259926772
      vertex 220.4943556272985 178.63114084516354 53.47112259926772
      vertex 69.25012562496852 177.7128185696916 53.11631626556266
    endloop
  endfacet
  facet normal 4.294860496769162e-17 0.3603992792021722 -0.9327981344055929
    outer loop
      vertex 68.26564437270152 178.63114084516354 53.47112259926772
      vertex 67.02512562496852 179.2207400398762 53.698922288133986
      vertex 221.7348743750315 179.2207400398762 53.69892228813399
    endloop
  endfacet
  facet normal 0 -0.3603992792021624 0.9327981344055968
    outer loop
      vertex 8 186.4 60
      vertex 74.9 165.3654900690658 51.87303025395724
      vertex 283.3 186.4 60
    endloop
  endfacet
  facet normal 0 0.360399279202163 -0.9327981344055966
    outer loop
      vertex 8 188.8 57.4
      vertex 283.3 188.8 57.4
      vertex 65.65 179.42390207667205 53.77741671144146
    endloop
  endfacet
  facet normal 1.6062083068191158e-15 0.36039927920213055 -0.9327981344056091
    outer loop
      vertex 65.65 179.42390207667205 53.77741671144146
      vertex 283.3 188.8 57.4
      vertex 67.02512562496852 179.2207400398762 53.698922288133986
    endloop
  endfacet
  facet normal 0 0 1
    outer loop
      vertex 5.400000000000006 2.3999999999999986 3
      vertex 285.9 2.3999999999999986 3
      vertex 193.65 9.5 3
    endloop
  endfacet
  facet normal 0 0 1
    outer loop
      vertex 131.35 46.900000000000006 3
      vertex 191.22294901687516 10.73664424312258 3
      vertex 190.79683045111454 11.572949016875159 3
    endloop
  endfacet
  facet normal 0 0 1
    outer loop
      vertex 132.27705098312484 47.046830451114545 3
      vertex 190.79683045111454 11.572949016875159 3
      vertex 190.65 12.5 3
    endloop
  endfacet
  facet normal 0 0 1
    outer loop
      vertex 133.1133557568774 47.47294901687516 3
      vertex 190.65 12.5 3
      vertex 190.79683045111454 13.427050983124841 3
    endloop
  endfacet
  facet normal 0 0 1
    outer loop
      vertex 133.77705098312484 48.13664424312259 3
      vertex 190.79683045111454 13.427050983124841 3
      vertex 191.22294901687516 14.26335575687742 3
    endloop
  endfacet
  facet normal 0 0 1
    outer loop
      vertex 130.42294901687515 47.046830451114545 3
      vertex 191.22294901687516 10.73664424312258 3
      vertex 131.35 46.900000000000006 3
    endloop
  endfacet
  facet normal 0 0 1
    outer loop
      vertex 131.35 46.900000000000006 3
      vertex 190.79683045111454 11.572949016875159 3
      vertex 132.27705098312484 47.046830451114545 3
    endloop
  endfacet
  facet normal 0 0 1
    outer loop
      vertex 132.27705098312484 47.046830451114545 3
      vertex 190.65 12.5 3
      vertex 133.1133557568774 47.47294901687516 3
    endloop
  endfacet
  facet normal 0 0 1
    outer loop
      vertex 133.1133557568774 47.47294901687516 3
      vertex 190.79683045111454 13.427050983124841 3
      vertex 133.77705098312484 48.13664424312259 3
    endloop
  endfacet
  facet normal 0 0 1
    outer loop
      vertex 133.77705098312484 48.13664424312259 3
      vertex 191.22294901687516 14.26335575687742 3
      vertex 134.20316954888546 48.97294901687516 3
    endloop
  endfacet
  facet normal 0 0 1
    outer loop
      vertex 134.20316954888546 48.97294901687516 3
      vertex 191.8866442431226 14.927050983124843 3
      vertex 134.35 49.900000000000006 3
    endloop
  endfacet
  facet normal 0 0 1
    outer loop
      vertex 134.20316954888546 48.97294901687516 3
      vertex 191.22294901687516 14.26335575687742 3
      vertex 191.8866442431226 14.927050983124843 3
    endloop
  endfacet
  facet normal 0 0 1
    outer loop
      vertex 134.35 49.900000000000006 3
      vertex 191.8866442431226 14.927050983124843 3
      vertex 192.72294901687516 15.353169548885461 3
    endloop
  endfacet
  facet normal 0 0 1
    outer loop
      vertex 134.35 49.900000000000006 3
      vertex 194.57705098312485 15.353169548885461 3
      vertex 195.41335575687742 14.927050983124843 3
    endloop
  endfacet
  facet normal 0 0 1
    outer loop
      vertex 134.35 49.900000000000006 3
      vertex 192.72294901687516 15.353169548885461 3
      vertex 193.65 15.5 3
    endloop
  endfacet
  facet normal 0 0 1
    outer loop
      vertex 134.35 49.900000000000006 3
      vertex 193.65 15.5 3
      vertex 194.57705098312485 15.353169548885461 3
    endloop
  endfacet
  facet normal 0 0 -1
    outer loop
      vertex 5.52786404500042 0.39154786963877175 0
      vertex 271.6368810393754 9.885503233952688 0
      vertex 273.1855032339527 8.336881039375367 0
    endloop
  endfacet
  facet normal 0 0 -1
    outer loop
      vertex 5.52786404500042 0.39154786963877175 0
      vertex 273.1855032339527 8.336881039375367 0
      vertex 275.1368810393754 7.342604385933925 0
    endloop
  endfacet
  facet normal 0 0 -1
    outer loop
      vertex 5.52786404500042 0.39154786963877175 0
      vertex 275.1368810393754 7.342604385933925 0
      vertex 277.3 7 0
    endloop
  endfacet
  facet normal 0 0 -1
    outer loop
      vertex 5.52786404500042 0.39154786963877175 0
      vertex 277.3 7 0
      vertex 283.3 0 0
    endloop
  endfacet
  facet normal 0 0 -1
    outer loop
      vertex 5.52786404500042 0.39154786963877175 0
      vertex 270.64260438593396 11.836881039375369 0
      vertex 271.6368810393754 9.885503233952688 0
    endloop
  endfacet
  facet normal 0 0 -1
    outer loop
      vertex 5.52786404500042 0.39154786963877175 0
      vertex 270.3 14 0
      vertex 270.64260438593396 11.836881039375369 0
    endloop
  endfacet
  facet normal 0 0 -1
    outer loop
      vertex 5.52786404500042 0.39154786963877175 0
      vertex 270.64260438593396 16.163118960624633 0
      vertex 270.3 14 0
    endloop
  endfacet
  facet normal 0 0 1
    outer loop
      vertex 192.80053215590632 11.882825485092903 3
      vertex 194.4994678440937 11.882825485092903 3
      vertex 192.6513906578901 12.175532155906305 3
    endloop
  endfacet
  facet normal 0 0 1
    outer loop
      vertex 192.6513906578901 12.175532155906305 3
      vertex 194.4994678440937 11.882825485092903 3
      vertex 192.6 12.5 3
    endloop
  endfacet
  facet normal 0 0 1
    outer loop
      vertex 192.6 12.5 3
      vertex 194.4994678440937 11.882825485092903 3
      vertex 192.6513906578901 12.824467844093695 3
    endloop
  endfacet
  facet normal 0 0 1
    outer loop
      vertex 194.4994678440937 11.882825485092903 3
      vertex 192.80053215590632 13.117174514907097 3
      vertex 192.6513906578901 12.824467844093695 3
    endloop
  endfacet
  facet normal 0 0 1
    outer loop
      vertex 193.0328254850929 11.650532155906305 3
      vertex 193.3255321559063 11.501390657890088 3
      vertex 194.4994678440937 11.882825485092903 3
    endloop
  endfacet
  facet normal 0 0 1
    outer loop
      vertex 193.0328254850929 11.650532155906305 3
      vertex 194.4994678440937 11.882825485092903 3
      vertex 192.80053215590632 11.882825485092903 3
    endloop
  endfacet
  facet normal 0 0 1
    outer loop
      vertex 193.3255321559063 11.501390657890088 3
      vertex 193.65 11.45 3
      vertex 194.4994678440937 11.882825485092903 3
    endloop
  endfacet
  facet normal 0 0 1
    outer loop
      vertex 193.65 11.45 3
      vertex 193.9744678440937 11.501390657890088 3
      vertex 194.4994678440937 11.882825485092903 3
    endloop
  endfacet
  facet normal 0 0 1
    outer loop
      vertex 193.9744678440937 11.501390657890088 3
      vertex 194.2671745149071 11.650532155906305 3
      vertex 194.4994678440937 11.882825485092903 3
    endloop
  endfacet
  facet normal 0 0 1
    outer loop
      vertex 194.4994678440937 11.882825485092903 3
      vertex 194.64860934210992 12.175532155906305 3
      vertex 193.0328254850929 13.349467844093695 3
    endloop
  endfacet
  facet normal 0 0 1
    outer loop
      vertex 194.4994678440937 11.882825485092903 3
      vertex 193.0328254850929 13.349467844093695 3
      vertex 192.80053215590632 13.117174514907097 3
    endloop
  endfacet
  facet normal 0 0 1
    outer loop
      vertex 193.0328254850929 13.349467844093695 3
      vertex 194.4994678440937 13.117174514907097 3
      vertex 193.3255321559063 13.498609342109912 3
    endloop
  endfacet
  facet normal 0 0 1
    outer loop
      vertex 194.64860934210992 12.175532155906305 3
      vertex 194.70000000000002 12.5 3
      vertex 193.0328254850929 13.349467844093695 3
    endloop
  endfacet
  facet normal 0 0 1
    outer loop
      vertex 194.70000000000002 12.5 3
      vertex 194.64860934210992 12.824467844093695 3
      vertex 193.0328254850929 13.349467844093695 3
    endloop
  endfacet
  facet normal 0 0 1
    outer loop
      vertex 193.0328254850929 13.349467844093695 3
      vertex 194.64860934210992 12.824467844093695 3
      vertex 194.4994678440937 13.117174514907097 3
    endloop
  endfacet
  facet normal 0 0 1
    outer loop
      vertex 193.3255321559063 13.498609342109912 3
      vertex 194.4994678440937 13.117174514907097 3
      vertex 194.2671745149071 13.349467844093695 3
    endloop
  endfacet
  facet normal 0 0 1
    outer loop
      vertex 194.2671745149071 13.349467844093695 3
      vertex 193.9744678440937 13.498609342109912 3
      vertex 193.65 13.55 3
    endloop
  endfacet
  facet normal 0 0 1
    outer loop
      vertex 193.3255321559063 13.498609342109912 3
      vertex 194.2671745149071 13.349467844093695 3
      vertex 193.65 13.55 3
    endloop
  endfacet
  facet normal 0 0 1
    outer loop
      vertex 134.35 49.900000000000006 3
      vertex 195.41335575687742 14.927050983124843 3
      vertex 285.9 2.3999999999999986 3
    endloop
  endfacet
  facet normal -0.8910065241883686 -0.4539904997395455 0
    outer loop
      vertex 190.79683045111454 11.572949016875159 3
      vertex 191.22294901687516 10.73664424312258 3
      vertex 190.79683045111454 11.572949016875159 13
    endloop
  endfacet
  facet normal -0.9876883405951378 -0.15643446504023079 -5.587639233244447e-19
    outer loop
      vertex 190.79683045111454 11.572949016875159 3
      vertex 190.65 12.5 13
      vertex 190.65 12.5 3
    endloop
  endfacet
  facet normal -0.7071067811865457 -0.7071067811865495 2.7882264981446066e-18
    outer loop
      vertex 191.8866442431226 10.072949016875157 3
      vertex 191.22294901687516 10.73664424312258 13
      vertex 191.22294901687516 10.73664424312258 3
    endloop
  endfacet
  facet normal -0.45399049973954786 -0.8910065241883675 -3.656535605323061e-19
    outer loop
      vertex 191.8866442431226 10.072949016875157 3
      vertex 192.72294901687516 9.646830451114539 3
      vertex 192.72294901687516 9.646830451114539 13
    endloop
  endfacet
  facet normal -0.15643446504023048 -0.9876883405951378 1.2239293472463295e-18
    outer loop
      vertex 192.72294901687516 9.646830451114539 3
      vertex 193.65 9.5 3
      vertex 193.65 9.5 13
    endloop
  endfacet
  facet normal 0.4539904997395478 0.8910065241883675 0
    outer loop
      vertex 193.0328254850929 11.650532155906305 3
      vertex 193.0328254850929 11.650532155906305 13
      vertex 193.3255321559063 11.501390657890088 3
    endloop
  endfacet
  facet normal 0.7071067811865827 0.7071067811865124 -6.595138009770901e-19
    outer loop
      vertex 193.0328254850929 11.650532155906305 3
      vertex 192.80053215590632 11.882825485092903 3
      vertex 192.80053215590632 11.882825485092903 13
    endloop
  endfacet
  facet normal 0.15643446504022648 0.9876883405951384 0
    outer loop
      vertex 193.3255321559063 11.501390657890088 3
      vertex 193.3255321559063 11.501390657890088 13
      vertex 193.65 11.45 3
    endloop
  endfacet
  facet normal 0.8910065241883456 0.4539904997395907 4.0763897157093e-19
    outer loop
      vertex 192.80053215590632 11.882825485092903 3
      vertex 192.6513906578901 12.175532155906305 3
      vertex 192.6513906578901 12.175532155906305 13
    endloop
  endfacet
  facet normal 0.9876883405951346 0.15643446504025177 -4.880536814208377e-19
    outer loop
      vertex 192.6513906578901 12.175532155906305 3
      vertex 192.6 12.5 3
      vertex 192.6 12.5 13
    endloop
  endfacet
  facet normal 0.15643446504023048 -0.9876883405951378 -1.2239293472463295e-18
    outer loop
      vertex 193.65 9.5 3
      vertex 194.57705098312485 9.646830451114539 3
      vertex 194.57705098312485 9.646830451114539 13
    endloop
  endfacet
  facet normal 0.45399049973954786 -0.8910065241883675 3.656535605323061e-19
    outer loop
      vertex 194.57705098312485 9.646830451114539 3
      vertex 195.41335575687742 10.072949016875157 3
      vertex 195.41335575687742 10.072949016875157 13
    endloop
  endfacet
  facet normal 0.7071067811865457 -0.7071067811865495 0
    outer loop
      vertex 195.41335575687742 10.072949016875157 3
      vertex 196.07705098312485 10.73664424312258 3
      vertex 195.41335575687742 10.072949016875157 13
    endloop
  endfacet
  facet normal -0.15643446504022648 0.9876883405951384 0
    outer loop
      vertex 193.65 11.45 3
      vertex 193.65 11.45 13
      vertex 193.9744678440937 11.501390657890088 3
    endloop
  endfacet
  facet normal -0.4539904997395478 0.8910065241883675 0
    outer loop
      vertex 193.9744678440937 11.501390657890088 3
      vertex 193.9744678440937 11.501390657890088 13
      vertex 194.2671745149071 11.650532155906305 3
    endloop
  endfacet
  facet normal -0.7071067811865827 0.7071067811865124 0
    outer loop
      vertex 194.2671745149071 11.650532155906305 3
      vertex 194.2671745149071 11.650532155906305 13
      vertex 194.4994678440937 11.882825485092903 3
    endloop
  endfacet
  facet normal -0.8910065241883456 0.4539904997395907 0
    outer loop
      vertex 194.4994678440937 11.882825485092903 3
      vertex 194.4994678440937 11.882825485092903 13
      vertex 194.64860934210992 12.175532155906305 3
    endloop
  endfacet
  facet normal -0.9876883405951346 0.15643446504025177 0
    outer loop
      vertex 194.64860934210992 12.175532155906305 3
      vertex 194.64860934210992 12.175532155906305 13
      vertex 194.70000000000002 12.5 3
    endloop
  endfacet
  facet normal -0.9876883405951346 -0.15643446504025177 0
    outer loop
      vertex 194.70000000000002 12.5 3
      vertex 194.70000000000002 12.5 13
      vertex 194.64860934210992 12.824467844093695 3
    endloop
  endfacet
  facet normal 0.8910065241883686 -0.4539904997395455 0
    outer loop
      vertex 196.07705098312485 10.73664424312258 3
      vertex 196.50316954888547 11.572949016875159 3
      vertex 196.07705098312485 10.73664424312258 13
    endloop
  endfacet
  facet normal 0.9876883405951378 -0.15643446504023079 0
    outer loop
      vertex 196.50316954888547 11.572949016875159 3
      vertex 196.65 12.5 3
      vertex 196.50316954888547 11.572949016875159 13
    endloop
  endfacet
  facet normal -0.8910065241883686 -0.4539904997395455 0
    outer loop
      vertex 191.22294901687516 10.73664424312258 3
      vertex 191.22294901687516 10.73664424312258 13
      vertex 190.79683045111454 11.572949016875159 13
    endloop
  endfacet
  facet normal -0.9876883405951378 -0.15643446504023079 0
    outer loop
      vertex 190.79683045111454 11.572949016875159 3
      vertex 190.79683045111454 11.572949016875159 13
      vertex 190.65 12.5 13
    endloop
  endfacet
  facet normal -0.45399049973954786 -0.8910065241883675 0
    outer loop
      vertex 191.8866442431226 10.072949016875157 3
      vertex 192.72294901687516 9.646830451114539 13
      vertex 191.8866442431226 10.072949016875157 13
    endloop
  endfacet
  facet normal -0.7071067811865457 -0.7071067811865495 0
    outer loop
      vertex 191.8866442431226 10.072949016875157 3
      vertex 191.8866442431226 10.072949016875157 13
      vertex 191.22294901687516 10.73664424312258 13
    endloop
  endfacet
  facet normal -0.15643446504023048 -0.9876883405951378 0
    outer loop
      vertex 192.72294901687516 9.646830451114539 3
      vertex 193.65 9.5 13
      vertex 192.72294901687516 9.646830451114539 13
    endloop
  endfacet
  facet normal 0.7071067811865827 0.7071067811865124 0
    outer loop
      vertex 193.0328254850929 11.650532155906305 3
      vertex 192.80053215590632 11.882825485092903 13
      vertex 193.0328254850929 11.650532155906305 13
    endloop
  endfacet
  facet normal 0.4539904997395478 0.8910065241883675 0
    outer loop
      vertex 193.3255321559063 11.501390657890088 3
      vertex 193.0328254850929 11.650532155906305 13
      vertex 193.3255321559063 11.501390657890088 13
    endloop
  endfacet
  facet normal 0.8910065241883456 0.4539904997395907 0
    outer loop
      vertex 192.80053215590632 11.882825485092903 3
      vertex 192.6513906578901 12.175532155906305 13
      vertex 192.80053215590632 11.882825485092903 13
    endloop
  endfacet
  facet normal 0.9876883405951346 0.15643446504025177 0
    outer loop
      vertex 192.6513906578901 12.175532155906305 3
      vertex 192.6 12.5 13
      vertex 192.6513906578901 12.175532155906305 13
    endloop
  endfacet
  facet normal 0.9876883405951346 -0.15643446504025177 0
    outer loop
      vertex 192.6 12.5 3
      vertex 192.6513906578901 12.824467844093695 13
      vertex 192.6 12.5 13
    endloop
  endfacet
  facet normal 0.15643446504023048 -0.9876883405951378 0
    outer loop
      vertex 193.65 9.5 3
      vertex 194.57705098312485 9.646830451114539 13
      vertex 193.65 9.5 13
    endloop
  endfacet
  facet normal 0.45399049973954786 -0.8910065241883675 0
    outer loop
      vertex 194.57705098312485 9.646830451114539 3
      vertex 195.41335575687742 10.072949016875157 13
      vertex 194.57705098312485 9.646830451114539 13
    endloop
  endfacet
  facet normal 0.15643446504022648 0.9876883405951384 0
    outer loop
      vertex 193.65 11.45 3
      vertex 193.3255321559063 11.501390657890088 13
      vertex 193.65 11.45 13
    endloop
  endfacet
  facet normal -0.15643446504022648 0.9876883405951384 0
    outer loop
      vertex 193.9744678440937 11.501390657890088 3
      vertex 193.65 11.45 13
      vertex 193.9744678440937 11.501390657890088 13
    endloop
  endfacet
  facet normal -0.4539904997395478 0.8910065241883675 0
    outer loop
      vertex 194.2671745149071 11.650532155906305 3
      vertex 193.9744678440937 11.501390657890088 13
      vertex 194.2671745149071 11.650532155906305 13
    endloop
  endfacet
  facet normal -0.7071067811865827 0.7071067811865124 0
    outer loop
      vertex 194.4994678440937 11.882825485092903 3
      vertex 194.2671745149071 11.650532155906305 13
      vertex 194.4994678440937 11.882825485092903 13
    endloop
  endfacet
  facet normal -0.8910065241883456 0.4539904997395907 0
    outer loop
      vertex 194.64860934210992 12.175532155906305 3
      vertex 194.4994678440937 11.882825485092903 13
      vertex 194.64860934210992 12.175532155906305 13
    endloop
  endfacet
  facet normal -0.9876883405951346 0.15643446504025177 0
    outer loop
      vertex 194.70000000000002 12.5 3
      vertex 194.64860934210992 12.175532155906305 13
      vertex 194.70000000000002 12.5 13
    endloop
  endfacet
  facet normal 0.7071067811865457 -0.7071067811865495 0
    outer loop
      vertex 196.07705098312485 10.73664424312258 3
      vertex 196.07705098312485 10.73664424312258 13
      vertex 195.41335575687742 10.072949016875157 13
    endloop
  endfacet
  facet normal 0.8910065241883686 -0.4539904997395455 0
    outer loop
      vertex 196.50316954888547 11.572949016875159 3
      vertex 196.50316954888547 11.572949016875159 13
      vertex 196.07705098312485 10.73664424312258 13
    endloop
  endfacet
  facet normal 0.9876883405951378 -0.15643446504023079 0
    outer loop
      vertex 196.65 12.5 3
      vertex 196.65 12.5 13
      vertex 196.50316954888547 11.572949016875159 13
    endloop
  endfacet
  facet normal -0.9876883405951378 0.15643446504023079 5.587639233244447e-19
    outer loop
      vertex 190.65 12.5 3
      vertex 190.79683045111454 13.427050983124841 13
      vertex 190.79683045111454 13.427050983124841 3
    endloop
  endfacet
  facet normal -0.8910065241883686 0.4539904997395455 -1.821066391731385e-19
    outer loop
      vertex 190.79683045111454 13.427050983124841 3
      vertex 191.22294901687516 14.26335575687742 13
      vertex 191.22294901687516 14.26335575687742 3
    endloop
  endfacet
  facet normal 0.9876883405951346 -0.15643446504025177 4.880536814208377e-19
    outer loop
      vertex 192.6 12.5 3
      vertex 192.6513906578901 12.824467844093695 3
      vertex 192.6513906578901 12.824467844093695 13
    endloop
  endfacet
  facet normal 0.8910065241883456 -0.4539904997395907 -4.0763897157093e-19
    outer loop
      vertex 192.6513906578901 12.824467844093695 3
      vertex 192.80053215590632 13.117174514907097 3
      vertex 192.80053215590632 13.117174514907097 13
    endloop
  endfacet
  facet normal 0.7071067811865827 -0.7071067811865124 6.595138009770901e-19
    outer loop
      vertex 192.80053215590632 13.117174514907097 3
      vertex 193.0328254850929 13.349467844093695 3
      vertex 193.0328254850929 13.349467844093695 13
    endloop
  endfacet
  facet normal 0.4539904997395478 -0.8910065241883675 1.0094953246097113e-18
    outer loop
      vertex 193.0328254850929 13.349467844093695 3
      vertex 193.3255321559063 13.498609342109912 3
      vertex 193.3255321559063 13.498609342109912 13
    endloop
  endfacet
  facet normal -0.7071067811865457 0.7071067811865495 -2.7882264981446066e-18
    outer loop
      vertex 191.22294901687516 14.26335575687742 3
      vertex 191.8866442431226 14.927050983124843 13
      vertex 191.8866442431226 14.927050983124843 3
    endloop
  endfacet
  facet normal -0.45399049973954786 0.8910065241883675 0
    outer loop
      vertex 191.8866442431226 14.927050983124843 3
      vertex 191.8866442431226 14.927050983124843 13
      vertex 192.72294901687516 15.353169548885461 3
    endloop
  endfacet
  facet normal -0.15643446504023048 0.9876883405951378 0
    outer loop
      vertex 192.72294901687516 15.353169548885461 3
      vertex 192.72294901687516 15.353169548885461 13
      vertex 193.65 15.5 3
    endloop
  endfacet
  facet normal -0.4539904997395478 -0.8910065241883675 0
    outer loop
      vertex 194.2671745149071 13.349467844093695 3
      vertex 194.2671745149071 13.349467844093695 13
      vertex 193.9744678440937 13.498609342109912 3
    endloop
  endfacet
  facet normal -0.7071067811865827 -0.7071067811865124 -6.595138009770901e-19
    outer loop
      vertex 194.2671745149071 13.349467844093695 3
      vertex 194.4994678440937 13.117174514907097 3
      vertex 194.4994678440937 13.117174514907097 13
    endloop
  endfacet
  facet normal 0.15643446504022648 -0.9876883405951384 -5.153132414377666e-19
    outer loop
      vertex 193.3255321559063 13.498609342109912 3
      vertex 193.65 13.55 3
      vertex 193.65 13.55 13
    endloop
  endfacet
  facet normal -0.15643446504022648 -0.9876883405951384 5.153132414377666e-19
    outer loop
      vertex 193.65 13.55 3
      vertex 193.9744678440937 13.498609342109912 3
      vertex 193.9744678440937 13.498609342109912 13
    endloop
  endfacet
  facet normal -0.8910065241883456 -0.4539904997395907 4.0763897157093e-19
    outer loop
      vertex 194.4994678440937 13.117174514907097 3
      vertex 194.64860934210992 12.824467844093695 3
      vertex 194.64860934210992 12.824467844093695 13
    endloop
  endfacet
  facet normal 0.15643446504023048 0.9876883405951378 0
    outer loop
      vertex 193.65 15.5 3
      vertex 193.65 15.5 13
      vertex 194.57705098312485 15.353169548885461 3
    endloop
  endfacet
  facet normal 0.45399049973954786 0.8910065241883675 0
    outer loop
      vertex 194.57705098312485 15.353169548885461 3
      vertex 194.57705098312485 15.353169548885461 13
      vertex 195.41335575687742 14.927050983124843 3
    endloop
  endfacet
  facet normal 0.9876883405951378 0.15643446504023079 0
    outer loop
      vertex 196.65 12.5 3
      vertex 196.50316954888547 13.427050983124841 3
      vertex 196.65 12.5 13
    endloop
  endfacet
  facet normal 0.8910065241883686 0.4539904997395455 0
    outer loop
      vertex 196.50316954888547 13.427050983124841 3
      vertex 196.07705098312485 14.26335575687742 3
      vertex 196.50316954888547 13.427050983124841 13
    endloop
  endfacet
  facet normal 0.7071067811865457 0.7071067811865495 2.7882264981446066e-18
    outer loop
      vertex 195.41335575687742 14.927050983124843 3
      vertex 196.07705098312485 14.26335575687742 13
      vertex 196.07705098312485 14.26335575687742 3
    endloop
  endfacet
  facet normal -0.9876883405951378 0.15643446504023079 0
    outer loop
      vertex 190.65 12.5 3
      vertex 190.65 12.5 13
      vertex 190.79683045111454 13.427050983124841 13
    endloop
  endfacet
  facet normal -0.8910065241883686 0.4539904997395455 0
    outer loop
      vertex 190.79683045111454 13.427050983124841 3
      vertex 190.79683045111454 13.427050983124841 13
      vertex 191.22294901687516 14.26335575687742 13
    endloop
  endfacet
  facet normal 0.8910065241883456 -0.4539904997395907 0
    outer loop
      vertex 192.6513906578901 12.824467844093695 3
      vertex 192.80053215590632 13.117174514907097 13
      vertex 192.6513906578901 12.824467844093695 13
    endloop
  endfacet
  facet normal 0.7071067811865827 -0.7071067811865124 0
    outer loop
      vertex 192.80053215590632 13.117174514907097 3
      vertex 193.0328254850929 13.349467844093695 13
      vertex 192.80053215590632 13.117174514907097 13
    endloop
  endfacet
  facet normal 0.4539904997395478 -0.8910065241883675 0
    outer loop
      vertex 193.0328254850929 13.349467844093695 3
      vertex 193.3255321559063 13.498609342109912 13
      vertex 193.0328254850929 13.349467844093695 13
    endloop
  endfacet
  facet normal 0.15643446504022648 -0.9876883405951384 0
    outer loop
      vertex 193.3255321559063 13.498609342109912 3
      vertex 193.65 13.55 13
      vertex 193.3255321559063 13.498609342109912 13
    endloop
  endfacet
  facet normal -0.7071067811865457 0.7071067811865495 0
    outer loop
      vertex 191.22294901687516 14.26335575687742 3
      vertex 191.22294901687516 14.26335575687742 13
      vertex 191.8866442431226 14.927050983124843 13
    endloop
  endfacet
  facet normal -0.45399049973954786 0.8910065241883675 0
    outer loop
      vertex 192.72294901687516 15.353169548885461 3
      vertex 191.8866442431226 14.927050983124843 13
      vertex 192.72294901687516 15.353169548885461 13
    endloop
  endfacet
  facet normal -0.15643446504023048 0.9876883405951378 0
    outer loop
      vertex 193.65 15.5 3
      vertex 192.72294901687516 15.353169548885461 13
      vertex 193.65 15.5 13
    endloop
  endfacet
  facet normal -0.8910065241883456 -0.4539904997395907 0
    outer loop
      vertex 194.4994678440937 13.117174514907097 3
      vertex 194.64860934210992 12.824467844093695 13
      vertex 194.4994678440937 13.117174514907097 13
    endloop
  endfacet
  facet normal -0.7071067811865827 -0.7071067811865124 0
    outer loop
      vertex 194.2671745149071 13.349467844093695 3
      vertex 194.4994678440937 13.117174514907097 13
      vertex 194.2671745149071 13.349467844093695 13
    endloop
  endfacet
  facet normal -0.15643446504022648 -0.9876883405951384 0
    outer loop
      vertex 193.65 13.55 3
      vertex 193.9744678440937 13.498609342109912 13
      vertex 193.65 13.55 13
    endloop
  endfacet
  facet normal -0.4539904997395478 -0.8910065241883675 0
    outer loop
      vertex 193.9744678440937 13.498609342109912 3
      vertex 194.2671745149071 13.349467844093695 13
      vertex 193.9744678440937 13.498609342109912 13
    endloop
  endfacet
  facet normal -0.9876883405951346 -0.15643446504025177 0
    outer loop
      vertex 194.64860934210992 12.824467844093695 3
      vertex 194.70000000000002 12.5 13
      vertex 194.64860934210992 12.824467844093695 13
    endloop
  endfacet
  facet normal 0.15643446504023048 0.9876883405951378 0
    outer loop
      vertex 194.57705098312485 15.353169548885461 3
      vertex 193.65 15.5 13
      vertex 194.57705098312485 15.353169548885461 13
    endloop
  endfacet
  facet normal 0.7071067811865457 0.7071067811865495 0
    outer loop
      vertex 195.41335575687742 14.927050983124843 3
      vertex 195.41335575687742 14.927050983124843 13
      vertex 196.07705098312485 14.26335575687742 13
    endloop
  endfacet
  facet normal 0.45399049973954786 0.8910065241883675 0
    outer loop
      vertex 195.41335575687742 14.927050983124843 3
      vertex 194.57705098312485 15.353169548885461 13
      vertex 195.41335575687742 14.927050983124843 13
    endloop
  endfacet
  facet normal 0.9876883405951378 0.15643446504023079 0
    outer loop
      vertex 196.50316954888547 13.427050983124841 3
      vertex 196.50316954888547 13.427050983124841 13
      vertex 196.65 12.5 13
    endloop
  endfacet
  facet normal 0.8910065241883686 0.4539904997395455 0
    outer loop
      vertex 196.07705098312485 14.26335575687742 3
      vertex 196.07705098312485 14.26335575687742 13
      vertex 196.50316954888547 13.427050983124841 13
    endloop
  endfacet
  facet normal 0 0 1
    outer loop
      vertex 134.35 49.900000000000006 3
      vertex 285.9 2.3999999999999986 3
      vertex 134.20316954888546 50.82705098312485 3
    endloop
  endfacet
  facet normal 0 0 1
    outer loop
      vertex 133.77705098312484 51.66335575687742 3
      vertex 285.9 2.3999999999999986 3
      vertex 133.1133557568774 52.32705098312485 3
    endloop
  endfacet
  facet normal 0 0 1
    outer loop
      vertex 132.27705098312484 52.75316954888547 3
      vertex 133.1133557568774 52.32705098312485 3
      vertex 285.9 2.3999999999999986 3
    endloop
  endfacet
  facet normal 0 0 1
    outer loop
      vertex 134.20316954888546 50.82705098312485 3
      vertex 285.9 2.3999999999999986 3
      vertex 133.77705098312484 51.66335575687742 3
    endloop
  endfacet
  facet normal 0 0 -1
    outer loop
      vertex 5.52786404500042 0.39154786963877175 0
      vertex 285.0304951684997 101.07408350874715 0
      vertex 270.64260438593396 16.163118960624633 0
    endloop
  endfacet
  facet normal 0 0 1
    outer loop
      vertex 190.79683045111454 11.572949016875159 13
      vertex 191.22294901687516 10.73664424312258 13
      vertex 190.79683045111454 13.427050983124841 13
    endloop
  endfacet
  facet normal 0 0 1
    outer loop
      vertex 190.79683045111454 11.572949016875159 13
      vertex 190.79683045111454 13.427050983124841 13
      vertex 190.65 12.5 13
    endloop
  endfacet
  facet normal 0 -1 0
    outer loop
      vertex 8 0 24
      vertex 283.3 0 0
      vertex 283.3 0 24
    endloop
  endfacet
  facet normal 0 0 1
    outer loop
      vertex 192.72294901687516 9.646830451114539 13
      vertex 193.65 9.5 13
      vertex 193.3255321559063 11.501390657890088 13
    endloop
  endfacet
  facet normal 0 0 1
    outer loop
      vertex 192.72294901687516 9.646830451114539 13
      vertex 193.0328254850929 11.650532155906305 13
      vertex 192.80053215590632 11.882825485092903 13
    endloop
  endfacet
  facet normal 0 0 1
    outer loop
      vertex 192.72294901687516 9.646830451114539 13
      vertex 193.3255321559063 11.501390657890088 13
      vertex 193.0328254850929 11.650532155906305 13
    endloop
  endfacet
  facet normal 0 0 1
    outer loop
      vertex 191.8866442431226 10.072949016875157 13
      vertex 191.22294901687516 14.26335575687742 13
      vertex 191.22294901687516 10.73664424312258 13
    endloop
  endfacet
  facet normal 0 0 1
    outer loop
      vertex 191.8866442431226 10.072949016875157 13
      vertex 192.72294901687516 9.646830451114539 13
      vertex 191.8866442431226 14.927050983124843 13
    endloop
  endfacet
  facet normal 0 0 1
    outer loop
      vertex 192.72294901687516 9.646830451114539 13
      vertex 192.80053215590632 11.882825485092903 13
      vertex 192.6513906578901 12.175532155906305 13
    endloop
  endfacet
  facet normal 0 0 1
    outer loop
      vertex 192.72294901687516 9.646830451114539 13
      vertex 192.6513906578901 12.175532155906305 13
      vertex 192.6 12.5 13
    endloop
  endfacet
  facet normal 0 0 1
    outer loop
      vertex 192.72294901687516 9.646830451114539 13
      vertex 192.6 12.5 13
      vertex 191.8866442431226 14.927050983124843 13
    endloop
  endfacet
  facet normal 0 0 1
    outer loop
      vertex 193.65 9.5 13
      vertex 194.57705098312485 9.646830451114539 13
      vertex 193.65 11.45 13
    endloop
  endfacet
  facet normal 0 0 1
    outer loop
      vertex 193.3255321559063 11.501390657890088 13
      vertex 193.65 9.5 13
      vertex 193.65 11.45 13
    endloop
  endfacet
  facet normal 0 0 1
    outer loop
      vertex 194.57705098312485 9.646830451114539 13
      vertex 193.9744678440937 11.501390657890088 13
      vertex 193.65 11.45 13
    endloop
  endfacet
  facet normal 0 0 1
    outer loop
      vertex 194.57705098312485 9.646830451114539 13
      vertex 194.2671745149071 11.650532155906305 13
      vertex 193.9744678440937 11.501390657890088 13
    endloop
  endfacet
  facet normal 0 0 1
    outer loop
      vertex 194.57705098312485 9.646830451114539 13
      vertex 194.4994678440937 11.882825485092903 13
      vertex 194.2671745149071 11.650532155906305 13
    endloop
  endfacet
  facet normal 0 0 1
    outer loop
      vertex 194.57705098312485 9.646830451114539 13
      vertex 195.41335575687742 10.072949016875157 13
      vertex 194.4994678440937 11.882825485092903 13
    endloop
  endfacet
  facet normal 0 0 1
    outer loop
      vertex 195.41335575687742 10.072949016875157 13
      vertex 194.64860934210992 12.175532155906305 13
      vertex 194.4994678440937 11.882825485092903 13
    endloop
  endfacet
  facet normal 0 0 1
    outer loop
      vertex 195.41335575687742 10.072949016875157 13
      vertex 194.70000000000002 12.5 13
      vertex 194.64860934210992 12.175532155906305 13
    endloop
  endfacet
  facet normal 0 0 1
    outer loop
      vertex 195.41335575687742 10.072949016875157 13
      vertex 194.57705098312485 15.353169548885461 13
      vertex 194.70000000000002 12.5 13
    endloop
  endfacet
  facet normal 0 0 1
    outer loop
      vertex 195.41335575687742 10.072949016875157 13
      vertex 196.07705098312485 10.73664424312258 13
      vertex 195.41335575687742 14.927050983124843 13
    endloop
  endfacet
  facet normal 0 0 1
    outer loop
      vertex 196.07705098312485 10.73664424312258 13
      vertex 196.50316954888547 11.572949016875159 13
      vertex 196.07705098312485 14.26335575687742 13
    endloop
  endfacet
  facet normal 0 0 1
    outer loop
      vertex 196.50316954888547 11.572949016875159 13
      vertex 196.65 12.5 13
      vertex 196.50316954888547 13.427050983124841 13
    endloop
  endfacet
  facet normal 0 1 0
    outer loop
      vertex 8 2.3999999999999986 24.048780487804876
      vertex 283.3 2.3999999999999986 24.048780487804876
      vertex 285.9 2.3999999999999986 3
    endloop
  endfacet
  facet normal 0 0 1
    outer loop
      vertex 191.22294901687516 10.73664424312258 13
      vertex 191.22294901687516 14.26335575687742 13
      vertex 190.79683045111454 13.427050983124841 13
    endloop
  endfacet
  facet normal 0 0 1
    outer loop
      vertex 191.8866442431226 10.072949016875157 13
      vertex 191.8866442431226 14.927050983124843 13
      vertex 191.22294901687516 14.26335575687742 13
    endloop
  endfacet
  facet normal 0 0 1
    outer loop
      vertex 192.6 12.5 13
      vertex 192.6513906578901 12.824467844093695 13
      vertex 191.8866442431226 14.927050983124843 13
    endloop
  endfacet
  facet normal 0 0 1
    outer loop
      vertex 192.6513906578901 12.824467844093695 13
      vertex 192.80053215590632 13.117174514907097 13
      vertex 191.8866442431226 14.927050983124843 13
    endloop
  endfacet
  facet normal 0 0 1
    outer loop
      vertex 192.80053215590632 13.117174514907097 13
      vertex 193.0328254850929 13.349467844093695 13
      vertex 192.72294901687516 15.353169548885461 13
    endloop
  endfacet
  facet normal 0 0 1
    outer loop
      vertex 193.0328254850929 13.349467844093695 13
      vertex 193.3255321559063 13.498609342109912 13
      vertex 192.72294901687516 15.353169548885461 13
    endloop
  endfacet
  facet normal 0 0 1
    outer loop
      vertex 193.3255321559063 13.498609342109912 13
      vertex 193.65 13.55 13
      vertex 192.72294901687516 15.353169548885461 13
    endloop
  endfacet
  facet normal 0 0 1
    outer loop
      vertex 192.80053215590632 13.117174514907097 13
      vertex 192.72294901687516 15.353169548885461 13
      vertex 191.8866442431226 14.927050983124843 13
    endloop
  endfacet
  facet normal 0 0 1
    outer loop
      vertex 192.72294901687516 15.353169548885461 13
      vertex 193.65 13.55 13
      vertex 193.65 15.5 13
    endloop
  endfacet
  facet normal 0 0 1
    outer loop
      vertex 193.65 13.55 13
      vertex 193.9744678440937 13.498609342109912 13
      vertex 193.65 15.5 13
    endloop
  endfacet
  facet normal 0 0 1
    outer loop
      vertex 194.4994678440937 13.117174514907097 13
      vertex 194.64860934210992 12.824467844093695 13
      vertex 194.57705098312485 15.353169548885461 13
    endloop
  endfacet
  facet normal 0 0 1
    outer loop
      vertex 194.2671745149071 13.349467844093695 13
      vertex 194.57705098312485 15.353169548885461 13
      vertex 193.9744678440937 13.498609342109912 13
    endloop
  endfacet
  facet normal 0 0 1
    outer loop
      vertex 194.2671745149071 13.349467844093695 13
      vertex 194.4994678440937 13.117174514907097 13
      vertex 194.57705098312485 15.353169548885461 13
    endloop
  endfacet
  facet normal 0 0 1
    outer loop
      vertex 194.70000000000002 12.5 13
      vertex 194.57705098312485 15.353169548885461 13
      vertex 194.64860934210992 12.824467844093695 13
    endloop
  endfacet
  facet normal 0 0 1
    outer loop
      vertex 195.41335575687742 10.072949016875157 13
      vertex 195.41335575687742 14.927050983124843 13
      vertex 194.57705098312485 15.353169548885461 13
    endloop
  endfacet
  facet normal 0 0 1
    outer loop
      vertex 193.9744678440937 13.498609342109912 13
      vertex 194.57705098312485 15.353169548885461 13
      vertex 193.65 15.5 13
    endloop
  endfacet
  facet normal 0 0 1
    outer loop
      vertex 196.07705098312485 10.73664424312258 13
      vertex 196.07705098312485 14.26335575687742 13
      vertex 195.41335575687742 14.927050983124843 13
    endloop
  endfacet
  facet normal 0 0 1
    outer loop
      vertex 196.50316954888547 11.572949016875159 13
      vertex 196.50316954888547 13.427050983124841 13
      vertex 196.07705098312485 14.26335575687742 13
    endloop
  endfacet
  facet normal 0 -0.020321006240507703 0.999793507033014
    outer loop
      vertex 8 2.3999999999999986 24.048780487804876
      vertex 283.3 0 24
      vertex 283.3 2.3999999999999986 24.048780487804876
    endloop
  endfacet
  facet normal 0 0 1
    outer loop
      vertex 5.400000000000006 98.4 3
      vertex 260.0968304511146 68.87294901687517 3
      vertex 259.95000000000005 69.80000000000001 3
    endloop
  endfacet
  facet normal 0 0 1
    outer loop
      vertex 5.400000000000006 98.4 3
      vertex 262.95000000000005 66.80000000000001 3
      vertex 262.0229490168752 66.94683045111455 3
    endloop
  endfacet
  facet normal 0 0 1
    outer loop
      vertex 5.400000000000006 98.4 3
      vertex 261.1866442431226 67.37294901687517 3
      vertex 260.5229490168752 68.0366442431226 3
    endloop
  endfacet
  facet normal 0 0 1
    outer loop
      vertex 5.400000000000006 98.4 3
      vertex 262.0229490168752 66.94683045111455 3
      vertex 261.1866442431226 67.37294901687517 3
    endloop
  endfacet
  facet normal 0 0 1
    outer loop
      vertex 5.400000000000006 98.4 3
      vertex 260.5229490168752 68.0366442431226 3
      vertex 260.0968304511146 68.87294901687517 3
    endloop
  endfacet
  facet normal 0 0 1
    outer loop
      vertex 5.400000000000006 98.4 3
      vertex 259.95000000000005 69.80000000000001 3
      vertex 260.0968304511146 70.72705098312485 3
    endloop
  endfacet
  facet normal 0 0 1
    outer loop
      vertex 5.400000000000006 98.4 3
      vertex 260.0968304511146 70.72705098312485 3
      vertex 260.5229490168752 71.56335575687743 3
    endloop
  endfacet
  facet normal 0 0 1
    outer loop
      vertex 5.400000000000006 98.4 3
      vertex 285.9 2.3999999999999986 3
      vertex 262.95000000000005 66.80000000000001 3
    endloop
  endfacet
  facet normal 0 0 -1
    outer loop
      vertex 5.52786404500042 0.39154786963877175 0
      vertex 283.3 100.80000000000001 0
      vertex 285.0304951684997 101.07408350874715 0
    endloop
  endfacet
  facet normal 0 0 1
    outer loop
      vertex 5.400000000000006 98.4 3
      vertex 260.5229490168752 71.56335575687743 3
      vertex 285.9 98.4 3
    endloop
  endfacet
  facet normal 0 1 0
    outer loop
      vertex 283.3 100.80000000000001 0
      vertex 30.150000000000006 100.80000000000001 22
      vertex 275.3 100.80000000000001 2.6
    endloop
  endfacet
  facet normal 0 -1 0
    outer loop
      vertex 5.400000000000006 98.4 3
      vertex 285.9 98.4 3
      vertex 283.3 98.4 26
    endloop
  endfacet
  facet normal 0 1 0
    outer loop
      vertex 275.3 100.80000000000001 2.6
      vertex 30.150000000000006 100.80000000000001 22
      vertex 275.3 100.80000000000001 12.6
    endloop
  endfacet
  facet normal 0 1 0
    outer loop
      vertex 8 100.80000000000001 23.4
      vertex 283.3 100.80000000000001 23.4
      vertex 275.3 100.80000000000001 12.6
    endloop
  endfacet
  facet normal 0 0 1
    outer loop
      vertex 193.65 9.5 3
      vertex 285.9 2.3999999999999986 3
      vertex 194.57705098312485 9.646830451114539 3
    endloop
  endfacet
  facet normal 0 0 1
    outer loop
      vertex 194.57705098312485 9.646830451114539 3
      vertex 285.9 2.3999999999999986 3
      vertex 195.41335575687742 10.072949016875157 3
    endloop
  endfacet
  facet normal 0 0 1
    outer loop
      vertex 195.41335575687742 10.072949016875157 3
      vertex 285.9 2.3999999999999986 3
      vertex 196.07705098312485 10.73664424312258 3
    endloop
  endfacet
  facet normal 0 0 1
    outer loop
      vertex 196.07705098312485 10.73664424312258 3
      vertex 285.9 2.3999999999999986 3
      vertex 196.50316954888547 11.572949016875159 3
    endloop
  endfacet
  facet normal 0 0 1
    outer loop
      vertex 196.50316954888547 11.572949016875159 3
      vertex 285.9 2.3999999999999986 3
      vertex 196.65 12.5 3
    endloop
  endfacet
  facet normal 0 0 1
    outer loop
      vertex 196.65 12.5 3
      vertex 285.9 2.3999999999999986 3
      vertex 196.50316954888547 13.427050983124841 3
    endloop
  endfacet
  facet normal 0 0 1
    outer loop
      vertex 196.50316954888547 13.427050983124841 3
      vertex 285.9 2.3999999999999986 3
      vertex 196.07705098312485 14.26335575687742 3
    endloop
  endfacet
  facet normal 0 0 1
    outer loop
      vertex 195.41335575687742 14.927050983124843 3
      vertex 196.07705098312485 14.26335575687742 3
      vertex 285.9 2.3999999999999986 3
    endloop
  endfacet
  facet normal -0.7071067811865479 -0.7071067811865471 0
    outer loop
      vertex 271.6368810393754 9.885503233952688 -3.5
      vertex 273.1855032339527 8.336881039375367 -3.5
      vertex 271.6368810393754 9.885503233952688 0
    endloop
  endfacet
  facet normal 0 0 -1
    outer loop
      vertex 271.6368810393754 9.885503233952688 -3.5
      vertex 273.1855032339527 19.663118960624633 -3.5
      vertex 273.1855032339527 8.336881039375367 -3.5
    endloop
  endfacet
  facet normal -0.89100652418837 -0.4539904997395426 0
    outer loop
      vertex 270.64260438593396 11.836881039375369 -3.5
      vertex 271.6368810393754 9.885503233952688 -3.5
      vertex 270.64260438593396 11.836881039375369 0
    endloop
  endfacet
  facet normal -0.7071067811865479 -0.7071067811865471 -1.2780488992818247e-17
    outer loop
      vertex 271.6368810393754 9.885503233952688 0
      vertex 273.1855032339527 8.336881039375367 -3.5
      vertex 273.1855032339527 8.336881039375367 0
    endloop
  endfacet
  facet normal -0.9876883405951357 -0.15643446504024336 0
    outer loop
      vertex 270.64260438593396 11.836881039375369 -3.5
      vertex 270.64260438593396 11.836881039375369 0
      vertex 270.3 14 0
    endloop
  endfacet
  facet normal -0.89100652418837 -0.4539904997395426 0
    outer loop
      vertex 271.6368810393754 9.885503233952688 -3.5
      vertex 271.6368810393754 9.885503233952688 0
      vertex 270.64260438593396 11.836881039375369 0
    endloop
  endfacet
  facet normal 0 0 -1
    outer loop
      vertex 270.64260438593396 11.836881039375369 -3.5
      vertex 270.3 14 -3.5
      vertex 270.64260438593396 16.163118960624633 -3.5
    endloop
  endfacet
  facet normal 0 0 -1
    outer loop
      vertex 270.64260438593396 11.836881039375369 -3.5
      vertex 271.6368810393754 18.11449676604731 -3.5
      vertex 271.6368810393754 9.885503233952688 -3.5
    endloop
  endfacet
  facet normal 0 0 -1
    outer loop
      vertex 270.64260438593396 11.836881039375369 -3.5
      vertex 270.64260438593396 16.163118960624633 -3.5
      vertex 271.6368810393754 18.11449676604731 -3.5
    endloop
  endfacet
  facet normal -0.9876883405951357 -0.15643446504024336 2.7666849642715675e-18
    outer loop
      vertex 270.64260438593396 11.836881039375369 -3.5
      vertex 270.3 14 0
      vertex 270.3 14 -3.5
    endloop
  endfacet
  facet normal -0.9876883405951358 0.15643446504024322 4.209716491158946e-18
    outer loop
      vertex 270.3 14 -3.5
      vertex 270.64260438593396 16.163118960624633 0
      vertex 270.64260438593396 16.163118960624633 -3.5
    endloop
  endfacet
  facet normal 0 0 -1
    outer loop
      vertex 271.6368810393754 9.885503233952688 -3.5
      vertex 271.6368810393754 18.11449676604731 -3.5
      vertex 273.1855032339527 19.663118960624633 -3.5
    endloop
  endfacet
  facet normal -0.8910065241883697 0.4539904997395433 -7.065854786021238e-18
    outer loop
      vertex 270.64260438593396 16.163118960624633 -3.5
      vertex 271.6368810393754 18.11449676604731 0
      vertex 271.6368810393754 18.11449676604731 -3.5
    endloop
  endfacet
  facet normal -0.9876883405951358 0.15643446504024322 0
    outer loop
      vertex 270.3 14 -3.5
      vertex 270.3 14 0
      vertex 270.64260438593396 16.163118960624633 0
    endloop
  endfacet
  facet normal -0.8910065241883697 0.4539904997395433 0
    outer loop
      vertex 270.64260438593396 16.163118960624633 -3.5
      vertex 270.64260438593396 16.163118960624633 0
      vertex 271.6368810393754 18.11449676604731 0
    endloop
  endfacet
  facet normal -0.7071067811865483 0.7071067811865467 0
    outer loop
      vertex 271.6368810393754 18.11449676604731 -3.5
      vertex 271.6368810393754 18.11449676604731 0
      vertex 273.1855032339527 19.663118960624633 0
    endloop
  endfacet
  facet normal -0.7071067811865483 0.7071067811865467 2.4048214225933388e-17
    outer loop
      vertex 271.6368810393754 18.11449676604731 -3.5
      vertex 273.1855032339527 19.663118960624633 0
      vertex 273.1855032339527 19.663118960624633 -3.5
    endloop
  endfacet
  facet normal 0 0 -1
    outer loop
      vertex 277.3 7 0
      vertex 279.4631189606246 7.342604385933925 0
      vertex 283.3 0 0
    endloop
  endfacet
  facet normal -0.4539904997395462 -0.8910065241883682 1.37559125965806e-17
    outer loop
      vertex 275.1368810393754 7.342604385933925 -3.5
      vertex 273.1855032339527 8.336881039375367 0
      vertex 273.1855032339527 8.336881039375367 -3.5
    endloop
  endfacet
  facet normal -0.1564344650402322 -0.9876883405951374 0
    outer loop
      vertex 275.1368810393754 7.342604385933925 -3.5
      vertex 277.3 7 -3.5
      vertex 275.1368810393754 7.342604385933925 0
    endloop
  endfacet
  facet normal 0 0 -1
    outer loop
      vertex 275.1368810393754 7.342604385933925 -3.5
      vertex 273.1855032339527 8.336881039375367 -3.5
      vertex 275.1368810393754 20.657395614066075 -3.5
    endloop
  endfacet
  facet normal 0 0 -1
    outer loop
      vertex 275.1368810393754 7.342604385933925 -3.5
      vertex 277.3 21 -3.5
      vertex 277.3 7 -3.5
    endloop
  endfacet
  facet normal 0.1564344650402322 -0.9876883405951374 0
    outer loop
      vertex 277.3 7 -3.5
      vertex 279.4631189606246 7.342604385933925 -3.5
      vertex 277.3 7 0
    endloop
  endfacet
  facet normal 0.4539904997395462 -0.8910065241883682 0
    outer loop
      vertex 279.4631189606246 7.342604385933925 -3.5
      vertex 281.4144967660473 8.336881039375367 -3.5
      vertex 279.4631189606246 7.342604385933925 0
    endloop
  endfacet
  facet normal 0.7071067811865479 -0.7071067811865471 0
    outer loop
      vertex 281.4144967660473 8.336881039375367 -3.5
      vertex 282.9631189606246 9.885503233952688 -3.5
      vertex 281.4144967660473 8.336881039375367 0
    endloop
  endfacet
  facet normal 0 0 -1
    outer loop
      vertex 277.3 7 -3.5
      vertex 279.4631189606246 20.657395614066075 -3.5
      vertex 279.4631189606246 7.342604385933925 -3.5
    endloop
  endfacet
  facet normal 0 0 -1
    outer loop
      vertex 279.4631189606246 7.342604385933925 -3.5
      vertex 281.4144967660473 19.663118960624633 -3.5
      vertex 281.4144967660473 8.336881039375367 -3.5
    endloop
  endfacet
  facet normal -0.4539904997395462 -0.8910065241883682 0
    outer loop
      vertex 275.1368810393754 7.342604385933925 -3.5
      vertex 275.1368810393754 7.342604385933925 0
      vertex 273.1855032339527 8.336881039375367 0
    endloop
  endfacet
  facet normal -0.1564344650402322 -0.9876883405951374 0
    outer loop
      vertex 277.3 7 -3.5
      vertex 277.3 7 0
      vertex 275.1368810393754 7.342604385933925 0
    endloop
  endfacet
  facet normal 0.1564344650402322 -0.9876883405951374 0
    outer loop
      vertex 279.4631189606246 7.342604385933925 -3.5
      vertex 279.4631189606246 7.342604385933925 0
      vertex 277.3 7 0
    endloop
  endfacet
  facet normal 0.4539904997395462 -0.8910065241883682 0
    outer loop
      vertex 281.4144967660473 8.336881039375367 -3.5
      vertex 281.4144967660473 8.336881039375367 0
      vertex 279.4631189606246 7.342604385933925 0
    endloop
  endfacet
  facet normal 0 0 -1
    outer loop
      vertex 283.3 0 0
      vertex 289.7721359549996 3.297717981660215 0
      vertex 285.7721359549996 0.39154786963877175 0
    endloop
  endfacet
  facet normal 0 0 -1
    outer loop
      vertex 279.4631189606246 7.342604385933925 0
      vertex 291.3 8 0
      vertex 283.3 0 0
    endloop
  endfacet
  facet normal 0 0 -1
    outer loop
      vertex 285.7721359549996 0.39154786963877175 0
      vertex 289.7721359549996 3.297717981660215 0
      vertex 288.00228201833977 1.5278640450004204 0
    endloop
  endfacet
  facet normal 0 0 -1
    outer loop
      vertex 283.3 0 0
      vertex 291.3 8 0
      vertex 289.7721359549996 3.297717981660215 0
    endloop
  endfacet
  facet normal 0 0 -1
    outer loop
      vertex 289.7721359549996 3.297717981660215 0
      vertex 291.3 8 0
      vertex 290.90845213036124 5.52786404500042 0
    endloop
  endfacet
  facet normal 0 0 -1
    outer loop
      vertex 281.4144967660473 8.336881039375367 -3.5
      vertex 282.9631189606246 18.11449676604731 -3.5
      vertex 282.9631189606246 9.885503233952688 -3.5
    endloop
  endfacet
  facet normal 0 0 -1
    outer loop
      vertex 282.9631189606246 9.885503233952688 -3.5
      vertex 283.95739561406606 16.163118960624633 -3.5
      vertex 283.95739561406606 11.836881039375369 -3.5
    endloop
  endfacet
  facet normal 0.89100652418837 -0.4539904997395426 0
    outer loop
      vertex 282.9631189606246 9.885503233952688 -3.5
      vertex 283.95739561406606 11.836881039375369 -3.5
      vertex 282.9631189606246 9.885503233952688 0
    endloop
  endfacet
  facet normal 0.9876883405951357 -0.15643446504024336 0
    outer loop
      vertex 283.95739561406606 11.836881039375369 -3.5
      vertex 284.3 14 -3.5
      vertex 283.95739561406606 11.836881039375369 0
    endloop
  endfacet
  facet normal 0.7071067811865479 -0.7071067811865471 1.2780488992818247e-17
    outer loop
      vertex 281.4144967660473 8.336881039375367 0
      vertex 282.9631189606246 9.885503233952688 -3.5
      vertex 282.9631189606246 9.885503233952688 0
    endloop
  endfacet
  facet normal 0 0 -1
    outer loop
      vertex 279.4631189606246 7.342604385933925 0
      vertex 281.4144967660473 8.336881039375367 0
      vertex 291.3 8 0
    endloop
  endfacet
  facet normal 0 0 -1
    outer loop
      vertex 281.4144967660473 8.336881039375367 0
      vertex 282.9631189606246 9.885503233952688 0
      vertex 291.3 8 0
    endloop
  endfacet
  facet normal 0.89100652418837 -0.4539904997395426 0
    outer loop
      vertex 283.95739561406606 11.836881039375369 -3.5
      vertex 283.95739561406606 11.836881039375369 0
      vertex 282.9631189606246 9.885503233952688 0
    endloop
  endfacet
  facet normal 0 0 -1
    outer loop
      vertex 282.9631189606246 9.885503233952688 0
      vertex 283.95739561406606 11.836881039375369 0
      vertex 291.3 8 0
    endloop
  endfacet
  facet normal 0 0 -1
    outer loop
      vertex 283.95739561406606 11.836881039375369 0
      vertex 284.3 14 0
      vertex 291.3 8 0
    endloop
  endfacet
  facet normal 0 0 -1
    outer loop
      vertex 273.1855032339527 8.336881039375367 -3.5
      vertex 273.1855032339527 19.663118960624633 -3.5
      vertex 275.1368810393754 20.657395614066075 -3.5
    endloop
  endfacet
  facet normal 0 0 -1
    outer loop
      vertex 275.1368810393754 7.342604385933925 -3.5
      vertex 275.1368810393754 20.657395614066075 -3.5
      vertex 277.3 21 -3.5
    endloop
  endfacet
  facet normal 0 0 -1
    outer loop
      vertex 281.4144967660473 8.336881039375367 -3.5
      vertex 281.4144967660473 19.663118960624633 -3.5
      vertex 282.9631189606246 18.11449676604731 -3.5
    endloop
  endfacet
  facet normal 0 0 -1
    outer loop
      vertex 277.3 7 -3.5
      vertex 277.3 21 -3.5
      vertex 279.4631189606246 20.657395614066075 -3.5
    endloop
  endfacet
  facet normal 0 0 -1
    outer loop
      vertex 279.4631189606246 7.342604385933925 -3.5
      vertex 279.4631189606246 20.657395614066075 -3.5
      vertex 281.4144967660473 19.663118960624633 -3.5
    endloop
  endfacet
  facet normal -0.45399049973954647 0.891006524188368 9.577770706650314e-18
    outer loop
      vertex 273.1855032339527 19.663118960624633 -3.5
      vertex 275.1368810393754 20.657395614066075 0
      vertex 275.1368810393754 20.657395614066075 -3.5
    endloop
  endfacet
  facet normal -0.1564344650402318 0.9876883405951375 -4.1207076400704614e-18
    outer loop
      vertex 275.1368810393754 20.657395614066075 -3.5
      vertex 277.3 21 0
      vertex 277.3 21 -3.5
    endloop
  endfacet
  facet normal 0.1564344650402318 0.9876883405951375 4.1207076400704614e-18
    outer loop
      vertex 277.3 21 -3.5
      vertex 279.4631189606246 20.657395614066075 0
      vertex 279.4631189606246 20.657395614066075 -3.5
    endloop
  endfacet
  facet normal 0.45399049973954647 0.891006524188368 -9.577770706650314e-18
    outer loop
      vertex 279.4631189606246 20.657395614066075 -3.5
      vertex 281.4144967660473 19.663118960624633 0
      vertex 281.4144967660473 19.663118960624633 -3.5
    endloop
  endfacet
  facet normal -0.45399049973954647 0.891006524188368 0
    outer loop
      vertex 273.1855032339527 19.663118960624633 -3.5
      vertex 273.1855032339527 19.663118960624633 0
      vertex 275.1368810393754 20.657395614066075 0
    endloop
  endfacet
  facet normal -0.1564344650402318 0.9876883405951375 0
    outer loop
      vertex 275.1368810393754 20.657395614066075 -3.5
      vertex 275.1368810393754 20.657395614066075 0
      vertex 277.3 21 0
    endloop
  endfacet
  facet normal 0.1564344650402318 0.9876883405951375 0
    outer loop
      vertex 277.3 21 -3.5
      vertex 277.3 21 0
      vertex 279.4631189606246 20.657395614066075 0
    endloop
  endfacet
  facet normal 0.45399049973954647 0.891006524188368 0
    outer loop
      vertex 279.4631189606246 20.657395614066075 -3.5
      vertex 279.4631189606246 20.657395614066075 0
      vertex 281.4144967660473 19.663118960624633 0
    endloop
  endfacet
  facet normal 0.7071067811865483 0.7071067811865467 0
    outer loop
      vertex 281.4144967660473 19.663118960624633 -3.5
      vertex 281.4144967660473 19.663118960624633 0
      vertex 282.9631189606246 18.11449676604731 0
    endloop
  endfacet
  facet normal 0 0 -1
    outer loop
      vertex 283.95739561406606 11.836881039375369 -3.5
      vertex 283.95739561406606 16.163118960624633 -3.5
      vertex 284.3 14 -3.5
    endloop
  endfacet
  facet normal 0 0 -1
    outer loop
      vertex 282.9631189606246 9.885503233952688 -3.5
      vertex 282.9631189606246 18.11449676604731 -3.5
      vertex 283.95739561406606 16.163118960624633 -3.5
    endloop
  endfacet
  facet normal 0.9876883405951358 0.15643446504024322 0
    outer loop
      vertex 284.3 14 -3.5
      vertex 283.95739561406606 16.163118960624633 -3.5
      vertex 284.3 14 0
    endloop
  endfacet
  facet normal 0.8910065241883697 0.4539904997395433 0
    outer loop
      vertex 283.95739561406606 16.163118960624633 -3.5
      vertex 282.9631189606246 18.11449676604731 -3.5
      vertex 283.95739561406606 16.163118960624633 0
    endloop
  endfacet
  facet normal 0.7071067811865483 0.7071067811865467 -2.4048214225933388e-17
    outer loop
      vertex 281.4144967660473 19.663118960624633 -3.5
      vertex 282.9631189606246 18.11449676604731 0
      vertex 282.9631189606246 18.11449676604731 -3.5
    endloop
  endfacet
  facet normal 0.9876883405951357 -0.15643446504024336 -2.7666849642715675e-18
    outer loop
      vertex 283.95739561406606 11.836881039375369 0
      vertex 284.3 14 -3.5
      vertex 284.3 14 0
    endloop
  endfacet
  facet normal 0.9876883405951358 0.15643446504024322 0
    outer loop
      vertex 283.95739561406606 16.163118960624633 -3.5
      vertex 283.95739561406606 16.163118960624633 0
      vertex 284.3 14 0
    endloop
  endfacet
  facet normal 0.8910065241883697 0.4539904997395433 0
    outer loop
      vertex 282.9631189606246 18.11449676604731 -3.5
      vertex 282.9631189606246 18.11449676604731 0
      vertex 283.95739561406606 16.163118960624633 0
    endloop
  endfacet
  facet normal 0.15643446504022965 -0.9876883405951379 -2.48683731246938e-19
    outer loop
      vertex 283.3 0 0
      vertex 285.7721359549996 0.39154786963877175 0
      vertex 285.7721359549996 0.39154786963877175 24
    endloop
  endfacet
  facet normal 0.4539904997395544 -0.891006524188364 -1.0611323040165968e-18
    outer loop
      vertex 285.7721359549996 0.39154786963877175 0
      vertex 288.00228201833977 1.5278640450004204 0
      vertex 288.00228201833977 1.5278640450004204 24
    endloop
  endfacet
  facet normal 0.7071067811865379 -0.7071067811865571 0
    outer loop
      vertex 288.00228201833977 1.5278640450004204 0
      vertex 289.7721359549996 3.297717981660215 0
      vertex 288.00228201833977 1.5278640450004204 24
    endloop
  endfacet
  facet normal 0.8910065241883712 -0.45399049973954014 -5.994553475800495e-20
    outer loop
      vertex 289.7721359549996 3.297717981660215 0
      vertex 290.90845213036124 5.52786404500042 0
      vertex 290.90845213036124 5.52786404500042 24
    endloop
  endfacet
  facet normal 0.9876883405951378 -0.15643446504023065 0
    outer loop
      vertex 290.90845213036124 5.52786404500042 0
      vertex 291.3 8 0
      vertex 290.90845213036124 5.52786404500042 24
    endloop
  endfacet
  facet normal -0.15643446815250964 0.9876883401022012 0
    outer loop
      vertex 285.9 2.3999999999999986 3
      vertex 285.9 2.3999999999999986 24.03949801108452
      vertex 286.8270509853959 2.5468304544687257 3
    endloop
  endfacet
  facet normal -0.4539904970642979 0.8910065255514752 0
    outer loop
      vertex 286.8270509853959 2.5468304544687257 3
      vertex 286.8270509853959 2.5468304544687257 24.032881636784328
      vertex 287.66335575431583 2.9729490146040902 3
    endloop
  endfacet
  facet normal -0.7071067811865476 0.7071067811865476 0
    outer loop
      vertex 287.66335575431583 2.9729490146040902 3
      vertex 287.66335575431583 2.9729490146040902 24.032881636720038
      vertex 288.3270509853959 3.6366442456841455 3
    endloop
  endfacet
  facet normal -0.8910065255514752 0.4539904970642979 0
    outer loop
      vertex 288.3270509853959 3.6366442456841455 3
      vertex 288.3270509853959 3.6366442456841455 24.036260390927392
      vertex 288.75316954553125 4.47294901460409 3
    endloop
  endfacet
  facet normal -0.9876883401022013 0.15643446815250966 0
    outer loop
      vertex 288.75316954553125 4.47294901460409 3
      vertex 288.75316954553125 4.47294901460409 24.04459750899212
      vertex 288.9 5.399999999999999 3
    endloop
  endfacet
  facet normal 0 0 1
    outer loop
      vertex 285.9 2.3999999999999986 3
      vertex 263.8770509831249 66.94683045111455 3
      vertex 262.95000000000005 66.80000000000001 3
    endloop
  endfacet
  facet normal 0 0 1
    outer loop
      vertex 285.9 2.3999999999999986 3
      vertex 264.7133557568775 67.37294901687517 3
      vertex 263.8770509831249 66.94683045111455 3
    endloop
  endfacet
  facet normal 0 0 1
    outer loop
      vertex 285.9 2.3999999999999986 3
      vertex 265.3770509831249 68.0366442431226 3
      vertex 264.7133557568775 67.37294901687517 3
    endloop
  endfacet
  facet normal 0 0 1
    outer loop
      vertex 285.9 2.3999999999999986 3
      vertex 265.8031695488855 68.87294901687517 3
      vertex 265.3770509831249 68.0366442431226 3
    endloop
  endfacet
  facet normal 0 0 1
    outer loop
      vertex 285.9 2.3999999999999986 3
      vertex 265.95000000000005 69.80000000000001 3
      vertex 265.8031695488855 68.87294901687517 3
    endloop
  endfacet
  facet normal 0 0 1
    outer loop
      vertex 285.9 2.3999999999999986 3
      vertex 286.8270509853959 2.5468304544687257 3
      vertex 285.9 98.4 3
    endloop
  endfacet
  facet normal 0 0 1
    outer loop
      vertex 286.8270509853959 2.5468304544687257 3
      vertex 287.66335575431583 2.9729490146040902 3
      vertex 286.8270509853959 98.25316954553128 3
    endloop
  endfacet
  facet normal 0 0 1
    outer loop
      vertex 287.66335575431583 2.9729490146040902 3
      vertex 288.3270509853959 3.6366442456841455 3
      vertex 287.66335575431583 97.82705098539591 3
    endloop
  endfacet
  facet normal 0 0 1
    outer loop
      vertex 288.3270509853959 3.6366442456841455 3
      vertex 288.75316954553125 4.47294901460409 3
      vertex 288.3270509853959 97.16335575431586 3
    endloop
  endfacet
  facet normal 0 0 1
    outer loop
      vertex 288.75316954553125 4.47294901460409 3
      vertex 288.9 5.399999999999999 3
      vertex 288.75316954553125 96.32705098539591 3
    endloop
  endfacet
  facet normal 0 0 -1
    outer loop
      vertex 270.64260438593396 16.163118960624633 0
      vertex 285.0304951684997 101.07408350874715 0
      vertex 271.6368810393754 18.11449676604731 0
    endloop
  endfacet
  facet normal 0 0 -1
    outer loop
      vertex 271.6368810393754 18.11449676604731 0
      vertex 285.0304951684997 101.07408350874715 0
      vertex 273.1855032339527 19.663118960624633 0
    endloop
  endfacet
  facet normal 0 0 -1
    outer loop
      vertex 273.1855032339527 19.663118960624633 0
      vertex 285.0304951684997 101.07408350874715 0
      vertex 275.1368810393754 20.657395614066075 0
    endloop
  endfacet
  facet normal 0 0 -1
    outer loop
      vertex 279.4631189606246 20.657395614066075 0
      vertex 285.0304951684997 101.07408350874715 0
      vertex 281.4144967660473 19.663118960624633 0
    endloop
  endfacet
  facet normal 0 0 -1
    outer loop
      vertex 275.1368810393754 20.657395614066075 0
      vertex 285.0304951684997 101.07408350874715 0
      vertex 277.3 21 0
    endloop
  endfacet
  facet normal 0 0 -1
    outer loop
      vertex 277.3 21 0
      vertex 285.0304951684997 101.07408350874715 0
      vertex 279.4631189606246 20.657395614066075 0
    endloop
  endfacet
  facet normal 0 0 -1
    outer loop
      vertex 284.3 14 0
      vertex 283.95739561406606 16.163118960624633 0
      vertex 285.0304951684997 101.07408350874715 0
    endloop
  endfacet
  facet normal 0 0 -1
    outer loop
      vertex 291.3 8 0
      vertex 284.3 14 0
      vertex 285.0304951684997 101.07408350874715 0
    endloop
  endfacet
  facet normal 0 0 -1
    outer loop
      vertex 283.95739561406606 16.163118960624633 0
      vertex 282.9631189606246 18.11449676604731 0
      vertex 285.0304951684997 101.07408350874715 0
    endloop
  endfacet
  facet normal 0 0 -1
    outer loop
      vertex 281.4144967660473 19.663118960624633 0
      vertex 285.0304951684997 101.07408350874715 0
      vertex 282.9631189606246 18.11449676604731 0
    endloop
  endfacet
  facet normal -1 0 0
    outer loop
      vertex 288.9 5.399999999999999 3
      vertex 288.9 5.399999999999999 24.060455649864622
      vertex 288.9 95.4 3
    endloop
  endfacet
  facet normal 0.15643446504022965 -0.9876883405951379 0
    outer loop
      vertex 283.3 0 0
      vertex 285.7721359549996 0.39154786963877175 24
      vertex 283.3 0 24
    endloop
  endfacet
  facet normal 0.4539904997395544 -0.891006524188364 0
    outer loop
      vertex 285.7721359549996 0.39154786963877175 0
      vertex 288.00228201833977 1.5278640450004204 24
      vertex 285.7721359549996 0.39154786963877175 24
    endloop
  endfacet
  facet normal 0.7071067811865379 -0.7071067811865571 0
    outer loop
      vertex 289.7721359549996 3.297717981660215 0
      vertex 289.7721359549996 3.297717981660215 24
      vertex 288.00228201833977 1.5278640450004204 24
    endloop
  endfacet
  facet normal 0.8910065241883712 -0.45399049973954014 0
    outer loop
      vertex 289.7721359549996 3.297717981660215 0
      vertex 290.90845213036124 5.52786404500042 24
      vertex 289.7721359549996 3.297717981660215 24
    endloop
  endfacet
  facet normal 0.9876883405951378 -0.15643446504023065 0
    outer loop
      vertex 291.3 8 0
      vertex 291.3 8 24
      vertex 290.90845213036124 5.52786404500042 24
    endloop
  endfacet
  facet normal 0 1 0
    outer loop
      vertex 285.9 2.3999999999999986 3
      vertex 283.3 2.3999999999999986 24.048780487804876
      vertex 285.7721359549996 2.3999999999999986 24.04082219777157
    endloop
  endfacet
  facet normal 0 1 0
    outer loop
      vertex 285.9 2.3999999999999986 3
      vertex 285.7721359549996 2.3999999999999986 24.04082219777157
      vertex 285.9 2.3999999999999986 24.03949801108452
    endloop
  endfacet
  facet normal -0.15643446815250964 0.9876883401022013 0
    outer loop
      vertex 286.8270509853959 2.5468304544687257 3
      vertex 285.9 2.3999999999999986 24.03949801108452
      vertex 286.8270509853959 2.5468304544687257 24.032881636784328
    endloop
  endfacet
  facet normal -0.4539904970642979 0.8910065255514752 0
    outer loop
      vertex 287.66335575431583 2.9729490146040902 3
      vertex 286.8270509853959 2.5468304544687257 24.032881636784328
      vertex 287.66335575431583 2.9729490146040902 24.032881636720038
    endloop
  endfacet
  facet normal -0.7071067811865476 0.7071067811865476 0
    outer loop
      vertex 288.3270509853959 3.6366442456841455 3
      vertex 287.66335575431583 2.9729490146040902 24.032881636720038
      vertex 288.3270509853959 3.6366442456841455 24.036260390927392
    endloop
  endfacet
  facet normal -0.8910065255514752 0.4539904970642979 0
    outer loop
      vertex 288.75316954553125 4.47294901460409 3
      vertex 288.3270509853959 3.6366442456841455 24.036260390927392
      vertex 288.75316954553125 4.47294901460409 24.04459750899212
    endloop
  endfacet
  facet normal -0.9876883401022011 0.15643446815250964 0
    outer loop
      vertex 288.9 5.399999999999999 3
      vertex 288.75316954553125 4.47294901460409 24.04459750899212
      vertex 288.9 5.399999999999999 24.060455649864622
    endloop
  endfacet
  facet normal 0.0032185145300729474 -0.020320900989251867 0.9997883286712268
    outer loop
      vertex 283.3 0 24
      vertex 285.7721359549996 0.39154786963877175 24
      vertex 283.3 2.3999999999999986 24.048780487804876
    endloop
  endfacet
  facet normal 0.0032185145300728884 -0.020320900989251937 0.9997883286712266
    outer loop
      vertex 283.3 2.3999999999999986 24.048780487804876
      vertex 285.7721359549996 0.39154786963877175 24
      vertex 285.7721359549996 2.3999999999999986 24.04082219777157
    endloop
  endfacet
  facet normal 0.010353514870325342 -0.02031991705344103 0.99973991902933
    outer loop
      vertex 285.7721359549996 0.39154786963877175 24
      vertex 285.9 2.3999999999999986 24.03949801108452
      vertex 285.7721359549996 2.3999999999999986 24.04082219777157
    endloop
  endfacet
  facet normal 0.01035351487034398 -0.020319917053442212 0.9997399190293298
    outer loop
      vertex 285.7721359549996 0.39154786963877175 24
      vertex 286.8270509853959 2.5468304544687257 24.032881636784328
      vertex 285.9 2.3999999999999986 24.03949801108452
    endloop
  endfacet
  facet normal 0.010353514870345165 -0.02031991705344279 0.9997399190293298
    outer loop
      vertex 285.7721359549996 0.39154786963877175 24
      vertex 288.00228201833977 1.5278640450004204 24
      vertex 286.8270509853959 2.5468304544687257 24.032881636784328
    endloop
  endfacet
  facet normal 0.010353514870347457 -0.020319917053440148 0.9997399190293298
    outer loop
      vertex 288.00228201833977 1.5278640450004204 24
      vertex 287.66335575431583 2.9729490146040902 24.032881636720038
      vertex 286.8270509853959 2.5468304544687257 24.032881636784328
    endloop
  endfacet
  facet normal 0.010353514870336792 -0.020319917053442653 0.9997399190293299
    outer loop
      vertex 288.00228201833977 1.5278640450004204 24
      vertex 288.00228201833977 3.3118752786280297 24.036260390927392
      vertex 287.66335575431583 2.9729490146040902 24.032881636720038
    endloop
  endfacet
  facet normal 0.02031681182787154 -0.020316811827872094 0.9995871419312583
    outer loop
      vertex 288.00228201833977 1.5278640450004204 24
      vertex 289.7721359549996 3.297717981660215 24
      vertex 288.00228201833977 3.3118752786280297 24.036260390927392
    endloop
  endfacet
  facet normal 0.020316811827871546 -0.020316811827871546 0.9995871419312583
    outer loop
      vertex 288.00228201833977 3.3118752786280297 24.036260390927392
      vertex 289.7721359549996 3.297717981660215 24
      vertex 288.3270509853959 3.6366442456841455 24.036260390927392
    endloop
  endfacet
  facet normal 0.020316811827871675 -0.020316811827871015 0.9995871419312584
    outer loop
      vertex 288.3270509853959 3.6366442456841455 24.036260390927392
      vertex 289.7721359549996 3.297717981660215 24
      vertex 288.75316954553125 4.47294901460409 24.04459750899212
    endloop
  endfacet
  facet normal -0.7071067811865475 0.7071067811865475 -3.1701571383278195e-15
    outer loop
      vertex 287.66335575431583 2.9729490146040902 24.032881636720038
      vertex 288.00228201833977 3.3118752786280297 24.036260390927392
      vertex 288.3270509853959 3.6366442456841455 24.036260390927392
    endloop
  endfacet
  facet normal 0.020316811827872528 -0.020316811827870273 0.9995871419312585
    outer loop
      vertex 288.75316954553125 4.47294901460409 24.04459750899212
      vertex 289.7721359549996 3.297717981660215 24
      vertex 288.9 5.399999999999999 24.060455649864622
    endloop
  endfacet
  facet normal 1 0 0
    outer loop
      vertex 291.3 8 0
      vertex 291.3 106.4 26
      vertex 291.3 8 24
    endloop
  endfacet
  facet normal 0.020316811827870512 -0.020316811827871106 0.9995871419312584
    outer loop
      vertex 288.9 5.399999999999999 24.060455649864622
      vertex 289.7721359549996 3.297717981660215 24
      vertex 289.7721359549996 101.69771798166022 26
    endloop
  endfacet
  facet normal 0.03985053995765283 -0.02030486428451838 0.9989993227983044
    outer loop
      vertex 289.7721359549996 3.297717981660215 24
      vertex 290.90845213036124 5.52786404500042 24
      vertex 289.7721359549996 101.69771798166022 26
    endloop
  endfacet
  facet normal 0.12725863499420645 -0.020155787680021808 0.991664753857073
    outer loop
      vertex 290.90845213036124 5.52786404500042 24
      vertex 291.3 8 24
      vertex 291.3 106.4 26
    endloop
  endfacet
  facet normal 0 0 1
    outer loop
      vertex 262.10053215590636 69.18282548509292 3
      vertex 262.33282548509294 68.95053215590632 3
      vertex 263.7994678440937 70.4171745149071 3
    endloop
  endfacet
  facet normal 0 0 1
    outer loop
      vertex 262.62553215590634 68.8013906578901 3
      vertex 262.95000000000005 68.75000000000001 3
      vertex 263.7994678440937 70.4171745149071 3
    endloop
  endfacet
  facet normal 0 0 1
    outer loop
      vertex 262.33282548509294 68.95053215590632 3
      vertex 262.62553215590634 68.8013906578901 3
      vertex 263.7994678440937 70.4171745149071 3
    endloop
  endfacet
  facet normal 0 0 1
    outer loop
      vertex 262.95000000000005 68.75000000000001 3
      vertex 263.27446784409375 68.8013906578901 3
      vertex 263.7994678440937 70.4171745149071 3
    endloop
  endfacet
  facet normal 0 0 1
    outer loop
      vertex 263.27446784409375 68.8013906578901 3
      vertex 263.56717451490715 68.95053215590632 3
      vertex 263.7994678440937 70.4171745149071 3
    endloop
  endfacet
  facet normal 0 0 1
    outer loop
      vertex 263.56717451490715 68.95053215590632 3
      vertex 263.7994678440937 69.18282548509292 3
      vertex 263.7994678440937 70.4171745149071 3
    endloop
  endfacet
  facet normal 0 0 1
    outer loop
      vertex 261.95139065789016 69.47553215590632 3
      vertex 262.95000000000005 70.85000000000001 3
      vertex 261.90000000000003 69.80000000000001 3
    endloop
  endfacet
  facet normal 0 0 1
    outer loop
      vertex 261.90000000000003 69.80000000000001 3
      vertex 262.95000000000005 70.85000000000001 3
      vertex 261.95139065789016 70.1244678440937 3
    endloop
  endfacet
  facet normal 0 0 1
    outer loop
      vertex 261.95139065789016 69.47553215590632 3
      vertex 262.10053215590636 69.18282548509292 3
      vertex 263.7994678440937 70.4171745149071 3
    endloop
  endfacet
  facet normal 0 0 1
    outer loop
      vertex 261.95139065789016 70.1244678440937 3
      vertex 262.62553215590634 70.79860934210993 3
      vertex 262.10053215590636 70.4171745149071 3
    endloop
  endfacet
  facet normal 0 0 1
    outer loop
      vertex 261.95139065789016 70.1244678440937 3
      vertex 262.95000000000005 70.85000000000001 3
      vertex 262.62553215590634 70.79860934210993 3
    endloop
  endfacet
  facet normal 0 0 1
    outer loop
      vertex 262.10053215590636 70.4171745149071 3
      vertex 262.62553215590634 70.79860934210993 3
      vertex 262.33282548509294 70.6494678440937 3
    endloop
  endfacet
  facet normal 0 0 1
    outer loop
      vertex 261.95139065789016 69.47553215590632 3
      vertex 263.27446784409375 70.79860934210993 3
      vertex 262.95000000000005 70.85000000000001 3
    endloop
  endfacet
  facet normal 0 0 1
    outer loop
      vertex 261.95139065789016 69.47553215590632 3
      vertex 263.7994678440937 70.4171745149071 3
      vertex 263.56717451490715 70.6494678440937 3
    endloop
  endfacet
  facet normal 0 0 1
    outer loop
      vertex 261.95139065789016 69.47553215590632 3
      vertex 263.56717451490715 70.6494678440937 3
      vertex 263.27446784409375 70.79860934210993 3
    endloop
  endfacet
  facet normal 0 0 1
    outer loop
      vertex 263.7994678440937 69.18282548509292 3
      vertex 263.94860934210993 69.47553215590632 3
      vertex 263.94860934210993 70.1244678440937 3
    endloop
  endfacet
  facet normal 0 0 1
    outer loop
      vertex 263.94860934210993 69.47553215590632 3
      vertex 264.00000000000006 69.80000000000001 3
      vertex 263.94860934210993 70.1244678440937 3
    endloop
  endfacet
  facet normal 0 0 1
    outer loop
      vertex 263.7994678440937 69.18282548509292 3
      vertex 263.94860934210993 70.1244678440937 3
      vertex 263.7994678440937 70.4171745149071 3
    endloop
  endfacet
  facet normal 0 0 1
    outer loop
      vertex 285.9 2.3999999999999986 3
      vertex 285.9 98.4 3
      vertex 265.95000000000005 69.80000000000001 3
    endloop
  endfacet
  facet normal 0 0 -1
    outer loop
      vertex 291.3 8 0
      vertex 285.0304951684997 101.07408350874715 0
      vertex 286.6000948517899 101.70009485178986 0
    endloop
  endfacet
  facet normal 0 0 -1
    outer loop
      vertex 291.3 8 0
      vertex 286.6000948517899 101.70009485178986 0
      vertex 287.8321449323198 103.06317815047932 0
    endloop
  endfacet
  facet normal 0 0 -1
    outer loop
      vertex 291.3 8 0
      vertex 287.8321449323198 103.06317815047932 0
      vertex 288.93729250255086 104.87100739541624 0
    endloop
  endfacet
  facet normal 0 0 -1
    outer loop
      vertex 291.3 8 0
      vertex 288.93729250255086 104.87100739541624 0
      vertex 291.3 106.4 0
    endloop
  endfacet
  facet normal 0 0 1
    outer loop
      vertex 286.8270509853959 2.5468304544687257 3
      vertex 286.8270509853959 98.25316954553128 3
      vertex 285.9 98.4 3
    endloop
  endfacet
  facet normal 0 0 1
    outer loop
      vertex 287.66335575431583 2.9729490146040902 3
      vertex 287.66335575431583 97.82705098539591 3
      vertex 286.8270509853959 98.25316954553128 3
    endloop
  endfacet
  facet normal 0 0 1
    outer loop
      vertex 288.3270509853959 3.6366442456841455 3
      vertex 288.3270509853959 97.16335575431586 3
      vertex 287.66335575431583 97.82705098539591 3
    endloop
  endfacet
  facet normal 0 0 1
    outer loop
      vertex 288.75316954553125 4.47294901460409 3
      vertex 288.75316954553125 96.32705098539591 3
      vertex 288.3270509853959 97.16335575431586 3
    endloop
  endfacet
  facet normal 0 0 1
    outer loop
      vertex 288.9 5.399999999999999 3
      vertex 288.9 95.4 3
      vertex 288.75316954553125 96.32705098539591 3
    endloop
  endfacet
  facet normal -0.7071067811865627 -0.7071067811865324 -1.141992779148548e-18
    outer loop
      vertex 261.1866442431226 67.37294901687517 3
      vertex 260.5229490168752 68.0366442431226 13
      vertex 260.5229490168752 68.0366442431226 3
    endloop
  endfacet
  facet normal -0.8910065241883796 -0.45399049973952377 7.464785895416939e-19
    outer loop
      vertex 260.5229490168752 68.0366442431226 3
      vertex 260.0968304511146 68.87294901687517 13
      vertex 260.0968304511146 68.87294901687517 3
    endloop
  endfacet
  facet normal -0.9876883405951331 -0.15643446504026004 3.361869614617847e-19
    outer loop
      vertex 260.0968304511146 68.87294901687517 3
      vertex 259.95000000000005 69.80000000000001 13
      vertex 259.95000000000005 69.80000000000001 3
    endloop
  endfacet
  facet normal -0.45399049973953554 -0.8910065241883736 -1.3870706900744528e-18
    outer loop
      vertex 261.1866442431226 67.37294901687517 3
      vertex 262.0229490168752 66.94683045111455 3
      vertex 262.0229490168752 66.94683045111455 13
    endloop
  endfacet
  facet normal -0.15643446504023048 -0.9876883405951378 1.2239293472463295e-18
    outer loop
      vertex 262.0229490168752 66.94683045111455 3
      vertex 262.95000000000005 66.80000000000001 3
      vertex 262.95000000000005 66.80000000000001 13
    endloop
  endfacet
  facet normal 0.15643446504023048 -0.9876883405951378 -1.2239293472463295e-18
    outer loop
      vertex 262.95000000000005 66.80000000000001 3
      vertex 263.8770509831249 66.94683045111455 3
      vertex 263.8770509831249 66.94683045111455 13
    endloop
  endfacet
  facet normal 0.1564344650402054 0.9876883405951419 0
    outer loop
      vertex 262.62553215590634 68.8013906578901 3
      vertex 262.62553215590634 68.8013906578901 13
      vertex 262.95000000000005 68.75000000000001 3
    endloop
  endfacet
  facet normal 0.7071067811865909 0.7071067811865043 0
    outer loop
      vertex 262.10053215590636 69.18282548509292 3
      vertex 262.10053215590636 69.18282548509292 13
      vertex 262.33282548509294 68.95053215590632 3
    endloop
  endfacet
  facet normal 0.8910065241883804 0.453990499739522 0
    outer loop
      vertex 261.95139065789016 69.47553215590632 3
      vertex 261.95139065789016 69.47553215590632 13
      vertex 262.10053215590636 69.18282548509292 3
    endloop
  endfacet
  facet normal 0.45399049973955635 0.891006524188363 0
    outer loop
      vertex 262.33282548509294 68.95053215590632 3
      vertex 262.33282548509294 68.95053215590632 13
      vertex 262.62553215590634 68.8013906578901 3
    endloop
  endfacet
  facet normal -0.1564344650402054 0.9876883405951419 0
    outer loop
      vertex 262.95000000000005 68.75000000000001 3
      vertex 262.95000000000005 68.75000000000001 13
      vertex 263.27446784409375 68.8013906578901 3
    endloop
  endfacet
  facet normal -0.45399049973955635 0.891006524188363 0
    outer loop
      vertex 263.27446784409375 68.8013906578901 3
      vertex 263.27446784409375 68.8013906578901 13
      vertex 263.56717451490715 68.95053215590632 3
    endloop
  endfacet
  facet normal -0.7071067811865909 0.7071067811865043 0
    outer loop
      vertex 263.56717451490715 68.95053215590632 3
      vertex 263.56717451490715 68.95053215590632 13
      vertex 263.7994678440937 69.18282548509292 3
    endloop
  endfacet
  facet normal -0.8910065241883804 0.453990499739522 0
    outer loop
      vertex 263.7994678440937 69.18282548509292 3
      vertex 263.7994678440937 69.18282548509292 13
      vertex 263.94860934210993 69.47553215590632 3
    endloop
  endfacet
  facet normal -0.9876883405951331 0.15643446504026004 -3.361869614617847e-19
    outer loop
      vertex 259.95000000000005 69.80000000000001 3
      vertex 260.0968304511146 70.72705098312485 13
      vertex 260.0968304511146 70.72705098312485 3
    endloop
  endfacet
  facet normal -0.8910065241883796 0.45399049973952377 -7.464785895416939e-19
    outer loop
      vertex 260.0968304511146 70.72705098312485 3
      vertex 260.5229490168752 71.56335575687743 13
      vertex 260.5229490168752 71.56335575687743 3
    endloop
  endfacet
  facet normal -0.7071067811865627 0.7071067811865324 1.141992779148548e-18
    outer loop
      vertex 260.5229490168752 71.56335575687743 3
      vertex 261.1866442431226 72.22705098312485 13
      vertex 261.1866442431226 72.22705098312485 3
    endloop
  endfacet
  facet normal -0.45399049973953554 0.8910065241883736 0
    outer loop
      vertex 261.1866442431226 72.22705098312485 3
      vertex 261.1866442431226 72.22705098312485 13
      vertex 262.0229490168752 72.65316954888547 3
    endloop
  endfacet
  facet normal 0.9876883405951206 0.15643446504033864 4.576615470905596e-19
    outer loop
      vertex 261.95139065789016 69.47553215590632 3
      vertex 261.90000000000003 69.80000000000001 3
      vertex 261.90000000000003 69.80000000000001 13
    endloop
  endfacet
  facet normal 0.9876883405951206 -0.15643446504033864 -4.576615470905596e-19
    outer loop
      vertex 261.90000000000003 69.80000000000001 3
      vertex 261.95139065789016 70.1244678440937 3
      vertex 261.95139065789016 70.1244678440937 13
    endloop
  endfacet
  facet normal 0.8910065241883804 -0.453990499739522 -2.5244098766647744e-19
    outer loop
      vertex 261.95139065789016 70.1244678440937 3
      vertex 262.10053215590636 70.4171745149071 3
      vertex 262.10053215590636 70.4171745149071 13
    endloop
  endfacet
  facet normal 0.7071067811865909 -0.7071067811865043 -6.051194221933146e-19
    outer loop
      vertex 262.10053215590636 70.4171745149071 3
      vertex 262.33282548509294 70.6494678440937 3
      vertex 262.33282548509294 70.6494678440937 13
    endloop
  endfacet
  facet normal 0.45399049973955635 -0.891006524188363 7.260684653735774e-19
    outer loop
      vertex 262.33282548509294 70.6494678440937 3
      vertex 262.62553215590634 70.79860934210993 3
      vertex 262.62553215590634 70.79860934210993 13
    endloop
  endfacet
  facet normal 0.1564344650402054 -0.9876883405951419 2.027073592243624e-21
    outer loop
      vertex 262.62553215590634 70.79860934210993 3
      vertex 262.95000000000005 70.85000000000001 3
      vertex 262.95000000000005 70.85000000000001 13
    endloop
  endfacet
  facet normal -0.9876883405951206 0.15643446504033864 0
    outer loop
      vertex 263.94860934210993 69.47553215590632 3
      vertex 263.94860934210993 69.47553215590632 13
      vertex 264.00000000000006 69.80000000000001 3
    endloop
  endfacet
  facet normal -0.9876883405951206 -0.15643446504033864 4.576615470905596e-19
    outer loop
      vertex 263.94860934210993 70.1244678440937 3
      vertex 264.00000000000006 69.80000000000001 3
      vertex 264.00000000000006 69.80000000000001 13
    endloop
  endfacet
  facet normal -0.8910065241883804 -0.453990499739522 0
    outer loop
      vertex 263.94860934210993 70.1244678440937 3
      vertex 263.94860934210993 70.1244678440937 13
      vertex 263.7994678440937 70.4171745149071 3
    endloop
  endfacet
  facet normal -0.1564344650402054 -0.9876883405951419 -2.027073592243624e-21
    outer loop
      vertex 262.95000000000005 70.85000000000001 3
      vertex 263.27446784409375 70.79860934210993 3
      vertex 263.27446784409375 70.79860934210993 13
    endloop
  endfacet
  facet normal -0.45399049973955635 -0.891006524188363 -7.260684653735774e-19
    outer loop
      vertex 263.27446784409375 70.79860934210993 3
      vertex 263.56717451490715 70.6494678440937 3
      vertex 263.56717451490715 70.6494678440937 13
    endloop
  endfacet
  facet normal -0.7071067811865909 -0.7071067811865043 6.051194221933146e-19
    outer loop
      vertex 263.56717451490715 70.6494678440937 3
      vertex 263.7994678440937 70.4171745149071 3
      vertex 263.7994678440937 70.4171745149071 13
    endloop
  endfacet
  facet normal -0.15643446504023048 0.9876883405951378 0
    outer loop
      vertex 262.0229490168752 72.65316954888547 3
      vertex 262.0229490168752 72.65316954888547 13
      vertex 262.95000000000005 72.80000000000001 3
    endloop
  endfacet
  facet normal 0.15643446504023048 0.9876883405951378 1.2239293472463295e-18
    outer loop
      vertex 263.8770509831249 72.65316954888547 3
      vertex 262.95000000000005 72.80000000000001 3
      vertex 262.95000000000005 72.80000000000001 13
    endloop
  endfacet
  facet normal 0.45399049973953554 -0.8910065241883736 1.3870706900744528e-18
    outer loop
      vertex 263.8770509831249 66.94683045111455 3
      vertex 264.7133557568775 67.37294901687517 3
      vertex 264.7133557568775 67.37294901687517 13
    endloop
  endfacet
  facet normal 0.7071067811865627 -0.7071067811865324 0
    outer loop
      vertex 264.7133557568775 67.37294901687517 3
      vertex 265.3770509831249 68.0366442431226 3
      vertex 264.7133557568775 67.37294901687517 13
    endloop
  endfacet
  facet normal 0.8910065241883796 -0.45399049973952377 0
    outer loop
      vertex 265.3770509831249 68.0366442431226 3
      vertex 265.8031695488855 68.87294901687517 3
      vertex 265.3770509831249 68.0366442431226 13
    endloop
  endfacet
  facet normal 0.9876883405951331 -0.15643446504026004 0
    outer loop
      vertex 265.8031695488855 68.87294901687517 3
      vertex 265.95000000000005 69.80000000000001 3
      vertex 265.8031695488855 68.87294901687517 13
    endloop
  endfacet
  facet normal 0.9876883405951331 0.15643446504026004 0
    outer loop
      vertex 265.95000000000005 69.80000000000001 3
      vertex 265.8031695488855 70.72705098312485 3
      vertex 265.95000000000005 69.80000000000001 13
    endloop
  endfacet
  facet normal 0.8910065241883796 0.45399049973952377 0
    outer loop
      vertex 265.8031695488855 70.72705098312485 3
      vertex 265.3770509831249 71.56335575687743 3
      vertex 265.8031695488855 70.72705098312485 13
    endloop
  endfacet
  facet normal 0.45399049973953554 0.8910065241883736 0
    outer loop
      vertex 263.8770509831249 72.65316954888547 3
      vertex 263.8770509831249 72.65316954888547 13
      vertex 264.7133557568775 72.22705098312485 3
    endloop
  endfacet
  facet normal 0.7071067811865627 0.7071067811865324 -1.141992779148548e-18
    outer loop
      vertex 264.7133557568775 72.22705098312485 3
      vertex 265.3770509831249 71.56335575687743 13
      vertex 265.3770509831249 71.56335575687743 3
    endloop
  endfacet
  facet normal -0.7071067811865627 -0.7071067811865324 0
    outer loop
      vertex 261.1866442431226 67.37294901687517 3
      vertex 261.1866442431226 67.37294901687517 13
      vertex 260.5229490168752 68.0366442431226 13
    endloop
  endfacet
  facet normal -0.45399049973953554 -0.8910065241883736 0
    outer loop
      vertex 261.1866442431226 67.37294901687517 3
      vertex 262.0229490168752 66.94683045111455 13
      vertex 261.1866442431226 67.37294901687517 13
    endloop
  endfacet
  facet normal -0.8910065241883796 -0.45399049973952377 0
    outer loop
      vertex 260.5229490168752 68.0366442431226 3
      vertex 260.5229490168752 68.0366442431226 13
      vertex 260.0968304511146 68.87294901687517 13
    endloop
  endfacet
  facet normal -0.9876883405951331 -0.15643446504026004 0
    outer loop
      vertex 260.0968304511146 68.87294901687517 3
      vertex 260.0968304511146 68.87294901687517 13
      vertex 259.95000000000005 69.80000000000001 13
    endloop
  endfacet
  facet normal -0.15643446504023048 -0.9876883405951378 0
    outer loop
      vertex 262.0229490168752 66.94683045111455 3
      vertex 262.95000000000005 66.80000000000001 13
      vertex 262.0229490168752 66.94683045111455 13
    endloop
  endfacet
  facet normal 0.15643446504023048 -0.9876883405951378 0
    outer loop
      vertex 262.95000000000005 66.80000000000001 3
      vertex 263.8770509831249 66.94683045111455 13
      vertex 262.95000000000005 66.80000000000001 13
    endloop
  endfacet
  facet normal 0.1564344650402054 0.9876883405951419 0
    outer loop
      vertex 262.95000000000005 68.75000000000001 3
      vertex 262.62553215590634 68.8013906578901 13
      vertex 262.95000000000005 68.75000000000001 13
    endloop
  endfacet
  facet normal 0.7071067811865909 0.7071067811865043 0
    outer loop
      vertex 262.33282548509294 68.95053215590632 3
      vertex 262.10053215590636 69.18282548509292 13
      vertex 262.33282548509294 68.95053215590632 13
    endloop
  endfacet
  facet normal 0.8910065241883804 0.453990499739522 0
    outer loop
      vertex 262.10053215590636 69.18282548509292 3
      vertex 261.95139065789016 69.47553215590632 13
      vertex 262.10053215590636 69.18282548509292 13
    endloop
  endfacet
  facet normal 0.45399049973955635 0.891006524188363 0
    outer loop
      vertex 262.62553215590634 68.8013906578901 3
      vertex 262.33282548509294 68.95053215590632 13
      vertex 262.62553215590634 68.8013906578901 13
    endloop
  endfacet
  facet normal -0.1564344650402054 0.9876883405951419 0
    outer loop
      vertex 263.27446784409375 68.8013906578901 3
      vertex 262.95000000000005 68.75000000000001 13
      vertex 263.27446784409375 68.8013906578901 13
    endloop
  endfacet
  facet normal -0.45399049973955635 0.891006524188363 0
    outer loop
      vertex 263.56717451490715 68.95053215590632 3
      vertex 263.27446784409375 68.8013906578901 13
      vertex 263.56717451490715 68.95053215590632 13
    endloop
  endfacet
  facet normal -0.7071067811865909 0.7071067811865043 0
    outer loop
      vertex 263.7994678440937 69.18282548509292 3
      vertex 263.56717451490715 68.95053215590632 13
      vertex 263.7994678440937 69.18282548509292 13
    endloop
  endfacet
  facet normal -0.8910065241883804 0.453990499739522 0
    outer loop
      vertex 263.94860934210993 69.47553215590632 3
      vertex 263.7994678440937 69.18282548509292 13
      vertex 263.94860934210993 69.47553215590632 13
    endloop
  endfacet
  facet normal -0.9876883405951331 0.15643446504026004 0
    outer loop
      vertex 259.95000000000005 69.80000000000001 3
      vertex 259.95000000000005 69.80000000000001 13
      vertex 260.0968304511146 70.72705098312485 13
    endloop
  endfacet
  facet normal -0.8910065241883796 0.45399049973952377 0
    outer loop
      vertex 260.0968304511146 70.72705098312485 3
      vertex 260.0968304511146 70.72705098312485 13
      vertex 260.5229490168752 71.56335575687743 13
    endloop
  endfacet
  facet normal -0.7071067811865627 0.7071067811865324 0
    outer loop
      vertex 260.5229490168752 71.56335575687743 3
      vertex 260.5229490168752 71.56335575687743 13
      vertex 261.1866442431226 72.22705098312485 13
    endloop
  endfacet
  facet normal 0.9876883405951206 0.15643446504033864 0
    outer loop
      vertex 261.95139065789016 69.47553215590632 3
      vertex 261.90000000000003 69.80000000000001 13
      vertex 261.95139065789016 69.47553215590632 13
    endloop
  endfacet
  facet normal 0.9876883405951206 -0.15643446504033864 0
    outer loop
      vertex 261.90000000000003 69.80000000000001 3
      vertex 261.95139065789016 70.1244678440937 13
      vertex 261.90000000000003 69.80000000000001 13
    endloop
  endfacet
  facet normal 0.8910065241883804 -0.453990499739522 0
    outer loop
      vertex 261.95139065789016 70.1244678440937 3
      vertex 262.10053215590636 70.4171745149071 13
      vertex 261.95139065789016 70.1244678440937 13
    endloop
  endfacet
  facet normal 0.7071067811865909 -0.7071067811865043 0
    outer loop
      vertex 262.10053215590636 70.4171745149071 3
      vertex 262.33282548509294 70.6494678440937 13
      vertex 262.10053215590636 70.4171745149071 13
    endloop
  endfacet
  facet normal 0.45399049973955635 -0.891006524188363 0
    outer loop
      vertex 262.33282548509294 70.6494678440937 3
      vertex 262.62553215590634 70.79860934210993 13
      vertex 262.33282548509294 70.6494678440937 13
    endloop
  endfacet
  facet normal 0.1564344650402054 -0.9876883405951419 0
    outer loop
      vertex 262.62553215590634 70.79860934210993 3
      vertex 262.95000000000005 70.85000000000001 13
      vertex 262.62553215590634 70.79860934210993 13
    endloop
  endfacet
  facet normal -0.9876883405951206 0.15643446504033864 0
    outer loop
      vertex 264.00000000000006 69.80000000000001 3
      vertex 263.94860934210993 69.47553215590632 13
      vertex 264.00000000000006 69.80000000000001 13
    endloop
  endfacet
  facet normal -0.9876883405951206 -0.15643446504033864 0
    outer loop
      vertex 263.94860934210993 70.1244678440937 3
      vertex 264.00000000000006 69.80000000000001 13
      vertex 263.94860934210993 70.1244678440937 13
    endloop
  endfacet
  facet normal -0.8910065241883804 -0.453990499739522 0
    outer loop
      vertex 263.7994678440937 70.4171745149071 3
      vertex 263.94860934210993 70.1244678440937 13
      vertex 263.7994678440937 70.4171745149071 13
    endloop
  endfacet
  facet normal -0.45399049973955635 -0.891006524188363 0
    outer loop
      vertex 263.27446784409375 70.79860934210993 3
      vertex 263.56717451490715 70.6494678440937 13
      vertex 263.27446784409375 70.79860934210993 13
    endloop
  endfacet
  facet normal -0.1564344650402054 -0.9876883405951419 0
    outer loop
      vertex 262.95000000000005 70.85000000000001 3
      vertex 263.27446784409375 70.79860934210993 13
      vertex 262.95000000000005 70.85000000000001 13
    endloop
  endfacet
  facet normal -0.7071067811865909 -0.7071067811865043 0
    outer loop
      vertex 263.56717451490715 70.6494678440937 3
      vertex 263.7994678440937 70.4171745149071 13
      vertex 263.56717451490715 70.6494678440937 13
    endloop
  endfacet
  facet normal -0.45399049973953554 0.8910065241883736 0
    outer loop
      vertex 262.0229490168752 72.65316954888547 3
      vertex 261.1866442431226 72.22705098312485 13
      vertex 262.0229490168752 72.65316954888547 13
    endloop
  endfacet
  facet normal 0.15643446504023048 0.9876883405951378 0
    outer loop
      vertex 263.8770509831249 72.65316954888547 3
      vertex 262.95000000000005 72.80000000000001 13
      vertex 263.8770509831249 72.65316954888547 13
    endloop
  endfacet
  facet normal -0.15643446504023048 0.9876883405951378 0
    outer loop
      vertex 262.95000000000005 72.80000000000001 3
      vertex 262.0229490168752 72.65316954888547 13
      vertex 262.95000000000005 72.80000000000001 13
    endloop
  endfacet
  facet normal 0.45399049973953554 -0.8910065241883736 0
    outer loop
      vertex 263.8770509831249 66.94683045111455 3
      vertex 264.7133557568775 67.37294901687517 13
      vertex 263.8770509831249 66.94683045111455 13
    endloop
  endfacet
  facet normal 0.7071067811865627 -0.7071067811865324 0
    outer loop
      vertex 265.3770509831249 68.0366442431226 3
      vertex 265.3770509831249 68.0366442431226 13
      vertex 264.7133557568775 67.37294901687517 13
    endloop
  endfacet
  facet normal 0.8910065241883796 -0.45399049973952377 0
    outer loop
      vertex 265.8031695488855 68.87294901687517 3
      vertex 265.8031695488855 68.87294901687517 13
      vertex 265.3770509831249 68.0366442431226 13
    endloop
  endfacet
  facet normal 0.9876883405951331 -0.15643446504026004 0
    outer loop
      vertex 265.95000000000005 69.80000000000001 3
      vertex 265.95000000000005 69.80000000000001 13
      vertex 265.8031695488855 68.87294901687517 13
    endloop
  endfacet
  facet normal 0.9876883405951331 0.15643446504026004 0
    outer loop
      vertex 265.8031695488855 70.72705098312485 3
      vertex 265.8031695488855 70.72705098312485 13
      vertex 265.95000000000005 69.80000000000001 13
    endloop
  endfacet
  facet normal 0.45399049973953554 0.8910065241883736 0
    outer loop
      vertex 264.7133557568775 72.22705098312485 3
      vertex 263.8770509831249 72.65316954888547 13
      vertex 264.7133557568775 72.22705098312485 13
    endloop
  endfacet
  facet normal 0.7071067811865627 0.7071067811865324 0
    outer loop
      vertex 264.7133557568775 72.22705098312485 3
      vertex 264.7133557568775 72.22705098312485 13
      vertex 265.3770509831249 71.56335575687743 13
    endloop
  endfacet
  facet normal 0.8910065241883796 0.45399049973952377 0
    outer loop
      vertex 265.3770509831249 71.56335575687743 3
      vertex 265.3770509831249 71.56335575687743 13
      vertex 265.8031695488855 70.72705098312485 13
    endloop
  endfacet
  facet normal 1 0 0
    outer loop
      vertex 291.3 8 0
      vertex 291.3 106.4 0
      vertex 291.3 106.4 26
    endloop
  endfacet
  facet normal 0 0 1
    outer loop
      vertex 260.5229490168752 71.56335575687743 3
      vertex 261.1866442431226 72.22705098312485 3
      vertex 285.9 98.4 3
    endloop
  endfacet
  facet normal 0 0 1
    outer loop
      vertex 261.1866442431226 72.22705098312485 3
      vertex 262.0229490168752 72.65316954888547 3
      vertex 285.9 98.4 3
    endloop
  endfacet
  facet normal 0 0 1
    outer loop
      vertex 262.0229490168752 72.65316954888547 3
      vertex 262.95000000000005 72.80000000000001 3
      vertex 285.9 98.4 3
    endloop
  endfacet
  facet normal 0 0 1
    outer loop
      vertex 265.95000000000005 69.80000000000001 3
      vertex 285.9 98.4 3
      vertex 265.8031695488855 70.72705098312485 3
    endloop
  endfacet
  facet normal 0 0 1
    outer loop
      vertex 265.8031695488855 70.72705098312485 3
      vertex 285.9 98.4 3
      vertex 265.3770509831249 71.56335575687743 3
    endloop
  endfacet
  facet normal 0 0 1
    outer loop
      vertex 263.8770509831249 72.65316954888547 3
      vertex 285.9 98.4 3
      vertex 262.95000000000005 72.80000000000001 3
    endloop
  endfacet
  facet normal 0 0 1
    outer loop
      vertex 263.8770509831249 72.65316954888547 3
      vertex 264.7133557568775 72.22705098312485 3
      vertex 285.9 98.4 3
    endloop
  endfacet
  facet normal 0 0 1
    outer loop
      vertex 264.7133557568775 72.22705098312485 3
      vertex 265.3770509831249 71.56335575687743 3
      vertex 285.9 98.4 3
    endloop
  endfacet
  facet normal 0 1 0
    outer loop
      vertex 283.3 100.80000000000001 0
      vertex 275.3 100.80000000000001 2.6
      vertex 283.3 100.80000000000001 2.6
    endloop
  endfacet
  facet normal -0.15643446504022981 0.9876883405951378 0
    outer loop
      vertex 283.3 100.80000000000001 0
      vertex 283.3 100.80000000000001 2.6
      vertex 285.0304951684997 101.07408350874715 0
    endloop
  endfacet
  facet normal -0.15643446504022981 0.9876883405951378 0
    outer loop
      vertex 285.0304951684997 101.07408350874715 0
      vertex 283.3 100.80000000000001 2.6
      vertex 285.0304951684997 101.07408350874715 2.6
    endloop
  endfacet
  facet normal -0.15643446815250964 -0.9876883401022011 0
    outer loop
      vertex 285.9 98.4 3
      vertex 286.8270509853959 98.25316954553128 3
      vertex 286.8270509853959 98.25316954553128 25.97813243131812
    endloop
  endfacet
  facet normal -0.9876883401022011 -0.15643446815250964 0
    outer loop
      vertex 288.9 95.4 3
      vertex 288.9 95.4 25.889723942547548
      vertex 288.75316954553125 96.32705098539591 3
    endloop
  endfacet
  facet normal -0.4539904970642979 -0.8910065255514753 0
    outer loop
      vertex 287.66335575431583 97.82705098539591 3
      vertex 287.66335575431583 97.82705098539591 25.9608105385654
      vertex 286.8270509853959 98.25316954553128 3
    endloop
  endfacet
  facet normal -0.8910065255514752 -0.4539904970642978 0
    outer loop
      vertex 288.75316954553125 96.32705098539591 3
      vertex 288.75316954553125 96.32705098539591 25.911550801081383
      vertex 288.3270509853959 97.16335575431586 3
    endloop
  endfacet
  facet normal -0.7071067811865476 -0.7071067811865476 0
    outer loop
      vertex 287.66335575431583 97.82705098539591 3
      vertex 288.3270509853959 97.16335575431586 3
      vertex 288.3270509853959 97.16335575431586 25.93720981183454
    endloop
  endfacet
  facet normal 0 0 1
    outer loop
      vertex 260.5229490168752 68.0366442431226 13
      vertex 260.0968304511146 70.72705098312485 13
      vertex 260.0968304511146 68.87294901687517 13
    endloop
  endfacet
  facet normal 0 0 1
    outer loop
      vertex 261.1866442431226 67.37294901687517 13
      vertex 260.5229490168752 71.56335575687743 13
      vertex 260.5229490168752 68.0366442431226 13
    endloop
  endfacet
  facet normal 0 0 1
    outer loop
      vertex 261.1866442431226 67.37294901687517 13
      vertex 262.0229490168752 66.94683045111455 13
      vertex 261.1866442431226 72.22705098312485 13
    endloop
  endfacet
  facet normal 0 0 1
    outer loop
      vertex 262.0229490168752 66.94683045111455 13
      vertex 262.95000000000005 66.80000000000001 13
      vertex 262.62553215590634 68.8013906578901 13
    endloop
  endfacet
  facet normal 0 0 1
    outer loop
      vertex 262.95000000000005 66.80000000000001 13
      vertex 263.8770509831249 66.94683045111455 13
      vertex 262.95000000000005 68.75000000000001 13
    endloop
  endfacet
  facet normal 0 0 1
    outer loop
      vertex 262.0229490168752 66.94683045111455 13
      vertex 262.33282548509294 68.95053215590632 13
      vertex 262.10053215590636 69.18282548509292 13
    endloop
  endfacet
  facet normal 0 0 1
    outer loop
      vertex 262.0229490168752 66.94683045111455 13
      vertex 261.95139065789016 69.47553215590632 13
      vertex 261.90000000000003 69.80000000000001 13
    endloop
  endfacet
  facet normal 0 0 1
    outer loop
      vertex 262.0229490168752 66.94683045111455 13
      vertex 262.10053215590636 69.18282548509292 13
      vertex 261.95139065789016 69.47553215590632 13
    endloop
  endfacet
  facet normal 0 0 1
    outer loop
      vertex 262.0229490168752 66.94683045111455 13
      vertex 262.62553215590634 68.8013906578901 13
      vertex 262.33282548509294 68.95053215590632 13
    endloop
  endfacet
  facet normal 0 0 1
    outer loop
      vertex 262.95000000000005 66.80000000000001 13
      vertex 262.95000000000005 68.75000000000001 13
      vertex 262.62553215590634 68.8013906578901 13
    endloop
  endfacet
  facet normal 0 0 1
    outer loop
      vertex 263.8770509831249 66.94683045111455 13
      vertex 263.27446784409375 68.8013906578901 13
      vertex 262.95000000000005 68.75000000000001 13
    endloop
  endfacet
  facet normal 0 0 1
    outer loop
      vertex 263.8770509831249 66.94683045111455 13
      vertex 263.56717451490715 68.95053215590632 13
      vertex 263.27446784409375 68.8013906578901 13
    endloop
  endfacet
  facet normal 0 0 1
    outer loop
      vertex 263.8770509831249 66.94683045111455 13
      vertex 263.7994678440937 69.18282548509292 13
      vertex 263.56717451490715 68.95053215590632 13
    endloop
  endfacet
  facet normal 0 0 1
    outer loop
      vertex 260.0968304511146 68.87294901687517 13
      vertex 260.0968304511146 70.72705098312485 13
      vertex 259.95000000000005 69.80000000000001 13
    endloop
  endfacet
  facet normal 0 0 1
    outer loop
      vertex 260.5229490168752 68.0366442431226 13
      vertex 260.5229490168752 71.56335575687743 13
      vertex 260.0968304511146 70.72705098312485 13
    endloop
  endfacet
  facet normal 0 0 1
    outer loop
      vertex 262.0229490168752 66.94683045111455 13
      vertex 261.90000000000003 69.80000000000001 13
      vertex 261.1866442431226 72.22705098312485 13
    endloop
  endfacet
  facet normal 0 0 1
    outer loop
      vertex 261.1866442431226 67.37294901687517 13
      vertex 261.1866442431226 72.22705098312485 13
      vertex 260.5229490168752 71.56335575687743 13
    endloop
  endfacet
  facet normal 0 0 1
    outer loop
      vertex 261.1866442431226 72.22705098312485 13
      vertex 261.90000000000003 69.80000000000001 13
      vertex 261.95139065789016 70.1244678440937 13
    endloop
  endfacet
  facet normal 0 0 1
    outer loop
      vertex 261.1866442431226 72.22705098312485 13
      vertex 261.95139065789016 70.1244678440937 13
      vertex 262.10053215590636 70.4171745149071 13
    endloop
  endfacet
  facet normal 0 0 1
    outer loop
      vertex 263.94860934210993 70.1244678440937 13
      vertex 264.00000000000006 69.80000000000001 13
      vertex 263.8770509831249 72.65316954888547 13
    endloop
  endfacet
  facet normal 0 0 1
    outer loop
      vertex 263.94860934210993 70.1244678440937 13
      vertex 263.8770509831249 72.65316954888547 13
      vertex 263.7994678440937 70.4171745149071 13
    endloop
  endfacet
  facet normal 0 0 1
    outer loop
      vertex 262.10053215590636 70.4171745149071 13
      vertex 262.33282548509294 70.6494678440937 13
      vertex 262.0229490168752 72.65316954888547 13
    endloop
  endfacet
  facet normal 0 0 1
    outer loop
      vertex 261.1866442431226 72.22705098312485 13
      vertex 262.10053215590636 70.4171745149071 13
      vertex 262.0229490168752 72.65316954888547 13
    endloop
  endfacet
  facet normal 0 0 1
    outer loop
      vertex 262.33282548509294 70.6494678440937 13
      vertex 262.62553215590634 70.79860934210993 13
      vertex 262.0229490168752 72.65316954888547 13
    endloop
  endfacet
  facet normal 0 0 1
    outer loop
      vertex 262.62553215590634 70.79860934210993 13
      vertex 262.95000000000005 70.85000000000001 13
      vertex 262.0229490168752 72.65316954888547 13
    endloop
  endfacet
  facet normal 0 0 1
    outer loop
      vertex 262.95000000000005 70.85000000000001 13
      vertex 262.95000000000005 72.80000000000001 13
      vertex 262.0229490168752 72.65316954888547 13
    endloop
  endfacet
  facet normal 0 0 1
    outer loop
      vertex 262.95000000000005 70.85000000000001 13
      vertex 263.27446784409375 70.79860934210993 13
      vertex 262.95000000000005 72.80000000000001 13
    endloop
  endfacet
  facet normal 0 0 1
    outer loop
      vertex 263.27446784409375 70.79860934210993 13
      vertex 263.56717451490715 70.6494678440937 13
      vertex 263.8770509831249 72.65316954888547 13
    endloop
  endfacet
  facet normal 0 0 1
    outer loop
      vertex 263.56717451490715 70.6494678440937 13
      vertex 263.7994678440937 70.4171745149071 13
      vertex 263.8770509831249 72.65316954888547 13
    endloop
  endfacet
  facet normal 0 0 1
    outer loop
      vertex 263.27446784409375 70.79860934210993 13
      vertex 263.8770509831249 72.65316954888547 13
      vertex 262.95000000000005 72.80000000000001 13
    endloop
  endfacet
  facet normal 0 0 1
    outer loop
      vertex 263.8770509831249 66.94683045111455 13
      vertex 264.7133557568775 67.37294901687517 13
      vertex 263.7994678440937 69.18282548509292 13
    endloop
  endfacet
  facet normal 0 0 1
    outer loop
      vertex 263.7994678440937 69.18282548509292 13
      vertex 264.7133557568775 67.37294901687517 13
      vertex 263.94860934210993 69.47553215590632 13
    endloop
  endfacet
  facet normal 0 0 1
    outer loop
      vertex 263.94860934210993 69.47553215590632 13
      vertex 264.7133557568775 67.37294901687517 13
      vertex 264.00000000000006 69.80000000000001 13
    endloop
  endfacet
  facet normal 0 0 1
    outer loop
      vertex 264.7133557568775 67.37294901687517 13
      vertex 265.3770509831249 68.0366442431226 13
      vertex 264.7133557568775 72.22705098312485 13
    endloop
  endfacet
  facet normal 0 0 1
    outer loop
      vertex 265.3770509831249 68.0366442431226 13
      vertex 265.8031695488855 68.87294901687517 13
      vertex 265.3770509831249 71.56335575687743 13
    endloop
  endfacet
  facet normal 0 0 1
    outer loop
      vertex 263.8770509831249 72.65316954888547 13
      vertex 264.00000000000006 69.80000000000001 13
      vertex 264.7133557568775 67.37294901687517 13
    endloop
  endfacet
  facet normal 0 0 1
    outer loop
      vertex 263.8770509831249 72.65316954888547 13
      vertex 264.7133557568775 67.37294901687517 13
      vertex 264.7133557568775 72.22705098312485 13
    endloop
  endfacet
  facet normal 0 0 1
    outer loop
      vertex 265.8031695488855 68.87294901687517 13
      vertex 265.95000000000005 69.80000000000001 13
      vertex 265.8031695488855 70.72705098312485 13
    endloop
  endfacet
  facet normal 0 0 1
    outer loop
      vertex 265.3770509831249 68.0366442431226 13
      vertex 265.3770509831249 71.56335575687743 13
      vertex 264.7133557568775 72.22705098312485 13
    endloop
  endfacet
  facet normal 0 0 1
    outer loop
      vertex 265.8031695488855 68.87294901687517 13
      vertex 265.8031695488855 70.72705098312485 13
      vertex 265.3770509831249 71.56335575687743 13
    endloop
  endfacet
  facet normal -1 0 0
    outer loop
      vertex 288.9 5.399999999999999 24.060455649864622
      vertex 288.9 95.4 25.889723942547548
      vertex 288.9 95.4 3
    endloop
  endfacet
  facet normal 0.02031681182786917 -0.020316811827871095 0.9995871419312585
    outer loop
      vertex 288.9 5.399999999999999 24.060455649864622
      vertex 289.7721359549996 101.69771798166022 26
      vertex 288.9 95.4 25.889723942547548
    endloop
  endfacet
  facet normal 0.03985053995765299 -0.02030486428451838 0.9989993227983044
    outer loop
      vertex 290.90845213036124 5.52786404500042 24
      vertex 290.90845213036124 103.92786404500043 26
      vertex 289.7721359549996 101.69771798166022 26
    endloop
  endfacet
  facet normal 0.1272586349942061 -0.020155787680021808 0.991664753857073
    outer loop
      vertex 290.90845213036124 5.52786404500042 24
      vertex 291.3 106.4 26
      vertex 290.90845213036124 103.92786404500043 26
    endloop
  endfacet
  facet normal 0 1 0
    outer loop
      vertex 275.3 100.80000000000001 12.6
      vertex 283.3 100.80000000000001 23.4
      vertex 283.3 100.80000000000001 12.6
    endloop
  endfacet
  facet normal -0.15643446504022984 0.9876883405951379 0
    outer loop
      vertex 283.3 100.80000000000001 12.6
      vertex 283.3 100.80000000000001 23.4
      vertex 285.0304951684997 101.07408350874715 12.6
    endloop
  endfacet
  facet normal 0 -1 0
    outer loop
      vertex 285.9 98.4 3
      vertex 285.9 98.4 25.99071752327964
      vertex 285.7721359549996 98.4 25.992041709966692
    endloop
  endfacet
  facet normal -0.15643446815250964 -0.9876883401022012 0
    outer loop
      vertex 285.9 98.4 3
      vertex 286.8270509853959 98.25316954553128 25.97813243131812
      vertex 285.9 98.4 25.99071752327964
    endloop
  endfacet
  facet normal -0.9876883401022012 -0.15643446815250964 0
    outer loop
      vertex 288.75316954553125 96.32705098539591 3
      vertex 288.9 95.4 25.889723942547548
      vertex 288.75316954553125 96.32705098539591 25.911550801081383
    endloop
  endfacet
  facet normal -0.7071067811865476 -0.7071067811865476 0
    outer loop
      vertex 287.66335575431583 97.82705098539591 3
      vertex 288.00228201833977 97.48812472137197 25.950411802365274
      vertex 287.66335575431583 97.82705098539591 25.9608105385654
    endloop
  endfacet
  facet normal -0.8910065255514753 -0.45399049706429795 0
    outer loop
      vertex 288.3270509853959 97.16335575431586 3
      vertex 288.75316954553125 96.32705098539591 25.911550801081383
      vertex 288.3270509853959 97.16335575431586 25.93720981183454
    endloop
  endfacet
  facet normal -0.7071067811865476 -0.7071067811865476 4.664297804089894e-19
    outer loop
      vertex 287.66335575431583 97.82705098539591 3
      vertex 288.3270509853959 97.16335575431586 25.93720981183454
      vertex 288.00228201833977 97.48812472137197 25.950411802365274
    endloop
  endfacet
  facet normal -0.4539904970642979 -0.8910065255514753 0
    outer loop
      vertex 286.8270509853959 98.25316954553128 3
      vertex 287.66335575431583 97.82705098539591 25.9608105385654
      vertex 286.8270509853959 98.25316954553128 25.97813243131812
    endloop
  endfacet
  facet normal 0 -1 0
    outer loop
      vertex 285.9 98.4 3
      vertex 285.7721359549996 98.4 25.992041709966692
      vertex 283.3 98.4 26
    endloop
  endfacet
  facet normal -0.15643446504022984 0.9876883405951379 0
    outer loop
      vertex 285.0304951684997 101.07408350874715 12.6
      vertex 283.3 100.80000000000001 23.4
      vertex 285.0304951684997 101.07408350874715 23.4
    endloop
  endfacet
  facet normal 0.003218514530072889 -0.02032090098925154 0.9997883286712267
    outer loop
      vertex 283.3 98.4 26
      vertex 285.7721359549996 98.4 25.992041709966692
      vertex 285.7721359549996 98.79154786963878 26
    endloop
  endfacet
  facet normal 0.010353514870353119 -0.020319917053440627 0.9997399190293297
    outer loop
      vertex 285.7721359549996 98.4 25.992041709966692
      vertex 285.9 98.4 25.99071752327964
      vertex 285.7721359549996 98.79154786963878 26
    endloop
  endfacet
  facet normal 0.010353514870345418 -0.020319917053443142 0.9997399190293298
    outer loop
      vertex 285.9 98.4 25.99071752327964
      vertex 288.00228201833977 99.92786404500043 26
      vertex 285.7721359549996 98.79154786963878 26
    endloop
  endfacet
  facet normal 0.02031681182787381 -0.020316811827871734 0.9995871419312583
    outer loop
      vertex 288.9 95.4 25.889723942547548
      vertex 289.7721359549996 101.69771798166022 26
      vertex 288.75316954553125 96.32705098539591 25.911550801081383
    endloop
  endfacet
  facet normal 0.010353514870347143 -0.02031991705344243 0.9997399190293297
    outer loop
      vertex 287.66335575431583 97.82705098539591 25.9608105385654
      vertex 288.00228201833977 99.92786404500043 26
      vertex 286.8270509853959 98.25316954553128 25.97813243131812
    endloop
  endfacet
  facet normal 0.010353514870342565 -0.02031991705343922 0.9997399190293298
    outer loop
      vertex 285.9 98.4 25.99071752327964
      vertex 286.8270509853959 98.25316954553128 25.97813243131812
      vertex 288.00228201833977 99.92786404500043 26
    endloop
  endfacet
  facet normal 0.020316811827866824 -0.02031681182787175 0.9995871419312585
    outer loop
      vertex 288.3270509853959 97.16335575431586 25.93720981183454
      vertex 288.00228201833977 99.92786404500043 26
      vertex 288.00228201833977 97.48812472137197 25.950411802365274
    endloop
  endfacet
  facet normal 0.010353514870346327 -0.020319917053442296 0.9997399190293297
    outer loop
      vertex 287.66335575431583 97.82705098539591 25.9608105385654
      vertex 288.00228201833977 97.48812472137197 25.950411802365274
      vertex 288.00228201833977 99.92786404500043 26
    endloop
  endfacet
  facet normal 0.02031681182786941 -0.0203168118278709 0.9995871419312585
    outer loop
      vertex 288.75316954553125 96.32705098539591 25.911550801081383
      vertex 289.7721359549996 101.69771798166022 26
      vertex 288.3270509853959 97.16335575431586 25.93720981183454
    endloop
  endfacet
  facet normal 0.020316811827870644 -0.020316811827871296 0.9995871419312584
    outer loop
      vertex 288.3270509853959 97.16335575431586 25.93720981183454
      vertex 289.7721359549996 101.69771798166022 26
      vertex 288.00228201833977 99.92786404500043 26
    endloop
  endfacet
  facet normal -3.034594823009648e-15 -0.36039927920216136 0.9327981344055972
    outer loop
      vertex 145.57778175324202 104.84483639187513 27.632415775764787
      vertex 145.97499674707652 104.09954933370403 27.344463957835046
      vertex 147.66772674918175 106.3563891264264 28.216424786841415
    endloop
  endfacet
  facet normal -0.8193704754713649 0.5347399234786764 0.20660406134403225
    outer loop
      vertex 145.97499674707652 104.09954933370403 27.344463957835046
      vertex 145.97499674707652 103.8112299103423 28.090702465359524
      vertex 147.66772674918175 106.3563891264264 28.216424786841415
    endloop
  endfacet
  facet normal -3.1455298616972675e-15 -0.36039927920216125 0.9327981344055973
    outer loop
      vertex 145.57778175324202 104.84483639187513 27.632415775764787
      vertex 147.66772674918175 106.3563891264264 28.216424786841415
      vertex 146.80108174830676 106.60061433713895 28.31078452734399
    endloop
  endfacet
  facet normal 5.5491030639009594e-15 -0.3603992792021647 0.9327981344055959
    outer loop
      vertex 149.5951132491231 104.09954933370403 27.344463957835046
      vertex 150.47085824757815 104.79008580221372 27.61126213885015
      vertex 150.47085824757815 106.8448395409016 28.405144265161383
    endloop
  endfacet
  facet normal 2.8257160835213232e-15 -0.36039927920216425 0.9327981344055962
    outer loop
      vertex 149.5951132491231 104.09954933370403 27.344463957835046
      vertex 150.47085824757815 106.8448395409016 28.405144265161383
      vertex 150.47085824757815 107.50166468267885 28.658917615393502
    endloop
  endfacet
  facet normal 0 -0.3603992792021586 0.9327981344055982
    outer loop
      vertex 149.5951132491231 104.09954933370403 27.344463957835046
      vertex 153.5493232473731 104.09954933370403 27.344463957835046
      vertex 150.47085824757815 104.79008580221372 27.61126213885015
    endloop
  endfacet
  facet normal 0 0.9327981344055978 0.36039927920215964
    outer loop
      vertex 149.5951132491231 104.09954933370403 27.344463957835046
      vertex 149.5951132491231 103.8112299103423 28.090702465359524
      vertex 153.5493232473731 104.09954933370403 27.344463957835046
    endloop
  endfacet
  facet normal 0 0.9327981344055978 0.36039927920215964
    outer loop
      vertex 149.5951132491231 103.8112299103423 28.090702465359524
      vertex 153.5493232473731 103.8112299103423 28.090702465359524
      vertex 153.5493232473731 104.09954933370403 27.344463957835046
    endloop
  endfacet
  facet normal -0.9903113957989637 0.1295325129164841 0.05004665271773206
    outer loop
      vertex 153.5493232473731 104.09954933370403 27.344463957835046
      vertex 153.5493232473731 103.8112299103423 28.090702465359524
      vertex 153.6531282529235 104.79008580221372 27.61126213885015
    endloop
  endfacet
  facet normal 0 -0.36039927920216497 0.9327981344055958
    outer loop
      vertex 153.5493232473731 103.8112299103423 28.090702465359524
      vertex 155.7069397509098 103.8112299103423 28.090702465359524
      vertex 153.6531282529235 104.50176637885198 28.35750064637463
    endloop
  endfacet
  facet normal -1 0 0
    outer loop
      vertex 150.47085824757815 104.79008580221372 27.61126213885015
      vertex 150.47085824757815 104.50176637885198 28.35750064637463
      vertex 150.47085824757815 106.8448395409016 28.405144265161383
    endloop
  endfacet
  facet normal -3.1766808916403256e-18 -0.9327981344055918 -0.3603992792021751
    outer loop
      vertex 150.47085824757815 104.79008580221372 27.61126213885015
      vertex 153.6531282529235 104.50176637885198 28.35750064637463
      vertex 150.47085824757815 104.50176637885198 28.35750064637463
    endloop
  endfacet
  facet normal 4.47286246235701e-18 -0.36039927920215864 0.9327981344055983
    outer loop
      vertex 153.5493232473731 104.09954933370403 27.344463957835046
      vertex 153.6531282529235 104.79008580221372 27.61126213885015
      vertex 150.47085824757815 104.79008580221372 27.61126213885015
    endloop
  endfacet
  facet normal 0 -0.9327981344055918 -0.3603992792021751
    outer loop
      vertex 150.47085824757815 104.79008580221372 27.61126213885015
      vertex 153.6531282529235 104.79008580221372 27.61126213885015
      vertex 153.6531282529235 104.50176637885198 28.35750064637463
    endloop
  endfacet
  facet normal -0.9903113957989633 0.12953251291648554 0.050046652717735084
    outer loop
      vertex 153.5493232473731 103.8112299103423 28.090702465359524
      vertex 153.6531282529235 104.50176637885198 28.35750064637463
      vertex 153.6531282529235 104.79008580221372 27.61126213885015
    endloop
  endfacet
  facet normal 0 0.9327981344055979 0.3603992792021597
    outer loop
      vertex 155.7069397509098 104.09954933370403 27.344463957835046
      vertex 155.7069397509098 103.8112299103423 28.090702465359524
      vertex 156.52847474962473 104.09954933370403 27.344463957835046
    endloop
  endfacet
  facet normal -9.175076099263774e-18 0.9327981344055979 0.3603992792021597
    outer loop
      vertex 156.52847474962473 104.09954933370403 27.344463957835046
      vertex 155.7069397509098 103.8112299103423 28.090702465359524
      vertex 156.52847474962473 103.8112299103423 28.090702465359524
    endloop
  endfacet
  facet normal 0 0.9327981344055924 0.36039927920217363
    outer loop
      vertex 158.92079974859953 104.10373293674174 27.34608034991779
      vertex 158.92079974859953 103.81541351338 28.092318857442272
      vertex 159.6610847502947 104.10373293674174 27.34608034991779
    endloop
  endfacet
  facet normal 0 -0.36039927920216264 0.9327981344055966
    outer loop
      vertex 155.7069397509098 104.09954933370403 27.344463957835046
      vertex 156.52847474962473 104.09954933370403 27.344463957835046
      vertex 156.52847474962473 108.66797950186029 29.109539250077237
    endloop
  endfacet
  facet normal -1 0 0
    outer loop
      vertex 156.52847474962473 104.09954933370403 27.344463957835046
      vertex 156.52847474962473 103.8112299103423 28.090702465359524
      vertex 156.52847474962473 108.66797950186029 29.109539250077237
    endloop
  endfacet
  facet normal 0 -0.360399279202163 0.9327981344055966
    outer loop
      vertex 158.92079974859953 104.10373293674174 27.34608034991779
      vertex 159.6610847502947 104.10373293674174 27.34608034991779
      vertex 158.83954975157977 105.78378166718518 27.995190086680033
    endloop
  endfacet
  facet normal 8.126817693868043e-16 -0.360399279202163 0.9327981344055966
    outer loop
      vertex 158.92079974859953 104.10373293674174 27.34608034991779
      vertex 158.83954975157977 105.78378166718518 27.995190086680033
      vertex 158.78540475070477 105.78378166718518 27.995190086680033
    endloop
  endfacet
  facet normal 0 -0.9327981344055983 -0.36039927920215814
    outer loop
      vertex 158.78540475070477 105.78378166718518 27.995190086680033
      vertex 158.83954975157977 105.78378166718518 27.995190086680033
      vertex 158.83954975157977 105.49546224382345 28.741428594204514
    endloop
  endfacet
  facet normal 8.18015328819043e-16 -0.36039927920216297 0.9327981344055966
    outer loop
      vertex 158.92079974859953 104.10373293674174 27.34608034991779
      vertex 158.78540475070477 105.78378166718518 27.995190086680033
      vertex 156.58261975049973 108.66797950186029 29.109539250077237
    endloop
  endfacet
  facet normal 0 0.9327981344055924 0.36039927920217363
    outer loop
      vertex 158.92079974859953 103.81541351338 28.092318857442272
      vertex 159.6610847502947 103.81541351338 28.092318857442272
      vertex 159.6610847502947 104.10373293674174 27.34608034991779
    endloop
  endfacet
  facet normal 0 0.9327981344055978 0.36039927920215964
    outer loop
      vertex 161.863876247406 104.09954933370403 27.344463957835046
      vertex 161.863876247406 103.8112299103423 28.090702465359524
      vertex 162.73507125079632 104.09954933370403 27.344463957835046
    endloop
  endfacet
  facet normal -8.652076862338225e-18 0.9327981344055978 0.36039927920215964
    outer loop
      vertex 162.73507125079632 104.09954933370403 27.344463957835046
      vertex 161.863876247406 103.8112299103423 28.090702465359524
      vertex 162.73507125079632 103.8112299103423 28.090702465359524
    endloop
  endfacet
  facet normal 0 -0.3603992792021613 0.9327981344055971
    outer loop
      vertex 161.863876247406 104.09954933370403 27.344463957835046
      vertex 162.73507125079632 104.09954933370403 27.344463957835046
      vertex 162.73507125079632 105.78378166718518 27.995190086680033
    endloop
  endfacet
  facet normal 1.9235642758986955e-14 -0.36039927920216996 0.9327981344055938
    outer loop
      vertex 161.863876247406 104.09954933370403 27.344463957835046
      vertex 162.73507125079632 105.78378166718518 27.995190086680033
      vertex 162.73507125079632 106.40271187919228 28.23432221404642
    endloop
  endfacet
  facet normal -1 0 0
    outer loop
      vertex 162.73507125079632 104.09954933370403 27.344463957835046
      vertex 162.73507125079632 103.8112299103423 28.090702465359524
      vertex 162.73507125079632 105.78378166718518 27.995190086680033
    endloop
  endfacet
  facet normal 0 0.9327981344055978 0.3603992792021597
    outer loop
      vertex 162.73507125079632 105.78378166718518 27.995190086680033
      vertex 162.73507125079632 105.49546224382345 28.74142859420451
      vertex 164.94682625085116 105.78378166718518 27.995190086680033
    endloop
  endfacet
  facet normal -4.507741368414323e-15 -0.3603992792021622 0.9327981344055968
    outer loop
      vertex 161.863876247406 104.09954933370403 27.344463957835046
      vertex 162.73507125079632 106.40271187919228 28.23432221404642
      vertex 161.863876247406 107.82586334206961 28.784176188339927
    endloop
  endfacet
  facet normal -7.752947421747946e-18 -0.3603992792021699 0.9327981344055938
    outer loop
      vertex 162.73507125079632 105.78378166718518 27.995190086680033
      vertex 164.94682625085116 106.40271187919228 28.23432221404642
      vertex 162.73507125079632 106.40271187919228 28.23432221404642
    endloop
  endfacet
  facet normal 0 0.9327981344055978 0.3603992792021596
    outer loop
      vertex 164.94682625085116 104.09954933370403 27.344463957835046
      vertex 164.94682625085116 103.8112299103423 28.090702465359524
      vertex 165.8180212467909 104.09954933370403 27.344463957835046
    endloop
  endfacet
  facet normal -8.652076936331988e-18 0.9327981344055978 0.3603992792021596
    outer loop
      vertex 165.8180212467909 104.09954933370403 27.344463957835046
      vertex 164.94682625085116 103.8112299103423 28.090702465359524
      vertex 165.8180212467909 103.8112299103423 28.090702465359524
    endloop
  endfacet
  facet normal 0 -0.3603992792021613 0.9327981344055972
    outer loop
      vertex 164.94682625085116 104.09954933370403 27.344463957835046
      vertex 165.8180212467909 104.09954933370403 27.344463957835046
      vertex 164.94682625085116 105.78378166718518 27.995190086680033
    endloop
  endfacet
  facet normal 1 0 0
    outer loop
      vertex 164.94682625085116 104.09954933370403 27.344463957835046
      vertex 164.94682625085116 105.49546224382345 28.74142859420451
      vertex 164.94682625085116 103.8112299103423 28.090702465359524
    endloop
  endfacet
  facet normal 1 0 0
    outer loop
      vertex 164.94682625085116 104.09954933370403 27.344463957835046
      vertex 164.94682625085116 105.78378166718518 27.995190086680033
      vertex 164.94682625085116 105.49546224382345 28.74142859420451
    endloop
  endfacet
  facet normal -1.9329623137892135e-14 -0.36039927920216985 0.9327981344055939
    outer loop
      vertex 165.8180212467909 104.09954933370403 27.344463957835046
      vertex 164.94682625085116 106.40271187919228 28.23432221404642
      vertex 164.94682625085116 105.78378166718518 27.995190086680033
    endloop
  endfacet
  facet normal -1 0 0
    outer loop
      vertex 165.8180212467909 104.09954933370403 27.344463957835046
      vertex 165.8180212467909 103.8112299103423 28.090702465359524
      vertex 165.8180212467909 107.82586334206961 28.784176188339927
    endloop
  endfacet
  facet normal 0 -0.3603992792021699 0.9327981344055938
    outer loop
      vertex 162.73507125079632 105.78378166718518 27.995190086680033
      vertex 164.94682625085116 105.78378166718518 27.995190086680033
      vertex 164.94682625085116 106.40271187919228 28.23432221404642
    endloop
  endfacet
  facet normal 4.4035346984155215e-15 -0.3603992792021622 0.9327981344055969
    outer loop
      vertex 165.8180212467909 104.09954933370403 27.344463957835046
      vertex 165.8180212467909 107.82586334206961 28.784176188339927
      vertex 164.94682625085116 106.40271187919228 28.23432221404642
    endloop
  endfacet
  facet normal 0 0.36039927920216197 -0.932798134405597
    outer loop
      vertex 67.02512562496852 107.95085546574177 26.162830520854772
      vertex 220.4943556272985 108.54045466045446 26.39063020972104
      vertex 221.7348743750315 107.95085546574177 26.162830520854772
    endloop
  endfacet
  facet normal 0 0.3603992792021586 -0.9327981344055983
    outer loop
      vertex 67.02512562496852 107.95085546574177 26.162830520854772
      vertex 221.7348743750315 107.95085546574177 26.162830520854772
      vertex 223.11 107.74769342894596 26.084336097547304
    endloop
  endfacet
  facet normal 0 0.36039927920216125 -0.9327981344055971
    outer loop
      vertex 68.26564437270152 108.54045466045446 26.39063020972104
      vertex 219.50987437503147 109.45877693592641 26.74543654342611
      vertex 220.4943556272985 108.54045466045446 26.39063020972104
    endloop
  endfacet
  facet normal 0 0.3603992792021633 -0.9327981344055964
    outer loop
      vertex 69.25012562496852 109.45877693592641 26.74543654342611
      vertex 218.87779850248657 110.61593050950691 27.19251860594585
      vertex 219.50987437503147 109.45877693592641 26.74543654342611
    endloop
  endfacet
  facet normal 0 0.36039927920216325 -0.9327981344055964
    outer loop
      vertex 69.88220149751344 110.61593050950691 27.19251860594585
      vertex 218.66 111.89864512705087 27.688112889996926
      vertex 218.87779850248657 110.61593050950691 27.19251860594585
    endloop
  endfacet
  facet normal 0 0.36039927920215975 -0.9327981344055979
    outer loop
      vertex 70.10000000000001 111.89864512705087 27.688112889996926
      vertex 218.87779850248657 113.18135974459484 28.183707174048003
      vertex 218.66 111.89864512705087 27.688112889996926
    endloop
  endfacet
  facet normal 0 -0.3603992792021622 0.9327981344055968
    outer loop
      vertex 126.46145724654198 103.8112299103423 28.090702465359524
      vertex 283.3 98.4 26
      vertex 127.33720225244761 103.8112299103423 28.090702465359524
    endloop
  endfacet
  facet normal 0 -0.3603992792021622 0.9327981344055968
    outer loop
      vertex 127.33720225244761 103.8112299103423 28.090702465359524
      vertex 283.3 98.4 26
      vertex 132.61839375048876 103.8112299103423 28.090702465359524
    endloop
  endfacet
  facet normal 4.410271734828626e-17 0.360399279202188 -0.9327981344055869
    outer loop
      vertex 67.02512562496852 107.95085546574177 26.162830520854772
      vertex 223.11 107.74769342894596 26.084336097547304
      vertex 252.88629138176316 107.5294117647059 26
    endloop
  endfacet
  facet normal 0 -0.3603992792021622 0.9327981344055969
    outer loop
      vertex 132.61839375048876 103.8112299103423 28.090702465359524
      vertex 283.3 98.4 26
      vertex 133.4941387489438 103.8112299103423 28.090702465359524
    endloop
  endfacet
  facet normal 0 -0.3603992792021622 0.9327981344055969
    outer loop
      vertex 133.4941387489438 103.8112299103423 28.090702465359524
      vertex 283.3 98.4 26
      vertex 137.25868524760008 103.8112299103423 28.090702465359524
    endloop
  endfacet
  facet normal 0 -0.3603992792021622 0.9327981344055968
    outer loop
      vertex 137.25868524760008 103.8112299103423 28.090702465359524
      vertex 283.3 98.4 26
      vertex 138.1434002533555 103.8112299103423 28.090702465359524
    endloop
  endfacet
  facet normal 0 -0.3603992792021622 0.9327981344055969
    outer loop
      vertex 138.1434002533555 103.8112299103423 28.090702465359524
      vertex 283.3 98.4 26
      vertex 144.76528175324202 103.8112299103423 28.090702465359524
    endloop
  endfacet
  facet normal 7.16246976976058e-18 0.36039927920216247 -0.9327981344055968
    outer loop
      vertex 44.4453939853664 106.63854339182372 25.655800855931883
      vertex 252.88629138176316 107.5294117647059 26
      vertex 283.3 100.80000000000001 23.4
    endloop
  endfacet
  facet normal 0 -0.36039927920216225 0.9327981344055969
    outer loop
      vertex 144.76528175324202 103.8112299103423 28.090702465359524
      vertex 283.3 98.4 26
      vertex 145.97499674707652 103.8112299103423 28.090702465359524
    endloop
  endfacet
  facet normal -2.653177061773768e-17 -0.3603992792021621 0.9327981344055969
    outer loop
      vertex 283.3 98.4 26
      vertex 149.5951132491231 103.8112299103423 28.090702465359524
      vertex 145.97499674707652 103.8112299103423 28.090702465359524
    endloop
  endfacet
  facet normal -2.4290085929754513e-17 -0.3603992792021618 0.932798134405597
    outer loop
      vertex 283.3 98.4 26
      vertex 153.5493232473731 103.8112299103423 28.090702465359524
      vertex 149.5951132491231 103.8112299103423 28.090702465359524
    endloop
  endfacet
  facet normal -4.4515835174762475e-17 -0.36039927920216164 0.932798134405597
    outer loop
      vertex 283.3 98.4 26
      vertex 155.7069397509098 103.8112299103423 28.090702465359524
      vertex 153.5493232473731 103.8112299103423 28.090702465359524
    endloop
  endfacet
  facet normal -1.169129748483372e-16 -0.3603992792021661 0.9327981344055953
    outer loop
      vertex 283.3 98.4 26
      vertex 156.52847474962473 103.8112299103423 28.090702465359524
      vertex 155.7069397509098 103.8112299103423 28.090702465359524
    endloop
  endfacet
  facet normal -2.0497440660236122e-15 -0.36039927920220616 0.9327981344055798
    outer loop
      vertex 283.3 98.4 26
      vertex 158.92079974859953 103.81541351338 28.092318857442272
      vertex 156.52847474962473 103.8112299103423 28.090702465359524
    endloop
  endfacet
  facet normal 1.872537979578428e-16 -0.3603992792021541 0.9327981344056001
    outer loop
      vertex 283.3 98.4 26
      vertex 159.6610847502947 103.81541351338 28.092318857442272
      vertex 158.92079974859953 103.81541351338 28.092318857442272
    endloop
  endfacet
  facet normal 2.476906865273454e-15 -0.36039927920211584 0.9327981344056148
    outer loop
      vertex 283.3 98.4 26
      vertex 161.863876247406 103.8112299103423 28.090702465359524
      vertex 159.6610847502947 103.81541351338 28.092318857442272
    endloop
  endfacet
  facet normal -1.1024868171650343e-16 -0.36039927920215875 0.9327981344055981
    outer loop
      vertex 283.3 98.4 26
      vertex 162.73507125079632 103.8112299103423 28.090702465359524
      vertex 161.863876247406 103.8112299103423 28.090702465359524
    endloop
  endfacet
  facet normal -4.3426193515740105e-17 -0.3603992792021631 0.9327981344055966
    outer loop
      vertex 283.3 98.4 26
      vertex 164.94682625085116 103.8112299103423 28.090702465359524
      vertex 162.73507125079632 103.8112299103423 28.090702465359524
    endloop
  endfacet
  facet normal -1.1024868265936677e-16 -0.36039927920216314 0.9327981344055966
    outer loop
      vertex 283.3 98.4 26
      vertex 165.8180212467909 103.8112299103423 28.090702465359524
      vertex 164.94682625085116 103.8112299103423 28.090702465359524
    endloop
  endfacet
  facet normal -6.26610516566804e-17 -0.36039927920216325 0.9327981344055963
    outer loop
      vertex 283.3 98.4 26
      vertex 165.8180212467909 107.53754391870787 29.530414695864405
      vertex 165.8180212467909 103.8112299103423 28.090702465359524
    endloop
  endfacet
  facet normal 0 -1 0
    outer loop
      vertex 123.45000000000002 200 2.6
      vertex 283.3 200 0
      vertex 133.45000000000002 200 2.6
    endloop
  endfacet
  facet normal 0 1 0
    outer loop
      vertex 8 202.4 0
      vertex 234.90000000000003 202.4 8.391935489182995
      vertex 283.3 202.4 0
    endloop
  endfacet
  facet normal 0 1 0
    outer loop
      vertex 8 202.4 0
      vertex 218.1999999970198 202.4 8.600000005960464
      vertex 224.40000000000003 202.4 8.245635805557901
    endloop
  endfacet
  facet normal 0 1 0
    outer loop
      vertex 8 202.4 0
      vertex 224.40000000000003 202.4 8.245635805557901
      vertex 234.90000000000003 202.4 8.391935489182995
    endloop
  endfacet
  facet normal 0 0 -1
    outer loop
      vertex 8 200 0
      vertex 285.7721359549996 202.00845213036123 0
      vertex 283.3 200 0
    endloop
  endfacet
  facet normal 0 0 -1
    outer loop
      vertex 8 202.4 0
      vertex 283.3 202.4 0
      vertex 285.7721359549996 202.00845213036123 0
    endloop
  endfacet
  facet normal 0 -1 0
    outer loop
      vertex 133.45000000000002 200 2.6
      vertex 283.3 200 0
      vertex 133.45000000000002 200 12.6
    endloop
  endfacet
  facet normal 0 -1 0
    outer loop
      vertex 133.45000000000002 200 12.6
      vertex 209.8527864083648 200 8.639154788851737
      vertex 209.62977180033926 200 8.752786409854888
    endloop
  endfacet
  facet normal 0 -1 0
    outer loop
      vertex 133.45000000000002 200 12.6
      vertex 209.62977180033926 200 8.752786409854888
      vertex 209.45278640985492 200 8.929771800339221
    endloop
  endfacet
  facet normal 0 -1 0
    outer loop
      vertex 133.45000000000002 200 12.6
      vertex 209.45278640985492 200 8.929771800339221
      vertex 209.33915478885177 200 9.152786408364772
    endloop
  endfacet
  facet normal 0 -1 0
    outer loop
      vertex 133.45000000000002 200 12.6
      vertex 209.33915478885177 200 9.152786408364772
      vertex 209.3000000059605 200 9.400000002980232
    endloop
  endfacet
  facet normal 0 -1 0
    outer loop
      vertex 133.45000000000002 200 12.6
      vertex 210.10000000298027 200 8.600000005960464
      vertex 209.8527864083648 200 8.639154788851737
    endloop
  endfacet
  facet normal 0 -1 0
    outer loop
      vertex 133.45000000000002 200 12.6
      vertex 209.3000000059605 200 9.400000002980232
      vertex 209.3000000059605 200 11.999999997019767
    endloop
  endfacet
  facet normal 0 -1 0
    outer loop
      vertex 133.45000000000002 200 12.6
      vertex 209.3000000059605 200 11.999999997019767
      vertex 209.33915478885177 200 12.247213591635226
    endloop
  endfacet
  facet normal 0 -1 0
    outer loop
      vertex 133.45000000000002 200 12.6
      vertex 283.3 200 0
      vertex 210.10000000298027 200 8.600000005960464
    endloop
  endfacet
  facet normal 0.9876883430226983 0 0.15643444971321585
    outer loop
      vertex 209.33915478885177 200 9.152786408364772
      vertex 209.33915478885177 202.4 9.152786408364772
      vertex 209.3000000059605 200 9.400000002980232
    endloop
  endfacet
  facet normal 0.9876883430226983 0 0.15643444971321585
    outer loop
      vertex 209.33915478885177 202.4 9.152786408364772
      vertex 209.3000000059605 202.4 9.400000002980232
      vertex 209.3000000059605 200 9.400000002980232
    endloop
  endfacet
  facet normal 1 0 0
    outer loop
      vertex 209.3000000059605 200 9.400000002980232
      vertex 209.3000000059605 202.4 9.400000002980232
      vertex 209.3000000059605 200 11.999999997019767
    endloop
  endfacet
  facet normal 1 0 0
    outer loop
      vertex 209.3000000059605 202.4 9.400000002980232
      vertex 209.3000000059605 202.4 11.999999997019767
      vertex 209.3000000059605 200 11.999999997019767
    endloop
  endfacet
  facet normal 0.9876883430226983 0 -0.15643444971321585
    outer loop
      vertex 209.3000000059605 200 11.999999997019767
      vertex 209.3000000059605 202.4 11.999999997019767
      vertex 209.33915478885177 200 12.247213591635226
    endloop
  endfacet
  facet normal 0.9876883430226983 0 -0.15643444971321585
    outer loop
      vertex 209.33915478885177 200 12.247213591635226
      vertex 209.3000000059605 202.4 11.999999997019767
      vertex 209.33915478885177 202.4 12.247213591635226
    endloop
  endfacet
  facet normal 0.15643444971321585 0 0.9876883430226983
    outer loop
      vertex 209.8527864083648 200 8.639154788851737
      vertex 210.10000000298027 200 8.600000005960464
      vertex 210.10000000298027 202.4 8.600000005960464
    endloop
  endfacet
  facet normal 0.45399050800249663 0 0.8910065199781846
    outer loop
      vertex 209.8527864083648 200 8.639154788851737
      vertex 209.8527864083648 202.4 8.639154788851737
      vertex 209.62977180033926 200 8.752786409854888
    endloop
  endfacet
  facet normal 0.7071067811865476 0 0.7071067811865476
    outer loop
      vertex 209.62977180033926 200 8.752786409854888
      vertex 209.62977180033926 202.4 8.752786409854888
      vertex 209.45278640985492 200 8.929771800339221
    endloop
  endfacet
  facet normal 0.8910065199781846 0 0.45399050800249663
    outer loop
      vertex 209.33915478885177 200 9.152786408364772
      vertex 209.45278640985492 200 8.929771800339221
      vertex 209.45278640985492 202.4 8.929771800339221
    endloop
  endfacet
  facet normal 0.15643444971321585 0 0.9876883430226983
    outer loop
      vertex 209.8527864083648 200 8.639154788851737
      vertex 210.10000000298027 202.4 8.600000005960464
      vertex 209.8527864083648 202.4 8.639154788851737
    endloop
  endfacet
  facet normal 0.45399050800249663 0 0.8910065199781846
    outer loop
      vertex 209.62977180033926 200 8.752786409854888
      vertex 209.8527864083648 202.4 8.639154788851737
      vertex 209.62977180033926 202.4 8.752786409854888
    endloop
  endfacet
  facet normal 0.7071067811865476 0 0.7071067811865476
    outer loop
      vertex 209.45278640985492 200 8.929771800339221
      vertex 209.62977180033926 202.4 8.752786409854888
      vertex 209.45278640985492 202.4 8.929771800339221
    endloop
  endfacet
  facet normal 0.8910065199781846 0 0.45399050800249663
    outer loop
      vertex 209.33915478885177 200 9.152786408364772
      vertex 209.45278640985492 202.4 8.929771800339221
      vertex 209.33915478885177 202.4 9.152786408364772
    endloop
  endfacet
  facet normal 0 0 1
    outer loop
      vertex 210.10000000298027 200 8.600000005960464
      vertex 218.1999999970198 202.4 8.600000005960464
      vertex 210.10000000298027 202.4 8.600000005960464
    endloop
  endfacet
  facet normal 0 0 1
    outer loop
      vertex 210.10000000298027 200 8.600000005960464
      vertex 218.1999999970198 200 8.600000005960464
      vertex 218.1999999970198 202.4 8.600000005960464
    endloop
  endfacet
  facet normal -0.15643444971321585 0 0.9876883430226983
    outer loop
      vertex 218.1999999970198 200 8.600000005960464
      vertex 218.44721359163526 200 8.639154788851737
      vertex 218.44721359163526 202.4 8.639154788851737
    endloop
  endfacet
  facet normal -0.15643444971321585 0 0.9876883430226983
    outer loop
      vertex 218.1999999970198 200 8.600000005960464
      vertex 218.44721359163526 202.4 8.639154788851737
      vertex 218.1999999970198 202.4 8.600000005960464
    endloop
  endfacet
  facet normal 0.8910065199781846 0 -0.45399050800249663
    outer loop
      vertex 209.33915478885177 200 12.247213591635226
      vertex 209.33915478885177 202.4 12.247213591635226
      vertex 209.45278640985492 200 12.470228199660777
    endloop
  endfacet
  facet normal 0 -1 0
    outer loop
      vertex 123.45000000000002 200 12.6
      vertex 133.45000000000002 200 12.6
      vertex 283.3 200 57.4
    endloop
  endfacet
  facet normal 0 -1 0
    outer loop
      vertex 133.45000000000002 200 12.6
      vertex 209.33915478885177 200 12.247213591635226
      vertex 209.45278640985492 200 12.470228199660777
    endloop
  endfacet
  facet normal 0 -1 0
    outer loop
      vertex 133.45000000000002 200 12.6
      vertex 209.45278640985492 200 12.470228199660777
      vertex 209.62977180033926 200 12.64721359014511
    endloop
  endfacet
  facet normal 0 -1 0
    outer loop
      vertex 133.45000000000002 200 12.6
      vertex 209.62977180033926 200 12.64721359014511
      vertex 209.8527864083648 200 12.760845211148261
    endloop
  endfacet
  facet normal 0 -1 0
    outer loop
      vertex 133.45000000000002 200 12.6
      vertex 209.8527864083648 200 12.760845211148261
      vertex 210.10000000298027 200 12.799999994039535
    endloop
  endfacet
  facet normal 0.7071067811865476 0 -0.7071067811865476
    outer loop
      vertex 209.45278640985492 200 12.470228199660777
      vertex 209.45278640985492 202.4 12.470228199660777
      vertex 209.62977180033926 200 12.64721359014511
    endloop
  endfacet
  facet normal 0.45399050800249663 0 -0.8910065199781846
    outer loop
      vertex 209.62977180033926 200 12.64721359014511
      vertex 209.62977180033926 202.4 12.64721359014511
      vertex 209.8527864083648 200 12.760845211148261
    endloop
  endfacet
  facet normal 0.15643444971321585 0 -0.9876883430226983
    outer loop
      vertex 209.8527864083648 200 12.760845211148261
      vertex 209.8527864083648 202.4 12.760845211148261
      vertex 210.10000000298027 200 12.799999994039535
    endloop
  endfacet
  facet normal 0.8910065199781846 0 -0.45399050800249663
    outer loop
      vertex 209.33915478885177 202.4 12.247213591635226
      vertex 209.45278640985492 202.4 12.470228199660777
      vertex 209.45278640985492 200 12.470228199660777
    endloop
  endfacet
  facet normal 0.7071067811865476 0 -0.7071067811865476
    outer loop
      vertex 209.62977180033926 200 12.64721359014511
      vertex 209.45278640985492 202.4 12.470228199660777
      vertex 209.62977180033926 202.4 12.64721359014511
    endloop
  endfacet
  facet normal 0.45399050800249663 0 -0.8910065199781846
    outer loop
      vertex 209.8527864083648 200 12.760845211148261
      vertex 209.62977180033926 202.4 12.64721359014511
      vertex 209.8527864083648 202.4 12.760845211148261
    endloop
  endfacet
  facet normal 0.15643444971321585 0 -0.9876883430226983
    outer loop
      vertex 210.10000000298027 200 12.799999994039535
      vertex 209.8527864083648 202.4 12.760845211148261
      vertex 210.10000000298027 202.4 12.799999994039535
    endloop
  endfacet
  facet normal 0 0 -1
    outer loop
      vertex 210.10000000298027 200 12.799999994039535
      vertex 210.10000000298027 202.4 12.799999994039535
      vertex 218.1999999970198 200 12.799999994039535
    endloop
  endfacet
  facet normal 0 0 -1
    outer loop
      vertex 210.10000000298027 202.4 12.799999994039535
      vertex 218.1999999970198 202.4 12.799999994039535
      vertex 218.1999999970198 200 12.799999994039535
    endloop
  endfacet
  facet normal -0.15643444971321585 0 -0.9876883430226983
    outer loop
      vertex 218.44721359163526 200 12.760845211148261
      vertex 218.1999999970198 200 12.799999994039535
      vertex 218.1999999970198 202.4 12.799999994039535
    endloop
  endfacet
  facet normal -0.15643444971321585 0 -0.9876883430226983
    outer loop
      vertex 218.44721359163526 200 12.760845211148261
      vertex 218.1999999970198 202.4 12.799999994039535
      vertex 218.44721359163526 202.4 12.760845211148261
    endloop
  endfacet
  facet normal 0 -1 0
    outer loop
      vertex 133.45000000000002 200 12.6
      vertex 210.10000000298027 200 12.799999994039535
      vertex 267.2148924965673 200 30.222668110905886
    endloop
  endfacet
  facet normal 0 0 -1
    outer loop
      vertex 285.0304951684997 101.07408350874715 0
      vertex 286.59159741283787 101.86950483150031 0
      vertex 286.6000948517899 101.70009485178986 0
    endloop
  endfacet
  facet normal 0 0 -1
    outer loop
      vertex 286.6000948517899 101.70009485178986 0
      vertex 286.59159741283787 101.86950483150031 0
      vertex 287.8321449323198 103.06317815047932 0
    endloop
  endfacet
  facet normal 0 0 -1
    outer loop
      vertex 286.59159741283787 101.86950483150031 0
      vertex 287.83049516849974 103.10840258716216 0
      vertex 287.8321449323198 103.06317815047932 0
    endloop
  endfacet
  facet normal 0 0 -1
    outer loop
      vertex 287.8321449323198 103.06317815047932 0
      vertex 287.83049516849974 103.10840258716216 0
      vertex 288.93729250255086 104.87100739541624 0
    endloop
  endfacet
  facet normal 0 0 -1
    outer loop
      vertex 287.83049516849974 103.10840258716216 0
      vertex 288.6259164912529 104.6695048315003 0
      vertex 288.93729250255086 104.87100739541624 0
    endloop
  endfacet
  facet normal 0 0 -1
    outer loop
      vertex 288.6259164912529 104.6695048315003 0
      vertex 288.90000000000003 106.4 0
      vertex 288.93729250255086 104.87100739541624 0
    endloop
  endfacet
  facet normal 0 0 -1
    outer loop
      vertex 288.93729250255086 104.87100739541624 0
      vertex 288.90000000000003 106.4 0
      vertex 291.3 106.4 0
    endloop
  endfacet
  facet normal 0 0 -1
    outer loop
      vertex 275.3 100.80000000000001 2.6
      vertex 277.7515964677189 107.54847645527872 2.6
      vertex 278.4484764552787 106.85159646771892 2.6
    endloop
  endfacet
  facet normal 0 0 -1
    outer loop
      vertex 275.3 100.80000000000001 2.6
      vertex 277.3041719736703 108.42659646771892 2.6
      vertex 277.7515964677189 107.54847645527872 2.6
    endloop
  endfacet
  facet normal 0 0 -1
    outer loop
      vertex 275.3 100.80000000000001 2.6
      vertex 277.15000000000003 109.4 2.6
      vertex 277.3041719736703 108.42659646771892 2.6
    endloop
  endfacet
  facet normal 0 0 -1
    outer loop
      vertex 275.3 100.80000000000001 2.6
      vertex 277.3041719736703 110.37340353228109 2.6
      vertex 277.15000000000003 109.4 2.6
    endloop
  endfacet
  facet normal 0 0 -1
    outer loop
      vertex 275.3 100.80000000000001 2.6
      vertex 280.3 106.25 2.6
      vertex 283.3 100.80000000000001 2.6
    endloop
  endfacet
  facet normal 0 0 -1
    outer loop
      vertex 275.3 100.80000000000001 2.6
      vertex 278.4484764552787 106.85159646771892 2.6
      vertex 279.3265964677189 106.40417197367027 2.6
    endloop
  endfacet
  facet normal 0 0 -1
    outer loop
      vertex 275.3 100.80000000000001 2.6
      vertex 279.3265964677189 106.40417197367027 2.6
      vertex 280.3 106.25 2.6
    endloop
  endfacet
  facet normal 0.4539904997395449 0.8910065241883689 0
    outer loop
      vertex 278.4484764552787 106.85159646771892 2.6
      vertex 278.4484764552787 106.85159646771892 3.1
      vertex 279.3265964677189 106.40417197367027 2.6
    endloop
  endfacet
  facet normal 0.7071067811865548 0.7071067811865404 1.334534609896894e-17
    outer loop
      vertex 278.4484764552787 106.85159646771892 2.6
      vertex 277.7515964677189 107.54847645527872 2.6
      vertex 277.7515964677189 107.54847645527872 3.1
    endloop
  endfacet
  facet normal 0.7071067811865548 0.7071067811865404 0
    outer loop
      vertex 278.4484764552787 106.85159646771892 2.6
      vertex 277.7515964677189 107.54847645527872 3.1
      vertex 278.4484764552787 106.85159646771892 3.1
    endloop
  endfacet
  facet normal 0.4539904997395449 0.8910065241883689 0
    outer loop
      vertex 279.3265964677189 106.40417197367027 2.6
      vertex 278.4484764552787 106.85159646771892 3.1
      vertex 279.3265964677189 106.40417197367027 3.1
    endloop
  endfacet
  facet normal 0.1564344650402335 0.9876883405951373 0
    outer loop
      vertex 279.3265964677189 106.40417197367027 2.6
      vertex 279.3265964677189 106.40417197367027 3.1
      vertex 280.3 106.25 2.6
    endloop
  endfacet
  facet normal 0 0 -1
    outer loop
      vertex 278.4484764552787 106.85159646771892 3.1
      vertex 277.7515964677189 107.54847645527872 3.1
      vertex 278.74236908142495 107.2561049649064 3.1
    endloop
  endfacet
  facet normal 0 0 -1
    outer loop
      vertex 278.4484764552787 106.85159646771892 3.1
      vertex 279.4811049649064 106.87970023181785 3.1
      vertex 279.3265964677189 106.40417197367027 3.1
    endloop
  endfacet
  facet normal 0 0 -1
    outer loop
      vertex 279.3265964677189 106.40417197367027 3.1
      vertex 279.4811049649064 106.87970023181785 3.1
      vertex 280.3 106.75 3.1
    endloop
  endfacet
  facet normal 0 0 -1
    outer loop
      vertex 278.4484764552787 106.85159646771892 3.1
      vertex 278.74236908142495 107.2561049649064 3.1
      vertex 279.4811049649064 106.87970023181785 3.1
    endloop
  endfacet
  facet normal 0 0 -1
    outer loop
      vertex 283.3 100.80000000000001 2.6
      vertex 280.3 106.25 2.6
      vertex 281.2734035322811 106.40417197367027 2.6
    endloop
  endfacet
  facet normal 0.1564344650402335 0.9876883405951373 -1.506018294605435e-17
    outer loop
      vertex 279.3265964677189 106.40417197367027 3.1
      vertex 280.3 106.25 3.1
      vertex 280.3 106.25 2.6
    endloop
  endfacet
  facet normal -0.1564344650402335 0.9876883405951373 0
    outer loop
      vertex 280.3 106.25 2.6
      vertex 280.3 106.25 3.1
      vertex 281.2734035322811 106.40417197367027 2.6
    endloop
  endfacet
  facet normal -0.1564344650402335 0.9876883405951373 0
    outer loop
      vertex 281.2734035322811 106.40417197367027 2.6
      vertex 280.3 106.25 3.1
      vertex 281.2734035322811 106.40417197367027 3.1
    endloop
  endfacet
  facet normal -0.4539904997395449 0.8910065241883689 0
    outer loop
      vertex 281.2734035322811 106.40417197367027 2.6
      vertex 281.2734035322811 106.40417197367027 3.1
      vertex 282.15152354472133 106.85159646771892 2.6
    endloop
  endfacet
  facet normal -0.4539904997395449 0.8910065241883689 0
    outer loop
      vertex 282.15152354472133 106.85159646771892 2.6
      vertex 281.2734035322811 106.40417197367027 3.1
      vertex 282.15152354472133 106.85159646771892 3.1
    endloop
  endfacet
  facet normal 0 0 -1
    outer loop
      vertex 279.3265964677189 106.40417197367027 3.1
      vertex 280.3 106.75 3.1
      vertex 280.3 106.25 3.1
    endloop
  endfacet
  facet normal 0 0 -1
    outer loop
      vertex 280.3 106.25 3.1
      vertex 280.3 106.75 3.1
      vertex 281.1188950350936 106.87970023181785 3.1
    endloop
  endfacet
  facet normal 0 0 -1
    outer loop
      vertex 280.3 106.25 3.1
      vertex 281.1188950350936 106.87970023181785 3.1
      vertex 281.2734035322811 106.40417197367027 3.1
    endloop
  endfacet
  facet normal 0 0 -1
    outer loop
      vertex 281.2734035322811 106.40417197367027 3.1
      vertex 281.1188950350936 106.87970023181785 3.1
      vertex 281.85763091857507 107.2561049649064 3.1
    endloop
  endfacet
  facet normal 0 0 -1
    outer loop
      vertex 281.2734035322811 106.40417197367027 3.1
      vertex 281.85763091857507 107.2561049649064 3.1
      vertex 282.15152354472133 106.85159646771892 3.1
    endloop
  endfacet
  facet normal 0 0 -1
    outer loop
      vertex 282.15152354472133 106.85159646771892 3.1
      vertex 281.85763091857507 107.2561049649064 3.1
      vertex 282.44389503509365 107.84236908142495 3.1
    endloop
  endfacet
  facet normal 0 0 -1
    outer loop
      vertex 275.3 100.80000000000001 2.6
      vertex 275.3 114.4 2.6
      vertex 277.3041719736703 110.37340353228109 2.6
    endloop
  endfacet
  facet normal 0.8910065241883804 0.453990499739522 -2.709787853970349e-17
    outer loop
      vertex 277.3041719736703 108.42659646771892 3.1
      vertex 277.7515964677189 107.54847645527872 3.1
      vertex 277.7515964677189 107.54847645527872 2.6
    endloop
  endfacet
  facet normal 0.8910065241883804 0.453990499739522 0
    outer loop
      vertex 277.3041719736703 108.42659646771892 2.6
      vertex 277.3041719736703 108.42659646771892 3.1
      vertex 277.7515964677189 107.54847645527872 2.6
    endloop
  endfacet
  facet normal 0.9876883405951388 0.1564344650402239 -7.134670014013559e-19
    outer loop
      vertex 277.3041719736703 108.42659646771892 2.6
      vertex 277.15000000000003 109.4 2.6
      vertex 277.15000000000003 109.4 3.1
    endloop
  endfacet
  facet normal 0.9876883405951388 0.1564344650402239 0
    outer loop
      vertex 277.3041719736703 108.42659646771892 2.6
      vertex 277.15000000000003 109.4 3.1
      vertex 277.3041719736703 108.42659646771892 3.1
    endloop
  endfacet
  facet normal 0 0 -1
    outer loop
      vertex 277.3041719736703 108.42659646771892 3.1
      vertex 277.3041719736703 110.37340353228109 3.1
      vertex 277.7515964677189 107.54847645527872 3.1
    endloop
  endfacet
  facet normal 0.9876883405951388 -0.1564344650402239 0
    outer loop
      vertex 277.15000000000003 109.4 2.6
      vertex 277.3041719736703 110.37340353228109 3.1
      vertex 277.15000000000003 109.4 3.1
    endloop
  endfacet
  facet normal 0.9876883405951388 -0.1564344650402239 7.134670014013559e-19
    outer loop
      vertex 277.15000000000003 109.4 2.6
      vertex 277.3041719736703 110.37340353228109 2.6
      vertex 277.3041719736703 110.37340353228109 3.1
    endloop
  endfacet
  facet normal 0.8910065241883804 -0.453990499739522 0
    outer loop
      vertex 277.3041719736703 110.37340353228109 2.6
      vertex 277.7515964677189 111.2515235447213 3.1
      vertex 277.3041719736703 110.37340353228109 3.1
    endloop
  endfacet
  facet normal 0 0 -1
    outer loop
      vertex 277.3041719736703 108.42659646771892 3.1
      vertex 277.15000000000003 109.4 3.1
      vertex 277.3041719736703 110.37340353228109 3.1
    endloop
  endfacet
  facet normal 0 0 -1
    outer loop
      vertex 277.3041719736703 110.37340353228109 3.1
      vertex 277.65000000000003 109.4 3.1
      vertex 277.7515964677189 107.54847645527872 3.1
    endloop
  endfacet
  facet normal 0 0 -1
    outer loop
      vertex 277.3041719736703 110.37340353228109 3.1
      vertex 277.7515964677189 111.2515235447213 3.1
      vertex 277.65000000000003 109.4 3.1
    endloop
  endfacet
  facet normal 0.8910065241883804 -0.453990499739522 2.709787853970349e-17
    outer loop
      vertex 277.3041719736703 110.37340353228109 2.6
      vertex 277.7515964677189 111.2515235447213 2.6
      vertex 277.7515964677189 111.2515235447213 3.1
    endloop
  endfacet
  facet normal 0 0 -1
    outer loop
      vertex 277.3041719736703 110.37340353228109 2.6
      vertex 275.3 114.4 2.6
      vertex 277.7515964677189 111.2515235447213 2.6
    endloop
  endfacet
  facet normal 0 0 -1
    outer loop
      vertex 277.7515964677189 111.2515235447213 2.6
      vertex 275.3 114.4 2.6
      vertex 278.4484764552787 111.94840353228109 2.6
    endloop
  endfacet
  facet normal 0 0 -1
    outer loop
      vertex 277.7515964677189 107.54847645527872 3.1
      vertex 277.77970023181786 108.58110496490639 3.1
      vertex 278.1561049649064 107.84236908142495 3.1
    endloop
  endfacet
  facet normal 0 0 -1
    outer loop
      vertex 278.74236908142495 107.2561049649064 3.1
      vertex 277.7515964677189 107.54847645527872 3.1
      vertex 278.1561049649064 107.84236908142495 3.1
    endloop
  endfacet
  facet normal 0 0 -1
    outer loop
      vertex 277.7515964677189 107.54847645527872 3.1
      vertex 277.65000000000003 109.4 3.1
      vertex 277.77970023181786 108.58110496490639 3.1
    endloop
  endfacet
  facet normal 0 0 -1
    outer loop
      vertex 277.65000000000003 109.4 3.1
      vertex 277.7515964677189 111.2515235447213 3.1
      vertex 277.77970023181786 110.21889503509362 3.1
    endloop
  endfacet
  facet normal 0.7071067811865548 -0.7071067811865404 0
    outer loop
      vertex 277.7515964677189 111.2515235447213 2.6
      vertex 278.4484764552787 111.94840353228109 3.1
      vertex 277.7515964677189 111.2515235447213 3.1
    endloop
  endfacet
  facet normal 0.7071067811865548 -0.7071067811865404 -1.334534609896894e-17
    outer loop
      vertex 277.7515964677189 111.2515235447213 2.6
      vertex 278.4484764552787 111.94840353228109 2.6
      vertex 278.4484764552787 111.94840353228109 3.1
    endloop
  endfacet
  facet normal 0.4539904997395449 -0.8910065241883689 0
    outer loop
      vertex 278.4484764552787 111.94840353228109 2.6
      vertex 279.3265964677189 112.39582802632974 3.1
      vertex 278.4484764552787 111.94840353228109 3.1
    endloop
  endfacet
  facet normal 0.4539904997395449 -0.8910065241883689 -1.825041893807778e-17
    outer loop
      vertex 278.4484764552787 111.94840353228109 2.6
      vertex 279.3265964677189 112.39582802632974 2.6
      vertex 279.3265964677189 112.39582802632974 3.1
    endloop
  endfacet
  facet normal 0 0 -1
    outer loop
      vertex 277.77970023181786 110.21889503509362 3.1
      vertex 277.7515964677189 111.2515235447213 3.1
      vertex 278.1561049649064 110.95763091857506 3.1
    endloop
  endfacet
  facet normal 0 0 -1
    outer loop
      vertex 278.1561049649064 110.95763091857506 3.1
      vertex 277.7515964677189 111.2515235447213 3.1
      vertex 278.4484764552787 111.94840353228109 3.1
    endloop
  endfacet
  facet normal 0 0 -1
    outer loop
      vertex 278.1561049649064 110.95763091857506 3.1
      vertex 278.4484764552787 111.94840353228109 3.1
      vertex 278.74236908142495 111.54389503509361 3.1
    endloop
  endfacet
  facet normal 0 0 -1
    outer loop
      vertex 278.74236908142495 111.54389503509361 3.1
      vertex 278.4484764552787 111.94840353228109 3.1
      vertex 279.3265964677189 112.39582802632974 3.1
    endloop
  endfacet
  facet normal 0 0 -1
    outer loop
      vertex 278.74236908142495 111.54389503509361 3.1
      vertex 279.3265964677189 112.39582802632974 3.1
      vertex 279.4811049649064 111.92029976818216 3.1
    endloop
  endfacet
  facet normal 0 0 -1
    outer loop
      vertex 278.4484764552787 111.94840353228109 2.6
      vertex 275.3 114.4 2.6
      vertex 279.3265964677189 112.39582802632974 2.6
    endloop
  endfacet
  facet normal 0.1564344650402335 -0.9876883405951373 0
    outer loop
      vertex 279.3265964677189 112.39582802632974 2.6
      vertex 280.3 112.55000000000001 3.1
      vertex 279.3265964677189 112.39582802632974 3.1
    endloop
  endfacet
  facet normal 0 0 -1
    outer loop
      vertex 279.4811049649064 111.92029976818216 3.1
      vertex 279.3265964677189 112.39582802632974 3.1
      vertex 280.3 112.55000000000001 3.1
    endloop
  endfacet
  facet normal -0.4539904997395449 -0.8910065241883689 1.825041893807778e-17
    outer loop
      vertex 282.15152354472133 111.94840353228109 3.1
      vertex 281.2734035322811 112.39582802632974 3.1
      vertex 281.2734035322811 112.39582802632974 2.6
    endloop
  endfacet
  facet normal -0.4539904997395449 -0.8910065241883689 0
    outer loop
      vertex 282.15152354472133 111.94840353228109 2.6
      vertex 282.15152354472133 111.94840353228109 3.1
      vertex 281.2734035322811 112.39582802632974 2.6
    endloop
  endfacet
  facet normal 0 0 -1
    outer loop
      vertex 279.4811049649064 111.92029976818216 3.1
      vertex 280.3 112.55000000000001 3.1
      vertex 280.3 112.05000000000001 3.1
    endloop
  endfacet
  facet normal 0 0 -1
    outer loop
      vertex 280.3 112.05000000000001 3.1
      vertex 281.2734035322811 112.39582802632974 3.1
      vertex 281.1188950350936 111.92029976818216 3.1
    endloop
  endfacet
  facet normal 0 0 -1
    outer loop
      vertex 281.1188950350936 111.92029976818216 3.1
      vertex 281.2734035322811 112.39582802632974 3.1
      vertex 282.15152354472133 111.94840353228109 3.1
    endloop
  endfacet
  facet normal 0 0 -1
    outer loop
      vertex 281.1188950350936 111.92029976818216 3.1
      vertex 282.15152354472133 111.94840353228109 3.1
      vertex 281.85763091857507 111.54389503509361 3.1
    endloop
  endfacet
  facet normal 0.1564344650402335 -0.9876883405951373 1.506018294605435e-17
    outer loop
      vertex 279.3265964677189 112.39582802632974 2.6
      vertex 280.3 112.55000000000001 2.6
      vertex 280.3 112.55000000000001 3.1
    endloop
  endfacet
  facet normal -0.1564344650402335 -0.9876883405951373 -1.506018294605435e-17
    outer loop
      vertex 280.3 112.55000000000001 2.6
      vertex 281.2734035322811 112.39582802632974 2.6
      vertex 281.2734035322811 112.39582802632974 3.1
    endloop
  endfacet
  facet normal -0.1564344650402335 -0.9876883405951373 0
    outer loop
      vertex 280.3 112.55000000000001 2.6
      vertex 281.2734035322811 112.39582802632974 3.1
      vertex 280.3 112.55000000000001 3.1
    endloop
  endfacet
  facet normal 0 0 -1
    outer loop
      vertex 279.3265964677189 112.39582802632974 2.6
      vertex 275.3 114.4 2.6
      vertex 288.90000000000003 114.4 2.6
    endloop
  endfacet
  facet normal 0 0 -1
    outer loop
      vertex 280.3 112.05000000000001 3.1
      vertex 280.3 112.55000000000001 3.1
      vertex 281.2734035322811 112.39582802632974 3.1
    endloop
  endfacet
  facet normal -0.45399049973954775 0.8910065241883673 0
    outer loop
      vertex 285.0304951684997 101.07408350874715 0
      vertex 285.0304951684997 101.07408350874715 2.6
      vertex 286.59159741283787 101.86950483150031 0
    endloop
  endfacet
  facet normal -0.45399049973954775 0.8910065241883673 1.529165565870029e-17
    outer loop
      vertex 285.0304951684997 101.07408350874715 2.6
      vertex 286.59159741283787 101.86950483150031 2.6
      vertex 286.59159741283787 101.86950483150031 0
    endloop
  endfacet
  facet normal -0.7071067811865436 0.7071067811865517 0
    outer loop
      vertex 286.59159741283787 101.86950483150031 0
      vertex 286.59159741283787 101.86950483150031 2.6
      vertex 287.83049516849974 103.10840258716216 0
    endloop
  endfacet
  facet normal -0.8910065241883673 0.45399049973954775 0
    outer loop
      vertex 287.83049516849974 103.10840258716216 0
      vertex 287.83049516849974 103.10840258716216 2.6
      vertex 288.6259164912529 104.6695048315003 0
    endloop
  endfacet
  facet normal -0.7071067811865436 0.7071067811865517 0
    outer loop
      vertex 287.83049516849974 103.10840258716216 0
      vertex 286.59159741283787 101.86950483150031 2.6
      vertex 287.83049516849974 103.10840258716216 2.6
    endloop
  endfacet
  facet normal -0.8910065241883673 0.45399049973954775 0
    outer loop
      vertex 288.6259164912529 104.6695048315003 0
      vertex 287.83049516849974 103.10840258716216 2.6
      vertex 288.6259164912529 104.6695048315003 2.6
    endloop
  endfacet
  facet normal -0.9876883405951378 0.15643446504023106 0
    outer loop
      vertex 288.6259164912529 104.6695048315003 0
      vertex 288.6259164912529 104.6695048315003 2.6
      vertex 288.90000000000003 106.4 0
    endloop
  endfacet
  facet normal -0.9876883405951378 0.15643446504023106 0
    outer loop
      vertex 288.90000000000003 106.4 0
      vertex 288.6259164912529 104.6695048315003 2.6
      vertex 288.90000000000003 106.4 2.6
    endloop
  endfacet
  facet normal 0 0 -1
    outer loop
      vertex 283.3 100.80000000000001 2.6
      vertex 281.2734035322811 106.40417197367027 2.6
      vertex 285.0304951684997 101.07408350874715 2.6
    endloop
  endfacet
  facet normal 0 0 -1
    outer loop
      vertex 285.0304951684997 101.07408350874715 2.6
      vertex 282.15152354472133 106.85159646771892 2.6
      vertex 286.59159741283787 101.86950483150031 2.6
    endloop
  endfacet
  facet normal 0 0 -1
    outer loop
      vertex 282.15152354472133 106.85159646771892 2.6
      vertex 287.83049516849974 103.10840258716216 2.6
      vertex 286.59159741283787 101.86950483150031 2.6
    endloop
  endfacet
  facet normal 0 0 -1
    outer loop
      vertex 285.0304951684997 101.07408350874715 2.6
      vertex 281.2734035322811 106.40417197367027 2.6
      vertex 282.15152354472133 106.85159646771892 2.6
    endloop
  endfacet
  facet normal 0 0 -1
    outer loop
      vertex 282.15152354472133 106.85159646771892 2.6
      vertex 282.8484035322811 107.54847645527872 2.6
      vertex 287.83049516849974 103.10840258716216 2.6
    endloop
  endfacet
  facet normal -0.7071067811865548 0.7071067811865404 0
    outer loop
      vertex 282.15152354472133 106.85159646771892 2.6
      vertex 282.15152354472133 106.85159646771892 3.1
      vertex 282.8484035322811 107.54847645527872 2.6
    endloop
  endfacet
  facet normal -0.7071067811865548 0.7071067811865404 -1.334534609896894e-17
    outer loop
      vertex 282.15152354472133 106.85159646771892 3.1
      vertex 282.8484035322811 107.54847645527872 3.1
      vertex 282.8484035322811 107.54847645527872 2.6
    endloop
  endfacet
  facet normal 0 0 -1
    outer loop
      vertex 282.15152354472133 106.85159646771892 3.1
      vertex 282.44389503509365 107.84236908142495 3.1
      vertex 282.8484035322811 107.54847645527872 3.1
    endloop
  endfacet
  facet normal 0 0 -1
    outer loop
      vertex 287.83049516849974 103.10840258716216 2.6
      vertex 283.29582802632973 108.42659646771892 2.6
      vertex 288.6259164912529 104.6695048315003 2.6
    endloop
  endfacet
  facet normal 0 0 -1
    outer loop
      vertex 287.83049516849974 103.10840258716216 2.6
      vertex 282.8484035322811 107.54847645527872 2.6
      vertex 283.29582802632973 108.42659646771892 2.6
    endloop
  endfacet
  facet normal 0 0 -1
    outer loop
      vertex 288.6259164912529 104.6695048315003 2.6
      vertex 283.29582802632973 108.42659646771892 2.6
      vertex 283.45 109.4 2.6
    endloop
  endfacet
  facet normal 0 0 -1
    outer loop
      vertex 288.6259164912529 104.6695048315003 2.6
      vertex 283.45 109.4 2.6
      vertex 288.90000000000003 106.4 2.6
    endloop
  endfacet
  facet normal -0.8910065241883804 0.453990499739522 0
    outer loop
      vertex 282.8484035322811 107.54847645527872 2.6
      vertex 282.8484035322811 107.54847645527872 3.1
      vertex 283.29582802632973 108.42659646771892 2.6
    endloop
  endfacet
  facet normal -0.8910065241883804 0.453990499739522 0
    outer loop
      vertex 283.29582802632973 108.42659646771892 2.6
      vertex 282.8484035322811 107.54847645527872 3.1
      vertex 283.29582802632973 108.42659646771892 3.1
    endloop
  endfacet
  facet normal -0.9876883405951388 0.1564344650402239 0
    outer loop
      vertex 283.29582802632973 108.42659646771892 2.6
      vertex 283.29582802632973 108.42659646771892 3.1
      vertex 283.45 109.4 2.6
    endloop
  endfacet
  facet normal -0.9876883405951388 0.1564344650402239 7.134670014013559e-19
    outer loop
      vertex 283.29582802632973 108.42659646771892 3.1
      vertex 283.45 109.4 3.1
      vertex 283.45 109.4 2.6
    endloop
  endfacet
  facet normal 0 0 -1
    outer loop
      vertex 282.44389503509365 107.84236908142495 3.1
      vertex 282.82029976818217 108.58110496490639 3.1
      vertex 282.8484035322811 107.54847645527872 3.1
    endloop
  endfacet
  facet normal 0 0 -1
    outer loop
      vertex 282.8484035322811 107.54847645527872 3.1
      vertex 282.82029976818217 108.58110496490639 3.1
      vertex 282.95 109.4 3.1
    endloop
  endfacet
  facet normal 0 0 -1
    outer loop
      vertex 282.8484035322811 107.54847645527872 3.1
      vertex 282.95 109.4 3.1
      vertex 283.29582802632973 108.42659646771892 3.1
    endloop
  endfacet
  facet normal -0.8910065241883804 -0.453990499739522 0
    outer loop
      vertex 283.29582802632973 110.37340353228109 2.6
      vertex 283.29582802632973 110.37340353228109 3.1
      vertex 282.8484035322811 111.2515235447213 2.6
    endloop
  endfacet
  facet normal -0.9876883405951388 -0.1564344650402239 -7.134670014013559e-19
    outer loop
      vertex 283.29582802632973 110.37340353228109 2.6
      vertex 283.45 109.4 2.6
      vertex 283.45 109.4 3.1
    endloop
  endfacet
  facet normal -0.9876883405951388 -0.1564344650402239 0
    outer loop
      vertex 283.29582802632973 110.37340353228109 2.6
      vertex 283.45 109.4 3.1
      vertex 283.29582802632973 110.37340353228109 3.1
    endloop
  endfacet
  facet normal 0 0 -1
    outer loop
      vertex 283.29582802632973 108.42659646771892 3.1
      vertex 282.95 109.4 3.1
      vertex 282.8484035322811 111.2515235447213 3.1
    endloop
  endfacet
  facet normal 0 0 -1
    outer loop
      vertex 282.95 109.4 3.1
      vertex 282.82029976818217 110.21889503509362 3.1
      vertex 282.8484035322811 111.2515235447213 3.1
    endloop
  endfacet
  facet normal 0 0 -1
    outer loop
      vertex 283.29582802632973 108.42659646771892 3.1
      vertex 282.8484035322811 111.2515235447213 3.1
      vertex 283.29582802632973 110.37340353228109 3.1
    endloop
  endfacet
  facet normal 0 0 -1
    outer loop
      vertex 283.29582802632973 108.42659646771892 3.1
      vertex 283.29582802632973 110.37340353228109 3.1
      vertex 283.45 109.4 3.1
    endloop
  endfacet
  facet normal 0 0 -1
    outer loop
      vertex 288.90000000000003 106.4 2.6
      vertex 283.45 109.4 2.6
      vertex 283.29582802632973 110.37340353228109 2.6
    endloop
  endfacet
  facet normal -0.8910065241883804 -0.453990499739522 -2.709787853970349e-17
    outer loop
      vertex 283.29582802632973 110.37340353228109 3.1
      vertex 282.8484035322811 111.2515235447213 3.1
      vertex 282.8484035322811 111.2515235447213 2.6
    endloop
  endfacet
  facet normal -0.7071067811865548 -0.7071067811865404 1.334534609896894e-17
    outer loop
      vertex 282.15152354472133 111.94840353228109 2.6
      vertex 282.8484035322811 111.2515235447213 2.6
      vertex 282.8484035322811 111.2515235447213 3.1
    endloop
  endfacet
  facet normal -0.7071067811865548 -0.7071067811865404 0
    outer loop
      vertex 282.15152354472133 111.94840353228109 2.6
      vertex 282.8484035322811 111.2515235447213 3.1
      vertex 282.15152354472133 111.94840353228109 3.1
    endloop
  endfacet
  facet normal 0 0 -1
    outer loop
      vertex 282.82029976818217 110.21889503509362 3.1
      vertex 282.44389503509365 110.95763091857506 3.1
      vertex 282.8484035322811 111.2515235447213 3.1
    endloop
  endfacet
  facet normal 0 0 -1
    outer loop
      vertex 281.85763091857507 111.54389503509361 3.1
      vertex 282.8484035322811 111.2515235447213 3.1
      vertex 282.44389503509365 110.95763091857506 3.1
    endloop
  endfacet
  facet normal 0 0 -1
    outer loop
      vertex 281.85763091857507 111.54389503509361 3.1
      vertex 282.15152354472133 111.94840353228109 3.1
      vertex 282.8484035322811 111.2515235447213 3.1
    endloop
  endfacet
  facet normal 0 0 -1
    outer loop
      vertex 279.3265964677189 112.39582802632974 2.6
      vertex 288.90000000000003 114.4 2.6
      vertex 280.3 112.55000000000001 2.6
    endloop
  endfacet
  facet normal 0 0 -1
    outer loop
      vertex 282.15152354472133 111.94840353228109 2.6
      vertex 281.2734035322811 112.39582802632974 2.6
      vertex 288.90000000000003 114.4 2.6
    endloop
  endfacet
  facet normal 0 0 -1
    outer loop
      vertex 280.3 112.55000000000001 2.6
      vertex 288.90000000000003 114.4 2.6
      vertex 281.2734035322811 112.39582802632974 2.6
    endloop
  endfacet
  facet normal 0 0 -1
    outer loop
      vertex 283.29582802632973 110.37340353228109 2.6
      vertex 282.8484035322811 111.2515235447213 2.6
      vertex 288.90000000000003 114.4 2.6
    endloop
  endfacet
  facet normal 0 0 -1
    outer loop
      vertex 282.15152354472133 111.94840353228109 2.6
      vertex 288.90000000000003 114.4 2.6
      vertex 282.8484035322811 111.2515235447213 2.6
    endloop
  endfacet
  facet normal 0 0 -1
    outer loop
      vertex 288.90000000000003 106.4 2.6
      vertex 283.29582802632973 110.37340353228109 2.6
      vertex 288.90000000000003 114.4 2.6
    endloop
  endfacet
  facet normal -1 0 0
    outer loop
      vertex 275.3 100.80000000000001 2.6
      vertex 275.3 100.80000000000001 12.6
      vertex 275.3 114.4 2.6
    endloop
  endfacet
  facet normal 0.45399049973953726 0.8910065241883726 0
    outer loop
      vertex 278.74236908142495 107.2561049649064 3.1
      vertex 278.74236908142495 107.2561049649064 9.7
      vertex 279.4811049649064 106.87970023181785 3.1
    endloop
  endfacet
  facet normal 0.15643446504024291 0.9876883405951358 0
    outer loop
      vertex 279.4811049649064 106.87970023181785 3.1
      vertex 279.4811049649064 106.87970023181785 9.7
      vertex 280.3 106.75 3.1
    endloop
  endfacet
  facet normal -0.15643446504024291 0.9876883405951358 0
    outer loop
      vertex 280.3 106.75 3.1
      vertex 280.3 106.75 9.7
      vertex 281.1188950350936 106.87970023181785 3.1
    endloop
  endfacet
  facet normal -0.45399049973953726 0.8910065241883726 0
    outer loop
      vertex 281.1188950350936 106.87970023181785 3.1
      vertex 281.1188950350936 106.87970023181785 9.7
      vertex 281.85763091857507 107.2561049649064 3.1
    endloop
  endfacet
  facet normal -0.7071067811865304 0.7071067811865647 0
    outer loop
      vertex 281.85763091857507 107.2561049649064 3.1
      vertex 281.85763091857507 107.2561049649064 9.7
      vertex 282.44389503509365 107.84236908142495 3.1
    endloop
  endfacet
  facet normal 0.7071067811865304 0.7071067811865647 0
    outer loop
      vertex 278.74236908142495 107.2561049649064 3.1
      vertex 278.1561049649064 107.84236908142495 9.7
      vertex 278.74236908142495 107.2561049649064 9.7
    endloop
  endfacet
  facet normal 0.45399049973953726 0.8910065241883726 0
    outer loop
      vertex 279.4811049649064 106.87970023181785 3.1
      vertex 278.74236908142495 107.2561049649064 9.7
      vertex 279.4811049649064 106.87970023181785 9.7
    endloop
  endfacet
  facet normal 0.15643446504024291 0.9876883405951358 0
    outer loop
      vertex 280.3 106.75 3.1
      vertex 279.4811049649064 106.87970023181785 9.7
      vertex 280.3 106.75 9.7
    endloop
  endfacet
  facet normal -0.15643446504024291 0.9876883405951358 0
    outer loop
      vertex 281.1188950350936 106.87970023181785 3.1
      vertex 280.3 106.75 9.7
      vertex 281.1188950350936 106.87970023181785 9.7
    endloop
  endfacet
  facet normal -0.45399049973953726 0.8910065241883726 0
    outer loop
      vertex 281.85763091857507 107.2561049649064 3.1
      vertex 281.1188950350936 106.87970023181785 9.7
      vertex 281.85763091857507 107.2561049649064 9.7
    endloop
  endfacet
  facet normal 0.7071067811865304 0.7071067811865647 1.911511425962366e-18
    outer loop
      vertex 278.74236908142495 107.2561049649064 3.1
      vertex 278.1561049649064 107.84236908142495 3.1
      vertex 278.1561049649064 107.84236908142495 9.7
    endloop
  endfacet
  facet normal 0.8910065241883793 0.45399049973952393 2.1830249013141274e-18
    outer loop
      vertex 278.1561049649064 107.84236908142495 3.1
      vertex 277.77970023181786 108.58110496490639 3.1
      vertex 277.77970023181786 108.58110496490639 9.7
    endloop
  endfacet
  facet normal 0.987688340595142 0.15643446504020417 9.998916897109316e-19
    outer loop
      vertex 277.77970023181786 108.58110496490639 3.1
      vertex 277.65000000000003 109.4 3.1
      vertex 277.65000000000003 109.4 9.7
    endloop
  endfacet
  facet normal 0.987688340595142 -0.15643446504020417 -9.998916897109316e-19
    outer loop
      vertex 277.65000000000003 109.4 3.1
      vertex 277.77970023181786 110.21889503509362 3.1
      vertex 277.77970023181786 110.21889503509362 9.7
    endloop
  endfacet
  facet normal 0.8910065241883793 -0.45399049973952393 -2.1830249013141274e-18
    outer loop
      vertex 277.77970023181786 110.21889503509362 3.1
      vertex 278.1561049649064 110.95763091857506 3.1
      vertex 278.1561049649064 110.95763091857506 9.7
    endloop
  endfacet
  facet normal 0.7071067811865304 -0.7071067811865647 -1.911511425962366e-18
    outer loop
      vertex 278.1561049649064 110.95763091857506 3.1
      vertex 278.74236908142495 111.54389503509361 3.1
      vertex 278.74236908142495 111.54389503509361 9.7
    endloop
  endfacet
  facet normal 0.45399049973953726 -0.8910065241883726 -2.6700017052841907e-18
    outer loop
      vertex 278.74236908142495 111.54389503509361 3.1
      vertex 279.4811049649064 111.92029976818216 3.1
      vertex 279.4811049649064 111.92029976818216 9.7
    endloop
  endfacet
  facet normal 0.15643446504024291 -0.9876883405951358 1.945070954116659e-19
    outer loop
      vertex 279.4811049649064 111.92029976818216 3.1
      vertex 280.3 112.05000000000001 3.1
      vertex 280.3 112.05000000000001 9.7
    endloop
  endfacet
  facet normal -0.15643446504024291 -0.9876883405951358 -1.945070954116659e-19
    outer loop
      vertex 280.3 112.05000000000001 3.1
      vertex 281.1188950350936 111.92029976818216 3.1
      vertex 281.1188950350936 111.92029976818216 9.7
    endloop
  endfacet
  facet normal -0.45399049973953726 -0.8910065241883726 2.6700017052841907e-18
    outer loop
      vertex 281.1188950350936 111.92029976818216 3.1
      vertex 281.85763091857507 111.54389503509361 3.1
      vertex 281.85763091857507 111.54389503509361 9.7
    endloop
  endfacet
  facet normal 0.8910065241883793 0.45399049973952393 0
    outer loop
      vertex 278.1561049649064 107.84236908142495 3.1
      vertex 277.77970023181786 108.58110496490639 9.7
      vertex 278.1561049649064 107.84236908142495 9.7
    endloop
  endfacet
  facet normal 0.987688340595142 0.15643446504020417 0
    outer loop
      vertex 277.77970023181786 108.58110496490639 3.1
      vertex 277.65000000000003 109.4 9.7
      vertex 277.77970023181786 108.58110496490639 9.7
    endloop
  endfacet
  facet normal 0.987688340595142 -0.15643446504020417 0
    outer loop
      vertex 277.65000000000003 109.4 3.1
      vertex 277.77970023181786 110.21889503509362 9.7
      vertex 277.65000000000003 109.4 9.7
    endloop
  endfacet
  facet normal 0.8910065241883793 -0.45399049973952393 0
    outer loop
      vertex 277.77970023181786 110.21889503509362 3.1
      vertex 278.1561049649064 110.95763091857506 9.7
      vertex 277.77970023181786 110.21889503509362 9.7
    endloop
  endfacet
  facet normal 0.7071067811865304 -0.7071067811865647 0
    outer loop
      vertex 278.1561049649064 110.95763091857506 3.1
      vertex 278.74236908142495 111.54389503509361 9.7
      vertex 278.1561049649064 110.95763091857506 9.7
    endloop
  endfacet
  facet normal 0.45399049973953726 -0.8910065241883726 0
    outer loop
      vertex 278.74236908142495 111.54389503509361 3.1
      vertex 279.4811049649064 111.92029976818216 9.7
      vertex 278.74236908142495 111.54389503509361 9.7
    endloop
  endfacet
  facet normal 0.15643446504024291 -0.9876883405951358 0
    outer loop
      vertex 279.4811049649064 111.92029976818216 3.1
      vertex 280.3 112.05000000000001 9.7
      vertex 279.4811049649064 111.92029976818216 9.7
    endloop
  endfacet
  facet normal -0.15643446504024291 -0.9876883405951358 0
    outer loop
      vertex 280.3 112.05000000000001 3.1
      vertex 281.1188950350936 111.92029976818216 9.7
      vertex 280.3 112.05000000000001 9.7
    endloop
  endfacet
  facet normal -0.7071067811865304 -0.7071067811865647 0
    outer loop
      vertex 281.85763091857507 111.54389503509361 3.1
      vertex 282.44389503509365 110.95763091857506 9.7
      vertex 281.85763091857507 111.54389503509361 9.7
    endloop
  endfacet
  facet normal -0.45399049973953726 -0.8910065241883726 0
    outer loop
      vertex 281.1188950350936 111.92029976818216 3.1
      vertex 281.85763091857507 111.54389503509361 9.7
      vertex 281.1188950350936 111.92029976818216 9.7
    endloop
  endfacet
  facet normal -0.8910065241883793 0.45399049973952393 0
    outer loop
      vertex 282.44389503509365 107.84236908142495 3.1
      vertex 282.44389503509365 107.84236908142495 9.7
      vertex 282.82029976818217 108.58110496490639 3.1
    endloop
  endfacet
  facet normal -0.987688340595142 0.15643446504020417 0
    outer loop
      vertex 282.82029976818217 108.58110496490639 3.1
      vertex 282.82029976818217 108.58110496490639 9.7
      vertex 282.95 109.4 3.1
    endloop
  endfacet
  facet normal -0.987688340595142 -0.15643446504020417 0
    outer loop
      vertex 282.95 109.4 3.1
      vertex 282.95 109.4 9.7
      vertex 282.82029976818217 110.21889503509362 3.1
    endloop
  endfacet
  facet normal -0.8910065241883793 -0.45399049973952393 0
    outer loop
      vertex 282.82029976818217 110.21889503509362 3.1
      vertex 282.82029976818217 110.21889503509362 9.7
      vertex 282.44389503509365 110.95763091857506 3.1
    endloop
  endfacet
  facet normal -0.7071067811865304 -0.7071067811865647 1.911511425962366e-18
    outer loop
      vertex 281.85763091857507 111.54389503509361 3.1
      vertex 282.44389503509365 110.95763091857506 3.1
      vertex 282.44389503509365 110.95763091857506 9.7
    endloop
  endfacet
  facet normal -0.7071067811865304 0.7071067811865647 0
    outer loop
      vertex 282.44389503509365 107.84236908142495 3.1
      vertex 281.85763091857507 107.2561049649064 9.7
      vertex 282.44389503509365 107.84236908142495 9.7
    endloop
  endfacet
  facet normal -0.8910065241883793 0.45399049973952393 0
    outer loop
      vertex 282.82029976818217 108.58110496490639 3.1
      vertex 282.44389503509365 107.84236908142495 9.7
      vertex 282.82029976818217 108.58110496490639 9.7
    endloop
  endfacet
  facet normal -0.987688340595142 0.15643446504020417 0
    outer loop
      vertex 282.95 109.4 3.1
      vertex 282.82029976818217 108.58110496490639 9.7
      vertex 282.95 109.4 9.7
    endloop
  endfacet
  facet normal -0.987688340595142 -0.15643446504020417 0
    outer loop
      vertex 282.82029976818217 110.21889503509362 3.1
      vertex 282.95 109.4 9.7
      vertex 282.82029976818217 110.21889503509362 9.7
    endloop
  endfacet
  facet normal -0.8910065241883793 -0.45399049973952393 0
    outer loop
      vertex 282.44389503509365 110.95763091857506 3.1
      vertex 282.82029976818217 110.21889503509362 9.7
      vertex 282.44389503509365 110.95763091857506 9.7
    endloop
  endfacet
  facet normal -1 0 0
    outer loop
      vertex 275.3 100.80000000000001 12.6
      vertex 275.3 114.4 12.6
      vertex 275.3 114.4 2.6
    endloop
  endfacet
  facet normal 0 0 -1
    outer loop
      vertex 278.1561049649064 107.84236908142495 9.7
      vertex 277.77970023181786 108.58110496490639 9.7
      vertex 277.77970023181786 110.21889503509362 9.7
    endloop
  endfacet
  facet normal 0 0 -1
    outer loop
      vertex 278.74236908142495 107.2561049649064 9.7
      vertex 278.1561049649064 107.84236908142495 9.7
      vertex 278.1561049649064 110.95763091857506 9.7
    endloop
  endfacet
  facet normal 0 0 -1
    outer loop
      vertex 278.74236908142495 107.2561049649064 9.7
      vertex 278.74236908142495 111.54389503509361 9.7
      vertex 279.4811049649064 106.87970023181785 9.7
    endloop
  endfacet
  facet normal 0 0 -1
    outer loop
      vertex 279.4811049649064 106.87970023181785 9.7
      vertex 279.4811049649064 111.92029976818216 9.7
      vertex 280.3 106.75 9.7
    endloop
  endfacet
  facet normal 0 0 -1
    outer loop
      vertex 277.77970023181786 108.58110496490639 9.7
      vertex 277.65000000000003 109.4 9.7
      vertex 277.77970023181786 110.21889503509362 9.7
    endloop
  endfacet
  facet normal 0 0 -1
    outer loop
      vertex 278.1561049649064 107.84236908142495 9.7
      vertex 277.77970023181786 110.21889503509362 9.7
      vertex 278.1561049649064 110.95763091857506 9.7
    endloop
  endfacet
  facet normal 0 0 -1
    outer loop
      vertex 278.74236908142495 107.2561049649064 9.7
      vertex 278.1561049649064 110.95763091857506 9.7
      vertex 278.74236908142495 111.54389503509361 9.7
    endloop
  endfacet
  facet normal 0 0 -1
    outer loop
      vertex 279.4811049649064 106.87970023181785 9.7
      vertex 278.74236908142495 111.54389503509361 9.7
      vertex 279.4811049649064 111.92029976818216 9.7
    endloop
  endfacet
  facet normal 0 0 -1
    outer loop
      vertex 280.3 106.75 9.7
      vertex 280.3 112.05000000000001 9.7
      vertex 281.1188950350936 106.87970023181785 9.7
    endloop
  endfacet
  facet normal 0 0 -1
    outer loop
      vertex 281.1188950350936 106.87970023181785 9.7
      vertex 281.1188950350936 111.92029976818216 9.7
      vertex 281.85763091857507 107.2561049649064 9.7
    endloop
  endfacet
  facet normal 0 0 -1
    outer loop
      vertex 281.85763091857507 107.2561049649064 9.7
      vertex 281.85763091857507 111.54389503509361 9.7
      vertex 282.44389503509365 107.84236908142495 9.7
    endloop
  endfacet
  facet normal 0 0 -1
    outer loop
      vertex 280.3 106.75 9.7
      vertex 279.4811049649064 111.92029976818216 9.7
      vertex 280.3 112.05000000000001 9.7
    endloop
  endfacet
  facet normal 0 0 -1
    outer loop
      vertex 281.1188950350936 106.87970023181785 9.7
      vertex 280.3 112.05000000000001 9.7
      vertex 281.1188950350936 111.92029976818216 9.7
    endloop
  endfacet
  facet normal 0 0 -1
    outer loop
      vertex 281.85763091857507 107.2561049649064 9.7
      vertex 281.1188950350936 111.92029976818216 9.7
      vertex 281.85763091857507 111.54389503509361 9.7
    endloop
  endfacet
  facet normal 0 0 -1
    outer loop
      vertex 282.44389503509365 107.84236908142495 9.7
      vertex 282.44389503509365 110.95763091857506 9.7
      vertex 282.82029976818217 108.58110496490639 9.7
    endloop
  endfacet
  facet normal 0 0 -1
    outer loop
      vertex 282.82029976818217 108.58110496490639 9.7
      vertex 282.82029976818217 110.21889503509362 9.7
      vertex 282.95 109.4 9.7
    endloop
  endfacet
  facet normal 0 0 -1
    outer loop
      vertex 281.85763091857507 111.54389503509361 9.7
      vertex 282.44389503509365 110.95763091857506 9.7
      vertex 282.44389503509365 107.84236908142495 9.7
    endloop
  endfacet
  facet normal 0 0 -1
    outer loop
      vertex 282.82029976818217 108.58110496490639 9.7
      vertex 282.44389503509365 110.95763091857506 9.7
      vertex 282.82029976818217 110.21889503509362 9.7
    endloop
  endfacet
  facet normal 0 1 0
    outer loop
      vertex 275.3 114.4 2.6
      vertex 275.3 114.4 12.6
      vertex 288.90000000000003 114.4 2.6
    endloop
  endfacet
  facet normal 0 1 0
    outer loop
      vertex 288.90000000000003 114.4 2.6
      vertex 275.3 114.4 12.6
      vertex 288.90000000000003 114.4 12.6
    endloop
  endfacet
  facet normal 0 0 -1
    outer loop
      vertex 288.90000000000003 106.4 0
      vertex 288.90000000000003 194.4 0
      vertex 291.3 106.4 0
    endloop
  endfacet
  facet normal -1 0 0
    outer loop
      vertex 288.90000000000003 106.4 0
      vertex 288.90000000000003 106.4 2.6
      vertex 288.90000000000003 194.4 0
    endloop
  endfacet
  facet normal -1 0 0
    outer loop
      vertex 288.90000000000003 106.4 2.6
      vertex 288.90000000000003 114.4 2.6
      vertex 288.90000000000003 194.4 0
    endloop
  endfacet
  facet normal -1 0 0
    outer loop
      vertex 288.90000000000003 114.4 12.6
      vertex 288.90000000000003 106.4 23.4
      vertex 288.90000000000003 194.4 0
    endloop
  endfacet
  facet normal -1 0 0
    outer loop
      vertex 288.90000000000003 114.4 2.6
      vertex 288.90000000000003 114.4 12.6
      vertex 288.90000000000003 194.4 0
    endloop
  endfacet
  facet normal 5.31401395280005e-16 0.3603992792021629 -0.9327981344055967
    outer loop
      vertex 220.4943556272985 109.8414119341404 23.02344667782804
      vertex 222.1365964677189 110.40509960677643 23.241235096801056
      vertex 221.7348743750315 109.2518127394277 22.795646988961774
    endloop
  endfacet
  facet normal 1.1357988202387567e-15 0.3603992792021613 -0.9327981344055972
    outer loop
      vertex 220.4943556272985 109.8414119341404 23.02344667782804
      vertex 221.2584764552787 110.82245634011238 23.40248656195358
      vertex 222.1365964677189 110.40509960677643 23.241235096801056
    endloop
  endfacet
  facet normal -1.2362251324950575e-15 0.36039927920216536 -0.9327981344055956
    outer loop
      vertex 221.7348743750315 109.2518127394277 22.795646988961774
      vertex 223.11 110.26128827735917 23.185671628617115
      vertex 223.11 109.0486507026319 22.717152565654303
    endloop
  endfacet
  facet normal 9.812385884562917e-16 0.3603992792021628 -0.9327981344055966
    outer loop
      vertex 221.7348743750315 109.2518127394277 22.795646988961774
      vertex 222.1365964677189 110.40509960677643 23.241235096801056
      vertex 223.11 110.26128827735917 23.185671628617115
    endloop
  endfacet
  facet normal -0.15643446504023176 -0.9213138414813035 -0.35596216602686925
    outer loop
      vertex 221.7348743750315 109.2518127394277 22.795646988961774
      vertex 223.11 109.0486507026319 22.717152565654303
      vertex 221.7348743750315 107.95085546574177 26.162830520854772
    endloop
  endfacet
  facet normal 0.45399049973954786 0.8311292235061217 0.32111810908191835
    outer loop
      vertex 222.1365964677189 110.40509960677643 23.241235096801056
      vertex 221.2584764552787 110.82245634011238 23.40248656195358
      vertex 221.2584764552787 110.6422567005113 23.868885629156377
    endloop
  endfacet
  facet normal 0.45399049973954786 0.8311292235061217 0.3211181090819183
    outer loop
      vertex 222.1365964677189 110.40509960677643 23.241235096801056
      vertex 221.2584764552787 110.6422567005113 23.868885629156377
      vertex 222.1365964677189 110.22489996717535 23.707634164003853
    endloop
  endfacet
  facet normal 0.15643446504022152 0.9213138414813121 0.355962166026851
    outer loop
      vertex 222.1365964677189 110.22489996717535 23.707634164003853
      vertex 223.11 110.0810886377581 23.652070695819912
      vertex 223.11 110.26128827735917 23.185671628617115
    endloop
  endfacet
  facet normal 0.15643446504023464 0.9213138414813007 0.3559621660268747
    outer loop
      vertex 222.1365964677189 110.40509960677643 23.241235096801056
      vertex 222.1365964677189 110.22489996717535 23.707634164003853
      vertex 223.11 110.26128827735917 23.185671628617115
    endloop
  endfacet
  facet normal -4.522247568187463e-15 0.3603992792021613 -0.9327981344055972
    outer loop
      vertex 222.1365964677189 110.22489996717535 23.707634164003853
      vertex 223.11 110.5474877049609 23.832270335420993
      vertex 223.11 110.0810886377581 23.652070695819912
    endloop
  endfacet
  facet normal -0.45399049973954286 -0.8311292235061262 -0.3211181090819142
    outer loop
      vertex 220.4943556272985 109.8414119341404 23.02344667782804
      vertex 221.7348743750315 109.2518127394277 22.795646988961774
      vertex 220.4943556272985 108.54045466045446 26.39063020972104
    endloop
  endfacet
  facet normal -4.558298763221524e-16 0.3603992792021584 -0.9327981344055983
    outer loop
      vertex 222.1365964677189 110.22489996717535 23.707634164003853
      vertex 221.2584764552787 110.6422567005113 23.868885629156377
      vertex 222.2911049649064 110.66847183923255 23.879014205480498
    endloop
  endfacet
  facet normal -3.81476751997029e-15 0.3603992792021594 -0.9327981344055979
    outer loop
      vertex 222.1365964677189 110.22489996717535 23.707634164003853
      vertex 222.2911049649064 110.66847183923255 23.879014205480498
      vertex 223.11 110.5474877049609 23.832270335420993
    endloop
  endfacet
  facet normal 4.682898037715758e-15 0.3603992792021656 -0.9327981344055956
    outer loop
      vertex 220.4943556272985 109.8414119341404 23.02344667782804
      vertex 219.50987437503147 110.75973420961235 23.37825301153311
      vertex 220.5615964677189 111.47250469241274 23.653641607160544
    endloop
  endfacet
  facet normal 5.392646933936342e-15 0.36039927920216464 -0.932798134405596
    outer loop
      vertex 219.50987437503147 110.75973420961235 23.37825301153311
      vertex 220.11417197367027 112.29161340180119 23.97011542669699
      vertex 220.5615964677189 111.47250469241274 23.653641607160544
    endloop
  endfacet
  facet normal 1.7859877234171926e-14 0.3603992792021604 -0.9327981344055977
    outer loop
      vertex 219.50987437503147 110.75973420961235 23.37825301153311
      vertex 219.95999999999998 113.19960240073681 24.32092935810393
      vertex 220.11417197367027 112.29161340180119 23.97011542669699
    endloop
  endfacet
  facet normal 0.891006524188369 0.42348149119491435 0.1636178488707546
    outer loop
      vertex 220.5615964677189 111.47250469241274 23.653641607160544
      vertex 220.11417197367027 112.29161340180119 23.97011542669699
      vertex 220.11417197367027 112.11141376220012 24.436514493899782
    endloop
  endfacet
  facet normal 0.891006524188369 0.4234814911949143 0.16361784887075456
    outer loop
      vertex 220.5615964677189 111.47250469241274 23.653641607160544
      vertex 220.11417197367027 112.11141376220012 24.436514493899782
      vertex 220.5615964677189 111.29230505281167 24.120040674363338
    endloop
  endfacet
  facet normal -1.7339094425886594e-15 0.3603992792021627 -0.9327981344055967
    outer loop
      vertex 220.5615964677189 111.29230505281167 24.120040674363338
      vertex 220.58970023181786 112.2555390001264 24.49219924491676
      vertex 220.96610496490638 111.56644754619644 24.225959364989272
    endloop
  endfacet
  facet normal -1.2777717581966276e-15 0.36039927920216264 -0.9327981344055967
    outer loop
      vertex 219.50987437503147 110.75973420961235 23.37825301153311
      vertex 218.87779850248657 111.91688778319285 23.825335074052852
      vertex 219.50987437503147 115.63947059186127 25.26360570467474
    endloop
  endfacet
  facet normal 4.738713345439488e-14 0.36039927920215603 -0.9327981344055991
    outer loop
      vertex 219.50987437503147 110.75973420961235 23.37825301153311
      vertex 220.11417197367027 114.10759139967242 24.671743289510868
      vertex 219.95999999999998 113.19960240073681 24.32092935810393
    endloop
  endfacet
  facet normal -5.667604349226706e-15 0.36039927920216597 -0.9327981344055954
    outer loop
      vertex 220.4943556272985 109.8414119341404 23.02344667782804
      vertex 220.5615964677189 111.47250469241274 23.653641607160544
      vertex 221.2584764552787 110.82245634011238 23.40248656195358
    endloop
  endfacet
  facet normal 0.7071067811865482 0.6595878863163614 0.25484077425858204
    outer loop
      vertex 220.5615964677189 111.47250469241274 23.653641607160544
      vertex 220.5615964677189 111.29230505281167 24.120040674363338
      vertex 221.2584764552787 110.82245634011238 23.40248656195358
    endloop
  endfacet
  facet normal 0.7071067811865545 0.6595878863163497 0.2548407742585957
    outer loop
      vertex 221.2584764552787 110.6422567005113 23.868885629156377
      vertex 221.2584764552787 110.82245634011238 23.40248656195358
      vertex 220.5615964677189 111.29230505281167 24.120040674363338
    endloop
  endfacet
  facet normal 7.969670191622109e-15 0.3603992792021674 -0.9327981344055948
    outer loop
      vertex 221.2584764552787 110.6422567005113 23.868885629156377
      vertex 220.5615964677189 111.29230505281167 24.120040674363338
      vertex 221.55236908142496 111.01958147203898 24.014670199973896
    endloop
  endfacet
  facet normal -9.052794963308366e-16 0.3603992792021734 -0.9327981344055924
    outer loop
      vertex 221.2584764552787 110.6422567005113 23.868885629156377
      vertex 221.55236908142496 111.01958147203898 24.014670199973896
      vertex 222.2911049649064 110.66847183923255 23.879014205480498
    endloop
  endfacet
  facet normal 4.11208549976928e-15 0.3603992792021552 -0.9327981344055996
    outer loop
      vertex 220.5615964677189 111.29230505281167 24.120040674363338
      vertex 220.96610496490638 111.56644754619644 24.225959364989272
      vertex 221.55236908142496 111.01958147203898 24.014670199973896
    endloop
  endfacet
  facet normal 1.957319538501485e-15 0.3603992792021612 -0.9327981344055972
    outer loop
      vertex 223.11 109.0486507026319 22.717152565654303
      vertex 224.08340353228107 110.40509960677643 23.241235096801052
      vertex 224.48512562496853 109.2518127394277 22.795646988961774
    endloop
  endfacet
  facet normal -4.843912093539483e-15 0.3603992792021654 -0.9327981344055956
    outer loop
      vertex 223.11 109.0486507026319 22.717152565654303
      vertex 223.11 110.26128827735917 23.185671628617115
      vertex 224.08340353228107 110.40509960677643 23.241235096801052
    endloop
  endfacet
  facet normal 2.625083141838515e-15 0.3603992792021614 -0.9327981344055972
    outer loop
      vertex 224.08340353228107 110.40509960677643 23.241235096801052
      vertex 224.96152354472127 110.82245634011238 23.40248656195358
      vertex 224.48512562496853 109.2518127394277 22.795646988961774
    endloop
  endfacet
  facet normal -5.627091318997264e-17 0.3603992792021621 -0.932798134405597
    outer loop
      vertex 224.48512562496853 109.2518127394277 22.795646988961774
      vertex 224.96152354472127 110.82245634011238 23.40248656195358
      vertex 225.7256443727015 109.8414119341404 23.02344667782804
    endloop
  endfacet
  facet normal 0.15643446504023176 -0.9213138414813036 -0.35596216602686886
    outer loop
      vertex 223.11 109.0486507026319 22.717152565654303
      vertex 224.48512562496853 109.2518127394277 22.795646988961774
      vertex 223.11 107.74769342894596 26.084336097547304
    endloop
  endfacet
  facet normal 0.45399049973955113 -0.8311292235061222 -0.32111810908191263
    outer loop
      vertex 224.48512562496853 109.2518127394277 22.795646988961774
      vertex 225.7256443727015 109.8414119341404 23.02344667782804
      vertex 224.48512562496853 107.95085546574177 26.162830520854772
    endloop
  endfacet
  facet normal -0.15643446504024225 0.921313841481309 0.35596216602684977
    outer loop
      vertex 223.11 110.26128827735917 23.185671628617115
      vertex 223.11 110.0810886377581 23.652070695819912
      vertex 224.08340353228107 110.40509960677643 23.241235096801052
    endloop
  endfacet
  facet normal -0.15643446504023042 0.9213138414813022 0.35596216602687253
    outer loop
      vertex 224.08340353228107 110.40509960677643 23.241235096801052
      vertex 223.11 110.0810886377581 23.652070695819912
      vertex 224.08340353228107 110.22489996717535 23.707634164003853
    endloop
  endfacet
  facet normal 4.789141410819132e-15 0.3603992792021598 -0.9327981344055979
    outer loop
      vertex 223.11 110.0810886377581 23.652070695819912
      vertex 223.9288950350936 110.66847183923255 23.879014205480498
      vertex 224.08340353228107 110.22489996717535 23.707634164003853
    endloop
  endfacet
  facet normal -0.4539904997395488 0.8311292235061221 0.3211181090819159
    outer loop
      vertex 224.08340353228107 110.40509960677643 23.241235096801052
      vertex 224.08340353228107 110.22489996717535 23.707634164003853
      vertex 224.96152354472127 110.82245634011238 23.40248656195358
    endloop
  endfacet
  facet normal -0.4539904997395478 0.8311292235061217 0.32111810908191823
    outer loop
      vertex 224.08340353228107 110.22489996717535 23.707634164003853
      vertex 224.96152354472127 110.6422567005113 23.868885629156377
      vertex 224.96152354472127 110.82245634011238 23.40248656195358
    endloop
  endfacet
  facet normal 3.5138204675117713e-15 0.36039927920216125 -0.9327981344055972
    outer loop
      vertex 223.11 110.0810886377581 23.652070695819912
      vertex 223.11 110.5474877049609 23.832270335420993
      vertex 223.9288950350936 110.66847183923255 23.879014205480498
    endloop
  endfacet
  facet normal 7.85661095930603e-15 0.3603992792021607 -0.9327981344055976
    outer loop
      vertex 224.08340353228107 110.22489996717535 23.707634164003853
      vertex 223.9288950350936 110.66847183923255 23.879014205480498
      vertex 224.66763091857507 111.01958147203898 24.014670199973896
    endloop
  endfacet
  facet normal -5.4221641920391145e-15 0.3603992792021692 -0.9327981344055941
    outer loop
      vertex 224.08340353228107 110.22489996717535 23.707634164003853
      vertex 224.66763091857507 111.01958147203898 24.014670199973896
      vertex 224.96152354472127 110.6422567005113 23.868885629156377
    endloop
  endfacet
  facet normal 0.7071067811865545 -0.6595878863163511 -0.25484077425859164
    outer loop
      vertex 225.7256443727015 109.8414119341404 23.02344667782804
      vertex 226.7101256249685 110.75973420961235 23.37825301153311
      vertex 225.7256443727015 108.54045466045446 26.39063020972104
    endloop
  endfacet
  facet normal -0.7071067811865333 0.6595878863163694 0.25484077425860335
    outer loop
      vertex 224.96152354472127 110.6422567005113 23.868885629156377
      vertex 225.65840353228108 111.47250469241274 23.65364160716054
      vertex 224.96152354472127 110.82245634011238 23.40248656195358
    endloop
  endfacet
  facet normal -1.0015716792744038e-14 0.360399279202166 -0.9327981344055953
    outer loop
      vertex 224.96152354472127 110.6422567005113 23.868885629156377
      vertex 224.66763091857507 111.01958147203898 24.014670199973896
      vertex 225.2538950350936 111.56644754619644 24.225959364989276
    endloop
  endfacet
  facet normal -4.972435980655674e-15 0.3603992792021646 -0.9327981344055959
    outer loop
      vertex 224.96152354472127 110.6422567005113 23.868885629156377
      vertex 225.2538950350936 111.56644754619644 24.225959364989276
      vertex 225.65840353228108 111.29230505281167 24.120040674363338
    endloop
  endfacet
  facet normal 2.9554051193009372e-15 0.3603992792021641 -0.9327981344055961
    outer loop
      vertex 225.7256443727015 109.8414119341404 23.02344667782804
      vertex 224.96152354472127 110.82245634011238 23.40248656195358
      vertex 225.65840353228108 111.47250469241274 23.65364160716054
    endloop
  endfacet
  facet normal -3.66842151197318e-15 0.36039927920216386 -0.9327981344055962
    outer loop
      vertex 225.7256443727015 109.8414119341404 23.02344667782804
      vertex 225.65840353228108 111.47250469241274 23.65364160716054
      vertex 226.10582802632973 112.29161340180119 23.970115426696985
    endloop
  endfacet
  facet normal -0.7071067811865399 0.6595878863163699 0.25484077425858337
    outer loop
      vertex 224.96152354472127 110.6422567005113 23.868885629156377
      vertex 225.65840353228108 111.29230505281167 24.120040674363338
      vertex 225.65840353228108 111.47250469241274 23.65364160716054
    endloop
  endfacet
  facet normal -0.891006524188369 0.42348149119491474 0.16361784887075348
    outer loop
      vertex 225.65840353228108 111.47250469241274 23.65364160716054
      vertex 225.65840353228108 111.29230505281167 24.120040674363338
      vertex 226.10582802632973 112.29161340180119 23.970115426696985
    endloop
  endfacet
  facet normal -1.50797655589284e-15 0.3603992792021627 -0.9327981344055967
    outer loop
      vertex 225.7256443727015 109.8414119341404 23.02344667782804
      vertex 226.7101256249685 115.63947059186127 25.26360570467474
      vertex 226.7101256249685 110.75973420961235 23.37825301153311
    endloop
  endfacet
  facet normal -6.630669720955822e-15 0.3603992792021625 -0.9327981344055968
    outer loop
      vertex 225.2538950350936 111.56644754619644 24.225959364989276
      vertex 225.63029976818217 112.2555390001264 24.49219924491676
      vertex 225.65840353228108 111.29230505281167 24.120040674363338
    endloop
  endfacet
  facet normal -0.891006524188369 0.42348149119491474 0.16361784887075348
    outer loop
      vertex 225.65840353228108 111.29230505281167 24.120040674363338
      vertex 226.10582802632973 112.11141376220012 24.436514493899782
      vertex 226.10582802632973 112.29161340180119 23.970115426696985
    endloop
  endfacet
  facet normal -7.010532744932314e-14 0.3603992792021729 -0.9327981344055928
    outer loop
      vertex 225.7256443727015 109.8414119341404 23.02344667782804
      vertex 226.10582802632973 112.29161340180119 23.970115426696985
      vertex 226.7101256249685 115.63947059186127 25.26360570467474
    endloop
  endfacet
  facet normal -0.9876883405951391 0.14592177714625798 0.056378868442869295
    outer loop
      vertex 226.10582802632973 112.29161340180119 23.970115426696985
      vertex 226.10582802632973 112.11141376220012 24.436514493899782
      vertex 226.26 113.19960240073681 24.32092935810393
    endloop
  endfacet
  facet normal 1.9054793794334174e-16 0.3603992792021632 -0.9327981344055964
    outer loop
      vertex 226.7101256249685 110.75973420961235 23.37825301153311
      vertex 227.34220149751343 114.48231701828077 24.816523642155005
      vertex 227.34220149751343 111.91688778319285 23.825335074052852
    endloop
  endfacet
  facet normal -0.7071067811865442 -0.6595878863163607 -0.2548407742585953
    outer loop
      vertex 220.4943556272985 109.8414119341404 23.02344667782804
      vertex 219.50987437503147 109.45877693592641 26.74543654342611
      vertex 219.50987437503147 110.75973420961235 23.37825301153311
    endloop
  endfacet
  facet normal -0.45399049973954286 -0.8311292235061262 -0.3211181090819142
    outer loop
      vertex 221.7348743750315 109.2518127394277 22.795646988961774
      vertex 221.7348743750315 107.95085546574177 26.162830520854772
      vertex 220.4943556272985 108.54045466045446 26.39063020972104
    endloop
  endfacet
  facet normal -0.1564344650402308 -0.9213138414813036 -0.35596216602686886
    outer loop
      vertex 223.11 109.0486507026319 22.717152565654303
      vertex 223.11 107.74769342894596 26.084336097547304
      vertex 221.7348743750315 107.95085546574177 26.162830520854772
    endloop
  endfacet
  facet normal 0.15643446504022332 0.9213138414813057 0.3559621660268665
    outer loop
      vertex 222.2911049649064 110.66847183923255 23.879014205480498
      vertex 222.2911049649064 109.08271501074304 27.983325996865126
      vertex 223.11 110.5474877049609 23.832270335420993
    endloop
  endfacet
  facet normal -0.7071067811865442 -0.6595878863163607 -0.2548407742585953
    outer loop
      vertex 220.4943556272985 109.8414119341404 23.02344667782804
      vertex 220.4943556272985 108.54045466045446 26.39063020972104
      vertex 219.50987437503147 109.45877693592641 26.74543654342611
    endloop
  endfacet
  facet normal -0.8910065241883725 -0.4234814911949049 -0.16361784887075964
    outer loop
      vertex 219.50987437503147 110.75973420961235 23.37825301153311
      vertex 219.50987437503147 109.45877693592641 26.74543654342611
      vertex 218.87779850248657 110.61593050950691 27.19251860594585
    endloop
  endfacet
  facet normal 0.45399049973954475 0.8311292235061263 0.3211181090819109
    outer loop
      vertex 222.2911049649064 110.66847183923255 23.879014205480498
      vertex 221.55236908142496 111.01958147203898 24.014670199973896
      vertex 222.2911049649064 109.08271501074304 27.983325996865126
    endloop
  endfacet
  facet normal -1.8553933703037073e-14 0.36039927920216314 -0.9327981344055964
    outer loop
      vertex 220.5615964677189 111.29230505281167 24.120040674363338
      vertex 220.45999999999998 113.01940276113572 24.787328425306725
      vertex 220.58970023181786 112.2555390001264 24.49219924491676
    endloop
  endfacet
  facet normal -0.8910065241883725 -0.4234814911949049 -0.16361784887075964
    outer loop
      vertex 219.50987437503147 110.75973420961235 23.37825301153311
      vertex 218.87779850248657 110.61593050950691 27.19251860594585
      vertex 218.87779850248657 111.91688778319285 23.825335074052852
    endloop
  endfacet
  facet normal 1.5044785534162857e-14 0.36039927920216325 -0.9327981344055966
    outer loop
      vertex 218.87779850248657 111.91688778319285 23.825335074052852
      vertex 218.66 113.19960240073681 24.320929358103925
      vertex 218.87779850248657 114.48231701828077 24.816523642155005
    endloop
  endfacet
  facet normal 0.9876883405951343 0.14592177714628604 0.05637886844288056
    outer loop
      vertex 220.11417197367027 112.29161340180119 23.97011542669699
      vertex 219.95999999999998 113.01940276113572 24.787328425306725
      vertex 220.11417197367027 112.11141376220012 24.436514493899782
    endloop
  endfacet
  facet normal 0.9876883405951346 0.14592177714628293 0.0563788684428834
    outer loop
      vertex 220.11417197367027 112.29161340180119 23.97011542669699
      vertex 219.95999999999998 113.19960240073681 24.32092935810393
      vertex 219.95999999999998 113.01940276113572 24.787328425306725
    endloop
  endfacet
  facet normal -4.910695366724162e-16 0.3603992792021618 -0.932798134405597
    outer loop
      vertex 220.5615964677189 111.29230505281167 24.120040674363338
      vertex 220.11417197367027 112.11141376220012 24.436514493899782
      vertex 220.11417197367027 113.92739176007134 25.138142356713665
    endloop
  endfacet
  facet normal 2.2495615915700502e-14 0.36039927920216513 -0.9327981344055957
    outer loop
      vertex 220.5615964677189 111.29230505281167 24.120040674363338
      vertex 220.11417197367027 113.92739176007134 25.138142356713665
      vertex 220.45999999999998 113.01940276113572 24.787328425306725
    endloop
  endfacet
  facet normal 0.9876883405951346 -0.1459217771462829 -0.056378868442883374
    outer loop
      vertex 219.95999999999998 113.19960240073681 24.32092935810393
      vertex 220.11417197367027 113.92739176007134 25.138142356713665
      vertex 219.95999999999998 113.01940276113572 24.787328425306725
    endloop
  endfacet
  facet normal 1.9229497634143045e-14 0.36039927920216003 -0.9327981344055978
    outer loop
      vertex 219.50987437503147 110.75973420961235 23.37825301153311
      vertex 220.4943556272985 116.55779286733322 25.618412038379816
      vertex 220.11417197367027 114.10759139967242 24.671743289510868
    endloop
  endfacet
  facet normal 0.9876883405951343 -0.14592177714628637 -0.05637886844288028
    outer loop
      vertex 219.95999999999998 113.19960240073681 24.32092935810393
      vertex 220.11417197367027 114.10759139967242 24.671743289510868
      vertex 220.11417197367027 113.92739176007134 25.138142356713665
    endloop
  endfacet
  facet normal -2.7208594343335193e-14 0.3603992792021618 -0.932798134405597
    outer loop
      vertex 220.11417197367027 112.11141376220012 24.436514493899782
      vertex 219.95999999999998 113.01940276113572 24.787328425306725
      vertex 220.11417197367027 113.92739176007134 25.138142356713665
    endloop
  endfacet
  facet normal -1.5295592581423118e-14 0.36039927920216225 -0.9327981344055968
    outer loop
      vertex 220.45999999999998 113.01940276113572 24.787328425306725
      vertex 220.5615964677189 114.74650046945979 25.454616176250113
      vertex 220.58970023181786 113.78326652214506 25.082457605696693
    endloop
  endfacet
  facet normal -0.9876883405951369 -0.1459217771462695 -0.056378868442877164
    outer loop
      vertex 218.87779850248657 111.91688778319285 23.825335074052852
      vertex 218.87779850248657 110.61593050950691 27.19251860594585
      vertex 218.66 111.89864512705087 27.688112889996926
    endloop
  endfacet
  facet normal 0.8910065241883808 0.42348149119488987 0.1636178488707536
    outer loop
      vertex 220.96610496490638 111.56644754619644 24.225959364989272
      vertex 220.58970023181786 112.2555390001264 24.49219924491676
      vertex 220.58970023181786 110.66978217163688 28.596511036301386
    endloop
  endfacet
  facet normal 0.987688340595131 0.14592177714630492 0.05637886844289033
    outer loop
      vertex 220.58970023181786 112.2555390001264 24.49219924491676
      vertex 220.45999999999998 113.01940276113572 24.787328425306725
      vertex 220.45999999999998 111.43364593264621 28.89164021669135
    endloop
  endfacet
  facet normal -0.9876883405951369 -0.14592177714626964 -0.056378868442877164
    outer loop
      vertex 218.87779850248657 111.91688778319285 23.825335074052852
      vertex 218.66 111.89864512705087 27.688112889996926
      vertex 218.66 113.19960240073681 24.320929358103925
    endloop
  endfacet
  facet normal -0.9876883405951369 0.14592177714626953 0.056378868442876574
    outer loop
      vertex 218.66 113.19960240073681 24.320929358103925
      vertex 218.87779850248657 113.18135974459484 28.183707174048003
      vertex 218.87779850248657 114.48231701828077 24.816523642155005
    endloop
  endfacet
  facet normal 0.7071067811865388 0.6595878863163658 0.25484077425859697
    outer loop
      vertex 221.55236908142496 111.01958147203898 24.014670199973896
      vertex 220.96610496490638 111.56644754619644 24.225959364989272
      vertex 220.96610496490638 109.98069071770692 28.3302711563739
    endloop
  endfacet
  facet normal 0.1564344650402309 -0.9213138414813035 -0.35596216602686925
    outer loop
      vertex 224.48512562496853 109.2518127394277 22.795646988961774
      vertex 224.48512562496853 107.95085546574177 26.162830520854772
      vertex 223.11 107.74769342894596 26.084336097547304
    endloop
  endfacet
  facet normal -0.1564344650402286 0.9213138414813039 0.355962166026869
    outer loop
      vertex 223.11 110.5474877049609 23.832270335420993
      vertex 223.11 108.96173087647138 27.93658212680562
      vertex 223.9288950350936 110.66847183923255 23.879014205480498
    endloop
  endfacet
  facet normal 0.4539904997395511 -0.8311292235061222 -0.32111810908191263
    outer loop
      vertex 225.7256443727015 109.8414119341404 23.02344667782804
      vertex 225.7256443727015 108.54045466045446 26.39063020972104
      vertex 224.48512562496853 107.95085546574177 26.162830520854772
    endloop
  endfacet
  facet normal -0.4539904997395309 0.8311292235061328 0.32111810908191346
    outer loop
      vertex 223.9288950350936 110.66847183923255 23.879014205480498
      vertex 223.9288950350936 109.08271501074304 27.983325996865126
      vertex 224.66763091857507 111.01958147203898 24.014670199973896
    endloop
  endfacet
  facet normal -0.7071067811865738 0.6595878863163338 0.25484077425858254
    outer loop
      vertex 224.66763091857507 111.01958147203898 24.014670199973896
      vertex 224.66763091857507 109.43382464354947 28.11898199135852
      vertex 225.2538950350936 111.56644754619644 24.225959364989276
    endloop
  endfacet
  facet normal 0.7071067811865545 -0.6595878863163511 -0.25484077425859164
    outer loop
      vertex 226.7101256249685 110.75973420961235 23.37825301153311
      vertex 226.7101256249685 109.45877693592641 26.74543654342611
      vertex 225.7256443727015 108.54045466045446 26.39063020972104
    endloop
  endfacet
  facet normal 0.8910065241883643 -0.42348149119492007 -0.16361784887076544
    outer loop
      vertex 227.34220149751343 111.91688778319285 23.825335074052852
      vertex 227.34220149751343 110.61593050950691 27.19251860594585
      vertex 226.7101256249685 109.45877693592641 26.74543654342611
    endloop
  endfacet
  facet normal -4.623086318404517e-15 0.36039927920216425 -0.932798134405596
    outer loop
      vertex 225.65840353228108 111.29230505281167 24.120040674363338
      vertex 225.76 113.01940276113572 24.787328425306725
      vertex 226.10582802632973 112.11141376220012 24.436514493899782
    endloop
  endfacet
  facet normal 1.8088349112959195e-14 0.36039927920216314 -0.9327981344055964
    outer loop
      vertex 225.65840353228108 111.29230505281167 24.120040674363338
      vertex 225.63029976818217 112.2555390001264 24.49219924491676
      vertex 225.76 113.01940276113572 24.787328425306725
    endloop
  endfacet
  facet normal 0.8910065241883643 -0.4234814911949201 -0.1636178488707655
    outer loop
      vertex 226.7101256249685 110.75973420961235 23.37825301153311
      vertex 227.34220149751343 111.91688778319285 23.825335074052852
      vertex 226.7101256249685 109.45877693592641 26.74543654342611
    endloop
  endfacet
  facet normal 0.9876883405951369 -0.1459217771462696 -0.05637886844287721
    outer loop
      vertex 227.34220149751343 111.91688778319285 23.825335074052852
      vertex 227.56 113.19960240073681 24.320929358103925
      vertex 227.34220149751343 110.61593050950691 27.19251860594585
    endloop
  endfacet
  facet normal -0.9876883405951387 0.14592177714625842 0.0563788684428739
    outer loop
      vertex 226.10582802632973 112.11141376220012 24.436514493899782
      vertex 226.26 113.01940276113572 24.787328425306725
      vertex 226.26 113.19960240073681 24.32092935810393
    endloop
  endfacet
  facet normal 8.764178813851094e-14 0.3603992792021482 -0.9327981344056023
    outer loop
      vertex 226.10582802632973 112.29161340180119 23.970115426696985
      vertex 226.26 113.19960240073681 24.32092935810393
      vertex 226.7101256249685 115.63947059186127 25.26360570467474
    endloop
  endfacet
  facet normal -0.9876883405951387 -0.1459217771462586 -0.05637886844287398
    outer loop
      vertex 226.26 113.19960240073681 24.32092935810393
      vertex 226.26 113.01940276113572 24.787328425306725
      vertex 226.10582802632973 114.10759139967242 24.671743289510868
    endloop
  endfacet
  facet normal 3.9800463728507874e-15 0.36039927920216264 -0.9327981344055967
    outer loop
      vertex 226.7101256249685 110.75973420961235 23.37825301153311
      vertex 226.7101256249685 115.63947059186127 25.26360570467474
      vertex 227.34220149751343 114.48231701828077 24.816523642155005
    endloop
  endfacet
  facet normal -1.5369314593521684e-14 0.36039927920216325 -0.9327981344055966
    outer loop
      vertex 227.34220149751343 111.91688778319285 23.825335074052852
      vertex 227.34220149751343 114.48231701828077 24.816523642155005
      vertex 227.56 113.19960240073681 24.320929358103925
    endloop
  endfacet
  facet normal 2.752143881228335e-14 0.36039927920216186 -0.932798134405597
    outer loop
      vertex 226.10582802632973 112.11141376220012 24.436514493899782
      vertex 226.10582802632973 113.92739176007134 25.138142356713665
      vertex 226.26 113.01940276113572 24.787328425306725
    endloop
  endfacet
  facet normal -1.5550302287684742e-14 0.36039927920216075 -0.9327981344055976
    outer loop
      vertex 226.10582802632973 112.11141376220012 24.436514493899782
      vertex 225.76 113.01940276113572 24.787328425306725
      vertex 225.65840353228108 114.74650046945979 25.454616176250113
    endloop
  endfacet
  facet normal -0.987688340595139 -0.14592177714625817 -0.05637886844286936
    outer loop
      vertex 226.26 113.01940276113572 24.787328425306725
      vertex 226.10582802632973 113.92739176007134 25.138142356713665
      vertex 226.10582802632973 114.10759139967242 24.671743289510868
    endloop
  endfacet
  facet normal -7.865305718392464e-15 0.3603992792021618 -0.932798134405597
    outer loop
      vertex 226.10582802632973 112.11141376220012 24.436514493899782
      vertex 225.65840353228108 114.74650046945979 25.454616176250113
      vertex 226.10582802632973 113.92739176007134 25.138142356713665
    endloop
  endfacet
  facet normal 1.5714368326907994e-14 0.3603992792021623 -0.9327981344055969
    outer loop
      vertex 225.76 113.01940276113572 24.787328425306725
      vertex 225.63029976818217 113.78326652214506 25.082457605696693
      vertex 225.65840353228108 114.74650046945979 25.454616176250113
    endloop
  endfacet
  facet normal -0.8910065241883528 0.4234814911949412 0.16361784887077357
    outer loop
      vertex 225.2538950350936 111.56644754619644 24.225959364989276
      vertex 225.2538950350936 109.98069071770692 28.3302711563739
      vertex 225.63029976818217 112.2555390001264 24.49219924491676
    endloop
  endfacet
  facet normal -0.9876883405951414 0.14592177714624238 0.05637886844286662
    outer loop
      vertex 225.63029976818217 112.2555390001264 24.49219924491676
      vertex 225.63029976818217 110.66978217163688 28.596511036301386
      vertex 225.76 113.01940276113572 24.787328425306725
    endloop
  endfacet
  facet normal 0.9876883405951369 0.14592177714626936 0.05637886844287705
    outer loop
      vertex 227.56 113.19960240073681 24.320929358103925
      vertex 227.34220149751343 114.48231701828077 24.816523642155005
      vertex 227.56 111.89864512705087 27.688112889996926
    endloop
  endfacet
  facet normal -0.987688340595142 -0.14592177714624024 -0.05637886844286534
    outer loop
      vertex 225.76 113.01940276113572 24.787328425306725
      vertex 225.76 111.43364593264621 28.89164021669135
      vertex 225.63029976818217 113.78326652214506 25.082457605696693
    endloop
  endfacet
  facet normal 0.45399049973954353 0.8311292235061268 0.3211181090819114
    outer loop
      vertex 221.55236908142496 111.01958147203898 24.014670199973896
      vertex 221.55236908142496 109.43382464354947 28.11898199135852
      vertex 222.2911049649064 109.08271501074304 27.983325996865126
    endloop
  endfacet
  facet normal 0.15643446504023883 0.9213138414813024 0.3559621660268684
    outer loop
      vertex 223.11 110.5474877049609 23.832270335420993
      vertex 222.2911049649064 109.08271501074304 27.983325996865126
      vertex 223.11 108.96173087647138 27.93658212680562
    endloop
  endfacet
  facet normal 0.7071067811865316 0.6595878863163732 0.2548407742585978
    outer loop
      vertex 221.55236908142496 111.01958147203898 24.014670199973896
      vertex 220.96610496490638 109.98069071770692 28.3302711563739
      vertex 221.55236908142496 109.43382464354947 28.11898199135852
    endloop
  endfacet
  facet normal -0.9876883405951372 0.14592177714626814 0.05637886844287658
    outer loop
      vertex 218.66 113.19960240073681 24.320929358103925
      vertex 218.66 111.89864512705087 27.688112889996926
      vertex 218.87779850248657 113.18135974459484 28.183707174048003
    endloop
  endfacet
  facet normal 0.9876883405951313 -0.14592177714630244 -0.056378868442889876
    outer loop
      vertex 220.45999999999998 113.01940276113572 24.787328425306725
      vertex 220.58970023181786 113.78326652214506 25.082457605696693
      vertex 220.58970023181786 112.19750969365553 29.186769397081317
    endloop
  endfacet
  facet normal 0.8910065241883808 0.42348149119488987 0.1636178488707536
    outer loop
      vertex 220.96610496490638 111.56644754619644 24.225959364989272
      vertex 220.58970023181786 110.66978217163688 28.596511036301386
      vertex 220.96610496490638 109.98069071770692 28.3302711563739
    endloop
  endfacet
  facet normal 0.8910065241883808 -0.42348149119488987 -0.16361784887075373
    outer loop
      vertex 220.58970023181786 113.78326652214506 25.082457605696693
      vertex 220.96610496490638 114.47235797607502 25.34869748562418
      vertex 220.96610496490638 112.8866011475855 29.453009277008803
    endloop
  endfacet
  facet normal 0.9876883405951313 0.1459217771463027 0.05637886844288992
    outer loop
      vertex 220.58970023181786 112.2555390001264 24.49219924491676
      vertex 220.45999999999998 111.43364593264621 28.89164021669135
      vertex 220.58970023181786 110.66978217163688 28.596511036301386
    endloop
  endfacet
  facet normal 0.987688340595131 -0.1459217771463049 -0.05637886844289031
    outer loop
      vertex 220.45999999999998 113.01940276113572 24.787328425306725
      vertex 220.58970023181786 112.19750969365553 29.186769397081317
      vertex 220.45999999999998 111.43364593264621 28.89164021669135
    endloop
  endfacet
  facet normal 0.8910065241883808 -0.4234814911948899 -0.16361784887075376
    outer loop
      vertex 220.58970023181786 113.78326652214506 25.082457605696693
      vertex 220.96610496490638 112.8866011475855 29.453009277008803
      vertex 220.58970023181786 112.19750969365553 29.186769397081317
    endloop
  endfacet
  facet normal 0.7071067811865316 -0.6595878863163724 -0.25484077425859974
    outer loop
      vertex 220.96610496490638 114.47235797607502 25.34869748562418
      vertex 221.55236908142496 113.43346722174294 29.664298442024183
      vertex 220.96610496490638 112.8866011475855 29.453009277008803
    endloop
  endfacet
  facet normal -0.15643446504024416 0.9213138414813028 0.3559621660268653
    outer loop
      vertex 223.9288950350936 110.66847183923255 23.879014205480498
      vertex 223.11 108.96173087647138 27.93658212680562
      vertex 223.9288950350936 109.08271501074304 27.983325996865126
    endloop
  endfacet
  facet normal -0.45399049973952954 0.8311292235061334 0.3211181090819139
    outer loop
      vertex 224.66763091857507 111.01958147203898 24.014670199973896
      vertex 223.9288950350936 109.08271501074304 27.983325996865126
      vertex 224.66763091857507 109.43382464354947 28.11898199135852
    endloop
  endfacet
  facet normal -0.7071067811865659 0.6595878863163406 0.2548407742585874
    outer loop
      vertex 225.2538950350936 111.56644754619644 24.225959364989276
      vertex 224.66763091857507 109.43382464354947 28.11898199135852
      vertex 225.2538950350936 109.98069071770692 28.3302711563739
    endloop
  endfacet
  facet normal 0.9876883405951369 -0.1459217771462695 -0.0563788684428771
    outer loop
      vertex 227.56 113.19960240073681 24.320929358103925
      vertex 227.56 111.89864512705087 27.688112889996926
      vertex 227.34220149751343 110.61593050950691 27.19251860594585
    endloop
  endfacet
  facet normal -0.8910065241883531 0.42348149119494066 0.16361784887077324
    outer loop
      vertex 225.63029976818217 112.2555390001264 24.49219924491676
      vertex 225.2538950350936 109.98069071770692 28.3302711563739
      vertex 225.63029976818217 110.66978217163688 28.596511036301386
    endloop
  endfacet
  facet normal -0.8910065241883528 -0.4234814911949412 -0.16361784887077357
    outer loop
      vertex 225.63029976818217 113.78326652214506 25.082457605696693
      vertex 225.63029976818217 112.19750969365553 29.186769397081317
      vertex 225.2538950350936 114.47235797607502 25.348697485624175
    endloop
  endfacet
  facet normal 0.9876883405951372 0.14592177714626833 0.0563788684428761
    outer loop
      vertex 227.56 111.89864512705087 27.688112889996926
      vertex 227.34220149751343 114.48231701828077 24.816523642155005
      vertex 227.34220149751343 113.18135974459484 28.183707174048003
    endloop
  endfacet
  facet normal -0.7071067811865659 -0.6595878863163406 -0.25484077425858725
    outer loop
      vertex 224.66763091857507 115.01922405023247 25.559986650639555
      vertex 225.2538950350936 112.8866011475855 29.453009277008803
      vertex 224.66763091857507 113.43346722174294 29.664298442024183
    endloop
  endfacet
  facet normal -0.987688340595142 0.14592177714624047 0.056378868442865424
    outer loop
      vertex 225.76 113.01940276113572 24.787328425306725
      vertex 225.63029976818217 110.66978217163688 28.596511036301386
      vertex 225.76 111.43364593264621 28.89164021669135
    endloop
  endfacet
  facet normal -0.9876883405951415 -0.14592177714624238 -0.05637886844286667
    outer loop
      vertex 225.63029976818217 113.78326652214506 25.082457605696693
      vertex 225.76 111.43364593264621 28.89164021669135
      vertex 225.63029976818217 112.19750969365553 29.186769397081317
    endloop
  endfacet
  facet normal -0.8910065241883531 -0.42348149119494066 -0.16361784887077324
    outer loop
      vertex 225.2538950350936 114.47235797607502 25.348697485624175
      vertex 225.63029976818217 112.19750969365553 29.186769397081317
      vertex 225.2538950350936 112.8866011475855 29.453009277008803
    endloop
  endfacet
  facet normal -1.9504164207243018e-16 0.3603992792021597 -0.9327981344055978
    outer loop
      vertex 223.11 107.74769342894596 26.084336097547304
      vertex 224.48512562496853 107.95085546574177 26.162830520854772
      vertex 252.88629138176316 107.5294117647059 26
    endloop
  endfacet
  facet normal -1.512846742056859e-16 0.3603992792021622 -0.9327981344055968
    outer loop
      vertex 224.48512562496853 107.95085546574177 26.162830520854772
      vertex 225.7256443727015 108.54045466045446 26.39063020972104
      vertex 252.88629138176316 107.5294117647059 26
    endloop
  endfacet
  facet normal -1.8631960695629094e-16 0.3603992792021614 -0.932798134405597
    outer loop
      vertex 225.7256443727015 108.54045466045446 26.39063020972104
      vertex 226.7101256249685 109.45877693592641 26.74543654342611
      vertex 252.88629138176316 107.5294117647059 26
    endloop
  endfacet
  facet normal -2.7231103435254232e-17 0.3603992792021633 -0.9327981344055964
    outer loop
      vertex 226.7101256249685 109.45877693592641 26.74543654342611
      vertex 227.34220149751343 110.61593050950691 27.19251860594585
      vertex 252.88629138176316 107.5294117647059 26
    endloop
  endfacet
  facet normal -3.8880768918980446e-17 0.3603992792021632 -0.9327981344055963
    outer loop
      vertex 227.34220149751343 110.61593050950691 27.19251860594585
      vertex 227.56 111.89864512705087 27.688112889996926
      vertex 252.88629138176316 107.5294117647059 26
    endloop
  endfacet
  facet normal -7.494762151770806e-16 0.3603992792021597 -0.9327981344055979
    outer loop
      vertex 227.56 111.89864512705087 27.688112889996926
      vertex 227.34220149751343 113.18135974459484 28.183707174048003
      vertex 252.88629138176316 107.5294117647059 26
    endloop
  endfacet
  facet normal 6.024461840425177e-16 0.3603992792021649 -0.9327981344055958
    outer loop
      vertex 227.34220149751343 113.18135974459484 28.183707174048003
      vertex 226.7101256249685 114.33851331817533 28.63078923656774
      vertex 252.88629138176316 107.5294117647059 26
    endloop
  endfacet
  facet normal -1.3351480812227166e-15 0.3603992792021584 -0.9327981344055983
    outer loop
      vertex 252.88629138176316 107.5294117647059 26
      vertex 226.7101256249685 114.33851331817533 28.63078923656774
      vertex 225.7256443727015 115.2568355936473 28.985595570272814
    endloop
  endfacet
  facet normal -3.6059157464766363e-16 0.3603992792021609 -0.9327981344055972
    outer loop
      vertex 256.50011398110144 107.5294117647059 26
      vertex 225.7256443727015 115.2568355936473 28.985595570272814
      vertex 224.48512562496853 115.84643478835999 29.21339525913908
    endloop
  endfacet
  facet normal -5.088770250232959e-15 0.3603992792021632 -0.9327981344055964
    outer loop
      vertex 218.87779850248657 111.91688778319285 23.825335074052852
      vertex 218.87779850248657 114.48231701828077 24.816523642155005
      vertex 219.50987437503147 115.63947059186127 25.26360570467474
    endloop
  endfacet
  facet normal 1.8653655809570845e-15 0.36039927920216264 -0.9327981344055966
    outer loop
      vertex 219.50987437503147 110.75973420961235 23.37825301153311
      vertex 219.50987437503147 115.63947059186127 25.26360570467474
      vertex 220.4943556272985 116.55779286733322 25.618412038379816
    endloop
  endfacet
  facet normal 9.661918765391774e-15 0.360399279202161 -0.9327981344055973
    outer loop
      vertex 220.45999999999998 113.01940276113572 24.787328425306725
      vertex 220.11417197367027 113.92739176007134 25.138142356713665
      vertex 220.5615964677189 114.74650046945979 25.454616176250113
    endloop
  endfacet
  facet normal 0.8910065241883693 -0.4234814911949143 -0.16361784887075329
    outer loop
      vertex 220.11417197367027 114.10759139967242 24.671743289510868
      vertex 220.5615964677189 114.74650046945979 25.454616176250113
      vertex 220.11417197367027 113.92739176007134 25.138142356713665
    endloop
  endfacet
  facet normal 0.8910065241883689 -0.42348149119491507 -0.1636178488707524
    outer loop
      vertex 220.11417197367027 114.10759139967242 24.671743289510868
      vertex 220.5615964677189 114.92670010906086 24.988217109047312
      vertex 220.5615964677189 114.74650046945979 25.454616176250113
    endloop
  endfacet
  facet normal -1.8675059640937406e-15 0.360399279202163 -0.9327981344055966
    outer loop
      vertex 220.11417197367027 114.10759139967242 24.671743289510868
      vertex 220.4943556272985 116.55779286733322 25.618412038379816
      vertex 220.5615964677189 114.92670010906086 24.988217109047312
    endloop
  endfacet
  facet normal 1.7702782722346532e-15 0.3603992792021627 -0.9327981344055967
    outer loop
      vertex 220.58970023181786 113.78326652214506 25.082457605696693
      vertex 220.5615964677189 114.74650046945979 25.454616176250113
      vertex 220.96610496490638 114.47235797607502 25.34869748562418
    endloop
  endfacet
  facet normal -0.8910065241883723 0.4234814911949053 0.16361784887075978
    outer loop
      vertex 218.87779850248657 114.48231701828077 24.816523642155005
      vertex 219.50987437503147 114.33851331817533 28.63078923656774
      vertex 219.50987437503147 115.63947059186127 25.26360570467474
    endloop
  endfacet
  facet normal 0.7071067811865476 -0.6595878863163633 -0.25484077425857893
    outer loop
      vertex 220.5615964677189 114.92670010906086 24.988217109047312
      vertex 221.2584764552787 115.39654882176015 25.705771221457073
      vertex 220.5615964677189 114.74650046945979 25.454616176250113
    endloop
  endfacet
  facet normal 2.857937394055908e-15 0.36039927920216414 -0.9327981344055962
    outer loop
      vertex 220.5615964677189 114.74650046945979 25.454616176250113
      vertex 221.2584764552787 115.39654882176015 25.705771221457073
      vertex 220.96610496490638 114.47235797607502 25.34869748562418
    endloop
  endfacet
  facet normal 0.7071067811865543 -0.6595878863163503 -0.2548407742585941
    outer loop
      vertex 220.5615964677189 114.92670010906086 24.988217109047312
      vertex 221.2584764552787 115.57674846136123 25.239372154254273
      vertex 221.2584764552787 115.39654882176015 25.705771221457073
    endloop
  endfacet
  facet normal -8.259110631864807e-15 0.36039927920216724 -0.9327981344055949
    outer loop
      vertex 220.96610496490638 114.47235797607502 25.34869748562418
      vertex 221.2584764552787 115.39654882176015 25.705771221457073
      vertex 221.55236908142496 115.01922405023247 25.559986650639555
    endloop
  endfacet
  facet normal -5.401589476360656e-15 0.36039927920216913 -0.9327981344055941
    outer loop
      vertex 221.2584764552787 115.39654882176015 25.705771221457073
      vertex 222.1365964677189 115.8139055550961 25.867022686609598
      vertex 221.55236908142496 115.01922405023247 25.559986650639555
    endloop
  endfacet
  facet normal 9.778427039879913e-16 0.3603992792021651 -0.9327981344055957
    outer loop
      vertex 221.55236908142496 115.01922405023247 25.559986650639555
      vertex 222.1365964677189 115.8139055550961 25.867022686609598
      vertex 222.2911049649064 115.3703336830389 25.69564264513295
    endloop
  endfacet
  facet normal -3.1446788077649885e-15 0.36039927920216297 -0.9327981344055967
    outer loop
      vertex 220.5615964677189 114.92670010906086 24.988217109047312
      vertex 220.4943556272985 116.55779286733322 25.618412038379816
      vertex 221.2584764552787 115.57674846136123 25.239372154254273
    endloop
  endfacet
  facet normal 0.45399049973954886 -0.8311292235061212 -0.3211181090819182
    outer loop
      vertex 221.2584764552787 115.57674846136123 25.239372154254273
      vertex 222.1365964677189 115.99410519469718 25.4006236194068
      vertex 222.1365964677189 115.8139055550961 25.867022686609598
    endloop
  endfacet
  facet normal 0.45399049973954775 -0.8311292235061225 -0.3211181090819161
    outer loop
      vertex 221.2584764552787 115.57674846136123 25.239372154254273
      vertex 222.1365964677189 115.8139055550961 25.867022686609598
      vertex 221.2584764552787 115.39654882176015 25.705771221457073
    endloop
  endfacet
  facet normal 2.6345947448767563e-15 0.36039927920216136 -0.9327981344055972
    outer loop
      vertex 221.2584764552787 115.57674846136123 25.239372154254273
      vertex 221.7348743750315 117.14739206204591 25.84621172724608
      vertex 222.1365964677189 115.99410519469718 25.4006236194068
    endloop
  endfacet
  facet normal -3.181660568336643e-15 0.3603992792021629 -0.9327981344055967
    outer loop
      vertex 221.2584764552787 115.57674846136123 25.239372154254273
      vertex 220.4943556272985 116.55779286733322 25.618412038379816
      vertex 221.7348743750315 117.14739206204591 25.84621172724608
    endloop
  endfacet
  facet normal 0.15643446504022027 -0.9213138414813123 -0.35596216602685105
    outer loop
      vertex 222.1365964677189 115.99410519469718 25.4006236194068
      vertex 223.11 116.13791652411443 25.456187087590738
      vertex 223.11 115.95771688451336 25.922586154793535
    endloop
  endfacet
  facet normal 0.15643446504023334 -0.9213138414813008 -0.35596216602687475
    outer loop
      vertex 222.1365964677189 115.99410519469718 25.4006236194068
      vertex 223.11 115.95771688451336 25.922586154793535
      vertex 222.1365964677189 115.8139055550961 25.867022686609598
    endloop
  endfacet
  facet normal 1.9677448874071734e-15 0.3603992792021612 -0.9327981344055972
    outer loop
      vertex 222.1365964677189 115.99410519469718 25.4006236194068
      vertex 221.7348743750315 117.14739206204591 25.84621172724608
      vertex 223.11 117.35055409884171 25.92470615055355
    endloop
  endfacet
  facet normal 1.0395400403465751e-15 0.36039927920216175 -0.932798134405597
    outer loop
      vertex 222.1365964677189 115.99410519469718 25.4006236194068
      vertex 223.11 117.35055409884171 25.92470615055355
      vertex 223.11 116.13791652411443 25.456187087590738
    endloop
  endfacet
  facet normal -4.501384472056464e-15 0.36039927920216336 -0.9327981344055963
    outer loop
      vertex 222.2911049649064 115.3703336830389 25.69564264513295
      vertex 222.1365964677189 115.8139055550961 25.867022686609598
      vertex 223.11 115.95771688451336 25.922586154793535
    endloop
  endfacet
  facet normal -2.7486231205743853e-15 0.36039927920216125 -0.9327981344055972
    outer loop
      vertex 222.2911049649064 115.3703336830389 25.69564264513295
      vertex 223.11 115.95771688451336 25.922586154793535
      vertex 223.11 115.49131781731056 25.742386515192454
    endloop
  endfacet
  facet normal -2.014817493543984e-15 0.36039927920216236 -0.9327981344055968
    outer loop
      vertex 226.26 113.19960240073681 24.32092935810393
      vertex 226.10582802632973 114.10759139967242 24.671743289510868
      vertex 226.7101256249685 115.63947059186127 25.26360570467474
    endloop
  endfacet
  facet normal -0.891006524188369 -0.42348149119491474 -0.16361784887075348
    outer loop
      vertex 226.10582802632973 114.10759139967242 24.671743289510868
      vertex 226.10582802632973 113.92739176007134 25.138142356713665
      vertex 225.65840353228108 114.92670010906086 24.988217109047312
    endloop
  endfacet
  facet normal -0.8910065241883692 -0.4234814911949147 -0.1636178488707522
    outer loop
      vertex 226.10582802632973 113.92739176007134 25.138142356713665
      vertex 225.65840353228108 114.74650046945979 25.454616176250113
      vertex 225.65840353228108 114.92670010906086 24.988217109047312
    endloop
  endfacet
  facet normal -4.409575134861701e-16 0.36039927920216186 -0.9327981344055969
    outer loop
      vertex 226.10582802632973 114.10759139967242 24.671743289510868
      vertex 225.65840353228108 114.92670010906086 24.988217109047312
      vertex 226.7101256249685 115.63947059186127 25.26360570467474
    endloop
  endfacet
  facet normal -0.7071067811865405 -0.6595878863163699 -0.2548407742585814
    outer loop
      vertex 224.96152354472127 115.57674846136123 25.239372154254276
      vertex 225.65840353228108 114.92670010906086 24.988217109047312
      vertex 225.65840353228108 114.74650046945979 25.454616176250113
    endloop
  endfacet
  facet normal 2.8088650732940926e-15 0.36039927920216736 -0.9327981344055948
    outer loop
      vertex 225.2538950350936 114.47235797607502 25.348697485624175
      vertex 224.66763091857507 115.01922405023247 25.559986650639555
      vertex 225.65840353228108 114.74650046945979 25.454616176250113
    endloop
  endfacet
  facet normal -0.7071067811865333 -0.6595878863163694 -0.25484077425860335
    outer loop
      vertex 224.96152354472127 115.57674846136123 25.239372154254276
      vertex 225.65840353228108 114.74650046945979 25.454616176250113
      vertex 224.96152354472127 115.39654882176015 25.705771221457073
    endloop
  endfacet
  facet normal 2.368559533222351e-15 0.3603992792021712 -0.9327981344055933
    outer loop
      vertex 223.9288950350936 115.3703336830389 25.69564264513295
      vertex 224.96152354472127 115.39654882176015 25.705771221457073
      vertex 224.66763091857507 115.01922405023247 25.559986650639555
    endloop
  endfacet
  facet normal 3.713409527380062e-15 0.3603992792021703 -0.9327981344055937
    outer loop
      vertex 224.66763091857507 115.01922405023247 25.559986650639555
      vertex 224.96152354472127 115.39654882176015 25.705771221457073
      vertex 225.65840353228108 114.74650046945979 25.454616176250113
    endloop
  endfacet
  facet normal -0.15643446504024225 -0.921313841481309 -0.35596216602684977
    outer loop
      vertex 223.11 116.13791652411443 25.456187087590738
      vertex 224.08340353228107 115.8139055550961 25.867022686609598
      vertex 223.11 115.95771688451336 25.922586154793535
    endloop
  endfacet
  facet normal 3.1818041734484816e-15 0.3603992792021638 -0.9327981344055963
    outer loop
      vertex 223.9288950350936 115.3703336830389 25.69564264513295
      vertex 223.11 115.49131781731056 25.742386515192454
      vertex 224.08340353228107 115.8139055550961 25.867022686609598
    endloop
  endfacet
  facet normal -0.15643446504022915 -0.9213138414813015 -0.35596216602687497
    outer loop
      vertex 223.11 116.13791652411443 25.456187087590738
      vertex 224.08340353228107 115.99410519469718 25.4006236194068
      vertex 224.08340353228107 115.8139055550961 25.867022686609598
    endloop
  endfacet
  facet normal -1.8748316481135104e-15 0.36039927920216175 -0.932798134405597
    outer loop
      vertex 223.11 116.13791652411443 25.456187087590738
      vertex 223.11 117.35055409884171 25.92470615055355
      vertex 224.48512562496853 117.14739206204591 25.84621172724608
    endloop
  endfacet
  facet normal -1.178293681143117e-15 0.3603992792021609 -0.9327981344055973
    outer loop
      vertex 223.11 116.13791652411443 25.456187087590738
      vertex 224.48512562496853 117.14739206204591 25.84621172724608
      vertex 224.08340353228107 115.99410519469718 25.4006236194068
    endloop
  endfacet
  facet normal -0.45399049973954786 -0.8311292235061217 -0.3211181090819183
    outer loop
      vertex 224.96152354472127 115.57674846136123 25.239372154254276
      vertex 224.96152354472127 115.39654882176015 25.705771221457073
      vertex 224.08340353228107 115.99410519469718 25.4006236194068
    endloop
  endfacet
  facet normal 1.1461684494516327e-15 0.36039927920216136 -0.9327981344055971
    outer loop
      vertex 224.96152354472127 115.57674846136123 25.239372154254276
      vertex 224.08340353228107 115.99410519469718 25.4006236194068
      vertex 225.7256443727015 116.55779286733322 25.618412038379816
    endloop
  endfacet
  facet normal 2.5792338465677837e-15 0.36039927920216397 -0.9327981344055961
    outer loop
      vertex 223.9288950350936 115.3703336830389 25.69564264513295
      vertex 224.08340353228107 115.8139055550961 25.867022686609598
      vertex 224.96152354472127 115.39654882176015 25.705771221457073
    endloop
  endfacet
  facet normal -0.4539904997395478 -0.8311292235061217 -0.32111810908191823
    outer loop
      vertex 224.96152354472127 115.39654882176015 25.705771221457073
      vertex 224.08340353228107 115.8139055550961 25.867022686609598
      vertex 224.08340353228107 115.99410519469718 25.4006236194068
    endloop
  endfacet
  facet normal 1.6505431995316937e-15 0.3603992792021601 -0.9327981344055977
    outer loop
      vertex 224.08340353228107 115.99410519469718 25.4006236194068
      vertex 224.48512562496853 117.14739206204591 25.84621172724608
      vertex 225.7256443727015 116.55779286733322 25.618412038379816
    endloop
  endfacet
  facet normal 4.139322672976544e-15 0.36039927920216125 -0.9327981344055971
    outer loop
      vertex 223.11 115.49131781731056 25.742386515192454
      vertex 223.11 115.95771688451336 25.922586154793535
      vertex 224.08340353228107 115.8139055550961 25.867022686609598
    endloop
  endfacet
  facet normal 6.677638676247772e-15 0.36039927920216247 -0.9327981344055968
    outer loop
      vertex 225.63029976818217 113.78326652214506 25.082457605696693
      vertex 225.2538950350936 114.47235797607502 25.348697485624175
      vertex 225.65840353228108 114.74650046945979 25.454616176250113
    endloop
  endfacet
  facet normal 0.8910065241883641 0.423481491194921 0.16361784887076405
    outer loop
      vertex 227.34220149751343 113.18135974459484 28.183707174048003
      vertex 227.34220149751343 114.48231701828077 24.816523642155005
      vertex 226.7101256249685 115.63947059186127 25.26360570467474
    endloop
  endfacet
  facet normal -1.41471526206702e-15 0.3603992792021631 -0.9327981344055964
    outer loop
      vertex 224.96152354472127 115.57674846136123 25.239372154254276
      vertex 225.7256443727015 116.55779286733322 25.618412038379816
      vertex 225.65840353228108 114.92670010906086 24.988217109047312
    endloop
  endfacet
  facet normal -1.407419743286656e-15 0.36039927920216314 -0.9327981344055966
    outer loop
      vertex 225.65840353228108 114.92670010906086 24.988217109047312
      vertex 225.7256443727015 116.55779286733322 25.618412038379816
      vertex 226.7101256249685 115.63947059186127 25.26360570467474
    endloop
  endfacet
  facet normal -0.8910065241883705 0.4234814911949095 0.16361784887075964
    outer loop
      vertex 218.87779850248657 113.18135974459484 28.183707174048003
      vertex 219.50987437503147 114.33851331817533 28.63078923656774
      vertex 218.87779850248657 114.48231701828077 24.816523642155005
    endloop
  endfacet
  facet normal -0.7071067811865448 0.6595878863163612 0.25484077425859275
    outer loop
      vertex 219.50987437503147 115.63947059186127 25.26360570467474
      vertex 220.4943556272985 115.2568355936473 28.985595570272814
      vertex 220.4943556272985 116.55779286733322 25.618412038379816
    endloop
  endfacet
  facet normal 0.7071067811865309 -0.6595878863163733 -0.2548407742585999
    outer loop
      vertex 220.96610496490638 114.47235797607502 25.34869748562418
      vertex 221.55236908142496 115.01922405023247 25.559986650639555
      vertex 221.55236908142496 113.43346722174294 29.664298442024183
    endloop
  endfacet
  facet normal 0.4539904997395436 -0.8311292235061258 -0.3211181090819137
    outer loop
      vertex 221.55236908142496 115.01922405023247 25.559986650639555
      vertex 222.2911049649064 115.3703336830389 25.69564264513295
      vertex 221.55236908142496 113.43346722174294 29.664298442024183
    endloop
  endfacet
  facet normal 0.15643446504023892 -0.9213138414813024 -0.35596216602686837
    outer loop
      vertex 222.2911049649064 115.3703336830389 25.69564264513295
      vertex 223.11 115.49131781731056 25.742386515192454
      vertex 223.11 113.90556098882104 29.846698306577082
    endloop
  endfacet
  facet normal -0.45399049973954214 0.8311292235061266 0.321118109081914
    outer loop
      vertex 220.4943556272985 116.55779286733322 25.618412038379816
      vertex 221.7348743750315 115.84643478835997 29.21339525913908
      vertex 221.7348743750315 117.14739206204591 25.84621172724608
    endloop
  endfacet
  facet normal -0.15643446504023173 0.9213138414813046 0.3559621660268658
    outer loop
      vertex 221.7348743750315 117.14739206204591 25.84621172724608
      vertex 223.11 116.04959682515579 29.29188968244655
      vertex 223.11 117.35055409884171 25.92470615055355
    endloop
  endfacet
  facet normal -0.7071067811865496 0.6595878863163559 0.25484077425859347
    outer loop
      vertex 219.50987437503147 115.63947059186127 25.26360570467474
      vertex 219.50987437503147 114.33851331817533 28.63078923656774
      vertex 220.4943556272985 115.2568355936473 28.985595570272814
    endloop
  endfacet
  facet normal -0.4539904997395353 0.8311292235061308 0.32111810908191246
    outer loop
      vertex 220.4943556272985 116.55779286733322 25.618412038379816
      vertex 220.4943556272985 115.2568355936473 28.985595570272814
      vertex 221.7348743750315 115.84643478835997 29.21339525913908
    endloop
  endfacet
  facet normal -0.15643446504024014 0.9213138414813022 0.35596216602686837
    outer loop
      vertex 221.7348743750315 117.14739206204591 25.84621172724608
      vertex 221.7348743750315 115.84643478835997 29.21339525913908
      vertex 223.11 116.04959682515579 29.29188968244655
    endloop
  endfacet
  facet normal -0.15643446504024422 -0.9213138414813027 -0.35596216602686526
    outer loop
      vertex 223.9288950350936 115.3703336830389 25.69564264513295
      vertex 223.9288950350936 113.78457685454939 29.799954436517577
      vertex 223.11 115.49131781731056 25.742386515192454
    endloop
  endfacet
  facet normal -0.4539904997395297 -0.8311292235061324 -0.32111810908191624
    outer loop
      vertex 223.9288950350936 115.3703336830389 25.69564264513295
      vertex 224.66763091857507 115.01922405023247 25.559986650639555
      vertex 224.66763091857507 113.43346722174294 29.664298442024183
    endloop
  endfacet
  facet normal -0.7071067811865659 -0.6595878863163406 -0.25484077425858725
    outer loop
      vertex 225.2538950350936 114.47235797607502 25.348697485624175
      vertex 225.2538950350936 112.8866011475855 29.453009277008803
      vertex 224.66763091857507 115.01922405023247 25.559986650639555
    endloop
  endfacet
  facet normal 0.15643446504023176 0.9213138414813048 0.3559621660268655
    outer loop
      vertex 223.11 117.35055409884171 25.92470615055355
      vertex 224.48512562496853 115.84643478835999 29.21339525913908
      vertex 224.48512562496853 117.14739206204591 25.84621172724608
    endloop
  endfacet
  facet normal 0.7071067811865549 0.6595878863163507 0.2548407742585915
    outer loop
      vertex 226.7101256249685 115.63947059186127 25.26360570467474
      vertex 225.7256443727015 116.55779286733322 25.618412038379816
      vertex 226.7101256249685 114.33851331817533 28.63078923656774
    endloop
  endfacet
  facet normal 0.45399049973955036 0.8311292235061236 0.3211181090819097
    outer loop
      vertex 225.7256443727015 116.55779286733322 25.618412038379816
      vertex 224.48512562496853 117.14739206204591 25.84621172724608
      vertex 225.7256443727015 115.2568355936473 28.985595570272814
    endloop
  endfacet
  facet normal 0.15643446504023087 0.9213138414813048 0.35596216602686587
    outer loop
      vertex 223.11 117.35055409884171 25.92470615055355
      vertex 223.11 116.04959682515579 29.29188968244655
      vertex 224.48512562496853 115.84643478835999 29.21339525913908
    endloop
  endfacet
  facet normal 0.45399049973955113 0.8311292235061234 0.32111810908190924
    outer loop
      vertex 224.48512562496853 117.14739206204591 25.84621172724608
      vertex 224.48512562496853 115.84643478835999 29.21339525913908
      vertex 225.7256443727015 115.2568355936473 28.985595570272814
    endloop
  endfacet
  facet normal 0.7071067811865596 0.6595878863163471 0.25484077425858737
    outer loop
      vertex 225.7256443727015 116.55779286733322 25.618412038379816
      vertex 225.7256443727015 115.2568355936473 28.985595570272814
      vertex 226.7101256249685 114.33851331817533 28.63078923656774
    endloop
  endfacet
  facet normal 0.8910065241883622 0.423481491194924 0.16361784887076705
    outer loop
      vertex 227.34220149751343 113.18135974459484 28.183707174048003
      vertex 226.7101256249685 115.63947059186127 25.26360570467474
      vertex 226.7101256249685 114.33851331817533 28.63078923656774
    endloop
  endfacet
  facet normal 0 0.3603992792021625 -0.9327981344055968
    outer loop
      vertex 252.88629138176316 107.5294117647059 26
      vertex 225.7256443727015 115.2568355936473 28.985595570272814
      vertex 256.50011398110144 107.5294117647059 26
    endloop
  endfacet
  facet normal 1.5161870537455826e-15 0.3603992792021679 -0.9327981344055947
    outer loop
      vertex 283.3 100.80000000000001 23.4
      vertex 256.50011398110144 107.5294117647059 26
      vertex 224.48512562496853 115.84643478835999 29.21339525913908
    endloop
  endfacet
  facet normal 0 0 1
    outer loop
      vertex 275.3 100.80000000000001 12.6
      vertex 283.3 100.80000000000001 12.6
      vertex 275.3 114.4 12.6
    endloop
  endfacet
  facet normal 0 0 1
    outer loop
      vertex 283.3 100.80000000000001 12.6
      vertex 285.0304951684997 101.07408350874715 12.6
      vertex 275.3 114.4 12.6
    endloop
  endfacet
  facet normal 0 0 1
    outer loop
      vertex 285.0304951684997 101.07408350874715 12.6
      vertex 286.59159741283787 101.86950483150031 12.6
      vertex 275.3 114.4 12.6
    endloop
  endfacet
  facet normal 0 0 1
    outer loop
      vertex 286.59159741283787 101.86950483150031 12.6
      vertex 287.83049516849974 103.10840258716216 12.6
      vertex 275.3 114.4 12.6
    endloop
  endfacet
  facet normal 0 0 1
    outer loop
      vertex 287.83049516849974 103.10840258716216 12.6
      vertex 288.6259164912529 104.6695048315003 12.6
      vertex 275.3 114.4 12.6
    endloop
  endfacet
  facet normal -0.45399049973954775 0.8910065241883673 0
    outer loop
      vertex 285.0304951684997 101.07408350874715 12.6
      vertex 285.0304951684997 101.07408350874715 23.4
      vertex 286.59159741283787 101.86950483150031 12.6
    endloop
  endfacet
  facet normal -0.7071067811865435 0.7071067811865516 0
    outer loop
      vertex 286.59159741283787 101.86950483150031 12.6
      vertex 286.59159741283787 101.86950483150031 23.4
      vertex 287.83049516849974 103.10840258716216 12.6
    endloop
  endfacet
  facet normal -0.8910065241883673 0.45399049973954775 0
    outer loop
      vertex 287.83049516849974 103.10840258716216 12.6
      vertex 287.83049516849974 103.10840258716216 23.4
      vertex 288.6259164912529 104.6695048315003 12.6
    endloop
  endfacet
  facet normal -0.9876883405951378 0.1564344650402311 0
    outer loop
      vertex 288.6259164912529 104.6695048315003 12.6
      vertex 288.6259164912529 104.6695048315003 23.4
      vertex 288.90000000000003 106.4 12.6
    endloop
  endfacet
  facet normal 0 0 1
    outer loop
      vertex 288.6259164912529 104.6695048315003 12.6
      vertex 288.90000000000003 106.4 12.6
      vertex 275.3 114.4 12.6
    endloop
  endfacet
  facet normal 0 0 1
    outer loop
      vertex 288.90000000000003 106.4 12.6
      vertex 288.90000000000003 114.4 12.6
      vertex 275.3 114.4 12.6
    endloop
  endfacet
  facet normal -1 0 0
    outer loop
      vertex 288.90000000000003 106.4 12.6
      vertex 288.90000000000003 106.4 23.4
      vertex 288.90000000000003 114.4 12.6
    endloop
  endfacet
  facet normal -0.45399049973954775 0.8910065241883673 3.6813245104278485e-18
    outer loop
      vertex 285.0304951684997 101.07408350874715 23.4
      vertex 286.59159741283787 101.86950483150031 23.4
      vertex 286.59159741283787 101.86950483150031 12.6
    endloop
  endfacet
  facet normal -0.7071067811865435 0.7071067811865516 0
    outer loop
      vertex 287.83049516849974 103.10840258716216 12.6
      vertex 286.59159741283787 101.86950483150031 23.4
      vertex 287.83049516849974 103.10840258716216 23.4
    endloop
  endfacet
  facet normal -0.8910065241883673 0.45399049973954775 0
    outer loop
      vertex 288.6259164912529 104.6695048315003 12.6
      vertex 287.83049516849974 103.10840258716216 23.4
      vertex 288.6259164912529 104.6695048315003 23.4
    endloop
  endfacet
  facet normal -0.9876883405951378 0.1564344650402311 0
    outer loop
      vertex 288.90000000000003 106.4 12.6
      vertex 288.6259164912529 104.6695048315003 23.4
      vertex 288.90000000000003 106.4 23.4
    endloop
  endfacet
  facet normal 1.2504882675163175e-17 0.3603992792021621 -0.9327981344055969
    outer loop
      vertex 283.3 100.80000000000001 23.4
      vertex 252.88629138176316 107.5294117647059 26
      vertex 256.50011398110144 107.5294117647059 26
    endloop
  endfacet
  facet normal -0.18061263926455026 0.3544722632476174 -0.9174576225232451
    outer loop
      vertex 285.0304951684997 101.07408350874715 23.4
      vertex 285.0304951684997 107.80349527345304 26
      vertex 286.59159741283787 101.86950483150031 23.4
    endloop
  endfacet
  facet normal -0.33905197983176816 0.33905197983177204 -0.8775463007410572
    outer loop
      vertex 286.59159741283787 101.86950483150031 23.4
      vertex 287.83049516849974 109.83781435186805 26
      vertex 287.83049516849974 103.10840258716216 23.4
    endloop
  endfacet
  facet normal -0.577468169755864 0.29423472876358253 -0.761548709741034
    outer loop
      vertex 287.83049516849974 103.10840258716216 23.4
      vertex 287.88700050836746 109.47066668102225 25.815300546448086
      vertex 288.6259164912529 104.6695048315003 23.4
    endloop
  endfacet
  facet normal -0.1806126392645631 0.35447226324761383 -0.9174576225232439
    outer loop
      vertex 286.59159741283787 101.86950483150031 23.4
      vertex 285.0304951684997 107.80349527345304 26
      vertex 285.1498735754197 107.86432160989887 26
    endloop
  endfacet
  facet normal -0.5774681697557715 0.294234728763605 -0.7615487097410955
    outer loop
      vertex 287.83049516849974 103.10840258716216 23.4
      vertex 287.83049516849974 109.83781435186805 26
      vertex 287.88700050836746 109.47066668102225 25.815300546448086
    endloop
  endfacet
  facet normal -0.5774681697560237 0.2942347287635113 -0.7615487097409405
    outer loop
      vertex 288.6259164912529 104.6695048315003 23.4
      vertex 287.88700050836746 109.47066668102225 25.815300546448086
      vertex 287.89132150494555 109.95719275878803 26
    endloop
  endfacet
  facet normal -0.577468169755929 0.29423472876353424 -0.7615487097410034
    outer loop
      vertex 287.83049516849974 109.83781435186805 26
      vertex 287.89132150494555 109.95719275878803 26
      vertex 287.88700050836746 109.47066668102225 25.815300546448086
    endloop
  endfacet
  facet normal -0.45399050800249663 0 0.8910065199781846
    outer loop
      vertex 218.44721359163526 200 8.639154788851737
      vertex 218.6702281996608 200 8.752786409854888
      vertex 218.6702281996608 202.4 8.752786409854888
    endloop
  endfacet
  facet normal -0.7071067811865476 0 0.7071067811865476
    outer loop
      vertex 218.6702281996608 200 8.752786409854888
      vertex 218.84721359014515 200 8.929771800339221
      vertex 218.84721359014515 202.4 8.929771800339221
    endloop
  endfacet
  facet normal 0 -1 0
    outer loop
      vertex 218.1999999970198 200 8.600000005960464
      vertex 224.40000000000003 200 8.600000005960464
      vertex 218.44721359163526 200 8.639154788851737
    endloop
  endfacet
  facet normal 0 -1 0
    outer loop
      vertex 218.44721359163526 200 8.639154788851737
      vertex 224.40000000000003 200 8.600000005960464
      vertex 218.6702281996608 200 8.752786409854888
    endloop
  endfacet
  facet normal 0 -1 0
    outer loop
      vertex 218.6702281996608 200 8.752786409854888
      vertex 224.40000000000003 200 8.600000005960464
      vertex 218.84721359014515 200 8.929771800339221
    endloop
  endfacet
  facet normal 0 -1 0
    outer loop
      vertex 218.84721359014515 200 8.929771800339221
      vertex 224.40000000000003 200 8.600000005960464
      vertex 218.9608452111483 200 9.152786408364772
    endloop
  endfacet
  facet normal -0.8910065199781846 0 0.45399050800249663
    outer loop
      vertex 218.84721359014515 200 8.929771800339221
      vertex 218.9608452111483 200 9.152786408364772
      vertex 218.9608452111483 202.4 9.152786408364772
    endloop
  endfacet
  facet normal -0.9876883430226983 0 0.15643444971321585
    outer loop
      vertex 218.9608452111483 200 9.152786408364772
      vertex 218.99999999403957 200 9.400000002980232
      vertex 218.99999999403957 202.4 9.400000002980232
    endloop
  endfacet
  facet normal -0.45399050800249663 0 0.8910065199781846
    outer loop
      vertex 218.44721359163526 200 8.639154788851737
      vertex 218.6702281996608 202.4 8.752786409854888
      vertex 218.44721359163526 202.4 8.639154788851737
    endloop
  endfacet
  facet normal -0.7071067811865476 0 0.7071067811865476
    outer loop
      vertex 218.6702281996608 200 8.752786409854888
      vertex 218.84721359014515 202.4 8.929771800339221
      vertex 218.6702281996608 202.4 8.752786409854888
    endloop
  endfacet
  facet normal 0 1 0
    outer loop
      vertex 218.1999999970198 202.4 8.600000005960464
      vertex 218.44721359163526 202.4 8.639154788851737
      vertex 224.40000000000003 202.4 8.245635805557901
    endloop
  endfacet
  facet normal 0 1 0
    outer loop
      vertex 218.44721359163526 202.4 8.639154788851737
      vertex 218.6702281996608 202.4 8.752786409854888
      vertex 224.40000000000003 202.4 8.245635805557901
    endloop
  endfacet
  facet normal 0 1 0
    outer loop
      vertex 224.40000000000003 202.4 8.245635805557901
      vertex 218.6702281996608 202.4 8.752786409854888
      vertex 218.84721359014515 202.4 8.929771800339221
    endloop
  endfacet
  facet normal 0 1 0
    outer loop
      vertex 224.40000000000003 202.4 8.245635805557901
      vertex 218.84721359014515 202.4 8.929771800339221
      vertex 218.9608452111483 202.4 9.152786408364772
    endloop
  endfacet
  facet normal -0.8910065199781846 0 0.45399050800249663
    outer loop
      vertex 218.84721359014515 200 8.929771800339221
      vertex 218.9608452111483 202.4 9.152786408364772
      vertex 218.84721359014515 202.4 8.929771800339221
    endloop
  endfacet
  facet normal -0.9876883430226983 0 0.15643444971321585
    outer loop
      vertex 218.9608452111483 200 9.152786408364772
      vertex 218.99999999403957 202.4 9.400000002980232
      vertex 218.9608452111483 202.4 9.152786408364772
    endloop
  endfacet
  facet normal 0 -1 0
    outer loop
      vertex 218.9608452111483 200 9.152786408364772
      vertex 224.40000000000003 200 8.600000005960464
      vertex 218.99999999403957 200 9.400000002980232
    endloop
  endfacet
  facet normal 0 1 0
    outer loop
      vertex 224.40000000000003 202.4 8.245635805557901
      vertex 218.9608452111483 202.4 9.152786408364772
      vertex 218.99999999403957 202.4 9.400000002980232
    endloop
  endfacet
  facet normal -1 0 0
    outer loop
      vertex 218.99999999403957 200 9.400000002980232
      vertex 218.99999999403957 202.4 11.999999997019767
      vertex 218.99999999403957 202.4 9.400000002980232
    endloop
  endfacet
  facet normal 0 -1 0
    outer loop
      vertex 218.99999999403957 200 9.400000002980232
      vertex 224.40000000000003 200 8.600000005960464
      vertex 224.40000000000003 200 12.760845211148261
    endloop
  endfacet
  facet normal 0 1 0
    outer loop
      vertex 224.40000000000003 202.4 8.245635805557901
      vertex 218.99999999403957 202.4 9.400000002980232
      vertex 218.99999999403957 202.4 11.999999997019767
    endloop
  endfacet
  facet normal -1 0 0
    outer loop
      vertex 218.99999999403957 200 9.400000002980232
      vertex 218.99999999403957 200 11.999999997019767
      vertex 218.99999999403957 202.4 11.999999997019767
    endloop
  endfacet
  facet normal 0 1 0
    outer loop
      vertex 224.40000000000003 202.4 8.245635805557901
      vertex 218.9608452111483 202.4 12.247213591635226
      vertex 218.84721359014515 202.4 12.470228199660777
    endloop
  endfacet
  facet normal 0 1 0
    outer loop
      vertex 224.40000000000003 202.4 8.245635805557901
      vertex 218.99999999403957 202.4 11.999999997019767
      vertex 218.9608452111483 202.4 12.247213591635226
    endloop
  endfacet
  facet normal 0 1 0
    outer loop
      vertex 224.40000000000003 202.4 8.245635805557901
      vertex 218.84721359014515 202.4 12.470228199660777
      vertex 224.40000000000003 202.4 13.2
    endloop
  endfacet
  facet normal -0.9876883430226983 0 -0.15643444971321585
    outer loop
      vertex 218.99999999403957 200 11.999999997019767
      vertex 218.9608452111483 200 12.247213591635226
      vertex 218.9608452111483 202.4 12.247213591635226
    endloop
  endfacet
  facet normal -0.9876883430226983 0 -0.15643444971321585
    outer loop
      vertex 218.99999999403957 200 11.999999997019767
      vertex 218.9608452111483 202.4 12.247213591635226
      vertex 218.99999999403957 202.4 11.999999997019767
    endloop
  endfacet
  facet normal -0.8910065199781846 0 -0.45399050800249663
    outer loop
      vertex 218.9608452111483 200 12.247213591635226
      vertex 218.84721359014515 202.4 12.470228199660777
      vertex 218.9608452111483 202.4 12.247213591635226
    endloop
  endfacet
  facet normal 0 -1 0
    outer loop
      vertex 218.99999999403957 200 9.400000002980232
      vertex 224.40000000000003 200 12.760845211148261
      vertex 218.99999999403957 200 11.999999997019767
    endloop
  endfacet
  facet normal 0 -1 0
    outer loop
      vertex 218.99999999403957 200 11.999999997019767
      vertex 224.40000000000003 200 12.760845211148261
      vertex 218.9608452111483 200 12.247213591635226
    endloop
  endfacet
  facet normal 0 -1 0
    outer loop
      vertex 227.43000754574058 200 8.2
      vertex 234.90000000000003 200 13.2
      vertex 224.40000000000003 200 8.600000005960464
    endloop
  endfacet
  facet normal 0 1 0
    outer loop
      vertex 224.40000000000003 202.4 8.245635805557901
      vertex 224.40000000000003 202.4 13.2
      vertex 234.90000000000003 202.4 8.391935489182995
    endloop
  endfacet
  facet normal 0 -1 0
    outer loop
      vertex 234.90000000000003 200 8.2
      vertex 237.6027864083648 200 9.639154788851737
      vertex 237.37977180033926 200 9.752786409854888
    endloop
  endfacet
  facet normal 0 -1 0
    outer loop
      vertex 234.90000000000003 200 8.2
      vertex 237.37977180033926 200 9.752786409854888
      vertex 237.20278640985492 200 9.929771800339221
    endloop
  endfacet
  facet normal 0 1 0
    outer loop
      vertex 234.90000000000003 202.4 8.391935489182995
      vertex 237.37977180033926 202.4 9.752786409854888
      vertex 237.6027864083648 202.4 9.639154788851737
    endloop
  endfacet
  facet normal 0 1 0
    outer loop
      vertex 234.90000000000003 202.4 8.391935489182995
      vertex 237.20278640985492 202.4 9.929771800339221
      vertex 237.37977180033926 202.4 9.752786409854888
    endloop
  endfacet
  facet normal 0 -1 0
    outer loop
      vertex 227.43000754574058 200 8.2
      vertex 234.90000000000003 200 8.2
      vertex 234.90000000000003 200 13.2
    endloop
  endfacet
  facet normal 0 -1 0
    outer loop
      vertex 234.90000000000003 200 8.2
      vertex 237.20278640985492 200 9.929771800339221
      vertex 237.08915478885177 200 10.152786408364772
    endloop
  endfacet
  facet normal 0 -1 0
    outer loop
      vertex 234.90000000000003 200 8.2
      vertex 237.08915478885177 200 10.152786408364772
      vertex 237.0500000059605 200 10.400000002980232
    endloop
  endfacet
  facet normal 0 -1 0
    outer loop
      vertex 234.90000000000003 200 8.2
      vertex 237.0500000059605 200 10.400000002980232
      vertex 237.0500000059605 200 11.999999997019767
    endloop
  endfacet
  facet normal 0 1 0
    outer loop
      vertex 234.90000000000003 202.4 8.391935489182995
      vertex 234.90000000000003 202.4 12.729304110467805
      vertex 237.20278640985492 202.4 9.929771800339221
    endloop
  endfacet
  facet normal 0 -1 0
    outer loop
      vertex 224.40000000000003 200 8.600000005960464
      vertex 234.90000000000003 200 13.2
      vertex 224.40000000000003 200 12.760845211148261
    endloop
  endfacet
  facet normal 0 1 0
    outer loop
      vertex 234.90000000000003 202.4 8.391935489182995
      vertex 224.40000000000003 202.4 13.2
      vertex 232.46247553999126 202.4 13.2
    endloop
  endfacet
  facet normal 0 -1 0
    outer loop
      vertex 234.90000000000003 200 8.2
      vertex 237.0500000059605 200 11.999999997019767
      vertex 237.08915478885177 200 12.247213591635226
    endloop
  endfacet
  facet normal 0 -1 0
    outer loop
      vertex 234.90000000000003 200 8.2
      vertex 237.08915478885177 200 12.247213591635226
      vertex 237.20278640985492 200 12.470228199660777
    endloop
  endfacet
  facet normal 0 -1 0
    outer loop
      vertex 234.90000000000003 200 8.2
      vertex 237.20278640985492 200 12.470228199660777
      vertex 234.90000000000003 200 13.2
    endloop
  endfacet
  facet normal 0 1 0
    outer loop
      vertex 237.20278640985492 202.4 9.929771800339221
      vertex 234.90000000000003 202.4 12.729304110467805
      vertex 237.08915478885177 202.4 10.152786408364772
    endloop
  endfacet
  facet normal 0 1 0
    outer loop
      vertex 237.08915478885177 202.4 10.152786408364772
      vertex 234.90000000000003 202.4 12.729304110467805
      vertex 237.0500000059605 202.4 10.400000002980232
    endloop
  endfacet
  facet normal 0 1 0
    outer loop
      vertex 234.90000000000003 202.4 8.391935489182995
      vertex 232.46247553999126 202.4 13.2
      vertex 234.90000000000003 202.4 12.729304110467805
    endloop
  endfacet
  facet normal 0 1 0
    outer loop
      vertex 237.0500000059605 202.4 10.400000002980232
      vertex 234.90000000000003 202.4 12.729304110467805
      vertex 237.0500000059605 202.4 11.999999997019767
    endloop
  endfacet
  facet normal 0 1 0
    outer loop
      vertex 237.0500000059605 202.4 11.999999997019767
      vertex 234.90000000000003 202.4 12.729304110467805
      vertex 237.08915478885177 202.4 12.247213591635226
    endloop
  endfacet
  facet normal 0 -1 0
    outer loop
      vertex 210.10000000298027 200 8.600000005960464
      vertex 283.3 200 0
      vertex 218.1999999970198 200 8.600000005960464
    endloop
  endfacet
  facet normal 0 -1 0
    outer loop
      vertex 218.1999999970198 200 8.600000005960464
      vertex 283.3 200 0
      vertex 224.40000000000003 200 8.600000005960464
    endloop
  endfacet
  facet normal 0 -1 0
    outer loop
      vertex 227.43000754574058 200 8.2
      vertex 224.40000000000003 200 8.600000005960464
      vertex 283.3 200 0
    endloop
  endfacet
  facet normal 0 -1 0
    outer loop
      vertex 227.43000754574058 200 8.2
      vertex 283.3 200 0
      vertex 234.90000000000003 200 8.2
    endloop
  endfacet
  facet normal 0 -1 0
    outer loop
      vertex 234.90000000000003 200 8.2
      vertex 283.3 200 0
      vertex 237.85000000298027 200 9.600000005960464
    endloop
  endfacet
  facet normal 0 -1 0
    outer loop
      vertex 234.90000000000003 200 8.2
      vertex 237.85000000298027 200 9.600000005960464
      vertex 237.6027864083648 200 9.639154788851737
    endloop
  endfacet
  facet normal 0 1 0
    outer loop
      vertex 234.90000000000003 202.4 8.391935489182995
      vertex 237.6027864083648 202.4 9.639154788851737
      vertex 237.85000000298027 202.4 9.600000005960464
    endloop
  endfacet
  facet normal 0.15643444971321585 0 0.9876883430226983
    outer loop
      vertex 237.6027864083648 200 9.639154788851737
      vertex 237.85000000298027 200 9.600000005960464
      vertex 237.85000000298027 202.4 9.600000005960464
    endloop
  endfacet
  facet normal 0.45399050800249663 0 0.8910065199781846
    outer loop
      vertex 237.6027864083648 200 9.639154788851737
      vertex 237.6027864083648 202.4 9.639154788851737
      vertex 237.37977180033926 200 9.752786409854888
    endloop
  endfacet
  facet normal 0.7071067811865476 0 0.7071067811865476
    outer loop
      vertex 237.37977180033926 200 9.752786409854888
      vertex 237.37977180033926 202.4 9.752786409854888
      vertex 237.20278640985492 200 9.929771800339221
    endloop
  endfacet
  facet normal 0.8910065199781846 0 0.45399050800249663
    outer loop
      vertex 237.20278640985492 200 9.929771800339221
      vertex 237.20278640985492 202.4 9.929771800339221
      vertex 237.08915478885177 200 10.152786408364772
    endloop
  endfacet
  facet normal 0.9876883430226983 0 0.15643444971321585
    outer loop
      vertex 237.08915478885177 200 10.152786408364772
      vertex 237.08915478885177 202.4 10.152786408364772
      vertex 237.0500000059605 200 10.400000002980232
    endloop
  endfacet
  facet normal 0.15643444971321585 0 0.9876883430226983
    outer loop
      vertex 237.6027864083648 200 9.639154788851737
      vertex 237.85000000298027 202.4 9.600000005960464
      vertex 237.6027864083648 202.4 9.639154788851737
    endloop
  endfacet
  facet normal 0.45399050800249663 0 0.8910065199781846
    outer loop
      vertex 237.37977180033926 200 9.752786409854888
      vertex 237.6027864083648 202.4 9.639154788851737
      vertex 237.37977180033926 202.4 9.752786409854888
    endloop
  endfacet
  facet normal 0.7071067811865476 0 0.7071067811865476
    outer loop
      vertex 237.20278640985492 200 9.929771800339221
      vertex 237.37977180033926 202.4 9.752786409854888
      vertex 237.20278640985492 202.4 9.929771800339221
    endloop
  endfacet
  facet normal 0.8910065199781846 0 0.45399050800249663
    outer loop
      vertex 237.08915478885177 200 10.152786408364772
      vertex 237.20278640985492 202.4 9.929771800339221
      vertex 237.08915478885177 202.4 10.152786408364772
    endloop
  endfacet
  facet normal 0.9876883430226983 0 0.15643444971321585
    outer loop
      vertex 237.08915478885177 202.4 10.152786408364772
      vertex 237.0500000059605 202.4 10.400000002980232
      vertex 237.0500000059605 200 10.400000002980232
    endloop
  endfacet
  facet normal 0 1 0
    outer loop
      vertex 234.90000000000003 202.4 8.391935489182995
      vertex 237.85000000298027 202.4 9.600000005960464
      vertex 251.4499999970198 202.4 9.600000005960464
    endloop
  endfacet
  facet normal 0 0 1
    outer loop
      vertex 237.85000000298027 200 9.600000005960464
      vertex 251.4499999970198 202.4 9.600000005960464
      vertex 237.85000000298027 202.4 9.600000005960464
    endloop
  endfacet
  facet normal 1 0 0
    outer loop
      vertex 237.0500000059605 200 10.400000002980232
      vertex 237.0500000059605 202.4 10.400000002980232
      vertex 237.0500000059605 200 11.999999997019767
    endloop
  endfacet
  facet normal 0.9876883430226983 0 -0.15643444971321585
    outer loop
      vertex 237.0500000059605 200 11.999999997019767
      vertex 237.0500000059605 202.4 11.999999997019767
      vertex 237.08915478885177 200 12.247213591635226
    endloop
  endfacet
  facet normal 0.8910065199781846 0 -0.45399050800249663
    outer loop
      vertex 237.08915478885177 200 12.247213591635226
      vertex 237.08915478885177 202.4 12.247213591635226
      vertex 237.20278640985492 200 12.470228199660777
    endloop
  endfacet
  facet normal 1 0 0
    outer loop
      vertex 237.0500000059605 202.4 10.400000002980232
      vertex 237.0500000059605 202.4 11.999999997019767
      vertex 237.0500000059605 200 11.999999997019767
    endloop
  endfacet
  facet normal 0.9876883430226983 0 -0.15643444971321585
    outer loop
      vertex 237.08915478885177 200 12.247213591635226
      vertex 237.0500000059605 202.4 11.999999997019767
      vertex 237.08915478885177 202.4 12.247213591635226
    endloop
  endfacet
  facet normal 0 0 1
    outer loop
      vertex 237.85000000298027 200 9.600000005960464
      vertex 251.4499999970198 200 9.600000005960464
      vertex 251.4499999970198 202.4 9.600000005960464
    endloop
  endfacet
  facet normal -0.15643444971321585 0 0.9876883430226983
    outer loop
      vertex 251.4499999970198 200 9.600000005960464
      vertex 251.69721359163526 200 9.639154788851737
      vertex 251.69721359163526 202.4 9.639154788851737
    endloop
  endfacet
  facet normal -0.45399050800249663 0 0.8910065199781846
    outer loop
      vertex 251.69721359163526 200 9.639154788851737
      vertex 251.9202281996608 200 9.752786409854888
      vertex 251.9202281996608 202.4 9.752786409854888
    endloop
  endfacet
  facet normal -0.7071067811865476 0 0.7071067811865476
    outer loop
      vertex 251.9202281996608 200 9.752786409854888
      vertex 252.09721359014515 200 9.929771800339221
      vertex 252.09721359014515 202.4 9.929771800339221
    endloop
  endfacet
  facet normal -0.8910065199781846 0 0.45399050800249663
    outer loop
      vertex 252.09721359014515 200 9.929771800339221
      vertex 252.2108452111483 200 10.152786408364772
      vertex 252.2108452111483 202.4 10.152786408364772
    endloop
  endfacet
  facet normal -0.9876883430226983 0 0.15643444971321585
    outer loop
      vertex 252.2108452111483 200 10.152786408364772
      vertex 252.24999999403957 200 10.400000002980232
      vertex 252.24999999403957 202.4 10.400000002980232
    endloop
  endfacet
  facet normal -0.15643444971321585 0 0.9876883430226983
    outer loop
      vertex 251.4499999970198 200 9.600000005960464
      vertex 251.69721359163526 202.4 9.639154788851737
      vertex 251.4499999970198 202.4 9.600000005960464
    endloop
  endfacet
  facet normal -0.45399050800249663 0 0.8910065199781846
    outer loop
      vertex 251.69721359163526 200 9.639154788851737
      vertex 251.9202281996608 202.4 9.752786409854888
      vertex 251.69721359163526 202.4 9.639154788851737
    endloop
  endfacet
  facet normal -0.7071067811865476 0 0.7071067811865476
    outer loop
      vertex 251.9202281996608 200 9.752786409854888
      vertex 252.09721359014515 202.4 9.929771800339221
      vertex 251.9202281996608 202.4 9.752786409854888
    endloop
  endfacet
  facet normal -0.8910065199781846 0 0.45399050800249663
    outer loop
      vertex 252.09721359014515 200 9.929771800339221
      vertex 252.2108452111483 202.4 10.152786408364772
      vertex 252.09721359014515 202.4 9.929771800339221
    endloop
  endfacet
  facet normal -0.9876883430226983 0 0.15643444971321585
    outer loop
      vertex 252.2108452111483 200 10.152786408364772
      vertex 252.24999999403957 202.4 10.400000002980232
      vertex 252.2108452111483 202.4 10.152786408364772
    endloop
  endfacet
  facet normal -1 0 0
    outer loop
      vertex 252.24999999403957 200 10.400000002980232
      vertex 252.24999999403957 202.4 11.999999997019767
      vertex 252.24999999403957 202.4 10.400000002980232
    endloop
  endfacet
  facet normal -1 0 0
    outer loop
      vertex 252.24999999403957 200 10.400000002980232
      vertex 252.24999999403957 200 11.999999997019767
      vertex 252.24999999403957 202.4 11.999999997019767
    endloop
  endfacet
  facet normal -0.9876883430226983 0 -0.15643444971321585
    outer loop
      vertex 252.24999999403957 200 11.999999997019767
      vertex 252.2108452111483 200 12.247213591635226
      vertex 252.2108452111483 202.4 12.247213591635226
    endloop
  endfacet
  facet normal -0.9876883430226983 0 -0.15643444971321585
    outer loop
      vertex 252.24999999403957 200 11.999999997019767
      vertex 252.2108452111483 202.4 12.247213591635226
      vertex 252.24999999403957 202.4 11.999999997019767
    endloop
  endfacet
  facet normal -0.8910065199781846 0 -0.45399050800249663
    outer loop
      vertex 252.2108452111483 200 12.247213591635226
      vertex 252.09721359014515 202.4 12.470228199660777
      vertex 252.2108452111483 202.4 12.247213591635226
    endloop
  endfacet
  facet normal 0 0 -1
    outer loop
      vertex 291.3 106.4 0
      vertex 288.90000000000003 194.4 0
      vertex 291.3 194.4 0
    endloop
  endfacet
  facet normal 0 0 -1
    outer loop
      vertex 288.90000000000003 194.4 0
      vertex 288.6259164912529 196.1304951684997 0
      vertex 291.3 194.4 0
    endloop
  endfacet
  facet normal 0 0 -1
    outer loop
      vertex 291.3 194.4 0
      vertex 288.6259164912529 196.1304951684997 0
      vertex 287.83049516849974 197.69159741283784 0
    endloop
  endfacet
  facet normal 0 0 -1
    outer loop
      vertex 283.3 200 0
      vertex 285.7721359549996 202.00845213036123 0
      vertex 285.0304951684997 199.72591649125286 0
    endloop
  endfacet
  facet normal 0 0 -1
    outer loop
      vertex 286.59159741283787 198.9304951684997 0
      vertex 285.7721359549996 202.00845213036123 0
      vertex 287.83049516849974 197.69159741283784 0
    endloop
  endfacet
  facet normal 0 0 -1
    outer loop
      vertex 286.59159741283787 198.9304951684997 0
      vertex 285.0304951684997 199.72591649125286 0
      vertex 285.7721359549996 202.00845213036123 0
    endloop
  endfacet
  facet normal 0 0 -1
    outer loop
      vertex 291.3 194.4 0
      vertex 287.83049516849974 197.69159741283784 0
      vertex 285.7721359549996 202.00845213036123 0
    endloop
  endfacet
  facet normal 0 0 -1
    outer loop
      vertex 291.3 194.4 0
      vertex 285.7721359549996 202.00845213036123 0
      vertex 289.7721359549996 199.1022820183398 0
    endloop
  endfacet
  facet normal 0 0 -1
    outer loop
      vertex 291.3 194.4 0
      vertex 289.7721359549996 199.1022820183398 0
      vertex 290.90845213036124 196.87213595499958 0
    endloop
  endfacet
  facet normal 0 0 -1
    outer loop
      vertex 285.7721359549996 202.00845213036123 0
      vertex 288.00228201833977 200.87213595499958 0
      vertex 289.7721359549996 199.1022820183398 0
    endloop
  endfacet
  facet normal 0 1 0
    outer loop
      vertex 234.90000000000003 202.4 8.391935489182995
      vertex 251.4499999970198 202.4 9.600000005960464
      vertex 283.3 202.4 0
    endloop
  endfacet
  facet normal 0 -1 0
    outer loop
      vertex 237.85000000298027 200 9.600000005960464
      vertex 283.3 200 0
      vertex 251.4499999970198 200 9.600000005960464
    endloop
  endfacet
  facet normal 0 -1 0
    outer loop
      vertex 251.4499999970198 200 9.600000005960464
      vertex 283.3 200 0
      vertex 251.69721359163526 200 9.639154788851737
    endloop
  endfacet
  facet normal 0 1 0
    outer loop
      vertex 251.4499999970198 202.4 9.600000005960464
      vertex 251.69721359163526 202.4 9.639154788851737
      vertex 283.3 202.4 0
    endloop
  endfacet
  facet normal 0 -1 0
    outer loop
      vertex 251.69721359163526 200 9.639154788851737
      vertex 283.3 200 0
      vertex 251.9202281996608 200 9.752786409854888
    endloop
  endfacet
  facet normal 0 -1 0
    outer loop
      vertex 251.9202281996608 200 9.752786409854888
      vertex 283.3 200 0
      vertex 252.09721359014515 200 9.929771800339221
    endloop
  endfacet
  facet normal 0 -1 0
    outer loop
      vertex 252.09721359014515 200 9.929771800339221
      vertex 283.3 200 0
      vertex 252.2108452111483 200 10.152786408364772
    endloop
  endfacet
  facet normal 0 -1 0
    outer loop
      vertex 252.2108452111483 200 10.152786408364772
      vertex 283.3 200 0
      vertex 252.24999999403957 200 10.400000002980232
    endloop
  endfacet
  facet normal 0 1 0
    outer loop
      vertex 251.69721359163526 202.4 9.639154788851737
      vertex 251.9202281996608 202.4 9.752786409854888
      vertex 283.3 202.4 0
    endloop
  endfacet
  facet normal 0 1 0
    outer loop
      vertex 251.9202281996608 202.4 9.752786409854888
      vertex 252.09721359014515 202.4 9.929771800339221
      vertex 283.3 202.4 0
    endloop
  endfacet
  facet normal 0 1 0
    outer loop
      vertex 252.09721359014515 202.4 9.929771800339221
      vertex 252.2108452111483 202.4 10.152786408364772
      vertex 283.3 202.4 0
    endloop
  endfacet
  facet normal 0 1 0
    outer loop
      vertex 252.2108452111483 202.4 10.152786408364772
      vertex 252.24999999403957 202.4 10.400000002980232
      vertex 283.3 202.4 0
    endloop
  endfacet
  facet normal 0 -1 0
    outer loop
      vertex 252.24999999403957 200 10.400000002980232
      vertex 283.3 200 0
      vertex 252.24999999403957 200 11.999999997019767
    endloop
  endfacet
  facet normal 0 -1 0
    outer loop
      vertex 252.24999999403957 200 11.999999997019767
      vertex 283.3 200 0
      vertex 252.2108452111483 200 12.247213591635226
    endloop
  endfacet
  facet normal 0 1 0
    outer loop
      vertex 252.24999999403957 202.4 10.400000002980232
      vertex 252.24999999403957 202.4 11.999999997019767
      vertex 283.3 202.4 0
    endloop
  endfacet
  facet normal 0 1 0
    outer loop
      vertex 252.24999999403957 202.4 11.999999997019767
      vertex 252.2108452111483 202.4 12.247213591635226
      vertex 283.3 202.4 0
    endloop
  endfacet
  facet normal 0 1 0
    outer loop
      vertex 252.2108452111483 202.4 12.247213591635226
      vertex 252.09721359014515 202.4 12.470228199660777
      vertex 283.3 202.4 0
    endloop
  endfacet
  facet normal 0 -1 0
    outer loop
      vertex 252.2108452111483 200 12.247213591635226
      vertex 283.3 200 0
      vertex 271.3 200 17.650000000000002
    endloop
  endfacet
  facet normal 0 1 0
    outer loop
      vertex 283.3 202.4 0
      vertex 252.09721359014515 202.4 12.470228199660777
      vertex 271.3 202.4 17.650000000000002
    endloop
  endfacet
  facet normal 0 -1 0
    outer loop
      vertex 283.3 200 0
      vertex 273.4476681109059 200 17.990157211748684
      vertex 271.3 200 17.650000000000002
    endloop
  endfacet
  facet normal 0 -1 0
    outer loop
      vertex 283.3 200 0
      vertex 275.3851075034327 200 18.977331889094117
      vertex 273.4476681109059 200 17.990157211748684
    endloop
  endfacet
  facet normal 0 1 0
    outer loop
      vertex 283.3 202.4 0
      vertex 271.3 202.4 17.650000000000002
      vertex 273.4476681109059 202.4 17.990157211748684
    endloop
  endfacet
  facet normal 0 1 0
    outer loop
      vertex 283.3 202.4 0
      vertex 273.4476681109059 202.4 17.990157211748684
      vertex 275.3851075034327 202.4 18.977331889094117
    endloop
  endfacet
  facet normal -0.8910065199781846 0 -0.45399050800249663
    outer loop
      vertex 218.9608452111483 200 12.247213591635226
      vertex 218.84721359014515 200 12.470228199660777
      vertex 218.84721359014515 202.4 12.470228199660777
    endloop
  endfacet
  facet normal -0.7071067811865476 0 -0.7071067811865476
    outer loop
      vertex 218.84721359014515 200 12.470228199660777
      vertex 218.6702281996608 200 12.64721359014511
      vertex 218.6702281996608 202.4 12.64721359014511
    endloop
  endfacet
  facet normal -0.45399050800249663 0 -0.8910065199781846
    outer loop
      vertex 218.44721359163526 200 12.760845211148261
      vertex 218.44721359163526 202.4 12.760845211148261
      vertex 218.6702281996608 200 12.64721359014511
    endloop
  endfacet
  facet normal 0 -1 0
    outer loop
      vertex 218.9608452111483 200 12.247213591635226
      vertex 224.40000000000003 200 12.760845211148261
      vertex 218.84721359014515 200 12.470228199660777
    endloop
  endfacet
  facet normal 0 -1 0
    outer loop
      vertex 218.84721359014515 200 12.470228199660777
      vertex 224.40000000000003 200 12.760845211148261
      vertex 218.6702281996608 200 12.64721359014511
    endloop
  endfacet
  facet normal 0 -1 0
    outer loop
      vertex 218.44721359163526 200 12.760845211148261
      vertex 218.6702281996608 200 12.64721359014511
      vertex 224.40000000000003 200 12.760845211148261
    endloop
  endfacet
  facet normal -0.7071067811865476 0 -0.7071067811865476
    outer loop
      vertex 218.84721359014515 200 12.470228199660777
      vertex 218.6702281996608 202.4 12.64721359014511
      vertex 218.84721359014515 202.4 12.470228199660777
    endloop
  endfacet
  facet normal -0.45399050800249663 0 -0.8910065199781846
    outer loop
      vertex 218.44721359163526 202.4 12.760845211148261
      vertex 218.6702281996608 202.4 12.64721359014511
      vertex 218.6702281996608 200 12.64721359014511
    endloop
  endfacet
  facet normal 0 1 0
    outer loop
      vertex 218.84721359014515 202.4 12.470228199660777
      vertex 218.6702281996608 202.4 12.64721359014511
      vertex 224.40000000000003 202.4 13.2
    endloop
  endfacet
  facet normal 0 1 0
    outer loop
      vertex 218.44721359163526 202.4 12.760845211148261
      vertex 224.40000000000003 202.4 13.2
      vertex 218.6702281996608 202.4 12.64721359014511
    endloop
  endfacet
  facet normal 0 1 0
    outer loop
      vertex 218.44721359163526 202.4 12.760845211148261
      vertex 218.1999999970198 202.4 12.799999994039535
      vertex 224.40000000000003 202.4 13.2
    endloop
  endfacet
  facet normal 0 -1 0
    outer loop
      vertex 224.40000000000003 200 12.760845211148261
      vertex 234.90000000000003 200 13.2
      vertex 225.55787526911428 200 13.2
    endloop
  endfacet
  facet normal 0 -1 0
    outer loop
      vertex 234.90000000000003 200 13.2
      vertex 237.20278640985492 200 12.470228199660777
      vertex 237.37977180033926 200 12.64721359014511
    endloop
  endfacet
  facet normal 0 -1 0
    outer loop
      vertex 234.90000000000003 200 13.2
      vertex 237.37977180033926 200 12.64721359014511
      vertex 237.6027864083648 200 12.760845211148261
    endloop
  endfacet
  facet normal 0 1 0
    outer loop
      vertex 237.08915478885177 202.4 12.247213591635226
      vertex 234.90000000000003 202.4 12.729304110467805
      vertex 237.20278640985492 202.4 12.470228199660777
    endloop
  endfacet
  facet normal 0 1 0
    outer loop
      vertex 234.90000000000003 202.4 12.729304110467805
      vertex 237.37977180033926 202.4 12.64721359014511
      vertex 237.20278640985492 202.4 12.470228199660777
    endloop
  endfacet
  facet normal 0 -1 0
    outer loop
      vertex 210.10000000298027 200 12.799999994039535
      vertex 218.1999999970198 200 12.799999994039535
      vertex 267.2148924965673 200 30.222668110905886
    endloop
  endfacet
  facet normal 0 -1 0
    outer loop
      vertex 218.44721359163526 200 12.760845211148261
      vertex 267.2148924965673 200 30.222668110905886
      vertex 218.1999999970198 200 12.799999994039535
    endloop
  endfacet
  facet normal 0.7071067811865476 0 -0.7071067811865476
    outer loop
      vertex 237.20278640985492 200 12.470228199660777
      vertex 237.20278640985492 202.4 12.470228199660777
      vertex 237.37977180033926 200 12.64721359014511
    endloop
  endfacet
  facet normal 0.45399050800249663 0 -0.8910065199781846
    outer loop
      vertex 237.37977180033926 200 12.64721359014511
      vertex 237.37977180033926 202.4 12.64721359014511
      vertex 237.6027864083648 200 12.760845211148261
    endloop
  endfacet
  facet normal 0.15643444971321585 0 -0.9876883430226983
    outer loop
      vertex 237.6027864083648 200 12.760845211148261
      vertex 237.6027864083648 202.4 12.760845211148261
      vertex 237.85000000298027 200 12.799999994039535
    endloop
  endfacet
  facet normal 0.8910065199781846 0 -0.45399050800249663
    outer loop
      vertex 237.08915478885177 202.4 12.247213591635226
      vertex 237.20278640985492 202.4 12.470228199660777
      vertex 237.20278640985492 200 12.470228199660777
    endloop
  endfacet
  facet normal 0.7071067811865476 0 -0.7071067811865476
    outer loop
      vertex 237.37977180033926 200 12.64721359014511
      vertex 237.20278640985492 202.4 12.470228199660777
      vertex 237.37977180033926 202.4 12.64721359014511
    endloop
  endfacet
  facet normal 0.45399050800249663 0 -0.8910065199781846
    outer loop
      vertex 237.6027864083648 200 12.760845211148261
      vertex 237.37977180033926 202.4 12.64721359014511
      vertex 237.6027864083648 202.4 12.760845211148261
    endloop
  endfacet
  facet normal 0.15643444971321585 0 -0.9876883430226983
    outer loop
      vertex 237.85000000298027 200 12.799999994039535
      vertex 237.6027864083648 202.4 12.760845211148261
      vertex 237.85000000298027 202.4 12.799999994039535
    endloop
  endfacet
  facet normal 0 0 -1
    outer loop
      vertex 237.85000000298027 200 12.799999994039535
      vertex 237.85000000298027 202.4 12.799999994039535
      vertex 251.4499999970198 200 12.799999994039535
    endloop
  endfacet
  facet normal 0 0 -1
    outer loop
      vertex 237.85000000298027 202.4 12.799999994039535
      vertex 251.4499999970198 202.4 12.799999994039535
      vertex 251.4499999970198 200 12.799999994039535
    endloop
  endfacet
  facet normal -0.7071067811865476 0 -0.7071067811865476
    outer loop
      vertex 252.09721359014515 200 12.470228199660777
      vertex 251.9202281996608 200 12.64721359014511
      vertex 251.9202281996608 202.4 12.64721359014511
    endloop
  endfacet
  facet normal -0.8910065199781846 0 -0.45399050800249663
    outer loop
      vertex 252.2108452111483 200 12.247213591635226
      vertex 252.09721359014515 200 12.470228199660777
      vertex 252.09721359014515 202.4 12.470228199660777
    endloop
  endfacet
  facet normal -0.45399050800249663 0 -0.8910065199781846
    outer loop
      vertex 251.9202281996608 200 12.64721359014511
      vertex 251.69721359163526 200 12.760845211148261
      vertex 251.69721359163526 202.4 12.760845211148261
    endloop
  endfacet
  facet normal -0.15643444971321585 0 -0.9876883430226983
    outer loop
      vertex 251.4499999970198 200 12.799999994039535
      vertex 251.4499999970198 202.4 12.799999994039535
      vertex 251.69721359163526 200 12.760845211148261
    endloop
  endfacet
  facet normal -0.7071067811865476 0 -0.7071067811865476
    outer loop
      vertex 252.09721359014515 200 12.470228199660777
      vertex 251.9202281996608 202.4 12.64721359014511
      vertex 252.09721359014515 202.4 12.470228199660777
    endloop
  endfacet
  facet normal -0.45399050800249663 0 -0.8910065199781846
    outer loop
      vertex 251.9202281996608 200 12.64721359014511
      vertex 251.69721359163526 202.4 12.760845211148261
      vertex 251.9202281996608 202.4 12.64721359014511
    endloop
  endfacet
  facet normal -0.15643444971321585 0 -0.9876883430226983
    outer loop
      vertex 251.69721359163526 200 12.760845211148261
      vertex 251.4499999970198 202.4 12.799999994039535
      vertex 251.69721359163526 202.4 12.760845211148261
    endloop
  endfacet
  facet normal 0 -1 0
    outer loop
      vertex 218.44721359163526 200 12.760845211148261
      vertex 224.40000000000003 200 12.760845211148261
      vertex 267.2148924965673 200 30.222668110905886
    endloop
  endfacet
  facet normal 0 -1 0
    outer loop
      vertex 224.40000000000003 200 12.760845211148261
      vertex 225.55787526911428 200 13.2
      vertex 267.2148924965673 200 30.222668110905886
    endloop
  endfacet
  facet normal 0 -1 0
    outer loop
      vertex 225.55787526911428 200 13.2
      vertex 234.90000000000003 200 13.2
      vertex 267.2148924965673 200 30.222668110905886
    endloop
  endfacet
  facet normal 0 -1 0
    outer loop
      vertex 237.6027864083648 200 12.760845211148261
      vertex 237.85000000298027 200 12.799999994039535
      vertex 265.67733188909415 200 28.68510750343269
    endloop
  endfacet
  facet normal 0 -1 0
    outer loop
      vertex 237.85000000298027 200 12.799999994039535
      vertex 251.4499999970198 200 12.799999994039535
      vertex 264.69015721174867 200 26.747668110905884
    endloop
  endfacet
  facet normal 0 -1 0
    outer loop
      vertex 234.90000000000003 200 13.2
      vertex 237.6027864083648 200 12.760845211148261
      vertex 267.2148924965673 200 30.222668110905886
    endloop
  endfacet
  facet normal 1 0 0
    outer loop
      vertex 291.3 106.4 0
      vertex 291.3 194.4 0
      vertex 291.3 194.4 60
    endloop
  endfacet
  facet normal -1 0 0
    outer loop
      vertex 288.90000000000003 106.4 23.4
      vertex 288.90000000000003 194.4 57.4
      vertex 288.90000000000003 194.4 0
    endloop
  endfacet
  facet normal 0 -1 0
    outer loop
      vertex 252.2108452111483 200 12.247213591635226
      vertex 265.67733188909415 200 20.514892496567313
      vertex 252.09721359014515 200 12.470228199660777
    endloop
  endfacet
  facet normal 0 1 0
    outer loop
      vertex 252.09721359014515 202.4 12.470228199660777
      vertex 251.9202281996608 202.4 12.64721359014511
      vertex 265.67733188909415 202.4 20.514892496567313
    endloop
  endfacet
  facet normal 0 1 0
    outer loop
      vertex 251.9202281996608 202.4 12.64721359014511
      vertex 251.69721359163526 202.4 12.760845211148261
      vertex 265.67733188909415 202.4 20.514892496567313
    endloop
  endfacet
  facet normal 0 -1 0
    outer loop
      vertex 252.09721359014515 200 12.470228199660777
      vertex 264.69015721174867 200 22.45233188909412
      vertex 251.9202281996608 200 12.64721359014511
    endloop
  endfacet
  facet normal 0 -1 0
    outer loop
      vertex 251.9202281996608 200 12.64721359014511
      vertex 264.69015721174867 200 22.45233188909412
      vertex 251.69721359163526 200 12.760845211148261
    endloop
  endfacet
  facet normal 0 -1 0
    outer loop
      vertex 252.2108452111483 200 12.247213591635226
      vertex 271.3 200 17.650000000000002
      vertex 269.1523318890941 200 17.990157211748684
    endloop
  endfacet
  facet normal 0 1 0
    outer loop
      vertex 252.09721359014515 202.4 12.470228199660777
      vertex 269.1523318890941 202.4 17.990157211748684
      vertex 271.3 202.4 17.650000000000002
    endloop
  endfacet
  facet normal 0 -1 0
    outer loop
      vertex 251.4499999970198 200 12.799999994039535
      vertex 251.69721359163526 200 12.760845211148261
      vertex 264.35 200 24.6
    endloop
  endfacet
  facet normal 0 -1 0
    outer loop
      vertex 252.2108452111483 200 12.247213591635226
      vertex 267.2148924965673 200 18.977331889094117
      vertex 265.67733188909415 200 20.514892496567313
    endloop
  endfacet
  facet normal 0 1 0
    outer loop
      vertex 252.09721359014515 202.4 12.470228199660777
      vertex 265.67733188909415 202.4 20.514892496567313
      vertex 267.2148924965673 202.4 18.977331889094117
    endloop
  endfacet
  facet normal 0 -1 0
    outer loop
      vertex 252.2108452111483 200 12.247213591635226
      vertex 269.1523318890941 200 17.990157211748684
      vertex 267.2148924965673 200 18.977331889094117
    endloop
  endfacet
  facet normal 0 1 0
    outer loop
      vertex 252.09721359014515 202.4 12.470228199660777
      vertex 267.2148924965673 202.4 18.977331889094117
      vertex 269.1523318890941 202.4 17.990157211748684
    endloop
  endfacet
  facet normal 0 -1 0
    outer loop
      vertex 252.09721359014515 200 12.470228199660777
      vertex 265.67733188909415 200 20.514892496567313
      vertex 264.69015721174867 200 22.45233188909412
    endloop
  endfacet
  facet normal 0 -1 0
    outer loop
      vertex 251.69721359163526 200 12.760845211148261
      vertex 264.69015721174867 200 22.45233188909412
      vertex 264.35 200 24.6
    endloop
  endfacet
  facet normal 0.4539904997395451 0 0.8910065241883687
    outer loop
      vertex 269.1523318890941 200 17.990157211748684
      vertex 269.1523318890941 202.4 17.990157211748684
      vertex 267.2148924965673 200 18.977331889094117
    endloop
  endfacet
  facet normal 0.15643446504022976 -8.104617475955559e-18 0.9876883405951379
    outer loop
      vertex 269.1523318890941 200 17.990157211748684
      vertex 271.3 200 17.650000000000002
      vertex 271.3 202.4 17.650000000000002
    endloop
  endfacet
  facet normal 0.15643446504022976 0 0.9876883405951379
    outer loop
      vertex 269.1523318890941 200 17.990157211748684
      vertex 271.3 202.4 17.650000000000002
      vertex 269.1523318890941 202.4 17.990157211748684
    endloop
  endfacet
  facet normal -0.15643446504022976 8.104617475955559e-18 0.9876883405951379
    outer loop
      vertex 271.3 200 17.650000000000002
      vertex 273.4476681109059 200 17.990157211748684
      vertex 273.4476681109059 202.4 17.990157211748684
    endloop
  endfacet
  facet normal -0.15643446504022976 0 0.9876883405951379
    outer loop
      vertex 271.3 200 17.650000000000002
      vertex 273.4476681109059 202.4 17.990157211748684
      vertex 271.3 202.4 17.650000000000002
    endloop
  endfacet
  facet normal 0.4539904997395451 4.948436668385041e-18 0.8910065241883687
    outer loop
      vertex 269.1523318890941 202.4 17.990157211748684
      vertex 267.2148924965673 202.4 18.977331889094117
      vertex 267.2148924965673 200 18.977331889094117
    endloop
  endfacet
  facet normal 0.7071067811865575 -3.1870511877239965e-17 0.7071067811865378
    outer loop
      vertex 267.2148924965673 202.4 18.977331889094117
      vertex 265.67733188909415 202.4 20.514892496567313
      vertex 265.67733188909415 200 20.514892496567313
    endloop
  endfacet
  facet normal 0.7071067811865575 0 0.7071067811865378
    outer loop
      vertex 267.2148924965673 200 18.977331889094117
      vertex 267.2148924965673 202.4 18.977331889094117
      vertex 265.67733188909415 200 20.514892496567313
    endloop
  endfacet
  facet normal 0 -1 0
    outer loop
      vertex 283.3 200 0
      vertex 276.9226681109059 200 20.514892496567313
      vertex 275.3851075034327 200 18.977331889094117
    endloop
  endfacet
  facet normal 0 1 0
    outer loop
      vertex 283.3 202.4 0
      vertex 275.3851075034327 202.4 18.977331889094117
      vertex 276.9226681109059 202.4 20.514892496567313
    endloop
  endfacet
  facet normal 0 -1 0
    outer loop
      vertex 283.3 200 0
      vertex 277.90984278825135 200 22.45233188909412
      vertex 276.9226681109059 200 20.514892496567313
    endloop
  endfacet
  facet normal 0 1 0
    outer loop
      vertex 283.3 202.4 0
      vertex 276.9226681109059 202.4 20.514892496567313
      vertex 277.90984278825135 202.4 22.45233188909412
    endloop
  endfacet
  facet normal 0 -1 0
    outer loop
      vertex 283.3 200 0
      vertex 278.25 200 24.6
      vertex 277.90984278825135 200 22.45233188909412
    endloop
  endfacet
  facet normal 0 1 0
    outer loop
      vertex 283.3 202.4 0
      vertex 277.90984278825135 202.4 22.45233188909412
      vertex 278.25 202.4 24.6
    endloop
  endfacet
  facet normal -0.4539904997395451 0 0.8910065241883687
    outer loop
      vertex 273.4476681109059 200 17.990157211748684
      vertex 275.3851075034327 202.4 18.977331889094117
      vertex 273.4476681109059 202.4 17.990157211748684
    endloop
  endfacet
  facet normal 0 1 0
    outer loop
      vertex 283.3 202.4 0
      vertex 278.25 202.4 24.6
      vertex 277.90984278825135 202.4 26.747668110905884
    endloop
  endfacet
  facet normal -0.4539904997395451 -4.948436668385041e-18 0.8910065241883687
    outer loop
      vertex 273.4476681109059 200 17.990157211748684
      vertex 275.3851075034327 200 18.977331889094117
      vertex 275.3851075034327 202.4 18.977331889094117
    endloop
  endfacet
  facet normal -0.7071067811865575 3.1870511877239965e-17 0.7071067811865378
    outer loop
      vertex 275.3851075034327 200 18.977331889094117
      vertex 276.9226681109059 200 20.514892496567313
      vertex 276.9226681109059 202.4 20.514892496567313
    endloop
  endfacet
  facet normal -0.7071067811865575 0 0.7071067811865378
    outer loop
      vertex 275.3851075034327 200 18.977331889094117
      vertex 276.9226681109059 202.4 20.514892496567313
      vertex 275.3851075034327 202.4 18.977331889094117
    endloop
  endfacet
  facet normal -0.9876883405951374 -0.15643446504023234 0
    outer loop
      vertex 288.90000000000003 194.4 0
      vertex 288.90000000000003 194.4 57.4
      vertex 288.6259164912529 196.1304951684997 0
    endloop
  endfacet
  facet normal 0.9876883405951378 0.1564344650402311 0
    outer loop
      vertex 291.3 194.4 0
      vertex 290.90845213036124 196.87213595499958 0
      vertex 291.3 194.4 60
    endloop
  endfacet
  facet normal -0.4539904997395478 -0.8910065241883673 0
    outer loop
      vertex 286.59159741283787 198.9304951684997 0
      vertex 286.59159741283787 198.9304951684997 57.4
      vertex 285.0304951684997 199.72591649125286 0
    endloop
  endfacet
  facet normal -0.15643446504022981 -0.9876883405951378 2.3158657524232807e-19
    outer loop
      vertex 283.3 200 0
      vertex 285.0304951684997 199.72591649125286 0
      vertex 285.0304951684997 199.72591649125286 57.4
    endloop
  endfacet
  facet normal 0.15643446504022934 0.987688340595138 -6.532024562599649e-20
    outer loop
      vertex 283.3 202.4 0
      vertex 285.7721359549996 202.00845213036123 60
      vertex 285.7721359549996 202.00845213036123 0
    endloop
  endfacet
  facet normal 0.45399049973955696 0.8910065241883628 0
    outer loop
      vertex 285.7721359549996 202.00845213036123 0
      vertex 285.7721359549996 202.00845213036123 60
      vertex 288.00228201833977 200.87213595499958 0
    endloop
  endfacet
  facet normal -0.8910065241883673 -0.4539904997395478 0
    outer loop
      vertex 288.6259164912529 196.1304951684997 0
      vertex 288.6259164912529 196.1304951684997 57.4
      vertex 287.83049516849974 197.69159741283784 0
    endloop
  endfacet
  facet normal -0.7071067811865476 -0.7071067811865476 8.466102784865259e-19
    outer loop
      vertex 286.59159741283787 198.9304951684997 0
      vertex 287.83049516849974 197.69159741283784 0
      vertex 287.83049516849974 197.69159741283784 57.4
    endloop
  endfacet
  facet normal 0.891006524188372 0.45399049973953876 8.332679684843703e-19
    outer loop
      vertex 290.90845213036124 196.87213595499958 0
      vertex 289.7721359549996 199.1022820183398 0
      vertex 289.7721359549996 199.1022820183398 60
    endloop
  endfacet
  facet normal 0.7071067811865361 0.7071067811865588 0
    outer loop
      vertex 289.7721359549996 199.1022820183398 0
      vertex 288.00228201833977 200.87213595499958 0
      vertex 289.7721359549996 199.1022820183398 60
    endloop
  endfacet
  facet normal 0 -1 0
    outer loop
      vertex 251.4499999970198 200 12.799999994039535
      vertex 264.35 200 24.6
      vertex 264.69015721174867 200 26.747668110905884
    endloop
  endfacet
  facet normal 0 -1 0
    outer loop
      vertex 237.85000000298027 200 12.799999994039535
      vertex 264.69015721174867 200 26.747668110905884
      vertex 265.67733188909415 200 28.68510750343269
    endloop
  endfacet
  facet normal 0 -1 0
    outer loop
      vertex 237.6027864083648 200 12.760845211148261
      vertex 265.67733188909415 200 28.68510750343269
      vertex 267.2148924965673 200 30.222668110905886
    endloop
  endfacet
  facet normal 0.8910065241883595 0 0.45399049973956335
    outer loop
      vertex 265.67733188909415 200 20.514892496567313
      vertex 265.67733188909415 202.4 20.514892496567313
      vertex 264.69015721174867 200 22.45233188909412
    endloop
  endfacet
  facet normal 0.8910065241883595 -1.197742767138769e-17 0.45399049973956335
    outer loop
      vertex 265.67733188909415 202.4 20.514892496567313
      vertex 264.69015721174867 202.4 22.45233188909412
      vertex 264.69015721174867 200 22.45233188909412
    endloop
  endfacet
  facet normal 0.9876883405951403 0 0.15643446504021483
    outer loop
      vertex 264.69015721174867 200 22.45233188909412
      vertex 264.69015721174867 202.4 22.45233188909412
      vertex 264.35 200 24.6
    endloop
  endfacet
  facet normal 0.9876883405951403 8.785307474270401e-18 0.15643446504021483
    outer loop
      vertex 264.69015721174867 202.4 22.45233188909412
      vertex 264.35 202.4 24.6
      vertex 264.35 200 24.6
    endloop
  endfacet
  facet normal 0.9876883405951403 0 -0.15643446504021483
    outer loop
      vertex 264.35 200 24.6
      vertex 264.35 202.4 24.6
      vertex 264.69015721174867 200 26.747668110905884
    endloop
  endfacet
  facet normal 0.9876883405951403 -8.785307474270401e-18 -0.15643446504021483
    outer loop
      vertex 264.35 202.4 24.6
      vertex 264.69015721174867 202.4 26.747668110905884
      vertex 264.69015721174867 200 26.747668110905884
    endloop
  endfacet
  facet normal 0.8910065241883595 0 -0.45399049973956335
    outer loop
      vertex 264.69015721174867 200 26.747668110905884
      vertex 264.69015721174867 202.4 26.747668110905884
      vertex 265.67733188909415 200 28.68510750343269
    endloop
  endfacet
  facet normal 0.8910065241883595 1.197742767138769e-17 -0.45399049973956335
    outer loop
      vertex 264.69015721174867 202.4 26.747668110905884
      vertex 265.67733188909415 202.4 28.68510750343269
      vertex 265.67733188909415 200 28.68510750343269
    endloop
  endfacet
  facet normal -0.8910065241883595 0 0.45399049973956335
    outer loop
      vertex 276.9226681109059 200 20.514892496567313
      vertex 277.90984278825135 202.4 22.45233188909412
      vertex 276.9226681109059 202.4 20.514892496567313
    endloop
  endfacet
  facet normal -0.8910065241883595 1.197742767138769e-17 0.45399049973956335
    outer loop
      vertex 276.9226681109059 200 20.514892496567313
      vertex 277.90984278825135 200 22.45233188909412
      vertex 277.90984278825135 202.4 22.45233188909412
    endloop
  endfacet
  facet normal -0.9876883405951403 0 0.15643446504021483
    outer loop
      vertex 277.90984278825135 200 22.45233188909412
      vertex 278.25 202.4 24.6
      vertex 277.90984278825135 202.4 22.45233188909412
    endloop
  endfacet
  facet normal -0.9876883405951403 -8.785307474270401e-18 0.15643446504021483
    outer loop
      vertex 277.90984278825135 200 22.45233188909412
      vertex 278.25 200 24.6
      vertex 278.25 202.4 24.6
    endloop
  endfacet
  facet normal -0.9876883405951403 8.785307474270401e-18 -0.15643446504021483
    outer loop
      vertex 278.25 200 24.6
      vertex 277.90984278825135 200 26.747668110905884
      vertex 277.90984278825135 202.4 26.747668110905884
    endloop
  endfacet
  facet normal -0.9876883405951403 0 -0.15643446504021483
    outer loop
      vertex 278.25 200 24.6
      vertex 277.90984278825135 202.4 26.747668110905884
      vertex 278.25 202.4 24.6
    endloop
  endfacet
  facet normal -0.8910065241883595 -1.197742767138769e-17 -0.45399049973956335
    outer loop
      vertex 277.90984278825135 200 26.747668110905884
      vertex 276.9226681109059 200 28.68510750343269
      vertex 276.9226681109059 202.4 28.68510750343269
    endloop
  endfacet
  facet normal -0.8910065241883595 0 -0.45399049973956335
    outer loop
      vertex 277.90984278825135 200 26.747668110905884
      vertex 276.9226681109059 202.4 28.68510750343269
      vertex 277.90984278825135 202.4 26.747668110905884
    endloop
  endfacet
  facet normal 0 -1 0
    outer loop
      vertex 283.3 200 0
      vertex 283.3 200 57.4
      vertex 278.25 200 24.6
    endloop
  endfacet
  facet normal 0 -0.3603992792021614 0.932798134405597
    outer loop
      vertex 145.1580117508769 104.5565169685134 28.37865428328927
      vertex 145.57778175324202 104.5565169685134 28.37865428328927
      vertex 146.80108174830676 106.31229491377722 29.057023034868468
    endloop
  endfacet
  facet normal 0.8384793386791677 -0.5083128487724203 -0.19639360066206885
    outer loop
      vertex 145.57778175324202 104.84483639187513 27.632415775764787
      vertex 146.80108174830676 106.31229491377722 29.057023034868468
      vertex 145.57778175324202 104.5565169685134 28.37865428328927
    endloop
  endfacet
  facet normal 0.8384793386791678 -0.5083128487724198 -0.1963936006620695
    outer loop
      vertex 145.57778175324202 104.84483639187513 27.632415775764787
      vertex 146.80108174830676 106.60061433713895 28.31078452734399
      vertex 146.80108174830676 106.31229491377722 29.057023034868468
    endloop
  endfacet
  facet normal 0 -0.3603992792021633 0.9327981344055964
    outer loop
      vertex 145.97499674707652 103.8112299103423 28.090702465359524
      vertex 149.5951132491231 103.8112299103423 28.090702465359524
      vertex 147.66772674918175 106.06806970306467 28.962663294365893
    endloop
  endfacet
  facet normal -0.819370475471365 0.5347399234786764 0.20660406134403222
    outer loop
      vertex 145.97499674707652 103.8112299103423 28.090702465359524
      vertex 147.66772674918175 106.06806970306467 28.962663294365893
      vertex 147.66772674918175 106.3563891264264 28.216424786841415
    endloop
  endfacet
  facet normal -2.9632914561336556e-15 -0.36039927920216086 0.9327981344055974
    outer loop
      vertex 147.66772674918175 106.3563891264264 28.216424786841415
      vertex 147.66772674918175 108.01958219002869 28.85902210686957
      vertex 146.80108174830676 106.60061433713895 28.31078452734399
    endloop
  endfacet
  facet normal 2.9594697713922914e-15 -0.36039927920216397 0.9327981344055962
    outer loop
      vertex 146.80108174830676 106.60061433713895 28.31078452734399
      vertex 147.66772674918175 108.01958219002869 28.85902210686957
      vertex 146.80108174830676 107.77535698626602 28.76466236905218
    endloop
  endfacet
  facet normal -1 0 0
    outer loop
      vertex 147.66772674918175 106.3563891264264 28.216424786841415
      vertex 147.66772674918175 106.06806970306467 28.962663294365893
      vertex 147.66772674918175 108.01958219002869 28.85902210686957
    endloop
  endfacet
  facet normal 0 -0.3603992792021639 0.9327981344055961
    outer loop
      vertex 143.9392617508769 106.31229491377722 29.057023034868468
      vertex 146.80108174830676 106.31229491377722 29.057023034868468
      vertex 146.80108174830676 107.48703756290429 29.510900876576656
    endloop
  endfacet
  facet normal 1 0 0
    outer loop
      vertex 146.80108174830676 106.60061433713895 28.31078452734399
      vertex 146.80108174830676 107.48703756290429 29.510900876576656
      vertex 146.80108174830676 106.31229491377722 29.057023034868468
    endloop
  endfacet
  facet normal 1 0 0
    outer loop
      vertex 146.80108174830676 106.60061433713895 28.31078452734399
      vertex 146.80108174830676 107.77535698626602 28.76466236905218
      vertex 146.80108174830676 107.48703756290429 29.510900876576656
    endloop
  endfacet
  facet normal -1 0 0
    outer loop
      vertex 147.66772674918175 106.06806970306467 28.962663294365893
      vertex 147.66772674918175 107.73126276666696 29.605260614394048
      vertex 147.66772674918175 108.01958219002869 28.85902210686957
    endloop
  endfacet
  facet normal 1 0 0
    outer loop
      vertex 149.5951132491231 104.09954933370403 27.344463957835046
      vertex 149.5951132491231 109.9586354665147 30.465836430244316
      vertex 149.5951132491231 103.8112299103423 28.090702465359524
    endloop
  endfacet
  facet normal -3.546461818188963e-15 -0.36039927920216247 0.9327981344055967
    outer loop
      vertex 149.5951132491231 104.09954933370403 27.344463957835046
      vertex 150.47085824757815 107.50166468267885 28.658917615393502
      vertex 149.5951132491231 110.24695488987643 29.71959792271984
    endloop
  endfacet
  facet normal 1.0812877296898576e-15 -0.3603992792021625 0.9327981344055968
    outer loop
      vertex 149.5951132491231 103.8112299103423 28.090702465359524
      vertex 149.5951132491231 109.9586354665147 30.465836430244316
      vertex 147.66772674918175 106.06806970306467 28.962663294365893
    endloop
  endfacet
  facet normal 0 -0.36039927920216247 0.9327981344055967
    outer loop
      vertex 150.47085824757815 104.50176637885198 28.35750064637463
      vertex 153.6531282529235 104.50176637885198 28.35750064637463
      vertex 150.47085824757815 106.55652011753988 29.15138277268586
    endloop
  endfacet
  facet normal 0 -0.3603992792021625 0.9327981344055968
    outer loop
      vertex 150.47085824757815 106.55652011753988 29.15138277268586
      vertex 153.6531282529235 104.50176637885198 28.35750064637463
      vertex 152.9309132486582 106.55652011753988 29.15138277268586
    endloop
  endfacet
  facet normal -1 0 0
    outer loop
      vertex 150.47085824757815 104.50176637885198 28.35750064637463
      vertex 150.47085824757815 106.55652011753988 29.15138277268586
      vertex 150.47085824757815 106.8448395409016 28.405144265161383
    endloop
  endfacet
  facet normal 0 0.9327981344055979 0.36039927920215964
    outer loop
      vertex 150.47085824757815 106.8448395409016 28.405144265161383
      vertex 150.47085824757815 106.55652011753988 29.15138277268586
      vertex 152.9309132486582 106.8448395409016 28.405144265161383
    endloop
  endfacet
  facet normal 7.430382936156512e-19 -0.36039927920216397 0.9327981344055962
    outer loop
      vertex 150.47085824757815 106.8448395409016 28.405144265161383
      vertex 152.9309132486582 107.50166468267885 28.658917615393502
      vertex 150.47085824757815 107.50166468267885 28.658917615393502
    endloop
  endfacet
  facet normal 0 -0.36039927920216397 0.9327981344055962
    outer loop
      vertex 150.47085824757815 106.8448395409016 28.405144265161383
      vertex 152.9309132486582 106.8448395409016 28.405144265161383
      vertex 152.9309132486582 107.50166468267885 28.658917615393502
    endloop
  endfacet
  facet normal -3.0640152875072895e-18 -0.9327981344055979 -0.36039927920215964
    outer loop
      vertex 150.47085824757815 107.50166468267885 28.658917615393502
      vertex 152.9309132486582 107.21334525931712 29.40515612291798
      vertex 150.47085824757815 107.21334525931712 29.40515612291798
    endloop
  endfacet
  facet normal 0 0.9327981344055979 0.36039927920215964
    outer loop
      vertex 150.47085824757815 106.55652011753988 29.15138277268586
      vertex 152.9309132486582 106.55652011753988 29.15138277268586
      vertex 152.9309132486582 106.8448395409016 28.405144265161383
    endloop
  endfacet
  facet normal 0 -0.9327981344055979 -0.36039927920215964
    outer loop
      vertex 150.47085824757815 107.50166468267885 28.658917615393502
      vertex 152.9309132486582 107.50166468267885 28.658917615393502
      vertex 152.9309132486582 107.21334525931712 29.40515612291798
    endloop
  endfacet
  facet normal -1 0 0
    outer loop
      vertex 152.9309132486582 106.8448395409016 28.405144265161383
      vertex 152.9309132486582 106.55652011753988 29.15138277268586
      vertex 152.9309132486582 107.50166468267885 28.658917615393502
    endloop
  endfacet
  facet normal -1 0 0
    outer loop
      vertex 152.9309132486582 107.50166468267885 28.658917615393502
      vertex 152.9309132486582 106.55652011753988 29.15138277268586
      vertex 152.9309132486582 107.21334525931712 29.40515612291798
    endloop
  endfacet
  facet normal 5.164808960817303e-16 -0.36039927920216236 0.9327981344055969
    outer loop
      vertex 153.6531282529235 104.50176637885198 28.35750064637463
      vertex 155.7069397509098 109.9586354665147 30.465836430244316
      vertex 152.9309132486582 106.55652011753988 29.15138277268586
    endloop
  endfacet
  facet normal 2.1012332284776797e-15 -0.36039927920216136 0.9327981344055972
    outer loop
      vertex 145.6048867493868 109.50166783865522 29.43164610747528
      vertex 146.80108174830676 107.77535698626602 28.76466236905218
      vertex 147.66772674918175 108.01958219002869 28.85902210686957
    endloop
  endfacet
  facet normal 1 0 0
    outer loop
      vertex 149.5951132491231 104.09954933370403 27.344463957835046
      vertex 149.5951132491231 110.24695488987643 29.71959792271984
      vertex 149.5951132491231 109.9586354665147 30.465836430244316
    endloop
  endfacet
  facet normal 0.8398399159380412 0.5063546834349139 0.1956370367816695
    outer loop
      vertex 145.6048867493868 109.2133484152935 30.17788461499976
      vertex 146.80108174830676 107.48703756290429 29.510900876576656
      vertex 146.80108174830676 107.77535698626602 28.76466236905218
    endloop
  endfacet
  facet normal 0.8398399159380412 0.5063546834349139 0.19563703678166955
    outer loop
      vertex 145.6048867493868 109.50166783865522 29.43164610747528
      vertex 145.6048867493868 109.2133484152935 30.17788461499976
      vertex 146.80108174830676 107.77535698626602 28.76466236905218
    endloop
  endfacet
  facet normal -0.825267034953979 -0.5267909401298224 -0.20353286323197506
    outer loop
      vertex 147.66772674918175 108.01958219002869 28.85902210686957
      vertex 147.66772674918175 107.73126276666696 29.605260614394048
      vertex 146.03369175046683 110.24695488987643 29.71959792271984
    endloop
  endfacet
  facet normal 1.743068315295372e-15 -0.36039927920216186 0.9327981344055971
    outer loop
      vertex 145.6048867493868 109.50166783865522 29.43164610747528
      vertex 147.66772674918175 108.01958219002869 28.85902210686957
      vertex 146.03369175046683 110.24695488987643 29.71959792271984
    endloop
  endfacet
  facet normal -0.825267034953979 -0.5267909401298224 -0.203532863231975
    outer loop
      vertex 147.66772674918175 107.73126276666696 29.605260614394048
      vertex 146.03369175046683 109.9586354665147 30.465836430244316
      vertex 146.03369175046683 110.24695488987643 29.71959792271984
    endloop
  endfacet
  facet normal 5.032462628440276e-18 -0.360399279202163 0.9327981344055966
    outer loop
      vertex 147.66772674918175 107.73126276666696 29.605260614394048
      vertex 149.5951132491231 109.9586354665147 30.465836430244316
      vertex 146.03369175046683 109.9586354665147 30.465836430244316
    endloop
  endfacet
  facet normal -2.8135927262900135e-15 -0.36039927920216086 0.9327981344055974
    outer loop
      vertex 147.66772674918175 106.06806970306467 28.962663294365893
      vertex 149.5951132491231 109.9586354665147 30.465836430244316
      vertex 147.66772674918175 107.73126276666696 29.605260614394048
    endloop
  endfacet
  facet normal -3.4539080952553398e-15 -0.36039927920216247 0.9327981344055967
    outer loop
      vertex 150.47085824757815 107.50166468267885 28.658917615393502
      vertex 150.47085824757815 109.55641842136674 29.452799741704734
      vertex 149.5951132491231 110.24695488987643 29.71959792271984
    endloop
  endfacet
  facet normal -1 0 0
    outer loop
      vertex 150.47085824757815 107.50166468267885 28.658917615393502
      vertex 150.47085824757815 107.21334525931712 29.40515612291798
      vertex 150.47085824757815 109.55641842136674 29.452799741704734
    endloop
  endfacet
  facet normal 0 -0.3603992792021625 0.9327981344055968
    outer loop
      vertex 150.47085824757815 107.21334525931712 29.40515612291798
      vertex 152.9309132486582 107.21334525931712 29.40515612291798
      vertex 150.47085824757815 109.26809899800502 30.19903824922921
    endloop
  endfacet
  facet normal -1 0 0
    outer loop
      vertex 150.47085824757815 107.21334525931712 29.40515612291798
      vertex 150.47085824757815 109.26809899800502 30.19903824922921
      vertex 150.47085824757815 109.55641842136674 29.452799741704734
    endloop
  endfacet
  facet normal 3.2674905314431415e-18 -0.36039927920216247 0.9327981344055967
    outer loop
      vertex 152.9309132486582 107.21334525931712 29.40515612291798
      vertex 153.49062825143338 109.26809899800502 30.19903824922921
      vertex 150.47085824757815 109.26809899800502 30.19903824922921
    endloop
  endfacet
  facet normal 0 -0.3603992792021586 0.9327981344055982
    outer loop
      vertex 149.5951132491231 110.24695488987643 29.71959792271984
      vertex 150.47085824757815 109.55641842136674 29.452799741704734
      vertex 153.38227325081826 110.24695488987643 29.71959792271984
    endloop
  endfacet
  facet normal 0 0.9327981344055979 0.3603992792021597
    outer loop
      vertex 150.47085824757815 109.55641842136674 29.452799741704734
      vertex 150.47085824757815 109.26809899800502 30.19903824922921
      vertex 153.49062825143338 109.55641842136674 29.452799741704734
    endloop
  endfacet
  facet normal 0 -0.3603992792021586 0.9327981344055982
    outer loop
      vertex 150.47085824757815 109.55641842136674 29.452799741704734
      vertex 153.49062825143338 109.55641842136674 29.452799741704734
      vertex 153.38227325081826 110.24695488987643 29.71959792271984
    endloop
  endfacet
  facet normal -1.99031626021718e-18 -0.9327981344055978 -0.36039927920215964
    outer loop
      vertex 149.5951132491231 110.24695488987643 29.71959792271984
      vertex 153.38227325081826 109.9586354665147 30.465836430244316
      vertex 149.5951132491231 109.9586354665147 30.465836430244316
    endloop
  endfacet
  facet normal 0 -0.9327981344055978 -0.36039927920215964
    outer loop
      vertex 149.5951132491231 110.24695488987643 29.71959792271984
      vertex 153.38227325081826 110.24695488987643 29.71959792271984
      vertex 153.38227325081826 109.9586354665147 30.465836430244316
    endloop
  endfacet
  facet normal 2.785960851776852e-15 -0.36039927920216397 0.9327981344055961
    outer loop
      vertex 152.9309132486582 106.55652011753988 29.15138277268586
      vertex 155.7069397509098 109.9586354665147 30.465836430244316
      vertex 152.9309132486582 107.21334525931712 29.40515612291798
    endloop
  endfacet
  facet normal 1.5349757774232023e-15 -0.3603992792021629 0.9327981344055967
    outer loop
      vertex 152.9309132486582 107.21334525931712 29.40515612291798
      vertex 155.7069397509098 109.9586354665147 30.465836430244316
      vertex 153.49062825143338 109.26809899800502 30.19903824922921
    endloop
  endfacet
  facet normal 0 0.9327981344055979 0.3603992792021597
    outer loop
      vertex 150.47085824757815 109.26809899800502 30.19903824922921
      vertex 153.49062825143338 109.26809899800502 30.19903824922921
      vertex 153.49062825143338 109.55641842136674 29.452799741704734
    endloop
  endfacet
  facet normal -0.989457116981949 -0.13509356230754574 -0.0521952399824604
    outer loop
      vertex 153.49062825143338 109.55641842136674 29.452799741704734
      vertex 153.49062825143338 109.26809899800502 30.19903824922921
      vertex 153.38227325081826 110.24695488987643 29.71959792271984
    endloop
  endfacet
  facet normal -0.989457116981949 -0.13509356230754574 -0.0521952399824604
    outer loop
      vertex 153.38227325081826 110.24695488987643 29.71959792271984
      vertex 153.49062825143338 109.26809899800502 30.19903824922921
      vertex 153.38227325081826 109.9586354665147 30.465836430244316
    endloop
  endfacet
  facet normal 6.122966907912708e-18 -0.36039927920215864 0.9327981344055983
    outer loop
      vertex 153.49062825143338 109.26809899800502 30.19903824922921
      vertex 155.7069397509098 109.9586354665147 30.465836430244316
      vertex 153.38227325081826 109.9586354665147 30.465836430244316
    endloop
  endfacet
  facet normal 1 0 0
    outer loop
      vertex 155.7069397509098 104.09954933370403 27.344463957835046
      vertex 155.7069397509098 109.9586354665147 30.465836430244316
      vertex 155.7069397509098 103.8112299103423 28.090702465359524
    endloop
  endfacet
  facet normal 9.825173440379014e-16 -0.3603992792021625 0.9327981344055968
    outer loop
      vertex 155.7069397509098 103.8112299103423 28.090702465359524
      vertex 155.7069397509098 109.9586354665147 30.465836430244316
      vertex 153.6531282529235 104.50176637885198 28.35750064637463
    endloop
  endfacet
  facet normal -1 0 0
    outer loop
      vertex 156.52847474962473 103.8112299103423 28.090702465359524
      vertex 156.52847474962473 108.37966007849856 29.855777757601714
      vertex 156.52847474962473 108.66797950186029 29.109539250077237
    endloop
  endfacet
  facet normal 0.9022765653593069 0.40218313858029103 0.15538893990602712
    outer loop
      vertex 158.92079974859953 104.10373293674174 27.34608034991779
      vertex 156.58261975049973 108.37966007849856 29.855777757601714
      vertex 158.92079974859953 103.81541351338 28.092318857442272
    endloop
  endfacet
  facet normal -2.1402793269833705e-15 -0.3603992792021627 0.9327981344055968
    outer loop
      vertex 156.52847474962473 103.8112299103423 28.090702465359524
      vertex 158.92079974859953 103.81541351338 28.092318857442272
      vertex 156.58261975049973 108.37966007849856 29.855777757601714
    endloop
  endfacet
  facet normal -7.826619062610316e-17 -0.9327981344055983 -0.36039927920215814
    outer loop
      vertex 158.78540475070477 105.78378166718518 27.995190086680033
      vertex 158.83954975157977 105.49546224382345 28.741428594204514
      vertex 158.78540475070477 105.49546224382345 28.741428594204514
    endloop
  endfacet
  facet normal 0.9022765653593064 0.40218313858029425 0.15538893990602137
    outer loop
      vertex 158.92079974859953 104.10373293674174 27.34608034991779
      vertex 156.58261975049973 108.66797950186029 29.109539250077237
      vertex 156.58261975049973 108.37966007849856 29.855777757601714
    endloop
  endfacet
  facet normal -0.901787083873886 -0.40313724050841193 -0.1557575701964298
    outer loop
      vertex 158.78540475070477 105.78378166718518 27.995190086680033
      vertex 158.78540475070477 105.49546224382345 28.741428594204514
      vertex 156.49233474731446 110.24695488987643 29.71959792271984
    endloop
  endfacet
  facet normal 1 0 0
    outer loop
      vertex 158.83954975157977 105.78378166718518 27.995190086680033
      vertex 158.83954975157977 109.96281906955241 30.467452822327065
      vertex 158.83954975157977 105.49546224382345 28.741428594204514
    endloop
  endfacet
  facet normal -2.506169526863633e-15 -0.36039927920216264 0.9327981344055966
    outer loop
      vertex 156.52847474962473 103.8112299103423 28.090702465359524
      vertex 156.58261975049973 108.37966007849856 29.855777757601714
      vertex 156.52847474962473 108.37966007849856 29.855777757601714
    endloop
  endfacet
  facet normal 0 -0.3603992792021623 0.9327981344055967
    outer loop
      vertex 158.78540475070477 105.49546224382345 28.741428594204514
      vertex 158.83954975157977 105.49546224382345 28.741428594204514
      vertex 158.83954975157977 109.96281906955241 30.467452822327065
    endloop
  endfacet
  facet normal 2.32546566941121e-15 -0.3603992792021622 0.9327981344055969
    outer loop
      vertex 159.6610847502947 103.81541351338 28.092318857442272
      vertex 161.863876247406 103.8112299103423 28.090702465359524
      vertex 161.863876247406 107.53754391870788 29.530414695864405
    endloop
  endfacet
  facet normal -1 0 0
    outer loop
      vertex 159.6610847502947 104.10373293674174 27.34608034991779
      vertex 159.6610847502947 103.81541351338 28.092318857442272
      vertex 159.6610847502947 110.25113849291414 29.721214314802587
    endloop
  endfacet
  facet normal 6.782496320395037e-17 -0.36039927920216297 0.9327981344055966
    outer loop
      vertex 158.83954975157977 105.78378166718518 27.995190086680033
      vertex 159.6610847502947 104.10373293674174 27.34608034991779
      vertex 159.6610847502947 110.25113849291414 29.721214314802587
    endloop
  endfacet
  facet normal 1 0 0
    outer loop
      vertex 161.863876247406 104.09954933370403 27.344463957835046
      vertex 161.863876247406 107.53754391870788 29.530414695864405
      vertex 161.863876247406 103.8112299103423 28.090702465359524
    endloop
  endfacet
  facet normal -1 0 0
    outer loop
      vertex 162.73507125079632 103.8112299103423 28.090702465359524
      vertex 162.73507125079632 105.49546224382345 28.74142859420451
      vertex 162.73507125079632 105.78378166718518 27.995190086680033
    endloop
  endfacet
  facet normal 1.9418392534166743e-17 -0.36039927920216125 0.9327981344055972
    outer loop
      vertex 162.73507125079632 103.8112299103423 28.090702465359524
      vertex 164.94682625085116 105.49546224382345 28.74142859420451
      vertex 162.73507125079632 105.49546224382345 28.74142859420451
    endloop
  endfacet
  facet normal 1 0 0
    outer loop
      vertex 161.863876247406 104.09954933370403 27.344463957835046
      vertex 161.863876247406 107.82586334206961 28.784176188339927
      vertex 161.863876247406 107.53754391870788 29.530414695864405
    endloop
  endfacet
  facet normal -1.939050346888835e-15 -0.36039927920216086 0.9327981344055974
    outer loop
      vertex 162.73507125079632 106.40271187919228 28.23432221404642
      vertex 162.73507125079632 107.57745453526924 28.688200058439786
      vertex 161.863876247406 107.82586334206961 28.784176188339927
    endloop
  endfacet
  facet normal -1 0 0
    outer loop
      vertex 162.73507125079632 106.40271187919228 28.23432221404642
      vertex 162.73507125079632 106.11439245583055 28.980560721570896
      vertex 162.73507125079632 107.57745453526924 28.688200058439786
    endloop
  endfacet
  facet normal -3.4079932593036346e-18 -0.9327981344055978 -0.3603992792021597
    outer loop
      vertex 162.73507125079632 106.40271187919228 28.23432221404642
      vertex 164.94682625085116 106.11439245583055 28.980560721570896
      vertex 162.73507125079632 106.11439245583055 28.980560721570896
    endloop
  endfacet
  facet normal -1 0 0
    outer loop
      vertex 162.73507125079632 106.11439245583055 28.980560721570896
      vertex 162.73507125079632 107.28913511190751 29.434438565964264
      vertex 162.73507125079632 107.57745453526924 28.688200058439786
    endloop
  endfacet
  facet normal 6.233861279576824e-16 -0.36039927920216136 0.9327981344055972
    outer loop
      vertex 159.6610847502947 103.81541351338 28.092318857442272
      vertex 161.863876247406 107.53754391870788 29.530414695864405
      vertex 159.6610847502947 109.96281906955241 30.46745282232706
    endloop
  endfacet
  facet normal 3.9000289086126246e-16 -0.36039927920216075 0.9327981344055974
    outer loop
      vertex 162.73507125079632 106.11439245583055 28.980560721570896
      vertex 164.94682625085116 107.29756294185316 29.437694772988717
      vertex 162.73507125079632 107.28913511190751 29.434438565964264
    endloop
  endfacet
  facet normal -9.52938665720068e-16 -0.3603992792021625 0.9327981344055968
    outer loop
      vertex 155.7069397509098 104.09954933370403 27.344463957835046
      vertex 156.52847474962473 108.66797950186029 29.109539250077237
      vertex 155.7069397509098 110.24695488987643 29.71959792271984
    endloop
  endfacet
  facet normal 1 0 0
    outer loop
      vertex 155.7069397509098 104.09954933370403 27.344463957835046
      vertex 155.7069397509098 110.24695488987643 29.71959792271984
      vertex 155.7069397509098 109.9586354665147 30.465836430244316
    endloop
  endfacet
  facet normal 2.231871618036089e-15 -0.36039927920216186 0.932798134405597
    outer loop
      vertex 158.78540475070477 105.78378166718518 27.995190086680033
      vertex 156.49233474731446 110.24695488987643 29.71959792271984
      vertex 156.58261975049973 108.66797950186029 29.109539250077237
    endloop
  endfacet
  facet normal -9.879731357540089e-17 -0.36039927920216297 0.9327981344055966
    outer loop
      vertex 158.83954975157977 105.78378166718518 27.995190086680033
      vertex 159.6610847502947 110.25113849291414 29.721214314802587
      vertex 158.83954975157977 110.25113849291414 29.721214314802587
    endloop
  endfacet
  facet normal 0 0.9327981344055978 0.36039927920215964
    outer loop
      vertex 156.52847474962473 108.66797950186029 29.109539250077237
      vertex 156.52847474962473 108.37966007849856 29.855777757601714
      vertex 156.58261975049973 108.66797950186029 29.109539250077237
    endloop
  endfacet
  facet normal -1.3921222660647936e-16 0.9327981344055978 0.36039927920215964
    outer loop
      vertex 156.58261975049973 108.66797950186029 29.109539250077237
      vertex 156.52847474962473 108.37966007849856 29.855777757601714
      vertex 156.58261975049973 108.37966007849856 29.855777757601714
    endloop
  endfacet
  facet normal 0 -0.3603992792021621 0.932798134405597
    outer loop
      vertex 156.52847474962473 108.66797950186029 29.109539250077237
      vertex 156.58261975049973 108.66797950186029 29.109539250077237
      vertex 156.49233474731446 110.24695488987643 29.71959792271984
    endloop
  endfacet
  facet normal 3.339119831958366e-17 -0.360399279202162 0.932798134405597
    outer loop
      vertex 156.52847474962473 108.66797950186029 29.109539250077237
      vertex 156.49233474731446 110.24695488987643 29.71959792271984
      vertex 155.7069397509098 110.24695488987643 29.71959792271984
    endloop
  endfacet
  facet normal 0 -0.9327981344055978 -0.36039927920215964
    outer loop
      vertex 155.7069397509098 110.24695488987643 29.71959792271984
      vertex 156.49233474731446 110.24695488987643 29.71959792271984
      vertex 156.49233474731446 109.9586354665147 30.465836430244316
    endloop
  endfacet
  facet normal -9.597267828192884e-18 -0.9327981344055978 -0.36039927920215964
    outer loop
      vertex 155.7069397509098 110.24695488987643 29.71959792271984
      vertex 156.49233474731446 109.9586354665147 30.465836430244316
      vertex 155.7069397509098 109.9586354665147 30.465836430244316
    endloop
  endfacet
  facet normal -0.9017870838738858 -0.4031372405084118 -0.1557575701964304
    outer loop
      vertex 158.78540475070477 105.49546224382345 28.741428594204514
      vertex 156.49233474731446 109.9586354665147 30.465836430244316
      vertex 156.49233474731446 110.24695488987643 29.71959792271984
    endloop
  endfacet
  facet normal 1 0 0
    outer loop
      vertex 158.83954975157977 105.78378166718518 27.995190086680033
      vertex 158.83954975157977 110.25113849291414 29.721214314802587
      vertex 158.83954975157977 109.96281906955241 30.467452822327065
    endloop
  endfacet
  facet normal 2.893724268445577e-17 -0.3603992792021623 0.9327981344055968
    outer loop
      vertex 158.78540475070477 105.49546224382345 28.741428594204514
      vertex 158.83954975157977 109.96281906955241 30.467452822327065
      vertex 156.49233474731446 109.9586354665147 30.465836430244316
    endloop
  endfacet
  facet normal -1.571732209064802e-15 -0.9327981344055979 -0.3603992792021597
    outer loop
      vertex 158.83954975157977 110.25113849291414 29.721214314802587
      vertex 159.6610847502947 109.96281906955241 30.46745282232706
      vertex 158.83954975157977 109.96281906955241 30.467452822327065
    endloop
  endfacet
  facet normal -2.305400086047949e-15 -0.3603992792021621 0.932798134405597
    outer loop
      vertex 162.73507125079632 107.57745453526924 28.688200058439786
      vertex 163.84098124653102 109.52695132849213 29.441414728548633
      vertex 161.863876247406 107.82586334206961 28.784176188339927
    endloop
  endfacet
  facet normal -0.8838808446593245 0.4362810181534258 0.16856312065018578
    outer loop
      vertex 162.73507125079632 107.28913511190751 29.434438565964264
      vertex 163.84098124653102 109.52695132849213 29.441414728548633
      vertex 162.73507125079632 107.57745453526924 28.688200058439786
    endloop
  endfacet
  facet normal -1 0 0
    outer loop
      vertex 159.6610847502947 103.81541351338 28.092318857442272
      vertex 159.6610847502947 109.96281906955241 30.46745282232706
      vertex 159.6610847502947 110.25113849291414 29.721214314802587
    endloop
  endfacet
  facet normal 0 -0.9327981344055972 -0.36039927920216114
    outer loop
      vertex 158.83954975157977 110.25113849291414 29.721214314802587
      vertex 159.6610847502947 110.25113849291414 29.721214314802587
      vertex 159.6610847502947 109.96281906955241 30.46745282232706
    endloop
  endfacet
  facet normal 0.8725093692001925 -0.45576272541290885 -0.17609014390953145
    outer loop
      vertex 161.863876247406 107.82586334206961 28.784176188339927
      vertex 163.31734124720097 109.9586354665147 30.465836430244316
      vertex 161.863876247406 107.53754391870788 29.530414695864405
    endloop
  endfacet
  facet normal 4.13050287217068e-16 -0.3603992792021633 0.9327981344055963
    outer loop
      vertex 162.73507125079632 107.28913511190751 29.434438565964264
      vertex 164.94682625085116 107.29756294185316 29.437694772988717
      vertex 163.84098124653102 109.2386319051304 30.18765323607311
    endloop
  endfacet
  facet normal -0.8838808446593245 0.4362810181534258 0.16856312065018578
    outer loop
      vertex 162.73507125079632 107.28913511190751 29.434438565964264
      vertex 163.84098124653102 109.2386319051304 30.18765323607311
      vertex 163.84098124653102 109.52695132849213 29.441414728548633
    endloop
  endfacet
  facet normal -2.770906575369884e-15 -0.3603992792021616 0.9327981344055971
    outer loop
      vertex 161.863876247406 107.82586334206961 28.784176188339927
      vertex 163.84098124653102 109.52695132849213 29.441414728548633
      vertex 163.31734124720097 110.24695488987643 29.71959792271984
    endloop
  endfacet
  facet normal 0.8725093692001925 -0.45576272541290896 -0.17609014390953143
    outer loop
      vertex 161.863876247406 107.82586334206961 28.784176188339927
      vertex 163.31734124720097 110.24695488987643 29.71959792271984
      vertex 163.31734124720097 109.9586354665147 30.465836430244316
    endloop
  endfacet
  facet normal 2.9063611011275515e-18 -0.3603992792021598 0.9327981344055977
    outer loop
      vertex 163.84098124653102 109.52695132849213 29.441414728548633
      vertex 164.36455624699593 110.24695488987643 29.71959792271984
      vertex 163.31734124720097 110.24695488987643 29.71959792271984
    endloop
  endfacet
  facet normal -8.878812085779541e-16 -0.3603992792021626 0.9327981344055968
    outer loop
      vertex 161.863876247406 107.53754391870788 29.530414695864405
      vertex 163.31734124720097 109.9586354665147 30.465836430244316
      vertex 159.6610847502947 109.96281906955241 30.46745282232706
    endloop
  endfacet
  facet normal -7.197801915455594e-18 -0.9327981344055979 -0.3603992792021597
    outer loop
      vertex 163.31734124720097 110.24695488987643 29.71959792271984
      vertex 164.36455624699593 109.9586354665147 30.465836430244316
      vertex 163.31734124720097 109.9586354665147 30.465836430244316
    endloop
  endfacet
  facet normal -7.823749327746643e-20 -0.36039927920147313 0.9327981344058631
    outer loop
      vertex 159.6610847502947 109.96281906955241 30.46745282232706
      vertex 163.31734124720097 109.9586354665147 30.465836430244316
      vertex 164.36455624699593 109.9586354665147 30.465836430244316
    endloop
  endfacet
  facet normal 0 -0.3603992792021627 0.9327981344055967
    outer loop
      vertex 74.9 119.43450993093421 34.12696974604276
      vertex 159.6610847502947 109.96281906955241 30.46745282232706
      vertex 216.4 119.43450993093421 34.12696974604276
    endloop
  endfacet
  facet normal 0 -0.36039927920216125 0.9327981344055972
    outer loop
      vertex 162.73507125079632 103.8112299103423 28.090702465359524
      vertex 164.94682625085116 103.8112299103423 28.090702465359524
      vertex 164.94682625085116 105.49546224382345 28.74142859420451
    endloop
  endfacet
  facet normal -3.4079932593036346e-18 0.9327981344055978 0.3603992792021597
    outer loop
      vertex 164.94682625085116 105.78378166718518 27.995190086680033
      vertex 162.73507125079632 105.49546224382345 28.74142859420451
      vertex 164.94682625085116 105.49546224382345 28.74142859420451
    endloop
  endfacet
  facet normal 0 -0.9327981344055978 -0.3603992792021597
    outer loop
      vertex 162.73507125079632 106.40271187919228 28.23432221404642
      vertex 164.94682625085116 106.40271187919228 28.23432221404642
      vertex 164.94682625085116 106.11439245583055 28.980560721570896
    endloop
  endfacet
  facet normal 7.300900824742762e-16 -0.3603992792021602 0.9327981344055978
    outer loop
      vertex 164.94682625085116 106.40271187919228 28.23432221404642
      vertex 165.8180212467909 107.82586334206961 28.784176188339927
      vertex 164.94682625085116 107.58588236521489 28.69145626546424
    endloop
  endfacet
  facet normal 1 0 0
    outer loop
      vertex 164.94682625085116 106.40271187919228 28.23432221404642
      vertex 164.94682625085116 107.29756294185316 29.437694772988717
      vertex 164.94682625085116 106.11439245583055 28.980560721570896
    endloop
  endfacet
  facet normal 0 -0.3603992792021602 0.9327981344055977
    outer loop
      vertex 162.73507125079632 106.11439245583055 28.980560721570896
      vertex 164.94682625085116 106.11439245583055 28.980560721570896
      vertex 164.94682625085116 107.29756294185316 29.437694772988717
    endloop
  endfacet
  facet normal 1 0 0
    outer loop
      vertex 164.94682625085116 106.40271187919228 28.23432221404642
      vertex 164.94682625085116 107.58588236521489 28.69145626546424
      vertex 164.94682625085116 107.29756294185316 29.437694772988717
    endloop
  endfacet
  facet normal -1 0 0
    outer loop
      vertex 165.8180212467909 103.8112299103423 28.090702465359524
      vertex 165.8180212467909 107.53754391870787 29.530414695864405
      vertex 165.8180212467909 107.82586334206961 28.784176188339927
    endloop
  endfacet
  facet normal 1.4772430085327889e-15 -0.36039927920216286 0.9327981344055966
    outer loop
      vertex 163.84098124653102 109.52695132849213 29.441414728548633
      vertex 164.94682625085116 107.58588236521489 28.69145626546424
      vertex 165.8180212467909 107.82586334206961 28.784176188339927
    endloop
  endfacet
  facet normal 0.8830521405665654 0.43773873660443435 0.1691263300517117
    outer loop
      vertex 163.84098124653102 109.2386319051304 30.18765323607311
      vertex 164.94682625085116 107.29756294185316 29.437694772988717
      vertex 164.94682625085116 107.58588236521489 28.69145626546424
    endloop
  endfacet
  facet normal 0.8830521405665653 0.4377387366044343 0.1691263300517118
    outer loop
      vertex 163.84098124653102 109.52695132849213 29.441414728548633
      vertex 163.84098124653102 109.2386319051304 30.18765323607311
      vertex 164.94682625085116 107.58588236521489 28.69145626546424
    endloop
  endfacet
  facet normal -0.8725093692001926 -0.4557627254129061 -0.17609014390953906
    outer loop
      vertex 165.8180212467909 107.82586334206961 28.784176188339927
      vertex 165.8180212467909 107.53754391870787 29.530414695864405
      vertex 164.36455624699593 110.24695488987643 29.71959792271984
    endloop
  endfacet
  facet normal 2.7621064896279713e-15 -0.36039927920216164 0.9327981344055971
    outer loop
      vertex 163.84098124653102 109.52695132849213 29.441414728548633
      vertex 165.8180212467909 107.82586334206961 28.784176188339927
      vertex 164.36455624699593 110.24695488987643 29.71959792271984
    endloop
  endfacet
  facet normal -0.8725093692001936 -0.4557627254129071 -0.17609014390953073
    outer loop
      vertex 165.8180212467909 107.53754391870787 29.530414695864405
      vertex 164.36455624699593 109.9586354665147 30.465836430244316
      vertex 164.36455624699593 110.24695488987643 29.71959792271984
    endloop
  endfacet
  facet normal 0 -0.9327981344055979 -0.3603992792021597
    outer loop
      vertex 163.31734124720097 110.24695488987643 29.71959792271984
      vertex 164.36455624699593 110.24695488987643 29.71959792271984
      vertex 164.36455624699593 109.9586354665147 30.465836430244316
    endloop
  endfacet
  facet normal 0 0.36039927920216464 -0.9327981344055959
    outer loop
      vertex 69.88220149751344 113.18135974459484 28.183707174048003
      vertex 219.50987437503147 114.33851331817533 28.63078923656774
      vertex 218.87779850248657 113.18135974459484 28.183707174048003
    endloop
  endfacet
  facet normal -7.011201298126562e-16 -0.360399279202159 0.932798134405598
    outer loop
      vertex 159.6610847502947 109.96281906955241 30.46745282232706
      vertex 164.36455624699593 109.9586354665147 30.465836430244316
      vertex 216.4 119.43450993093421 34.12696974604276
    endloop
  endfacet
  facet normal 0 0.9327981344055979 0.3603992792021598
    outer loop
      vertex 66.19000000000001 116.24179631635506 30.320517358939927
      vertex 218.11 116.24179631635506 30.320517358939927
      vertex 218.11 116.56263579907886 29.490109286007737
    endloop
  endfacet
  facet normal 0 0.3603992792021595 -0.9327981344055978
    outer loop
      vertex 69.25012562496852 114.33851331817533 28.63078923656774
      vertex 220.4943556272985 115.2568355936473 28.985595570272814
      vertex 219.50987437503147 114.33851331817533 28.63078923656774
    endloop
  endfacet
  facet normal 0 0.3603992792021622 -0.9327981344055969
    outer loop
      vertex 68.26564437270152 115.2568355936473 28.985595570272814
      vertex 218.11 116.56263579907886 29.490109286007737
      vertex 220.4943556272985 115.2568355936473 28.985595570272814
    endloop
  endfacet
  facet normal 0 0.36039927920216214 -0.9327981344055969
    outer loop
      vertex 66.19000000000001 116.24179631635506 30.320517358939927
      vertex 216.4 120.29946820101941 31.888254223469332
      vertex 218.11 116.24179631635506 30.320517358939927
    endloop
  endfacet
  facet normal 0 0.9327981344055956 0.36039927920216525
    outer loop
      vertex 74.9 119.43450993093421 34.12696974604276
      vertex 216.4 119.43450993093421 34.12696974604276
      vertex 216.4 120.29946820101941 31.888254223469332
    endloop
  endfacet
  facet normal -2.2517688198749666e-16 -0.36039927920216136 0.9327981344055972
    outer loop
      vertex 165.8180212467909 107.53754391870787 29.530414695864405
      vertex 216.4 119.43450993093421 34.12696974604276
      vertex 164.36455624699593 109.9586354665147 30.465836430244316
    endloop
  endfacet
  facet normal -1 0 0
    outer loop
      vertex 218.11 116.56263579907886 29.490109286007737
      vertex 218.11 116.24179631635506 30.320517358939927
      vertex 218.11 170.6089597065391 50.371643522981024
    endloop
  endfacet
  facet normal 1.0324560634957893e-15 0.36039927920216247 -0.9327981344055967
    outer loop
      vertex 218.11 116.24179631635506 30.320517358939927
      vertex 216.4 120.29946820101941 31.888254223469332
      vertex 218.11 170.28812022381533 51.20205159591322
    endloop
  endfacet
  facet normal -1 0 0
    outer loop
      vertex 216.4 120.29946820101941 31.888254223469332
      vertex 216.4 119.43450993093421 34.12696974604276
      vertex 216.4 166.230448339151 49.63431473138381
    endloop
  endfacet
  facet normal -1 0 0
    outer loop
      vertex 216.4 119.43450993093421 34.12696974604276
      vertex 216.4 165.3654900690658 51.87303025395724
      vertex 216.4 166.230448339151 49.63431473138381
    endloop
  endfacet
  facet normal 0 1 0
    outer loop
      vertex 8 202.4 60
      vertex 224.40000000000003 202.4 13.2
      vertex 218.1999999970198 202.4 12.799999994039535
    endloop
  endfacet
  facet normal 0 1 0
    outer loop
      vertex 8 202.4 60
      vertex 232.46247553999126 202.4 13.2
      vertex 224.40000000000003 202.4 13.2
    endloop
  endfacet
  facet normal 0 1 0
    outer loop
      vertex 8 202.4 60
      vertex 234.90000000000003 202.4 12.729304110467805
      vertex 232.46247553999126 202.4 13.2
    endloop
  endfacet
  facet normal 0 1 0
    outer loop
      vertex 8 202.4 60
      vertex 237.37977180033926 202.4 12.64721359014511
      vertex 234.90000000000003 202.4 12.729304110467805
    endloop
  endfacet
  facet normal 0 1 0
    outer loop
      vertex 8 202.4 60
      vertex 237.6027864083648 202.4 12.760845211148261
      vertex 237.37977180033926 202.4 12.64721359014511
    endloop
  endfacet
  facet normal 0 1 0
    outer loop
      vertex 8 202.4 60
      vertex 237.85000000298027 202.4 12.799999994039535
      vertex 237.6027864083648 202.4 12.760845211148261
    endloop
  endfacet
  facet normal 0 1 0
    outer loop
      vertex 8 202.4 60
      vertex 251.4499999970198 202.4 12.799999994039535
      vertex 237.85000000298027 202.4 12.799999994039535
    endloop
  endfacet
  facet normal 0 1 0
    outer loop
      vertex 8 202.4 60
      vertex 251.69721359163526 202.4 12.760845211148261
      vertex 251.4499999970198 202.4 12.799999994039535
    endloop
  endfacet
  facet normal 0 1 0
    outer loop
      vertex 8 202.4 60
      vertex 265.67733188909415 202.4 20.514892496567313
      vertex 251.69721359163526 202.4 12.760845211148261
    endloop
  endfacet
  facet normal 0 1 0
    outer loop
      vertex 8 202.4 60
      vertex 264.69015721174867 202.4 22.45233188909412
      vertex 265.67733188909415 202.4 20.514892496567313
    endloop
  endfacet
  facet normal 0 1 0
    outer loop
      vertex 8 202.4 60
      vertex 264.35 202.4 24.6
      vertex 264.69015721174867 202.4 22.45233188909412
    endloop
  endfacet
  facet normal 0 1 0
    outer loop
      vertex 8 202.4 60
      vertex 264.69015721174867 202.4 26.747668110905884
      vertex 264.35 202.4 24.6
    endloop
  endfacet
  facet normal 0 1 0
    outer loop
      vertex 8 202.4 60
      vertex 265.67733188909415 202.4 28.68510750343269
      vertex 264.69015721174867 202.4 26.747668110905884
    endloop
  endfacet
  facet normal 0 1 0
    outer loop
      vertex 8 202.4 60
      vertex 267.2148924965673 202.4 30.222668110905886
      vertex 265.67733188909415 202.4 28.68510750343269
    endloop
  endfacet
  facet normal 0 1 0
    outer loop
      vertex 8 202.4 60
      vertex 269.1523318890941 202.4 31.20984278825132
      vertex 267.2148924965673 202.4 30.222668110905886
    endloop
  endfacet
  facet normal -1 0 0
    outer loop
      vertex 218.11 116.24179631635506 30.320517358939927
      vertex 218.11 170.28812022381533 51.20205159591322
      vertex 218.11 170.6089597065391 50.371643522981024
    endloop
  endfacet
  facet normal 0 1 0
    outer loop
      vertex 8 202.4 60
      vertex 271.3 202.4 31.55
      vertex 269.1523318890941 202.4 31.20984278825132
    endloop
  endfacet
  facet normal 0 -0.9327981344056037 -0.36039927920214454
    outer loop
      vertex 66.19000000000001 170.6089597065391 50.371643522981024
      vertex 218.11 170.6089597065391 50.371643522981024
      vertex 218.11 170.28812022381533 51.20205159591322
    endloop
  endfacet
  facet normal 0 -0.9327981344055956 -0.36039927920216525
    outer loop
      vertex 74.9 166.230448339151 49.63431473138381
      vertex 216.4 166.230448339151 49.63431473138381
      vertex 216.4 165.3654900690658 51.87303025395724
    endloop
  endfacet
  facet normal 0 0.36039927920216397 -0.9327981344055962
    outer loop
      vertex 74.9 166.230448339151 49.63431473138381
      vertex 218.11 170.28812022381533 51.20205159591322
      vertex 216.4 166.230448339151 49.63431473138381
    endloop
  endfacet
  facet normal 4.2841058413405406e-17 0.3603992792021556 -0.9327981344055993
    outer loop
      vertex 67.02512562496852 171.32516071725803 50.648357549849685
      vertex 221.7348743750315 171.32516071725803 50.64835754984969
      vertex 218.11 170.6089597065391 50.371643522981024
    endloop
  endfacet
  facet normal 0 0.3603992792021676 -0.9327981344055949
    outer loop
      vertex 68.26564437270152 171.9147599119707 50.87615723871595
      vertex 219.50987437503147 172.83308218744264 51.230963572421025
      vertex 220.4943556272985 171.9147599119707 50.87615723871595
    endloop
  endfacet
  facet normal 4.2841058413405295e-17 0.3603992792021625 -0.9327981344055969
    outer loop
      vertex 67.02512562496852 171.32516071725803 50.648357549849685
      vertex 220.4943556272985 171.9147599119707 50.87615723871595
      vertex 221.7348743750315 171.32516071725803 50.64835754984969
    endloop
  endfacet
  facet normal 0 0.3603992792021633 -0.9327981344055964
    outer loop
      vertex 69.25012562496852 172.83308218744264 51.230963572421025
      vertex 218.87779850248657 173.99023576102314 51.678045634940766
      vertex 219.50987437503147 172.83308218744264 51.230963572421025
    endloop
  endfacet
  facet normal 4.448406205656863e-17 0.3603992792021575 -0.9327981344055987
    outer loop
      vertex 69.88220149751344 173.99023576102314 51.67804563494076
      vertex 218.66 175.27295037856712 52.17363991899184
      vertex 218.87779850248657 173.99023576102314 51.678045634940766
    endloop
  endfacet
  facet normal 0 0.36039927920216197 -0.932798134405597
    outer loop
      vertex 70.10000000000001 175.27295037856712 52.17363991899184
      vertex 218.87779850248657 176.5556649961111 52.66923420304292
      vertex 218.66 175.27295037856712 52.17363991899184
    endloop
  endfacet
  facet normal 0 0.36039927920216325 -0.9327981344055963
    outer loop
      vertex 69.88220149751344 176.5556649961111 52.66923420304292
      vertex 219.50987437503147 177.7128185696916 53.11631626556266
      vertex 218.87779850248657 176.5556649961111 52.66923420304292
    endloop
  endfacet
  facet normal 0 0.3603992792021549 -0.9327981344055996
    outer loop
      vertex 69.25012562496852 177.7128185696916 53.11631626556266
      vertex 220.4943556272985 178.63114084516354 53.47112259926772
      vertex 219.50987437503147 177.7128185696916 53.11631626556266
    endloop
  endfacet
  facet normal 0 0.36039927920218195 -0.9327981344055892
    outer loop
      vertex 68.26564437270152 178.63114084516354 53.47112259926772
      vertex 221.7348743750315 179.2207400398762 53.69892228813399
      vertex 220.4943556272985 178.63114084516354 53.47112259926772
    endloop
  endfacet
  facet normal 4.071662268819785e-15 0.3603992792021624 -0.9327981344055968
    outer loop
      vertex 216.4 120.29946820101941 31.888254223469332
      vertex 216.4 166.230448339151 49.63431473138381
      vertex 218.11 170.28812022381533 51.20205159591322
    endloop
  endfacet
  facet normal 0 -0.3603992792021624 0.9327981344055968
    outer loop
      vertex 74.9 165.3654900690658 51.87303025395724
      vertex 216.4 165.3654900690658 51.87303025395724
      vertex 283.3 186.4 60
    endloop
  endfacet
  facet normal 0 1 0
    outer loop
      vertex 8 202.4 60
      vertex 283.3 202.4 60
      vertex 271.3 202.4 31.55
    endloop
  endfacet
  facet normal 4.284105841340531e-17 0.3603992792021612 -0.9327981344055972
    outer loop
      vertex 67.02512562496852 179.2207400398762 53.698922288133986
      vertex 283.3 188.8 57.4
      vertex 221.7348743750315 179.2207400398762 53.69892228813399
    endloop
  endfacet
  facet normal 0 0 -1
    outer loop
      vertex 4.70840258716215 198.9304951684997 57.4
      vertex 285.0304951684997 199.72591649125286 57.4
      vertex 283.3 188.8 57.4
    endloop
  endfacet
  facet normal 0 0 1
    outer loop
      vertex 3.297717981660215 200.87213595499958 60
      vertex 283.3 186.4 60
      vertex 285.7721359549996 202.00845213036123 60
    endloop
  endfacet
  facet normal 0 0 -1
    outer loop
      vertex 8 200 57.4
      vertex 283.3 200 57.4
      vertex 285.0304951684997 199.72591649125286 57.4
    endloop
  endfacet
  facet normal 0 0 1
    outer loop
      vertex 8 202.4 60
      vertex 285.7721359549996 202.00845213036123 60
      vertex 283.3 202.4 60
    endloop
  endfacet
  facet normal -2.154916937078556e-15 0.3603992792021629 -0.9327981344055966
    outer loop
      vertex 222.2911049649064 109.08271501074304 27.983325996865126
      vertex 221.55236908142496 109.43382464354947 28.11898199135852
      vertex 221.55236908142496 113.43346722174294 29.664298442024183
    endloop
  endfacet
  facet normal 2.969422589350246e-15 0.3603992792021626 -0.9327981344055968
    outer loop
      vertex 222.2911049649064 109.08271501074304 27.983325996865126
      vertex 222.2911049649064 113.78457685454939 29.799954436517577
      vertex 223.11 108.96173087647138 27.93658212680562
    endloop
  endfacet
  facet normal 3.347560962535217e-17 -0.36039927920216236 0.9327981344055969
    outer loop
      vertex 283.3 98.4 26
      vertex 216.4 119.43450993093421 34.12696974604276
      vertex 165.8180212467909 107.53754391870787 29.530414695864405
    endloop
  endfacet
  facet normal -5.2635282217413096e-15 0.360399279202161 -0.9327981344055973
    outer loop
      vertex 220.58970023181786 110.66978217163688 28.596511036301386
      vertex 220.58970023181786 112.19750969365553 29.186769397081317
      vertex 220.96610496490638 109.98069071770692 28.3302711563739
    endloop
  endfacet
  facet normal 3.250283562732952e-14 0.360399279202161 -0.9327981344055973
    outer loop
      vertex 220.58970023181786 110.66978217163688 28.596511036301386
      vertex 220.45999999999998 111.43364593264621 28.89164021669135
      vertex 220.58970023181786 112.19750969365553 29.186769397081317
    endloop
  endfacet
  facet normal -2.7681134902978034e-15 0.36039927920216225 -0.9327981344055968
    outer loop
      vertex 221.55236908142496 109.43382464354947 28.11898199135852
      vertex 220.96610496490638 109.98069071770692 28.3302711563739
      vertex 220.96610496490638 112.8866011475855 29.453009277008803
    endloop
  endfacet
  facet normal 2.729868431826984e-15 0.36039927920216225 -0.9327981344055969
    outer loop
      vertex 220.96610496490638 109.98069071770692 28.3302711563739
      vertex 220.58970023181786 112.19750969365553 29.186769397081317
      vertex 220.96610496490638 112.8866011475855 29.453009277008803
    endloop
  endfacet
  facet normal 2.0088402959674646e-15 0.3603992792021629 -0.9327981344055967
    outer loop
      vertex 221.55236908142496 109.43382464354947 28.11898199135852
      vertex 220.96610496490638 112.8866011475855 29.453009277008803
      vertex 221.55236908142496 113.43346722174294 29.664298442024183
    endloop
  endfacet
  facet normal -4.645645418993044e-15 0.3603992792021626 -0.9327981344055967
    outer loop
      vertex 222.2911049649064 109.08271501074304 27.983325996865126
      vertex 221.55236908142496 113.43346722174294 29.664298442024183
      vertex 222.2911049649064 113.78457685454939 29.799954436517577
    endloop
  endfacet
  facet normal 3.1439227257709856e-15 0.3603992792021626 -0.9327981344055967
    outer loop
      vertex 223.11 108.96173087647138 27.93658212680562
      vertex 222.2911049649064 113.78457685454939 29.799954436517577
      vertex 223.11 113.90556098882104 29.846698306577082
    endloop
  endfacet
  facet normal -2.9809553227444276e-15 0.3603992792021625 -0.9327981344055966
    outer loop
      vertex 223.11 108.96173087647138 27.93658212680562
      vertex 223.11 113.90556098882104 29.846698306577082
      vertex 223.9288950350936 109.08271501074304 27.983325996865126
    endloop
  endfacet
  facet normal 2.364794527943607e-15 0.3603992792021625 -0.9327981344055967
    outer loop
      vertex 223.9288950350936 109.08271501074304 27.983325996865126
      vertex 223.9288950350936 113.78457685454939 29.799954436517577
      vertex 224.66763091857507 109.43382464354947 28.11898199135852
    endloop
  endfacet
  facet normal 1.9920869819699057e-15 0.3603992792021629 -0.9327981344055964
    outer loop
      vertex 224.66763091857507 109.43382464354947 28.11898199135852
      vertex 224.66763091857507 113.43346722174294 29.664298442024183
      vertex 225.2538950350936 109.98069071770692 28.3302711563739
    endloop
  endfacet
  facet normal -3.460907601939973e-15 0.3603992792021626 -0.9327981344055967
    outer loop
      vertex 223.9288950350936 109.08271501074304 27.983325996865126
      vertex 223.11 113.90556098882104 29.846698306577082
      vertex 223.9288950350936 113.78457685454939 29.799954436517577
    endloop
  endfacet
  facet normal 4.755140467300905e-15 0.3603992792021629 -0.9327981344055967
    outer loop
      vertex 224.66763091857507 109.43382464354947 28.11898199135852
      vertex 223.9288950350936 113.78457685454939 29.799954436517577
      vertex 224.66763091857507 113.43346722174294 29.664298442024183
    endloop
  endfacet
  facet normal -2.81702795193707e-15 0.3603992792021622 -0.9327981344055969
    outer loop
      vertex 225.2538950350936 109.98069071770692 28.3302711563739
      vertex 224.66763091857507 113.43346722174294 29.664298442024183
      vertex 225.2538950350936 112.8866011475855 29.453009277008803
    endloop
  endfacet
  facet normal 2.7386348436141935e-15 0.3603992792021622 -0.9327981344055969
    outer loop
      vertex 225.2538950350936 109.98069071770692 28.3302711563739
      vertex 225.2538950350936 112.8866011475855 29.453009277008803
      vertex 225.63029976818217 110.66978217163688 28.596511036301386
    endloop
  endfacet
  facet normal -3.242088228211639e-14 0.36039927920216097 -0.9327981344055973
    outer loop
      vertex 225.63029976818217 110.66978217163688 28.596511036301386
      vertex 225.63029976818217 112.19750969365553 29.186769397081317
      vertex 225.76 111.43364593264621 28.89164021669135
    endloop
  endfacet
  facet normal -5.460295964206593e-15 0.360399279202161 -0.9327981344055973
    outer loop
      vertex 225.63029976818217 110.66978217163688 28.596511036301386
      vertex 225.2538950350936 112.8866011475855 29.453009277008803
      vertex 225.63029976818217 112.19750969365553 29.186769397081317
    endloop
  endfacet
  facet normal 0.4539904997395563 -0.8311292235061208 -0.32111810908190885
    outer loop
      vertex 222.2911049649064 115.3703336830389 25.69564264513295
      vertex 222.2911049649064 113.78457685454939 29.799954436517577
      vertex 221.55236908142496 113.43346722174294 29.664298442024183
    endloop
  endfacet
  facet normal 0.15643446504022335 -0.9213138414813057 -0.3559621660268665
    outer loop
      vertex 222.2911049649064 115.3703336830389 25.69564264513295
      vertex 223.11 113.90556098882104 29.846698306577082
      vertex 222.2911049649064 113.78457685454939 29.799954436517577
    endloop
  endfacet
  facet normal -0.15643446504022854 -0.9213138414813039 -0.355962166026869
    outer loop
      vertex 223.11 115.49131781731056 25.742386515192454
      vertex 223.9288950350936 113.78457685454939 29.799954436517577
      vertex 223.11 113.90556098882104 29.846698306577082
    endloop
  endfacet
  facet normal -0.4539904997395423 -0.8311292235061274 -0.32111810908191135
    outer loop
      vertex 223.9288950350936 115.3703336830389 25.69564264513295
      vertex 224.66763091857507 113.43346722174294 29.664298442024183
      vertex 223.9288950350936 113.78457685454939 29.799954436517577
    endloop
  endfacet
  facet normal 3.443088023573621e-17 0.3603992792021626 -0.9327981344055968
    outer loop
      vertex 283.3 100.80000000000001 23.4
      vertex 224.48512562496853 115.84643478835999 29.21339525913908
      vertex 218.11 170.6089597065391 50.371643522981024
    endloop
  endfacet
  facet normal 2.2048384058279923e-16 0.36039927920216247 -0.9327981344055967
    outer loop
      vertex 218.11 116.56263579907886 29.490109286007737
      vertex 218.11 170.6089597065391 50.371643522981024
      vertex 220.4943556272985 115.2568355936473 28.985595570272814
    endloop
  endfacet
  facet normal 2.751600976244602e-15 0.3603992792021627 -0.9327981344055966
    outer loop
      vertex 218.11 170.6089597065391 50.371643522981024
      vertex 221.7348743750315 115.84643478835997 29.21339525913908
      vertex 220.4943556272985 115.2568355936473 28.985595570272814
    endloop
  endfacet
  facet normal -4.896775331131553e-15 0.3603992792021622 -0.9327981344055969
    outer loop
      vertex 218.11 170.6089597065391 50.371643522981024
      vertex 223.11 116.04959682515579 29.29188968244655
      vertex 221.7348743750315 115.84643478835997 29.21339525913908
    endloop
  endfacet
  facet normal 1.3938485131966658e-15 0.36039927920216264 -0.9327981344055968
    outer loop
      vertex 218.11 170.6089597065391 50.371643522981024
      vertex 224.48512562496853 115.84643478835999 29.21339525913908
      vertex 223.11 116.04959682515579 29.29188968244655
    endloop
  endfacet
  facet normal -9.37989334173275e-16 0.36039927920216136 -0.9327981344055972
    outer loop
      vertex 283.3 100.80000000000001 23.4
      vertex 218.11 170.6089597065391 50.371643522981024
      vertex 221.7348743750315 171.32516071725803 50.64835754984969
    endloop
  endfacet
  facet normal 6.904563532869491e-16 0.3603992792021638 -0.9327981344055963
    outer loop
      vertex 283.3 100.80000000000001 23.4
      vertex 221.7348743750315 171.32516071725803 50.64835754984969
      vertex 223.11 171.1219986804622 50.56986312654222
    endloop
  endfacet
  facet normal 9.176760885687902e-16 0.36039927920216175 -0.932798134405597
    outer loop
      vertex 283.3 100.80000000000001 23.4
      vertex 223.11 171.1219986804622 50.56986312654222
      vertex 224.48512562496853 171.32516071725803 50.64835754984969
    endloop
  endfacet
  facet normal 1.7758494456621134e-16 0.3603992792021619 -0.932798134405597
    outer loop
      vertex 283.3 100.80000000000001 23.4
      vertex 224.48512562496853 171.32516071725803 50.64835754984969
      vertex 225.7256443727015 171.9147599119707 50.87615723871595
    endloop
  endfacet
  facet normal 2.5888138969801963e-15 0.36039927920216464 -0.932798134405596
    outer loop
      vertex 283.3 100.80000000000001 23.4
      vertex 225.7256443727015 171.9147599119707 50.87615723871595
      vertex 226.7101256249685 172.83308218744264 51.230963572421025
    endloop
  endfacet
  facet normal -3.153409895876653e-15 0.36039927920215925 -0.932798134405598
    outer loop
      vertex 283.3 100.80000000000001 23.4
      vertex 226.7101256249685 172.83308218744264 51.230963572421025
      vertex 227.34220149751343 173.99023576102314 51.67804563494076
    endloop
  endfacet
  facet normal 9.505965845341543e-16 0.3603992792021616 -0.9327981344055971
    outer loop
      vertex 283.3 100.80000000000001 23.4
      vertex 227.34220149751343 173.99023576102314 51.67804563494076
      vertex 227.56 175.27295037856712 52.17363991899184
    endloop
  endfacet
  facet normal 1 0 0
    outer loop
      vertex 291.3 106.4 0
      vertex 291.3 194.4 60
      vertex 291.3 106.4 26
    endloop
  endfacet
  facet normal -0.05698886983594056 0.35981356324629105 -0.9312821636962827
    outer loop
      vertex 283.3 100.80000000000001 23.4
      vertex 283.3 188.8 57.4
      vertex 285.0304951684997 101.07408350874715 23.4
    endloop
  endfacet
  facet normal -0.056988869835942806 0.3598135632462909 -0.9312821636962824
    outer loop
      vertex 285.0304951684997 101.07408350874715 23.4
      vertex 283.3 188.8 57.4
      vertex 285.0304951684997 107.80349527345304 26
    endloop
  endfacet
  facet normal -0.18061263926454896 0.35447226324761755 -0.9174576225232454
    outer loop
      vertex 286.59159741283787 101.86950483150031 23.4
      vertex 285.1498735754197 107.86432160989887 26
      vertex 286.59159741283787 189.8695048315003 57.4
    endloop
  endfacet
  facet normal -0.9154940231085257 0.14500000847050212 -0.37529413957071145
    outer loop
      vertex 288.6259164912529 104.6695048315003 23.4
      vertex 288.6259164912529 192.66950483150032 57.4
      vertex 288.90000000000003 106.4 23.4
    endloop
  endfacet
  facet normal -0.3390519798317684 0.33905197983177204 -0.8775463007410571
    outer loop
      vertex 286.59159741283787 101.86950483150031 23.4
      vertex 286.59159741283787 189.8695048315003 57.4
      vertex 287.83049516849974 109.83781435186805 26
    endloop
  endfacet
  facet normal -0.5774681697558537 0.29423472876358403 -0.7615487097410412
    outer loop
      vertex 288.6259164912529 104.6695048315003 23.4
      vertex 287.89132150494555 109.95719275878803 26
      vertex 288.6259164912529 192.66950483150032 57.4
    endloop
  endfacet
  facet normal 0 -0.3603992792021624 0.9327981344055968
    outer loop
      vertex 283.3 98.4 26
      vertex 283.3 186.4 60
      vertex 216.4 119.43450993093421 34.12696974604276
    endloop
  endfacet
  facet normal 0.05698886983594036 -0.359813563246291 0.9312821636962826
    outer loop
      vertex 283.3 98.4 26
      vertex 285.7721359549996 98.79154786963878 26
      vertex 285.7721359549996 186.79154786963878 60
    endloop
  endfacet
  facet normal 0.1806126392645547 -0.3544722632476171 0.9174576225232443
    outer loop
      vertex 285.7721359549996 98.79154786963878 26
      vertex 288.00228201833977 99.92786404500043 26
      vertex 285.7721359549996 186.79154786963878 60
    endloop
  endfacet
  facet normal 0.339051979831762 -0.3390519798317729 0.8775463007410593
    outer loop
      vertex 288.00228201833977 99.92786404500043 26
      vertex 289.7721359549996 101.69771798166022 26
      vertex 289.7721359549996 189.69771798166022 60
    endloop
  endfacet
  facet normal 0.5774681697558723 -0.2942347287635794 0.7615487097410291
    outer loop
      vertex 289.7721359549996 101.69771798166022 26
      vertex 290.90845213036124 103.92786404500043 26
      vertex 290.90845213036124 191.92786404500043 60
    endloop
  endfacet
  facet normal -0.18061263926456356 0.3544722632476166 -0.9174576225232428
    outer loop
      vertex 285.0304951684997 107.80349527345304 26
      vertex 285.0304951684997 189.07408350874715 57.4
      vertex 285.1498735754197 107.86432160989887 26
    endloop
  endfacet
  facet normal 0.9154940231085257 -0.14500000847050212 0.3752941395707114
    outer loop
      vertex 290.90845213036124 103.92786404500043 26
      vertex 291.3 106.4 26
      vertex 290.90845213036124 191.92786404500043 60
    endloop
  endfacet
  facet normal -0.5774681697559692 0.2942347287635547 -0.7615487097409652
    outer loop
      vertex 287.83049516849974 109.83781435186805 26
      vertex 287.83049516849974 191.10840258716217 57.4
      vertex 287.89132150494555 109.95719275878803 26
    endloop
  endfacet
  facet normal 0 -1 0
    outer loop
      vertex 133.45000000000002 200 12.6
      vertex 267.2148924965673 200 30.222668110905886
      vertex 283.3 200 57.4
    endloop
  endfacet
  facet normal 0.7071067811865575 0 -0.7071067811865378
    outer loop
      vertex 265.67733188909415 200 28.68510750343269
      vertex 265.67733188909415 202.4 28.68510750343269
      vertex 267.2148924965673 200 30.222668110905886
    endloop
  endfacet
  facet normal 0.7071067811865575 3.1870511877239965e-17 -0.7071067811865378
    outer loop
      vertex 265.67733188909415 202.4 28.68510750343269
      vertex 267.2148924965673 202.4 30.222668110905886
      vertex 267.2148924965673 200 30.222668110905886
    endloop
  endfacet
  facet normal 0.4539904997395451 0 -0.8910065241883687
    outer loop
      vertex 267.2148924965673 200 30.222668110905886
      vertex 267.2148924965673 202.4 30.222668110905886
      vertex 269.1523318890941 200 31.20984278825132
    endloop
  endfacet
  facet normal 0.4539904997395451 -4.948436668385041e-18 -0.8910065241883687
    outer loop
      vertex 267.2148924965673 202.4 30.222668110905886
      vertex 269.1523318890941 202.4 31.20984278825132
      vertex 269.1523318890941 200 31.20984278825132
    endloop
  endfacet
  facet normal 0.15643446504022976 0 -0.9876883405951379
    outer loop
      vertex 269.1523318890941 200 31.20984278825132
      vertex 269.1523318890941 202.4 31.20984278825132
      vertex 271.3 200 31.55
    endloop
  endfacet
  facet normal 0.15643446504022976 8.104617475955559e-18 -0.9876883405951379
    outer loop
      vertex 269.1523318890941 202.4 31.20984278825132
      vertex 271.3 202.4 31.55
      vertex 271.3 200 31.55
    endloop
  endfacet
  facet normal -0.15643446504022976 0 -0.9876883405951379
    outer loop
      vertex 271.3 200 31.55
      vertex 271.3 202.4 31.55
      vertex 273.4476681109059 200 31.20984278825132
    endloop
  endfacet
  facet normal -0.15643446504022976 -8.104617475955559e-18 -0.9876883405951379
    outer loop
      vertex 271.3 202.4 31.55
      vertex 273.4476681109059 202.4 31.20984278825132
      vertex 273.4476681109059 200 31.20984278825132
    endloop
  endfacet
  facet normal -0.7071067811865575 0 -0.7071067811865378
    outer loop
      vertex 276.9226681109059 200 28.68510750343269
      vertex 275.3851075034327 202.4 30.222668110905886
      vertex 276.9226681109059 202.4 28.68510750343269
    endloop
  endfacet
  facet normal -0.7071067811865575 -3.1870511877239965e-17 -0.7071067811865378
    outer loop
      vertex 276.9226681109059 200 28.68510750343269
      vertex 275.3851075034327 200 30.222668110905886
      vertex 275.3851075034327 202.4 30.222668110905886
    endloop
  endfacet
  facet normal 0 1 0
    outer loop
      vertex 283.3 202.4 0
      vertex 277.90984278825135 202.4 26.747668110905884
      vertex 283.3 202.4 60
    endloop
  endfacet
  facet normal -0.4539904997395451 4.948436668385041e-18 -0.8910065241883687
    outer loop
      vertex 275.3851075034327 200 30.222668110905886
      vertex 273.4476681109059 200 31.20984278825132
      vertex 273.4476681109059 202.4 31.20984278825132
    endloop
  endfacet
  facet normal -0.4539904997395451 0 -0.8910065241883687
    outer loop
      vertex 275.3851075034327 200 30.222668110905886
      vertex 273.4476681109059 202.4 31.20984278825132
      vertex 275.3851075034327 202.4 30.222668110905886
    endloop
  endfacet
  facet normal 0 -1 0
    outer loop
      vertex 278.25 200 24.6
      vertex 283.3 200 57.4
      vertex 277.90984278825135 200 26.747668110905884
    endloop
  endfacet
  facet normal 0 -1 0
    outer loop
      vertex 277.90984278825135 200 26.747668110905884
      vertex 283.3 200 57.4
      vertex 276.9226681109059 200 28.68510750343269
    endloop
  endfacet
  facet normal 0 -1 0
    outer loop
      vertex 267.2148924965673 200 30.222668110905886
      vertex 269.1523318890941 200 31.20984278825132
      vertex 283.3 200 57.4
    endloop
  endfacet
  facet normal 0 -1 0
    outer loop
      vertex 269.1523318890941 200 31.20984278825132
      vertex 271.3 200 31.55
      vertex 283.3 200 57.4
    endloop
  endfacet
  facet normal 0 -1 0
    outer loop
      vertex 275.3851075034327 200 30.222668110905886
      vertex 283.3 200 57.4
      vertex 273.4476681109059 200 31.20984278825132
    endloop
  endfacet
  facet normal 0 -1 0
    outer loop
      vertex 271.3 200 31.55
      vertex 273.4476681109059 200 31.20984278825132
      vertex 283.3 200 57.4
    endloop
  endfacet
  facet normal 0 -1 0
    outer loop
      vertex 276.9226681109059 200 28.68510750343269
      vertex 283.3 200 57.4
      vertex 275.3851075034327 200 30.222668110905886
    endloop
  endfacet
  facet normal 0 1 0
    outer loop
      vertex 277.90984278825135 202.4 26.747668110905884
      vertex 276.9226681109059 202.4 28.68510750343269
      vertex 283.3 202.4 60
    endloop
  endfacet
  facet normal 0 1 0
    outer loop
      vertex 276.9226681109059 202.4 28.68510750343269
      vertex 275.3851075034327 202.4 30.222668110905886
      vertex 283.3 202.4 60
    endloop
  endfacet
  facet normal -0.9876883405951374 -0.15643446504023234 0
    outer loop
      vertex 288.6259164912529 196.1304951684997 0
      vertex 288.90000000000003 194.4 57.4
      vertex 288.6259164912529 196.1304951684997 57.4
    endloop
  endfacet
  facet normal 0.9876883405951378 0.1564344650402311 0
    outer loop
      vertex 290.90845213036124 196.87213595499958 0
      vertex 290.90845213036124 196.87213595499958 60
      vertex 291.3 194.4 60
    endloop
  endfacet
  facet normal -0.15643446504022981 -0.9876883405951378 0
    outer loop
      vertex 283.3 200 0
      vertex 285.0304951684997 199.72591649125286 57.4
      vertex 283.3 200 57.4
    endloop
  endfacet
  facet normal -0.4539904997395478 -0.8910065241883673 0
    outer loop
      vertex 285.0304951684997 199.72591649125286 0
      vertex 286.59159741283787 198.9304951684997 57.4
      vertex 285.0304951684997 199.72591649125286 57.4
    endloop
  endfacet
  facet normal 0.15643446504022934 0.987688340595138 0
    outer loop
      vertex 283.3 202.4 0
      vertex 283.3 202.4 60
      vertex 285.7721359549996 202.00845213036123 60
    endloop
  endfacet
  facet normal -0.8910065241883673 -0.4539904997395478 0
    outer loop
      vertex 287.83049516849974 197.69159741283784 0
      vertex 288.6259164912529 196.1304951684997 57.4
      vertex 287.83049516849974 197.69159741283784 57.4
    endloop
  endfacet
  facet normal -0.7071067811865476 -0.7071067811865476 0
    outer loop
      vertex 286.59159741283787 198.9304951684997 0
      vertex 287.83049516849974 197.69159741283784 57.4
      vertex 286.59159741283787 198.9304951684997 57.4
    endloop
  endfacet
  facet normal 0.891006524188372 0.45399049973953876 0
    outer loop
      vertex 290.90845213036124 196.87213595499958 0
      vertex 289.7721359549996 199.1022820183398 60
      vertex 290.90845213036124 196.87213595499958 60
    endloop
  endfacet
  facet normal 0.7071067811865361 0.7071067811865588 0
    outer loop
      vertex 288.00228201833977 200.87213595499958 0
      vertex 288.00228201833977 200.87213595499958 60
      vertex 289.7721359549996 199.1022820183398 60
    endloop
  endfacet
  facet normal 0.45399049973955696 0.8910065241883628 0
    outer loop
      vertex 288.00228201833977 200.87213595499958 0
      vertex 285.7721359549996 202.00845213036123 60
      vertex 288.00228201833977 200.87213595499958 60
    endloop
  endfacet
  facet normal 0 1 0
    outer loop
      vertex 275.3851075034327 202.4 30.222668110905886
      vertex 273.4476681109059 202.4 31.20984278825132
      vertex 283.3 202.4 60
    endloop
  endfacet
  facet normal 0 1 0
    outer loop
      vertex 271.3 202.4 31.55
      vertex 283.3 202.4 60
      vertex 273.4476681109059 202.4 31.20984278825132
    endloop
  endfacet
  facet normal -7.672923619674339e-15 0.3603992792021679 -0.9327981344055947
    outer loop
      vertex 220.4943556272985 173.21571718565662 47.50897370682296
      vertex 222.1365964677189 173.77940485829268 47.72676212579597
      vertex 221.7348743750315 172.62611799094395 47.28117401795669
    endloop
  endfacet
  facet normal 4.895093121078442e-15 0.36039927920216536 -0.9327981344055956
    outer loop
      vertex 221.7348743750315 172.62611799094395 47.28117401795669
      vertex 223.11 173.6355935288754 47.67119865761203
      vertex 223.11 172.42295595414814 47.20267959464922
    endloop
  endfacet
  facet normal 6.412503030771907e-15 0.3603992792021637 -0.9327981344055963
    outer loop
      vertex 221.7348743750315 172.62611799094395 47.28117401795669
      vertex 222.1365964677189 173.77940485829268 47.72676212579597
      vertex 223.11 173.6355935288754 47.67119865761203
    endloop
  endfacet
  facet normal -4.928729881756583e-15 0.3603992792021609 -0.9327981344055974
    outer loop
      vertex 220.4943556272985 173.21571718565662 47.50897370682296
      vertex 221.2584764552787 174.19676159162861 47.888013590948496
      vertex 222.1365964677189 173.77940485829268 47.72676212579597
    endloop
  endfacet
  facet normal 0.45399049973953715 0.831129223506126 0.32111810908192234
    outer loop
      vertex 222.1365964677189 173.77940485829268 47.72676212579597
      vertex 221.2584764552787 174.01656195202753 48.35441265815129
      vertex 222.1365964677189 173.5992052186916 48.193161192998765
    endloop
  endfacet
  facet normal 0.15643446504024774 0.9213138414812978 0.35596216602687625
    outer loop
      vertex 222.1365964677189 173.77940485829268 47.72676212579597
      vertex 222.1365964677189 173.5992052186916 48.193161192998765
      vertex 223.11 173.6355935288754 47.67119865761203
    endloop
  endfacet
  facet normal 0.15643446504024772 0.9213138414812978 0.35596216602687625
    outer loop
      vertex 223.11 173.6355935288754 47.67119865761203
      vertex 222.1365964677189 173.5992052186916 48.193161192998765
      vertex 223.11 173.45539388927432 48.137597724814825
    endloop
  endfacet
  facet normal -1.823974957573059e-15 0.3603992792021595 -0.9327981344055979
    outer loop
      vertex 220.4943556272985 173.21571718565662 47.50897370682296
      vertex 219.50987437503147 174.13403946112857 47.86378004052803
      vertex 220.5615964677189 174.84680994392897 48.13916863615545
    endloop
  endfacet
  facet normal -2.9901794740015314e-15 0.36039927920215964 -0.9327981344055979
    outer loop
      vertex 220.4943556272985 173.21571718565662 47.50897370682296
      vertex 220.5615964677189 174.84680994392897 48.13916863615545
      vertex 221.2584764552787 174.19676159162861 47.888013590948496
    endloop
  endfacet
  facet normal 0.45399049973953715 0.831129223506126 0.3211181090819224
    outer loop
      vertex 222.1365964677189 173.77940485829268 47.72676212579597
      vertex 221.2584764552787 174.19676159162861 47.888013590948496
      vertex 221.2584764552787 174.01656195202753 48.35441265815129
    endloop
  endfacet
  facet normal -3.871770848446271e-15 0.36039927920215936 -0.9327981344055979
    outer loop
      vertex 223.11 172.42295595414814 47.20267959464922
      vertex 224.08340353228107 173.77940485829268 47.726762125795965
      vertex 224.48512562496853 172.62611799094395 47.28117401795669
    endloop
  endfacet
  facet normal -1.3512537878561543e-14 0.3603992792021654 -0.9327981344055956
    outer loop
      vertex 223.11 172.42295595414814 47.20267959464922
      vertex 223.11 173.6355935288754 47.67119865761203
      vertex 224.08340353228107 173.77940485829268 47.726762125795965
    endloop
  endfacet
  facet normal 9.73156938437174e-15 0.36039927920216425 -0.9327981344055961
    outer loop
      vertex 224.48512562496853 172.62611799094395 47.28117401795669
      vertex 224.96152354472127 174.19676159162861 47.888013590948496
      vertex 225.7256443727015 173.21571718565662 47.50897370682296
    endloop
  endfacet
  facet normal -0.15643446504025413 0.921313841481297 0.3559621660268759
    outer loop
      vertex 223.11 173.6355935288754 47.67119865761203
      vertex 223.11 173.45539388927432 48.137597724814825
      vertex 224.08340353228107 173.77940485829268 47.726762125795965
    endloop
  endfacet
  facet normal -0.15643446504025668 0.9213138414812984 0.3559621660268711
    outer loop
      vertex 224.08340353228107 173.77940485829268 47.726762125795965
      vertex 223.11 173.45539388927432 48.137597724814825
      vertex 224.08340353228107 173.5992052186916 48.193161192998765
    endloop
  endfacet
  facet normal 1.0898598027582878e-14 0.36039927920216386 -0.9327981344055962
    outer loop
      vertex 224.48512562496853 172.62611799094395 47.28117401795669
      vertex 224.08340353228107 173.77940485829268 47.726762125795965
      vertex 224.96152354472127 174.19676159162861 47.888013590948496
    endloop
  endfacet
  facet normal -0.4539904997395392 0.8311292235061266 0.3211181090819177
    outer loop
      vertex 224.08340353228107 173.77940485829268 47.726762125795965
      vertex 224.08340353228107 173.5992052186916 48.193161192998765
      vertex 224.96152354472127 174.19676159162861 47.888013590948496
    endloop
  endfacet
  facet normal 8.48784512986814e-15 0.3603992792021633 -0.9327981344055964
    outer loop
      vertex 225.7256443727015 173.21571718565662 47.50897370682296
      vertex 224.96152354472127 174.19676159162861 47.888013590948496
      vertex 225.65840353228108 174.84680994392897 48.13916863615546
    endloop
  endfacet
  facet normal -8.791466563348338e-15 0.3603992792021627 -0.9327981344055966
    outer loop
      vertex 225.7256443727015 173.21571718565662 47.50897370682296
      vertex 225.65840353228108 174.84680994392897 48.13916863615546
      vertex 226.10582802632973 175.66591865331742 48.4556424556919
    endloop
  endfacet
  facet normal -0.7071067811865442 -0.6595878863163616 -0.25484077425859286
    outer loop
      vertex 220.4943556272985 173.21571718565662 47.50897370682296
      vertex 219.50987437503147 172.83308218744264 51.230963572421025
      vertex 219.50987437503147 174.13403946112857 47.86378004052803
    endloop
  endfacet
  facet normal -0.1564344650402401 -0.9213138414813036 -0.35596216602686465
    outer loop
      vertex 221.7348743750315 172.62611799094395 47.28117401795669
      vertex 223.11 172.42295595414814 47.20267959464922
      vertex 221.7348743750315 171.32516071725803 50.64835754984969
    endloop
  endfacet
  facet normal -0.4539904997395285 -0.8311292235061339 -0.32111810908191435
    outer loop
      vertex 220.4943556272985 173.21571718565662 47.50897370682296
      vertex 221.7348743750315 172.62611799094395 47.28117401795669
      vertex 220.4943556272985 171.9147599119707 50.87615723871595
    endloop
  endfacet
  facet normal -1.01931474212895e-14 0.3603992792021513 -0.9327981344056011
    outer loop
      vertex 222.1365964677189 173.5992052186916 48.193161192998765
      vertex 221.2584764552787 174.01656195202753 48.35441265815129
      vertex 222.2911049649064 174.0427770907488 48.36454123447541
    endloop
  endfacet
  facet normal 3.330407334113427e-15 0.36039927920214554 -0.9327981344056032
    outer loop
      vertex 222.1365964677189 173.5992052186916 48.193161192998765
      vertex 223.11 173.92179295647713 48.3177973644159
      vertex 223.11 173.45539388927432 48.137597724814825
    endloop
  endfacet
  facet normal 2.6106089065695995e-15 0.3603992792021474 -0.9327981344056027
    outer loop
      vertex 222.1365964677189 173.5992052186916 48.193161192998765
      vertex 222.2911049649064 174.0427770907488 48.36454123447541
      vertex 223.11 173.92179295647713 48.3177973644159
    endloop
  endfacet
  facet normal -0.7071067811865451 -0.6595878863163606 -0.25484077425859303
    outer loop
      vertex 220.4943556272985 173.21571718565662 47.50897370682296
      vertex 220.4943556272985 171.9147599119707 50.87615723871595
      vertex 219.50987437503147 172.83308218744264 51.230963572421025
    endloop
  endfacet
  facet normal -0.1564344650402419 -0.9213138414813031 -0.3559621660268652
    outer loop
      vertex 223.11 172.42295595414814 47.20267959464922
      vertex 223.11 171.1219986804622 50.56986312654222
      vertex 221.7348743750315 171.32516071725803 50.64835754984969
    endloop
  endfacet
  facet normal -0.4539904997395255 -0.8311292235061357 -0.3211181090819137
    outer loop
      vertex 221.7348743750315 172.62611799094395 47.28117401795669
      vertex 221.7348743750315 171.32516071725803 50.64835754984969
      vertex 220.4943556272985 171.9147599119707 50.87615723871595
    endloop
  endfacet
  facet normal 0.4539904997395321 0.8311292235061322 0.32111810908191346
    outer loop
      vertex 221.55236908142496 174.39388672355523 48.50019722896881
      vertex 221.55236908142496 172.80812989506572 52.60450902035343
      vertex 222.2911049649064 174.0427770907488 48.36454123447541
    endloop
  endfacet
  facet normal 0.156434465040256 0.9213138414812988 0.35596216602686986
    outer loop
      vertex 222.2911049649064 174.0427770907488 48.36454123447541
      vertex 222.2911049649064 172.45702026225928 52.46885302586004
      vertex 223.11 173.92179295647713 48.3177973644159
    endloop
  endfacet
  facet normal -4.766260289907217e-15 0.36039927920216336 -0.9327981344055964
    outer loop
      vertex 219.50987437503147 174.13403946112857 47.86378004052803
      vertex 220.11417197367027 175.66591865331742 48.4556424556919
      vertex 220.5615964677189 174.84680994392897 48.13916863615545
    endloop
  endfacet
  facet normal 8.053885669359605e-15 0.360399279202159 -0.932798134405598
    outer loop
      vertex 219.50987437503147 174.13403946112857 47.86378004052803
      vertex 219.95999999999998 176.57390765225304 48.80645638709884
      vertex 220.11417197367027 175.66591865331742 48.4556424556919
    endloop
  endfacet
  facet normal 0.8910065241883693 0.4234814911949103 0.16361784887076344
    outer loop
      vertex 220.5615964677189 174.84680994392897 48.13916863615545
      vertex 220.11417197367027 175.48571901371633 48.9220415228947
      vertex 220.5615964677189 174.6666103043279 48.605567703358254
    endloop
  endfacet
  facet normal 0.8910065241883693 0.42348149119491035 0.16361784887076344
    outer loop
      vertex 220.5615964677189 174.84680994392897 48.13916863615545
      vertex 220.11417197367027 175.66591865331742 48.4556424556919
      vertex 220.11417197367027 175.48571901371633 48.9220415228947
    endloop
  endfacet
  facet normal -2.258134126736884e-14 0.3603992792021569 -0.9327981344055988
    outer loop
      vertex 220.5615964677189 174.6666103043279 48.605567703358254
      vertex 220.58970023181786 175.62984425164265 48.97772627391168
      vertex 220.96610496490638 174.9407527977127 48.71148639398419
    endloop
  endfacet
  facet normal -6.4159104428160746e-15 0.3603992792021603 -0.9327981344055977
    outer loop
      vertex 219.50987437503147 174.13403946112857 47.86378004052803
      vertex 218.87779850248657 175.29119303470907 48.31086210304777
      vertex 219.50987437503147 179.01377584337752 49.749132733669654
    endloop
  endfacet
  facet normal -9.304317213131597e-18 0.3603992792021575 -0.9327981344055987
    outer loop
      vertex 218.87779850248657 175.29119303470907 48.31086210304777
      vertex 218.66 176.57390765225304 48.80645638709884
      vertex 218.87779850248657 177.85662226979701 49.302050671149914
    endloop
  endfacet
  facet normal 1.9435831310567435e-13 0.3603992792021295 -0.9327981344056093
    outer loop
      vertex 219.50987437503147 174.13403946112857 47.86378004052803
      vertex 220.11417197367027 177.48189665118866 49.15727031850578
      vertex 219.95999999999998 176.57390765225304 48.80645638709884
    endloop
  endfacet
  facet normal 0.9876883405951346 0.14592177714628343 0.05637886844288315
    outer loop
      vertex 220.11417197367027 175.48571901371633 48.9220415228947
      vertex 220.11417197367027 175.66591865331742 48.4556424556919
      vertex 219.95999999999998 176.39370801265196 49.272855454301634
    endloop
  endfacet
  facet normal 0.9876883405951347 0.14592177714628277 0.05637886844288378
    outer loop
      vertex 220.11417197367027 175.66591865331742 48.4556424556919
      vertex 219.95999999999998 176.57390765225304 48.80645638709884
      vertex 219.95999999999998 176.39370801265196 49.272855454301634
    endloop
  endfacet
  facet normal 1.3775241198215952e-15 0.3603992792021563 -0.9327981344055991
    outer loop
      vertex 220.5615964677189 174.6666103043279 48.605567703358254
      vertex 220.45999999999998 176.39370801265198 49.27285545430164
      vertex 220.58970023181786 175.62984425164265 48.97772627391168
    endloop
  endfacet
  facet normal -1.6423336452880824e-14 0.36039927920215775 -0.9327981344055986
    outer loop
      vertex 220.5615964677189 174.6666103043279 48.605567703358254
      vertex 220.11417197367027 175.48571901371633 48.9220415228947
      vertex 220.11417197367027 177.30169701158758 49.62366938570858
    endloop
  endfacet
  facet normal 0.7071067811865483 0.6595878863163548 0.2548407742585996
    outer loop
      vertex 221.2584764552787 174.19676159162861 47.888013590948496
      vertex 220.5615964677189 174.6666103043279 48.605567703358254
      vertex 221.2584764552787 174.01656195202753 48.35441265815129
    endloop
  endfacet
  facet normal 0.707106781186547 0.6595878863163571 0.2548407742585967
    outer loop
      vertex 221.2584764552787 174.19676159162861 47.888013590948496
      vertex 220.5615964677189 174.84680994392897 48.13916863615545
      vertex 220.5615964677189 174.6666103043279 48.605567703358254
    endloop
  endfacet
  facet normal -6.3594302677600855e-15 0.36039927920216536 -0.9327981344055957
    outer loop
      vertex 220.5615964677189 174.6666103043279 48.605567703358254
      vertex 221.55236908142496 174.39388672355523 48.50019722896881
      vertex 221.2584764552787 174.01656195202753 48.35441265815129
    endloop
  endfacet
  facet normal -1.0673201206344379e-14 0.36039927920216824 -0.9327981344055946
    outer loop
      vertex 221.2584764552787 174.01656195202753 48.35441265815129
      vertex 221.55236908142496 174.39388672355523 48.50019722896881
      vertex 222.2911049649064 174.0427770907488 48.36454123447541
    endloop
  endfacet
  facet normal -1.2935859467504172e-14 0.3603992792021446 -0.9327981344056037
    outer loop
      vertex 220.5615964677189 174.6666103043279 48.605567703358254
      vertex 220.96610496490638 174.9407527977127 48.71148639398419
      vertex 221.55236908142496 174.39388672355523 48.50019722896881
    endloop
  endfacet
  facet normal -0.8910065241883726 -0.4234814911949055 -0.1636178488707581
    outer loop
      vertex 219.50987437503147 174.13403946112857 47.86378004052803
      vertex 218.87779850248657 173.99023576102314 51.678045634940766
      vertex 218.87779850248657 175.29119303470907 48.31086210304777
    endloop
  endfacet
  facet normal -4.037307580027543e-14 0.36039927920215425 -0.9327981344056
    outer loop
      vertex 220.5615964677189 174.6666103043279 48.605567703358254
      vertex 220.11417197367027 177.30169701158758 49.62366938570858
      vertex 220.45999999999998 176.39370801265198 49.27285545430164
    endloop
  endfacet
  facet normal 4.2980540709175037e-14 0.36039927920215775 -0.9327981344055987
    outer loop
      vertex 220.11417197367027 175.48571901371633 48.9220415228947
      vertex 219.95999999999998 176.39370801265196 49.272855454301634
      vertex 220.11417197367027 177.30169701158758 49.62366938570858
    endloop
  endfacet
  facet normal 0.9876883405951347 -0.14592177714628243 -0.05637886844288361
    outer loop
      vertex 219.95999999999998 176.57390765225304 48.80645638709884
      vertex 220.11417197367027 177.30169701158758 49.62366938570858
      vertex 219.95999999999998 176.39370801265196 49.272855454301634
    endloop
  endfacet
  facet normal -0.9876883405951372 -0.14592177714626844 -0.05637886844287616
    outer loop
      vertex 218.87779850248657 175.29119303470907 48.31086210304777
      vertex 218.66 175.27295037856712 52.17363991899184
      vertex 218.66 176.57390765225304 48.80645638709884
    endloop
  endfacet
  facet normal 0.7071067811865396 0.6595878863163658 0.2548407742585949
    outer loop
      vertex 221.55236908142496 174.39388672355523 48.50019722896881
      vertex 220.96610496490638 174.9407527977127 48.71148639398419
      vertex 220.96610496490638 173.35499596922318 52.81579818536881
    endloop
  endfacet
  facet normal 0.15643446504024014 -0.9213138414813035 -0.35596216602686537
    outer loop
      vertex 223.11 172.42295595414814 47.20267959464922
      vertex 224.48512562496853 172.62611799094395 47.28117401795669
      vertex 223.11 171.1219986804622 50.56986312654222
    endloop
  endfacet
  facet normal -2.3027126117007374e-15 0.36039927920214554 -0.9327981344056032
    outer loop
      vertex 223.11 173.45539388927432 48.137597724814825
      vertex 223.11 173.92179295647713 48.3177973644159
      vertex 223.9288950350936 174.0427770907488 48.36454123447541
    endloop
  endfacet
  facet normal -3.602770214071442e-15 0.36039927920214715 -0.9327981344056027
    outer loop
      vertex 223.11 173.45539388927432 48.137597724814825
      vertex 223.9288950350936 174.0427770907488 48.36454123447541
      vertex 224.08340353228107 173.5992052186916 48.193161192998765
    endloop
  endfacet
  facet normal 0.45399049973953676 -0.8311292235061304 -0.32111810908191163
    outer loop
      vertex 224.48512562496853 172.62611799094395 47.28117401795669
      vertex 225.7256443727015 173.21571718565662 47.50897370682296
      vertex 224.48512562496853 171.32516071725803 50.64835754984969
    endloop
  endfacet
  facet normal 0.7071067811865545 -0.6595878863163518 -0.2548407742585897
    outer loop
      vertex 225.7256443727015 173.21571718565662 47.50897370682296
      vertex 226.7101256249685 174.13403946112857 47.86378004052803
      vertex 225.7256443727015 171.9147599119707 50.87615723871595
    endloop
  endfacet
  facet normal 0.156434465040242 -0.9213138414813035 -0.3559621660268646
    outer loop
      vertex 224.48512562496853 172.62611799094395 47.28117401795669
      vertex 224.48512562496853 171.32516071725803 50.64835754984969
      vertex 223.11 171.1219986804622 50.56986312654222
    endloop
  endfacet
  facet normal -0.15643446504026132 0.9213138414812981 0.35596216602686964
    outer loop
      vertex 223.11 173.92179295647713 48.3177973644159
      vertex 223.11 172.3360361279876 52.422109155800534
      vertex 223.9288950350936 174.0427770907488 48.36454123447541
    endloop
  endfacet
  facet normal -0.4539904997395182 0.831129223506137 0.32111810908192057
    outer loop
      vertex 223.9288950350936 174.0427770907488 48.36454123447541
      vertex 223.9288950350936 172.45702026225928 52.46885302586004
      vertex 224.66763091857507 174.39388672355523 48.50019722896881
    endloop
  endfacet
  facet normal 0.45399049973953376 -0.8311292235061313 -0.32111810908191335
    outer loop
      vertex 225.7256443727015 173.21571718565662 47.50897370682296
      vertex 225.7256443727015 171.9147599119707 50.87615723871595
      vertex 224.48512562496853 171.32516071725803 50.64835754984969
    endloop
  endfacet
  facet normal 0.7071067811865553 -0.6595878863163511 -0.25484077425858886
    outer loop
      vertex 226.7101256249685 174.13403946112857 47.86378004052803
      vertex 226.7101256249685 172.83308218744264 51.230963572421025
      vertex 225.7256443727015 171.9147599119707 50.87615723871595
    endloop
  endfacet
  facet normal -0.45399049973953715 0.831129223506126 0.32111810908192234
    outer loop
      vertex 224.96152354472127 174.19676159162861 47.888013590948496
      vertex 224.08340353228107 173.5992052186916 48.193161192998765
      vertex 224.96152354472127 174.01656195202753 48.35441265815129
    endloop
  endfacet
  facet normal -0.7071067811865339 0.6595878863163681 0.2548407742586048
    outer loop
      vertex 224.96152354472127 174.19676159162861 47.888013590948496
      vertex 224.96152354472127 174.01656195202753 48.35441265815129
      vertex 225.65840353228108 174.84680994392897 48.13916863615546
    endloop
  endfacet
  facet normal 1.8513030433146896e-14 0.36039927920215387 -0.9327981344056002
    outer loop
      vertex 224.08340353228107 173.5992052186916 48.193161192998765
      vertex 223.9288950350936 174.0427770907488 48.36454123447541
      vertex 224.66763091857507 174.39388672355523 48.50019722896881
    endloop
  endfacet
  facet normal 3.531214806786093e-15 0.36039927920216347 -0.9327981344055963
    outer loop
      vertex 224.08340353228107 173.5992052186916 48.193161192998765
      vertex 224.66763091857507 174.39388672355523 48.50019722896881
      vertex 224.96152354472127 174.01656195202753 48.35441265815129
    endloop
  endfacet
  facet normal -2.7000878126675612e-15 0.36039927920215914 -0.932798134405598
    outer loop
      vertex 224.66763091857507 174.39388672355523 48.50019722896881
      vertex 225.2538950350936 174.9407527977127 48.71148639398419
      vertex 224.96152354472127 174.01656195202753 48.35441265815129
    endloop
  endfacet
  facet normal 1.9543159575921444e-14 0.36039927920215303 -0.9327981344056004
    outer loop
      vertex 224.96152354472127 174.01656195202753 48.35441265815129
      vertex 225.2538950350936 174.9407527977127 48.71148639398419
      vertex 225.65840353228108 174.6666103043279 48.605567703358254
    endloop
  endfacet
  facet normal -0.7071067811865339 0.6595878863163681 0.2548407742586048
    outer loop
      vertex 224.96152354472127 174.01656195202753 48.35441265815129
      vertex 225.65840353228108 174.6666103043279 48.605567703358254
      vertex 225.65840353228108 174.84680994392897 48.13916863615546
    endloop
  endfacet
  facet normal -0.8910065241883688 0.4234814911949104 0.163617848870766
    outer loop
      vertex 225.65840353228108 174.84680994392897 48.13916863615546
      vertex 225.65840353228108 174.6666103043279 48.605567703358254
      vertex 226.10582802632973 175.66591865331742 48.4556424556919
    endloop
  endfacet
  facet normal 1.0536848488967854e-15 0.36039927920216025 -0.9327981344055976
    outer loop
      vertex 225.7256443727015 173.21571718565662 47.50897370682296
      vertex 226.7101256249685 179.01377584337752 49.749132733669654
      vertex 226.7101256249685 174.13403946112857 47.86378004052803
    endloop
  endfacet
  facet normal 2.2599711604077197e-14 0.36039927920215703 -0.9327981344055989
    outer loop
      vertex 225.2538950350936 174.9407527977127 48.71148639398419
      vertex 225.63029976818217 175.62984425164265 48.97772627391168
      vertex 225.65840353228108 174.6666103043279 48.605567703358254
    endloop
  endfacet
  facet normal -0.8910065241883692 0.42348149119491035 0.16361784887076344
    outer loop
      vertex 225.65840353228108 174.6666103043279 48.605567703358254
      vertex 226.10582802632973 175.48571901371633 48.9220415228947
      vertex 226.10582802632973 175.66591865331742 48.4556424556919
    endloop
  endfacet
  facet normal 2.973977553738079e-14 0.3603992792021515 -0.9327981344056011
    outer loop
      vertex 225.65840353228108 174.6666103043279 48.605567703358254
      vertex 225.76 176.39370801265198 49.272855454301634
      vertex 226.10582802632973 175.48571901371633 48.9220415228947
    endloop
  endfacet
  facet normal -8.986895607256344e-14 0.36039927920217363 -0.9327981344055924
    outer loop
      vertex 225.7256443727015 173.21571718565662 47.50897370682296
      vertex 226.10582802632973 175.66591865331742 48.4556424556919
      vertex 226.7101256249685 179.01377584337752 49.749132733669654
    endloop
  endfacet
  facet normal 1.2226258082045869e-14 0.36039927920215753 -0.9327981344055986
    outer loop
      vertex 226.7101256249685 174.13403946112857 47.86378004052803
      vertex 227.34220149751343 177.85662226979701 49.302050671149914
      vertex 227.34220149751343 175.29119303470907 48.31086210304777
    endloop
  endfacet
  facet normal -0.987688340595139 0.14592177714625718 0.056378868442873
    outer loop
      vertex 226.10582802632973 175.48571901371633 48.9220415228947
      vertex 226.26 176.57390765225304 48.806456387098834
      vertex 226.10582802632973 175.66591865331742 48.4556424556919
    endloop
  endfacet
  facet normal -4.4743033839376784e-14 0.36039927920215525 -0.9327981344055994
    outer loop
      vertex 225.65840353228108 174.6666103043279 48.605567703358254
      vertex 225.63029976818217 175.62984425164265 48.97772627391168
      vertex 225.76 176.39370801265198 49.272855454301634
    endloop
  endfacet
  facet normal -0.987688340595139 0.14592177714625718 0.056378868442872994
    outer loop
      vertex 226.10582802632973 175.48571901371633 48.9220415228947
      vertex 226.26 176.39370801265196 49.272855454301634
      vertex 226.26 176.57390765225304 48.806456387098834
    endloop
  endfacet
  facet normal -0.9876883405951392 -0.14592177714625645 -0.056378868442872716
    outer loop
      vertex 226.26 176.57390765225304 48.806456387098834
      vertex 226.26 176.39370801265196 49.272855454301634
      vertex 226.10582802632973 177.48189665118866 49.15727031850578
    endloop
  endfacet
  facet normal 8.733266591058578e-13 0.3603992792020225 -0.9327981344056507
    outer loop
      vertex 226.10582802632973 175.66591865331742 48.4556424556919
      vertex 226.26 176.57390765225304 48.806456387098834
      vertex 226.7101256249685 179.01377584337752 49.749132733669654
    endloop
  endfacet
  facet normal -9.304317213131597e-18 0.3603992792021575 -0.9327981344055987
    outer loop
      vertex 227.34220149751343 175.29119303470907 48.31086210304777
      vertex 227.34220149751343 177.85662226979701 49.302050671149914
      vertex 227.56 176.57390765225304 48.80645638709884
    endloop
  endfacet
  facet normal -6.499300834552656e-15 0.36039927920216025 -0.9327981344055977
    outer loop
      vertex 226.7101256249685 174.13403946112857 47.86378004052803
      vertex 226.7101256249685 179.01377584337752 49.749132733669654
      vertex 227.34220149751343 177.85662226979701 49.302050671149914
    endloop
  endfacet
  facet normal -0.7071067811865738 0.6595878863163338 0.25484077425858254
    outer loop
      vertex 224.66763091857507 174.39388672355523 48.50019722896881
      vertex 224.66763091857507 172.80812989506572 52.60450902035343
      vertex 225.2538950350936 174.9407527977127 48.71148639398419
    endloop
  endfacet
  facet normal 0.8910065241883643 -0.42348149119492073 -0.16361784887076394
    outer loop
      vertex 226.7101256249685 174.13403946112857 47.86378004052803
      vertex 227.34220149751343 175.29119303470907 48.31086210304777
      vertex 226.7101256249685 172.83308218744264 51.230963572421025
    endloop
  endfacet
  facet normal 0.9876883405951371 -0.14592177714626842 -0.056378868442876255
    outer loop
      vertex 227.34220149751343 175.29119303470907 48.31086210304777
      vertex 227.56 176.57390765225304 48.80645638709884
      vertex 227.34220149751343 173.99023576102314 51.67804563494076
    endloop
  endfacet
  facet normal -4.2918111988039664e-14 0.3603992792021578 -0.9327981344055987
    outer loop
      vertex 226.10582802632973 175.48571901371633 48.9220415228947
      vertex 226.10582802632973 177.30169701158758 49.62366938570858
      vertex 226.26 176.39370801265196 49.272855454301634
    endloop
  endfacet
  facet normal 8.939602395348525e-14 0.3603992792021712 -0.9327981344055933
    outer loop
      vertex 226.10582802632973 175.48571901371633 48.9220415228947
      vertex 225.76 176.39370801265198 49.272855454301634
      vertex 225.65840353228108 178.12080572097602 49.94014320524502
    endloop
  endfacet
  facet normal -0.9876883405951392 -0.14592177714625645 -0.05637886844287271
    outer loop
      vertex 226.26 176.39370801265196 49.272855454301634
      vertex 226.10582802632973 177.30169701158758 49.62366938570858
      vertex 226.10582802632973 177.48189665118866 49.15727031850578
    endloop
  endfacet
  facet normal -1.5579644608766333e-15 0.3603992792021578 -0.9327981344055986
    outer loop
      vertex 226.10582802632973 175.48571901371633 48.9220415228947
      vertex 225.65840353228108 178.12080572097602 49.94014320524502
      vertex 226.10582802632973 177.30169701158758 49.62366938570858
    endloop
  endfacet
  facet normal -0.8910065241883726 -0.4234814911949055 -0.1636178488707581
    outer loop
      vertex 219.50987437503147 174.13403946112857 47.86378004052803
      vertex 219.50987437503147 172.83308218744264 51.230963572421025
      vertex 218.87779850248657 173.99023576102314 51.678045634940766
    endloop
  endfacet
  facet normal 0.1564344650402559 0.9213138414812988 0.35596216602686986
    outer loop
      vertex 223.11 173.92179295647713 48.3177973644159
      vertex 222.2911049649064 172.45702026225928 52.46885302586004
      vertex 223.11 172.3360361279876 52.422109155800534
    endloop
  endfacet
  facet normal 0.7071067811865397 0.6595878863163658 0.2548407742585949
    outer loop
      vertex 221.55236908142496 174.39388672355523 48.50019722896881
      vertex 220.96610496490638 173.35499596922318 52.81579818536881
      vertex 221.55236908142496 172.80812989506572 52.60450902035343
    endloop
  endfacet
  facet normal 0.4539904997395551 0.8311292235061195 0.3211181090819138
    outer loop
      vertex 222.2911049649064 174.0427770907488 48.36454123447541
      vertex 221.55236908142496 172.80812989506572 52.60450902035343
      vertex 222.2911049649064 172.45702026225928 52.46885302586004
    endloop
  endfacet
  facet normal 0.8910065241883812 0.42348149119488976 0.16361784887075223
    outer loop
      vertex 220.58970023181786 175.62984425164265 48.97772627391168
      vertex 220.58970023181786 174.04408742315314 53.0820380652963
      vertex 220.96610496490638 174.9407527977127 48.71148639398419
    endloop
  endfacet
  facet normal -0.9876883405951372 -0.14592177714626844 -0.05637886844287616
    outer loop
      vertex 218.87779850248657 175.29119303470907 48.31086210304777
      vertex 218.87779850248657 173.99023576102314 51.678045634940766
      vertex 218.66 175.27295037856712 52.17363991899184
    endloop
  endfacet
  facet normal -0.987688340595137 0.14592177714626847 0.05637886844287605
    outer loop
      vertex 218.66 176.57390765225304 48.80645638709884
      vertex 218.87779850248657 176.5556649961111 52.66923420304292
      vertex 218.87779850248657 177.85662226979701 49.302050671149914
    endloop
  endfacet
  facet normal 0.9876883405951313 0.1459217771463025 0.056378868442890404
    outer loop
      vertex 220.58970023181786 175.62984425164265 48.97772627391168
      vertex 220.45999999999998 176.39370801265198 49.27285545430164
      vertex 220.45999999999998 174.80795118416245 53.377167245686266
    endloop
  endfacet
  facet normal 0.9876883405951306 -0.14592177714630744 -0.05637886844289131
    outer loop
      vertex 220.45999999999998 176.39370801265198 49.27285545430164
      vertex 220.58970023181786 177.1575717736613 49.567984634691605
      vertex 220.58970023181786 175.57181494517178 53.67229642607623
    endloop
  endfacet
  facet normal 0.9876883405951306 0.14592177714630744 0.056378868442891306
    outer loop
      vertex 220.58970023181786 175.62984425164265 48.97772627391168
      vertex 220.45999999999998 174.80795118416245 53.377167245686266
      vertex 220.58970023181786 174.04408742315314 53.0820380652963
    endloop
  endfacet
  facet normal -0.9876883405951372 0.14592177714626817 0.05637886844287605
    outer loop
      vertex 218.66 176.57390765225304 48.80645638709884
      vertex 218.66 175.27295037856712 52.17363991899184
      vertex 218.87779850248657 176.5556649961111 52.66923420304292
    endloop
  endfacet
  facet normal 0.8910065241883812 0.42348149119488976 0.16361784887075223
    outer loop
      vertex 220.96610496490638 174.9407527977127 48.71148639398419
      vertex 220.58970023181786 174.04408742315314 53.0820380652963
      vertex 220.96610496490638 173.35499596922318 52.81579818536881
    endloop
  endfacet
  facet normal 0.8910065241883812 -0.42348149119488976 -0.16361784887075223
    outer loop
      vertex 220.96610496490638 176.26090639910174 53.93853630600372
      vertex 220.58970023181786 177.1575717736613 49.567984634691605
      vertex 220.96610496490638 177.84666322759125 49.834224514619095
    endloop
  endfacet
  facet normal -0.15643446504026126 0.9213138414812981 0.35596216602686964
    outer loop
      vertex 223.9288950350936 174.0427770907488 48.36454123447541
      vertex 223.11 172.3360361279876 52.422109155800534
      vertex 223.9288950350936 172.45702026225928 52.46885302586004
    endloop
  endfacet
  facet normal -0.4539904997395411 0.8311292235061278 0.3211181090819118
    outer loop
      vertex 224.66763091857507 174.39388672355523 48.50019722896881
      vertex 223.9288950350936 172.45702026225928 52.46885302586004
      vertex 224.66763091857507 172.80812989506572 52.60450902035343
    endloop
  endfacet
  facet normal -0.7071067811865739 0.6595878863163339 0.2548407742585826
    outer loop
      vertex 225.2538950350936 174.9407527977127 48.71148639398419
      vertex 224.66763091857507 172.80812989506572 52.60450902035343
      vertex 225.2538950350936 173.35499596922318 52.81579818536881
    endloop
  endfacet
  facet normal -0.8910065241883534 0.4234814911949405 0.16361784887077185
    outer loop
      vertex 225.2538950350936 174.9407527977127 48.71148639398419
      vertex 225.2538950350936 173.35499596922318 52.81579818536881
      vertex 225.63029976818217 175.62984425164265 48.97772627391168
    endloop
  endfacet
  facet normal -0.9876883405951419 0.1459217771462409 0.0563788684428656
    outer loop
      vertex 225.63029976818217 175.62984425164265 48.97772627391168
      vertex 225.63029976818217 174.04408742315314 53.0820380652963
      vertex 225.76 176.39370801265198 49.272855454301634
    endloop
  endfacet
  facet normal 0.8910065241883639 -0.42348149119492123 -0.16361784887076453
    outer loop
      vertex 227.34220149751343 175.29119303470907 48.31086210304777
      vertex 227.34220149751343 173.99023576102314 51.67804563494076
      vertex 226.7101256249685 172.83308218744264 51.230963572421025
    endloop
  endfacet
  facet normal 0.9876883405951372 -0.1459217771462682 -0.056378868442876054
    outer loop
      vertex 227.56 176.57390765225304 48.80645638709884
      vertex 227.56 175.27295037856712 52.17363991899184
      vertex 227.34220149751343 173.99023576102314 51.67804563494076
    endloop
  endfacet
  facet normal 0.9876883405951372 0.14592177714626844 0.05637886844287616
    outer loop
      vertex 227.56 176.57390765225304 48.80645638709884
      vertex 227.34220149751343 177.85662226979701 49.302050671149914
      vertex 227.56 175.27295037856712 52.17363991899184
    endloop
  endfacet
  facet normal -0.9876883405951412 -0.14592177714624432 -0.05637886844286783
    outer loop
      vertex 225.76 176.39370801265198 49.272855454301634
      vertex 225.76 174.80795118416245 53.377167245686266
      vertex 225.63029976818217 177.1575717736613 49.567984634691605
    endloop
  endfacet
  facet normal -0.8910065241883534 -0.4234814911949405 -0.16361784887077185
    outer loop
      vertex 225.63029976818217 175.57181494517178 53.67229642607623
      vertex 225.2538950350936 177.84666322759125 49.834224514619095
      vertex 225.63029976818217 177.1575717736613 49.567984634691605
    endloop
  endfacet
  facet normal -0.8910065241883534 0.4234814911949405 0.16361784887077185
    outer loop
      vertex 225.63029976818217 175.62984425164265 48.97772627391168
      vertex 225.2538950350936 173.35499596922318 52.81579818536881
      vertex 225.63029976818217 174.04408742315314 53.0820380652963
    endloop
  endfacet
  facet normal -0.9876883405951411 0.14592177714624477 0.056378868442868005
    outer loop
      vertex 225.76 176.39370801265198 49.272855454301634
      vertex 225.63029976818217 174.04408742315314 53.0820380652963
      vertex 225.76 174.80795118416245 53.377167245686266
    endloop
  endfacet
  facet normal 0.9876883405951372 0.14592177714626822 0.05637886844287595
    outer loop
      vertex 227.56 175.27295037856712 52.17363991899184
      vertex 227.34220149751343 177.85662226979701 49.302050671149914
      vertex 227.34220149751343 176.5556649961111 52.66923420304292
    endloop
  endfacet
  facet normal 2.026327288151496e-18 -0.3603992792021624 0.9327981344055968
    outer loop
      vertex 216.4 119.43450993093421 34.12696974604276
      vertex 283.3 186.4 60
      vertex 216.4 165.3654900690658 51.87303025395724
    endloop
  endfacet
  facet normal 0.9876883405951313 -0.1459217771463025 -0.056378868442890404
    outer loop
      vertex 220.45999999999998 176.39370801265198 49.27285545430164
      vertex 220.58970023181786 175.57181494517178 53.67229642607623
      vertex 220.45999999999998 174.80795118416245 53.377167245686266
    endloop
  endfacet
  facet normal 0.8910065241883812 -0.42348149119488976 -0.16361784887075223
    outer loop
      vertex 220.58970023181786 175.57181494517178 53.67229642607623
      vertex 220.58970023181786 177.1575717736613 49.567984634691605
      vertex 220.96610496490638 176.26090639910174 53.93853630600372
    endloop
  endfacet
  facet normal 0.7071067811865396 -0.6595878863163658 -0.2548407742585949
    outer loop
      vertex 220.96610496490638 176.26090639910174 53.93853630600372
      vertex 220.96610496490638 177.84666322759125 49.834224514619095
      vertex 221.55236908142496 176.8077724732592 54.1498254710191
    endloop
  endfacet
  facet normal -1.1849053526087532e-14 0.36039927920216197 -0.9327981344055969
    outer loop
      vertex 220.96610496490638 173.35499596922318 52.81579818536881
      vertex 220.58970023181786 174.04408742315314 53.0820380652963
      vertex 220.58970023181786 175.57181494517178 53.67229642607623
    endloop
  endfacet
  facet normal -3.9387605113528935e-14 0.36039927920216214 -0.932798134405597
    outer loop
      vertex 220.58970023181786 174.04408742315314 53.0820380652963
      vertex 220.45999999999998 174.80795118416245 53.377167245686266
      vertex 220.58970023181786 175.57181494517178 53.67229642607623
    endloop
  endfacet
  facet normal 8.675662788744937e-15 0.36039927920216475 -0.9327981344055958
    outer loop
      vertex 221.55236908142496 172.80812989506572 52.60450902035343
      vertex 220.96610496490638 173.35499596922318 52.81579818536881
      vertex 220.96610496490638 176.26090639910174 53.93853630600372
    endloop
  endfacet
  facet normal 9.03178491773308e-15 0.3603992792021625 -0.9327981344055968
    outer loop
      vertex 222.2911049649064 172.45702026225928 52.46885302586004
      vertex 221.55236908142496 172.80812989506572 52.60450902035343
      vertex 221.55236908142496 176.8077724732592 54.1498254710191
    endloop
  endfacet
  facet normal 6.443969794802007e-15 0.3603992792021647 -0.9327981344055958
    outer loop
      vertex 220.96610496490638 173.35499596922318 52.81579818536881
      vertex 220.58970023181786 175.57181494517178 53.67229642607623
      vertex 220.96610496490638 176.26090639910174 53.93853630600372
    endloop
  endfacet
  facet normal 5.075180423450511e-15 0.36039927920216197 -0.932798134405597
    outer loop
      vertex 222.2911049649064 172.45702026225928 52.46885302586004
      vertex 222.2911049649064 177.15888210606562 54.28548146551249
      vertex 223.11 172.3360361279876 52.422109155800534
    endloop
  endfacet
  facet normal -6.1843572176939015e-15 0.3603992792021625 -0.9327981344055967
    outer loop
      vertex 221.55236908142496 172.80812989506572 52.60450902035343
      vertex 220.96610496490638 176.26090639910174 53.93853630600372
      vertex 221.55236908142496 176.8077724732592 54.1498254710191
    endloop
  endfacet
  facet normal 5.069149861902075e-15 0.3603992792021619 -0.9327981344055969
    outer loop
      vertex 222.2911049649064 172.45702026225928 52.46885302586004
      vertex 221.55236908142496 176.8077724732592 54.1498254710191
      vertex 222.2911049649064 177.15888210606562 54.28548146551249
    endloop
  endfacet
  facet normal -4.662530006652694e-15 0.3603992792021605 -0.9327981344055976
    outer loop
      vertex 223.11 172.3360361279876 52.422109155800534
      vertex 222.2911049649064 177.15888210606562 54.28548146551249
      vertex 223.11 177.2798662403373 54.332225335572
    endloop
  endfacet
  facet normal -0.987688340595142 -0.14592177714624047 -0.056378868442865424
    outer loop
      vertex 225.76 174.80795118416245 53.377167245686266
      vertex 225.63029976818217 175.57181494517178 53.67229642607623
      vertex 225.63029976818217 177.1575717736613 49.567984634691605
    endloop
  endfacet
  facet normal -0.8910065241883534 -0.4234814911949405 -0.16361784887077185
    outer loop
      vertex 225.2538950350936 176.26090639910174 53.93853630600372
      vertex 225.2538950350936 177.84666322759125 49.834224514619095
      vertex 225.63029976818217 175.57181494517178 53.67229642607623
    endloop
  endfacet
  facet normal -4.8252405033504005e-15 0.36039927920216047 -0.9327981344055976
    outer loop
      vertex 223.11 172.3360361279876 52.422109155800534
      vertex 223.11 177.2798662403373 54.332225335572
      vertex 223.9288950350936 172.45702026225928 52.46885302586004
    endloop
  endfacet
  facet normal -8.740190763876853e-15 0.3603992792021619 -0.932798134405597
    outer loop
      vertex 223.9288950350936 172.45702026225928 52.46885302586004
      vertex 223.9288950350936 177.15888210606562 54.28548146551249
      vertex 224.66763091857507 172.80812989506572 52.60450902035343
    endloop
  endfacet
  facet normal -6.309043789088023e-15 0.36039927920216247 -0.9327981344055967
    outer loop
      vertex 224.66763091857507 172.80812989506572 52.60450902035343
      vertex 224.66763091857507 176.8077724732592 54.1498254710191
      vertex 225.2538950350936 173.35499596922318 52.81579818536881
    endloop
  endfacet
  facet normal 8.762528317020163e-15 0.36039927920216475 -0.9327981344055959
    outer loop
      vertex 225.2538950350936 173.35499596922318 52.81579818536881
      vertex 224.66763091857507 176.8077724732592 54.1498254710191
      vertex 225.2538950350936 176.26090639910174 53.93853630600372
    endloop
  endfacet
  facet normal 4.8966066220000364e-15 0.36039927920216197 -0.9327981344055969
    outer loop
      vertex 223.9288950350936 172.45702026225928 52.46885302586004
      vertex 223.11 177.2798662403373 54.332225335572
      vertex 223.9288950350936 177.15888210606562 54.28548146551249
    endloop
  endfacet
  facet normal -4.868752459352588e-15 0.3603992792021625 -0.9327981344055967
    outer loop
      vertex 224.66763091857507 172.80812989506572 52.60450902035343
      vertex 223.9288950350936 177.15888210606562 54.28548146551249
      vertex 224.66763091857507 176.8077724732592 54.1498254710191
    endloop
  endfacet
  facet normal 6.233333181985455e-15 0.3603992792021647 -0.9327981344055959
    outer loop
      vertex 225.2538950350936 173.35499596922318 52.81579818536881
      vertex 225.2538950350936 176.26090639910174 53.93853630600372
      vertex 225.63029976818217 174.04408742315314 53.0820380652963
    endloop
  endfacet
  facet normal 3.9560334565345896e-14 0.360399279202162 -0.932798134405597
    outer loop
      vertex 225.63029976818217 174.04408742315314 53.0820380652963
      vertex 225.63029976818217 175.57181494517178 53.67229642607623
      vertex 225.76 174.80795118416245 53.377167245686266
    endloop
  endfacet
  facet normal -1.1849053526085743e-14 0.360399279202162 -0.9327981344055969
    outer loop
      vertex 225.2538950350936 176.26090639910174 53.93853630600372
      vertex 225.63029976818217 175.57181494517178 53.67229642607623
      vertex 225.63029976818217 174.04408742315314 53.0820380652963
    endloop
  endfacet
  facet normal -8.759746966293372e-14 0.36039927920217324 -0.9327981344055927
    outer loop
      vertex 219.50987437503147 174.13403946112857 47.86378004052803
      vertex 220.4943556272985 179.93209811884947 50.103939067374725
      vertex 220.11417197367027 177.48189665118866 49.15727031850578
    endloop
  endfacet
  facet normal 1.2161620295175215e-14 0.3603992792021575 -0.9327981344055987
    outer loop
      vertex 218.87779850248657 175.29119303470907 48.31086210304777
      vertex 218.87779850248657 177.85662226979701 49.302050671149914
      vertex 219.50987437503147 179.01377584337752 49.749132733669654
    endloop
  endfacet
  facet normal 0.9876883405951346 -0.1459217771462831 -0.05637886844288303
    outer loop
      vertex 219.95999999999998 176.57390765225304 48.80645638709884
      vertex 220.11417197367027 177.48189665118866 49.15727031850578
      vertex 220.11417197367027 177.30169701158758 49.62366938570858
    endloop
  endfacet
  facet normal 9.422304688839153e-16 0.36039927920216025 -0.9327981344055977
    outer loop
      vertex 219.50987437503147 174.13403946112857 47.86378004052803
      vertex 219.50987437503147 179.01377584337752 49.749132733669654
      vertex 220.4943556272985 179.93209811884947 50.103939067374725
    endloop
  endfacet
  facet normal 0.8910065241883688 -0.4234814911949113 -0.16361784887076383
    outer loop
      vertex 220.11417197367027 177.48189665118866 49.15727031850578
      vertex 220.5615964677189 178.12080572097602 49.94014320524502
      vertex 220.11417197367027 177.30169701158758 49.62366938570858
    endloop
  endfacet
  facet normal 0.8910065241883693 -0.4234814911949094 -0.1636178488707656
    outer loop
      vertex 220.11417197367027 177.48189665118866 49.15727031850578
      vertex 220.5615964677189 178.3010053605771 49.47374413804223
      vertex 220.5615964677189 178.12080572097602 49.94014320524502
    endloop
  endfacet
  facet normal 1.1908659981294205e-14 0.36039927920216 -0.9327981344055978
    outer loop
      vertex 220.11417197367027 177.48189665118866 49.15727031850578
      vertex 220.4943556272985 179.93209811884947 50.103939067374725
      vertex 220.5615964677189 178.3010053605771 49.47374413804223
    endloop
  endfacet
  facet normal -1.1205284506161291e-14 0.36039927920216386 -0.9327981344055962
    outer loop
      vertex 220.45999999999998 176.39370801265198 49.27285545430164
      vertex 220.11417197367027 177.30169701158758 49.62366938570858
      vertex 220.5615964677189 178.12080572097602 49.94014320524502
    endloop
  endfacet
  facet normal 4.708199542367196e-14 0.3603992792021609 -0.9327981344055974
    outer loop
      vertex 220.45999999999998 176.39370801265198 49.27285545430164
      vertex 220.5615964677189 178.12080572097602 49.94014320524502
      vertex 220.58970023181786 177.1575717736613 49.567984634691605
    endloop
  endfacet
  facet normal 1.6093445035640902e-14 0.3603992792021601 -0.9327981344055976
    outer loop
      vertex 220.58970023181786 177.1575717736613 49.567984634691605
      vertex 220.5615964677189 178.12080572097602 49.94014320524502
      vertex 220.96610496490638 177.84666322759125 49.834224514619095
    endloop
  endfacet
  facet normal 0.7071067811865483 -0.6595878863163547 -0.2548407742585996
    outer loop
      vertex 220.5615964677189 178.3010053605771 49.47374413804223
      vertex 221.2584764552787 178.95105371287747 49.72489918324919
      vertex 221.2584764552787 178.77085407327638 50.191298250451986
    endloop
  endfacet
  facet normal 1.4344060686921314e-14 0.3603992792021578 -0.9327981344055986
    outer loop
      vertex 220.5615964677189 178.12080572097602 49.94014320524502
      vertex 221.2584764552787 178.77085407327638 50.191298250451986
      vertex 220.96610496490638 177.84666322759125 49.834224514619095
    endloop
  endfacet
  facet normal 0.7071067811865483 -0.6595878863163548 -0.2548407742585996
    outer loop
      vertex 220.5615964677189 178.3010053605771 49.47374413804223
      vertex 221.2584764552787 178.77085407327638 50.191298250451986
      vertex 220.5615964677189 178.12080572097602 49.94014320524502
    endloop
  endfacet
  facet normal -2.393820313758452e-14 0.3603992792021684 -0.9327981344055943
    outer loop
      vertex 220.96610496490638 177.84666322759125 49.834224514619095
      vertex 221.2584764552787 178.77085407327638 50.191298250451986
      vertex 221.55236908142496 178.3935293017487 50.04551367963447
    endloop
  endfacet
  facet normal 1.2138354710728922e-14 0.3603992792021599 -0.9327981344055978
    outer loop
      vertex 220.5615964677189 178.3010053605771 49.47374413804223
      vertex 220.4943556272985 179.93209811884947 50.103939067374725
      vertex 221.2584764552787 178.95105371287747 49.72489918324919
    endloop
  endfacet
  facet normal 0.4539904997395564 -0.8311292235061185 -0.3211181090819146
    outer loop
      vertex 221.2584764552787 178.95105371287747 49.72489918324919
      vertex 222.1365964677189 179.36841044621343 49.88615064840171
      vertex 222.1365964677189 179.18821080661235 50.35254971560451
    endloop
  endfacet
  facet normal 1.2051508410890991e-14 0.36039927920215986 -0.9327981344055978
    outer loop
      vertex 221.2584764552787 178.95105371287747 49.72489918324919
      vertex 220.4943556272985 179.93209811884947 50.103939067374725
      vertex 221.7348743750315 180.52169731356213 50.331738756240995
    endloop
  endfacet
  facet normal -1.8064071009726674e-14 0.3603992792021678 -0.9327981344055946
    outer loop
      vertex 221.2584764552787 178.95105371287747 49.72489918324919
      vertex 221.7348743750315 180.52169731356213 50.331738756240995
      vertex 222.1365964677189 179.36841044621343 49.88615064840171
    endloop
  endfacet
  facet normal -7.750194237132861e-15 0.3603992792021493 -0.9327981344056017
    outer loop
      vertex 225.2538950350936 177.84666322759125 49.834224514619095
      vertex 224.66763091857507 178.3935293017487 50.045513679634475
      vertex 225.65840353228108 178.12080572097602 49.94014320524502
    endloop
  endfacet
  facet normal -0.7071067811865339 -0.6595878863163681 -0.2548407742586048
    outer loop
      vertex 224.96152354472127 178.95105371287747 49.72489918324919
      vertex 225.65840353228108 178.12080572097602 49.94014320524502
      vertex 224.96152354472127 178.77085407327638 50.191298250451986
    endloop
  endfacet
  facet normal -1.2019972184106424e-15 0.36039927920217013 -0.9327981344055938
    outer loop
      vertex 224.66763091857507 178.3935293017487 50.045513679634475
      vertex 224.96152354472127 178.77085407327638 50.191298250451986
      vertex 225.65840353228108 178.12080572097602 49.94014320524502
    endloop
  endfacet
  facet normal -0.15643446504023042 -0.9213138414813006 -0.3559621660268773
    outer loop
      vertex 224.08340353228107 179.36841044621343 49.88615064840172
      vertex 224.08340353228107 179.18821080661235 50.35254971560451
      vertex 223.11 179.51222177563068 49.94171411658566
    endloop
  endfacet
  facet normal -3.1652530673398586e-15 0.3603992792021692 -0.932798134405594
    outer loop
      vertex 224.08340353228107 179.36841044621343 49.88615064840172
      vertex 223.11 179.51222177563068 49.94171411658566
      vertex 224.48512562496853 180.52169731356213 50.331738756240995
    endloop
  endfacet
  facet normal -0.4539904997395585 -0.8311292235061158 -0.32111810908191835
    outer loop
      vertex 224.08340353228107 179.36841044621343 49.88615064840172
      vertex 224.96152354472127 178.95105371287747 49.72489918324919
      vertex 224.96152354472127 178.77085407327638 50.191298250451986
    endloop
  endfacet
  facet normal 1.2495744349291777e-15 0.3603992792021508 -0.9327981344056012
    outer loop
      vertex 224.08340353228107 179.36841044621343 49.88615064840172
      vertex 225.7256443727015 179.93209811884947 50.103939067374725
      vertex 224.96152354472127 178.95105371287747 49.72489918324919
    endloop
  endfacet
  facet normal -4.947499215992359e-15 0.3603992792021634 -0.9327981344055964
    outer loop
      vertex 226.26 176.57390765225304 48.806456387098834
      vertex 226.10582802632973 177.48189665118866 49.15727031850578
      vertex 226.7101256249685 179.01377584337752 49.749132733669654
    endloop
  endfacet
  facet normal -0.8910065241883693 -0.4234814911949103 -0.16361784887076344
    outer loop
      vertex 226.10582802632973 177.48189665118866 49.15727031850578
      vertex 226.10582802632973 177.30169701158758 49.62366938570858
      vertex 225.65840353228108 178.3010053605771 49.47374413804223
    endloop
  endfacet
  facet normal -4.739983196410493e-15 0.36039927920216336 -0.9327981344055964
    outer loop
      vertex 226.10582802632973 177.48189665118866 49.15727031850578
      vertex 225.65840353228108 178.3010053605771 49.47374413804223
      vertex 226.7101256249685 179.01377584337752 49.749132733669654
    endloop
  endfacet
  facet normal -9.09783300934684e-14 0.36039927920216197 -0.9327981344055969
    outer loop
      vertex 225.76 176.39370801265198 49.272855454301634
      vertex 225.63029976818217 177.1575717736613 49.567984634691605
      vertex 225.65840353228108 178.12080572097602 49.94014320524502
    endloop
  endfacet
  facet normal -1.6086646345444843e-14 0.36039927920216003 -0.9327981344055977
    outer loop
      vertex 225.2538950350936 177.84666322759125 49.834224514619095
      vertex 225.65840353228108 178.12080572097602 49.94014320524502
      vertex 225.63029976818217 177.1575717736613 49.567984634691605
    endloop
  endfacet
  facet normal -0.8910065241883688 -0.4234814911949104 -0.163617848870766
    outer loop
      vertex 225.65840353228108 178.3010053605771 49.47374413804223
      vertex 226.10582802632973 177.30169701158758 49.62366938570858
      vertex 225.65840353228108 178.12080572097602 49.94014320524502
    endloop
  endfacet
  facet normal -0.7071067811865339 -0.6595878863163681 -0.2548407742586048
    outer loop
      vertex 224.96152354472127 178.95105371287747 49.72489918324919
      vertex 225.65840353228108 178.3010053605771 49.47374413804223
      vertex 225.65840353228108 178.12080572097602 49.94014320524502
    endloop
  endfacet
  facet normal -1.2153316947183725e-14 0.3603992792021599 -0.9327981344055978
    outer loop
      vertex 224.96152354472127 178.95105371287747 49.72489918324919
      vertex 225.7256443727015 179.93209811884947 50.103939067374725
      vertex 225.65840353228108 178.3010053605771 49.47374413804223
    endloop
  endfacet
  facet normal -1.7921564191682304e-15 0.3603992792021596 -0.9327981344055978
    outer loop
      vertex 225.65840353228108 178.3010053605771 49.47374413804223
      vertex 225.7256443727015 179.93209811884947 50.103939067374725
      vertex 226.7101256249685 179.01377584337752 49.749132733669654
    endloop
  endfacet
  facet normal -0.8910065241883726 0.4234814911949057 0.16361784887075778
    outer loop
      vertex 218.87779850248657 177.85662226979701 49.302050671149914
      vertex 219.50987437503147 177.7128185696916 53.11631626556266
      vertex 219.50987437503147 179.01377584337752 49.749132733669654
    endloop
  endfacet
  facet normal 0.4539904997395585 -0.8311292235061157 -0.3211181090819184
    outer loop
      vertex 221.2584764552787 178.95105371287747 49.72489918324919
      vertex 222.1365964677189 179.18821080661235 50.35254971560451
      vertex 221.2584764552787 178.77085407327638 50.191298250451986
    endloop
  endfacet
  facet normal -1.4383933191295248e-14 0.3603992792021749 -0.932798134405592
    outer loop
      vertex 221.55236908142496 178.3935293017487 50.04551367963447
      vertex 221.2584764552787 178.77085407327638 50.191298250451986
      vertex 222.1365964677189 179.18821080661235 50.35254971560451
    endloop
  endfacet
  facet normal 1.1021137656271102e-14 0.36039927920215864 -0.9327981344055981
    outer loop
      vertex 221.55236908142496 178.3935293017487 50.04551367963447
      vertex 222.1365964677189 179.18821080661235 50.35254971560451
      vertex 222.2911049649064 178.74463893455516 50.18116967412787
    endloop
  endfacet
  facet normal -1.1166825011924914e-15 0.3603992792021647 -0.9327981344055959
    outer loop
      vertex 222.2911049649064 178.74463893455516 50.18116967412787
      vertex 223.11 179.3320221360296 50.40811318378845
      vertex 223.11 178.8656230688268 50.22791354418737
    endloop
  endfacet
  facet normal 0.15643446504022404 -0.9213138414813014 -0.35596216602687764
    outer loop
      vertex 222.1365964677189 179.36841044621343 49.88615064840171
      vertex 223.11 179.51222177563068 49.94171411658566
      vertex 223.11 179.3320221360296 50.40811318378845
    endloop
  endfacet
  facet normal 5.2646718552847915e-15 0.36039927920215686 -0.9327981344055988
    outer loop
      vertex 222.2911049649064 178.74463893455516 50.18116967412787
      vertex 222.1365964677189 179.18821080661235 50.35254971560451
      vertex 223.11 179.3320221360296 50.40811318378845
    endloop
  endfacet
  facet normal 0.1564344650402215 -0.9213138414813036 -0.35596216602687303
    outer loop
      vertex 222.1365964677189 179.36841044621343 49.88615064840171
      vertex 223.11 179.3320221360296 50.40811318378845
      vertex 222.1365964677189 179.18821080661235 50.35254971560451
    endloop
  endfacet
  facet normal -8.431662403220192e-15 0.36039927920217074 -0.9327981344055936
    outer loop
      vertex 222.1365964677189 179.36841044621343 49.88615064840171
      vertex 221.7348743750315 180.52169731356213 50.331738756240995
      vertex 223.11 180.72485935035797 50.41023317954847
    endloop
  endfacet
  facet normal 1.1870998306005242e-14 0.3603992792021581 -0.9327981344055984
    outer loop
      vertex 222.1365964677189 179.36841044621343 49.88615064840171
      vertex 223.11 180.72485935035797 50.41023317954847
      vertex 223.11 179.51222177563068 49.94171411658566
    endloop
  endfacet
  facet normal -0.8910065241883726 0.4234814911949057 0.1636178488707578
    outer loop
      vertex 218.87779850248657 176.5556649961111 52.66923420304292
      vertex 219.50987437503147 177.7128185696916 53.11631626556266
      vertex 218.87779850248657 177.85662226979701 49.302050671149914
    endloop
  endfacet
  facet normal -0.7071067811865442 0.6595878863163616 0.25484077425859286
    outer loop
      vertex 219.50987437503147 179.01377584337752 49.749132733669654
      vertex 220.4943556272985 178.63114084516354 53.47112259926772
      vertex 220.4943556272985 179.93209811884947 50.103939067374725
    endloop
  endfacet
  facet normal 0.7071067811865381 -0.6595878863163673 -0.2548407742585951
    outer loop
      vertex 221.55236908142496 176.8077724732592 54.1498254710191
      vertex 220.96610496490638 177.84666322759125 49.834224514619095
      vertex 221.55236908142496 178.3935293017487 50.04551367963447
    endloop
  endfacet
  facet normal 0.45399049973955996 -0.8311292235061191 -0.32111810908190785
    outer loop
      vertex 221.55236908142496 176.8077724732592 54.1498254710191
      vertex 221.55236908142496 178.3935293017487 50.04551367963447
      vertex 222.2911049649064 178.74463893455516 50.18116967412787
    endloop
  endfacet
  facet normal 0.15643446504022182 -0.9213138414813059 -0.3559621660268668
    outer loop
      vertex 222.2911049649064 178.74463893455516 50.18116967412787
      vertex 223.11 178.8656230688268 50.22791354418737
      vertex 223.11 177.2798662403373 54.332225335572
    endloop
  endfacet
  facet normal -0.4539904997395285 0.831129223506134 0.3211181090819137
    outer loop
      vertex 220.4943556272985 179.93209811884947 50.103939067374725
      vertex 221.7348743750315 179.2207400398762 53.69892228813399
      vertex 221.7348743750315 180.52169731356213 50.331738756240995
    endloop
  endfacet
  facet normal -0.1564344650402605 0.9213138414813004 0.3559621660268642
    outer loop
      vertex 221.7348743750315 180.52169731356213 50.331738756240995
      vertex 223.11 179.42390207667205 53.77741671144147
      vertex 223.11 180.72485935035797 50.41023317954847
    endloop
  endfacet
  facet normal 2.767757965548896e-15 0.36039927920216747 -0.9327981344055948
    outer loop
      vertex 224.66763091857507 178.3935293017487 50.045513679634475
      vertex 223.9288950350936 178.74463893455516 50.18116967412787
      vertex 224.96152354472127 178.77085407327638 50.191298250451986
    endloop
  endfacet
  facet normal -0.15643446504023042 -0.9213138414813006 -0.3559621660268773
    outer loop
      vertex 223.11 179.51222177563068 49.94171411658566
      vertex 224.08340353228107 179.18821080661235 50.35254971560451
      vertex 223.11 179.3320221360296 50.40811318378845
    endloop
  endfacet
  facet normal -4.462719006397909e-16 0.3603992792021554 -0.9327981344055994
    outer loop
      vertex 223.11 178.8656230688268 50.22791354418737
      vertex 224.08340353228107 179.18821080661235 50.35254971560451
      vertex 223.9288950350936 178.74463893455516 50.18116967412787
    endloop
  endfacet
  facet normal -3.956464102220785e-15 0.36039927920216464 -0.932798134405596
    outer loop
      vertex 223.11 178.8656230688268 50.22791354418737
      vertex 223.11 179.3320221360296 50.40811318378845
      vertex 224.08340353228107 179.18821080661235 50.35254971560451
    endloop
  endfacet
  facet normal 6.268259718351445e-15 0.3603992792021581 -0.9327981344055984
    outer loop
      vertex 223.11 179.51222177563068 49.94171411658566
      vertex 223.11 180.72485935035797 50.41023317954847
      vertex 224.48512562496853 180.52169731356213 50.331738756240995
    endloop
  endfacet
  facet normal 3.1520830137403536e-15 0.36039927920215437 -0.9327981344055999
    outer loop
      vertex 223.9288950350936 178.74463893455516 50.18116967412787
      vertex 224.08340353228107 179.18821080661235 50.35254971560451
      vertex 224.96152354472127 178.77085407327638 50.191298250451986
    endloop
  endfacet
  facet normal -0.4539904997395585 -0.8311292235061157 -0.3211181090819184
    outer loop
      vertex 224.08340353228107 179.36841044621343 49.88615064840172
      vertex 224.96152354472127 178.77085407327638 50.191298250451986
      vertex 224.08340353228107 179.18821080661235 50.35254971560451
    endloop
  endfacet
  facet normal -6.396002880777316e-15 0.36039927920217024 -0.9327981344055938
    outer loop
      vertex 224.08340353228107 179.36841044621343 49.88615064840172
      vertex 224.48512562496853 180.52169731356213 50.331738756240995
      vertex 225.7256443727015 179.93209811884947 50.103939067374725
    endloop
  endfacet
  facet normal 0.8910065241883643 0.4234814911949208 0.16361784887076364
    outer loop
      vertex 227.34220149751343 176.5556649961111 52.66923420304292
      vertex 227.34220149751343 177.85662226979701 49.302050671149914
      vertex 226.7101256249685 179.01377584337752 49.749132733669654
    endloop
  endfacet
  facet normal 0.7071067811865546 0.6595878863163523 0.25484077425858875
    outer loop
      vertex 226.7101256249685 179.01377584337752 49.749132733669654
      vertex 225.7256443727015 179.93209811884947 50.103939067374725
      vertex 226.7101256249685 177.7128185696916 53.11631626556266
    endloop
  endfacet
  facet normal -0.15643446504022712 -0.9213138414813028 -0.35596216602687264
    outer loop
      vertex 223.11 178.8656230688268 50.22791354418737
      vertex 223.9288950350936 178.74463893455516 50.18116967412787
      vertex 223.9288950350936 177.15888210606562 54.28548146551249
    endloop
  endfacet
  facet normal -0.7071067811865739 -0.6595878863163339 -0.2548407742585826
    outer loop
      vertex 225.2538950350936 176.26090639910174 53.93853630600372
      vertex 224.66763091857507 178.3935293017487 50.045513679634475
      vertex 225.2538950350936 177.84666322759125 49.834224514619095
    endloop
  endfacet
  facet normal -0.4539904997395436 -0.8311292235061266 -0.32111810908191135
    outer loop
      vertex 224.66763091857507 176.8077724732592 54.1498254710191
      vertex 223.9288950350936 178.74463893455516 50.18116967412787
      vertex 224.66763091857507 178.3935293017487 50.045513679634475
    endloop
  endfacet
  facet normal 0.1564344650402605 0.9213138414813004 0.35596216602686415
    outer loop
      vertex 223.11 180.72485935035797 50.41023317954847
      vertex 224.48512562496853 179.2207400398762 53.69892228813399
      vertex 224.48512562496853 180.52169731356213 50.331738756240995
    endloop
  endfacet
  facet normal 0.8910065241883643 0.42348149119492084 0.16361784887076367
    outer loop
      vertex 227.34220149751343 176.5556649961111 52.66923420304292
      vertex 226.7101256249685 179.01377584337752 49.749132733669654
      vertex 226.7101256249685 177.7128185696916 53.11631626556266
    endloop
  endfacet
  facet normal 0.45399049973953676 0.8311292235061303 0.32111810908191224
    outer loop
      vertex 225.7256443727015 179.93209811884947 50.103939067374725
      vertex 224.48512562496853 180.52169731356213 50.331738756240995
      vertex 225.7256443727015 178.63114084516354 53.47112259926772
    endloop
  endfacet
  facet normal -0.7071067811865432 0.6595878863163626 0.25484077425859275
    outer loop
      vertex 219.50987437503147 179.01377584337752 49.749132733669654
      vertex 219.50987437503147 177.7128185696916 53.11631626556266
      vertex 220.4943556272985 178.63114084516354 53.47112259926772
    endloop
  endfacet
  facet normal 0.4539904997395296 -0.8311292235061313 -0.3211181090819194
    outer loop
      vertex 221.55236908142496 176.8077724732592 54.1498254710191
      vertex 222.2911049649064 178.74463893455516 50.18116967412787
      vertex 222.2911049649064 177.15888210606562 54.28548146551249
    endloop
  endfacet
  facet normal 0.156434465040256 -0.9213138414812985 -0.355962166026871
    outer loop
      vertex 222.2911049649064 178.74463893455516 50.18116967412787
      vertex 223.11 177.2798662403373 54.332225335572
      vertex 222.2911049649064 177.15888210606562 54.28548146551249
    endloop
  endfacet
  facet normal -0.4539904997395285 0.8311292235061343 0.3211181090819138
    outer loop
      vertex 220.4943556272985 179.93209811884947 50.103939067374725
      vertex 220.4943556272985 178.63114084516354 53.47112259926772
      vertex 221.7348743750315 179.2207400398762 53.69892228813399
    endloop
  endfacet
  facet normal -0.1564344650402605 0.9213138414813004 0.35596216602686415
    outer loop
      vertex 221.7348743750315 180.52169731356213 50.331738756240995
      vertex 221.7348743750315 179.2207400398762 53.69892228813399
      vertex 223.11 179.42390207667205 53.77741671144147
    endloop
  endfacet
  facet normal -0.15643446504026137 -0.9213138414813001 -0.3559621660268646
    outer loop
      vertex 223.11 178.8656230688268 50.22791354418737
      vertex 223.9288950350936 177.15888210606562 54.28548146551249
      vertex 223.11 177.2798662403373 54.332225335572
    endloop
  endfacet
  facet normal -0.707106781186574 -0.6595878863163338 -0.2548407742585826
    outer loop
      vertex 225.2538950350936 176.26090639910174 53.93853630600372
      vertex 224.66763091857507 176.8077724732592 54.1498254710191
      vertex 224.66763091857507 178.3935293017487 50.045513679634475
    endloop
  endfacet
  facet normal -0.4539904997395157 -0.8311292235061378 -0.32111810908192195
    outer loop
      vertex 224.66763091857507 176.8077724732592 54.1498254710191
      vertex 223.9288950350936 177.15888210606562 54.28548146551249
      vertex 223.9288950350936 178.74463893455516 50.18116967412787
    endloop
  endfacet
  facet normal 0.45399049973953665 0.8311292235061303 0.32111810908191224
    outer loop
      vertex 224.48512562496853 180.52169731356213 50.331738756240995
      vertex 224.48512562496853 179.2207400398762 53.69892228813399
      vertex 225.7256443727015 178.63114084516354 53.47112259926772
    endloop
  endfacet
  facet normal 0.15643446504026046 0.9213138414813005 0.3559621660268642
    outer loop
      vertex 223.11 180.72485935035797 50.41023317954847
      vertex 223.11 179.42390207667205 53.77741671144147
      vertex 224.48512562496853 179.2207400398762 53.69892228813399
    endloop
  endfacet
  facet normal 0.7071067811865536 0.6595878863163529 0.25484077425858953
    outer loop
      vertex 225.7256443727015 179.93209811884947 50.103939067374725
      vertex 225.7256443727015 178.63114084516354 53.47112259926772
      vertex 226.7101256249685 177.7128185696916 53.11631626556266
    endloop
  endfacet
  facet normal -1.3598137096089431e-13 0.3603992792029212 -0.9327981344053036
    outer loop
      vertex 221.7348743750315 179.2207400398762 53.69892228813399
      vertex 283.3 188.8 57.4
      vertex 223.11 179.42390207667205 53.77741671144147
    endloop
  endfacet
  facet normal -2.478994298736451e-16 0.3603992792021632 -0.9327981344055964
    outer loop
      vertex 227.34220149751343 176.5556649961111 52.66923420304292
      vertex 226.7101256249685 177.7128185696916 53.11631626556266
      vertex 283.3 188.8 57.4
    endloop
  endfacet
  facet normal 1.317561809313157e-15 0.36039927920215625 -0.9327981344055993
    outer loop
      vertex 225.7256443727015 178.63114084516354 53.47112259926772
      vertex 283.3 188.8 57.4
      vertex 226.7101256249685 177.7128185696916 53.11631626556266
    endloop
  endfacet
  facet normal 3.597963015729933e-15 0.36039927920214226 -0.9327981344056046
    outer loop
      vertex 223.11 179.42390207667205 53.77741671144147
      vertex 283.3 188.8 57.4
      vertex 224.48512562496853 179.2207400398762 53.69892228813399
    endloop
  endfacet
  facet normal -2.8498004154196056e-15 0.3603992792021767 -0.9327981344055912
    outer loop
      vertex 224.48512562496853 179.2207400398762 53.69892228813399
      vertex 283.3 188.8 57.4
      vertex 225.7256443727015 178.63114084516354 53.47112259926772
    endloop
  endfacet
  facet normal 4.823468032817911e-17 0.36039927920216197 -0.9327981344055969
    outer loop
      vertex 227.56 175.27295037856712 52.17363991899184
      vertex 227.34220149751343 176.5556649961111 52.66923420304292
      vertex 283.3 188.8 57.4
    endloop
  endfacet
  facet normal -5.404907022315215e-17 0.36039927920216236 -0.9327981344055968
    outer loop
      vertex 283.3 100.80000000000001 23.4
      vertex 227.56 175.27295037856712 52.17363991899184
      vertex 283.3 188.8 57.4
    endloop
  endfacet
  facet normal -0.05698886983593986 0.359813563246291 -0.9312821636962826
    outer loop
      vertex 285.0304951684997 107.80349527345304 26
      vertex 283.3 188.8 57.4
      vertex 285.0304951684997 189.07408350874715 57.4
    endloop
  endfacet
  facet normal -0.18061263926454962 0.35447226324761744 -0.9174576225232451
    outer loop
      vertex 285.1498735754197 107.86432160989887 26
      vertex 285.0304951684997 189.07408350874715 57.4
      vertex 286.59159741283787 189.8695048315003 57.4
    endloop
  endfacet
  facet normal -0.3390519798317709 0.33905197983177165 -0.8775463007410563
    outer loop
      vertex 287.83049516849974 109.83781435186805 26
      vertex 286.59159741283787 189.8695048315003 57.4
      vertex 287.83049516849974 191.10840258716217 57.4
    endloop
  endfacet
  facet normal 0.05698886983594036 -0.359813563246291 0.9312821636962826
    outer loop
      vertex 283.3 98.4 26
      vertex 285.7721359549996 186.79154786963878 60
      vertex 283.3 186.4 60
    endloop
  endfacet
  facet normal 0.18061263926455393 -0.35447226324761716 0.9174576225232445
    outer loop
      vertex 288.00228201833977 99.92786404500043 26
      vertex 288.00228201833977 187.92786404500043 60
      vertex 285.7721359549996 186.79154786963878 60
    endloop
  endfacet
  facet normal 0.339051979831762 -0.3390519798317729 0.8775463007410593
    outer loop
      vertex 288.00228201833977 99.92786404500043 26
      vertex 289.7721359549996 189.69771798166022 60
      vertex 288.00228201833977 187.92786404500043 60
    endloop
  endfacet
  facet normal 0.5774681697558723 -0.2942347287635794 0.7615487097410291
    outer loop
      vertex 289.7721359549996 101.69771798166022 26
      vertex 290.90845213036124 191.92786404500043 60
      vertex 289.7721359549996 189.69771798166022 60
    endloop
  endfacet
  facet normal 0.915494023108526 -0.14500000847050187 0.3752941395707108
    outer loop
      vertex 291.3 106.4 26
      vertex 291.3 194.4 60
      vertex 290.90845213036124 191.92786404500043 60
    endloop
  endfacet
  facet normal -0.9154940231085245 0.14500000847050312 -0.37529413957071395
    outer loop
      vertex 288.90000000000003 106.4 23.4
      vertex 288.6259164912529 192.66950483150032 57.4
      vertex 288.90000000000003 194.4 57.4
    endloop
  endfacet
  facet normal -0.577468169755861 0.2942347287635823 -0.7615487097410363
    outer loop
      vertex 287.89132150494555 109.95719275878803 26
      vertex 287.83049516849974 191.10840258716217 57.4
      vertex 288.6259164912529 192.66950483150032 57.4
    endloop
  endfacet
  facet normal 0 0 -1
    outer loop
      vertex 283.3 188.8 57.4
      vertex 286.59159741283787 189.8695048315003 57.4
      vertex 285.0304951684997 189.07408350874715 57.4
    endloop
  endfacet
  facet normal 0 0 1
    outer loop
      vertex 283.3 186.4 60
      vertex 285.7721359549996 186.79154786963878 60
      vertex 289.7721359549996 189.69771798166022 60
    endloop
  endfacet
  facet normal 0 0 1
    outer loop
      vertex 285.7721359549996 186.79154786963878 60
      vertex 288.00228201833977 187.92786404500043 60
      vertex 289.7721359549996 189.69771798166022 60
    endloop
  endfacet
  facet normal 0 0 -1
    outer loop
      vertex 283.3 188.8 57.4
      vertex 288.90000000000003 194.4 57.4
      vertex 286.59159741283787 189.8695048315003 57.4
    endloop
  endfacet
  facet normal 0 0 -1
    outer loop
      vertex 283.3 188.8 57.4
      vertex 285.0304951684997 199.72591649125286 57.4
      vertex 288.90000000000003 194.4 57.4
    endloop
  endfacet
  facet normal 0 0 -1
    outer loop
      vertex 286.59159741283787 189.8695048315003 57.4
      vertex 288.6259164912529 192.66950483150032 57.4
      vertex 287.83049516849974 191.10840258716217 57.4
    endloop
  endfacet
  facet normal 0 0 -1
    outer loop
      vertex 286.59159741283787 189.8695048315003 57.4
      vertex 288.90000000000003 194.4 57.4
      vertex 288.6259164912529 192.66950483150032 57.4
    endloop
  endfacet
  facet normal 0 0 -1
    outer loop
      vertex 288.90000000000003 194.4 57.4
      vertex 287.83049516849974 197.69159741283784 57.4
      vertex 288.6259164912529 196.1304951684997 57.4
    endloop
  endfacet
  facet normal 0 0 1
    outer loop
      vertex 283.3 186.4 60
      vertex 289.7721359549996 189.69771798166022 60
      vertex 291.3 194.4 60
    endloop
  endfacet
  facet normal 0 0 1
    outer loop
      vertex 289.7721359549996 189.69771798166022 60
      vertex 290.90845213036124 191.92786404500043 60
      vertex 291.3 194.4 60
    endloop
  endfacet
  facet normal 0 0 1
    outer loop
      vertex 283.3 186.4 60
      vertex 291.3 194.4 60
      vertex 285.7721359549996 202.00845213036123 60
    endloop
  endfacet
  facet normal 0 0 -1
    outer loop
      vertex 286.59159741283787 198.9304951684997 57.4
      vertex 287.83049516849974 197.69159741283784 57.4
      vertex 285.0304951684997 199.72591649125286 57.4
    endloop
  endfacet
  facet normal 0 0 -1
    outer loop
      vertex 288.90000000000003 194.4 57.4
      vertex 285.0304951684997 199.72591649125286 57.4
      vertex 287.83049516849974 197.69159741283784 57.4
    endloop
  endfacet
  facet normal 0 0 1
    outer loop
      vertex 291.3 194.4 60
      vertex 289.7721359549996 199.1022820183398 60
      vertex 285.7721359549996 202.00845213036123 60
    endloop
  endfacet
  facet normal 0 0 1
    outer loop
      vertex 291.3 194.4 60
      vertex 290.90845213036124 196.87213595499958 60
      vertex 289.7721359549996 199.1022820183398 60
    endloop
  endfacet
  facet normal 0 0 1
    outer loop
      vertex 285.7721359549996 202.00845213036123 60
      vertex 289.7721359549996 199.1022820183398 60
      vertex 288.00228201833977 200.87213595499958 60
    endloop
  endfacet
endsolid OpenSCAD_Model
